-3.1415926535897931     0.0000000000000000      -1.2817627535515161      -1.5416519783436540
-3.1415926535897931     0.1254128803828261      0.1135162429950473      -2.2525571855590423
-3.1415926535897931     0.2508257607656522      0.8065769819218715      -1.1949916655258321
-3.1415926535897931     0.3762386411484783      0.5463202183086900      -0.7676509167496521
-3.1415926535897931     0.5016515215313043      0.4401607959246864      -0.6837442756708138
-3.1415926535897931     0.6270644019141304      0.4087511853872113      -0.7739536760910498
-3.1415926535897931     0.7524772822969564      0.7132583454792681      -0.6889876866690363
-3.1415926535897931     0.8778901626797825      0.7040067815102529      -0.3628527978192591
-3.1415926535897931     1.0033030430626086      0.5685751436859751      -0.2281139137648265
-3.1415926535897931     1.1287159234454347      0.4734285114217630      -0.1777261780951281
-3.1415926535897931     1.2541288038282608      0.3834970077596667      -0.1801913020655347
-3.1415926535897931     1.3795416842110868      0.3945753038984253      -0.2071220953867670
-3.1415926535897931     1.5049545645939129      0.4108965776809355      -0.1500142246862488
-3.1415926535897931     1.6303674449767389      0.3739561843925053      -0.1009072868582986
-3.1415926535897931     1.7557803253595650      0.3342236420563000      -0.0770848108433060
-3.1415926535897931     1.8811932057423910      0.3024169854751705      -0.0661899644601497
-3.1415926535897931     2.0066060861252173      0.2786729209229074      -0.0600101644169839
-3.1415926535897931     2.1320189665080433      0.2597780211323659      -0.0531593252554343
-3.1415926535897931     2.2574318468908694      0.2413670713049244      -0.0478859381103117
-3.1415926535897931     2.3828447272736955      0.2266980994422219      -0.0448945344697646
-3.1415926535897931     2.5082576076565215      0.2136249968749240      -0.0407689356422194
-3.1415926535897931     2.6336704880393476      0.2013035221483975      -0.0380407462149512
-3.1415926535897931     2.7590833684221736      0.1904032833722520      -0.0355933133117495
-3.1415926535897931     2.8844962488049997      0.1803822011201469      -0.0336322228072152
-3.1415926535897931     3.0099091291878257      0.1711819412964261      -0.0321270261154178
-3.1415926535897931     3.1353220095706518      0.1628817815974380      -0.0310315769275071
-3.1415926535897931     3.2607348899534778      0.1553812482905750      -0.0301619594486677
-3.1415926535897931     3.3861477703363039      0.1485695455396013      -0.0294556976845258
-3.1415926535897931     3.5115606507191299      0.1423494036871884      -0.0288576673975562
-3.1415926535897931     3.6369735311019560      0.1366404303616189      -0.0283451906596166
-3.1415926535897931     3.7623864114847820      0.1313786516291998      -0.0278990495577116
-3.1415926535897931     3.8877992918676081      0.1265099552666903      -0.0275065101667190
-3.1415926535897931     4.0132121722504346      0.1219893284585706      -0.0271582283461675
-3.1415926535897931     4.1386250526332606      0.1177787709253515      -0.0268472699365315
-3.1415926535897931     4.2640379330160867      0.1138460179291787      -0.0265681395425209
-3.1415926535897931     4.3894508133989127      0.1101633579351916      -0.0263163506551256
-3.1415926535897931     4.5148636937817388      0.1067066723683808      -0.0260882296243611
-3.1415926535897931     4.6402765741645648      0.1034549766080333      -0.0258808560139032
-3.1415926535897931     4.7656894545473909      0.1003899825569067      -0.0256917658496568
-3.1415926535897931     4.8911023349302170      0.0974955519003348      -0.0255187773487406
-3.1415926535897931     5.0165152153130430      0.0947572938769827      -0.0253601134472461
-3.1415926535897931     5.1419280956958691      0.0921625964260955      -0.0252143289281778
-3.1415926535897931     5.2673409760786951      0.0897002111126503      -0.0250799820255180
-3.1415926535897931     5.3927538564615212      0.0873599440053149      -0.0249558534200878
-3.1415926535897931     5.5181667368443472      0.0851326755171822      -0.0248409078389550
-3.1415926535897931     5.6435796172271733      0.0830101620499621      -0.0247342086573561
-3.1415926535897931     5.7689924976099993      0.0809849337005919      -0.0246349560842478
-3.1415926535897931     5.8944053779928254      0.0790502289653838      -0.0245424502575024
-3.1415926535897931     6.0198182583756514      0.0771999044235914      -0.0244560662569400
-3.1415926535897931     6.1452311387584775      0.0754283310523898      -0.0243752502741082
-3.1415926535897931     6.2706440191413035      0.0737303811092012      -0.0242995610272962
-3.1415926535897931     6.3960568995241296      0.0721014013626015      -0.0242285939174671
-3.1415926535897931     6.5214697799069556      0.0705371274823835      -0.0241619789389016
-3.1415926535897931     6.6468826602897817      0.0690336354270032      -0.0240993709702252
-3.1415926535897931     6.7722955406726077      0.0675873156938386      -0.0240404850392390
-3.1415926535897931     6.8977084210554338      0.0661948767462249      -0.0239850575221252
-3.1415926535897931     7.0231213014382599      0.0648532827695578      -0.0239328093708824
-3.1415926535897931     7.1485341818210859      0.0635596923188070      -0.0238834697740755
-3.1415926535897931     7.2739470622039120      0.0623114596790721      -0.0238368211795398
-3.1415926535897931     7.3993599425867380      0.0611061396217804      -0.0237926493333538
-3.1415926535897931     7.5247728229695641      0.0599414447317485      -0.0237507750621620
-3.1415926535897931     7.6501857033523901      0.0588152558134369      -0.0237110294062677
-3.1415926535897931     7.7755985837352162      0.0577255873340527      -0.0236732609058086
-3.1415926535897931     7.9010114641180422      0.0566705844174656      -0.0236373366946885
-3.1415926535897931     8.0264243445008692      0.0556485192261951      -0.0236031521070587
-3.1415926535897931     8.1518372248836961      0.0546577897348229      -0.0235706033551623
-3.1415926535897931     8.2772501052665231      0.0536968881361383      -0.0235395963886338
-3.1415926535897931     8.4026629856493500      0.0527644124865090      -0.0235100539175688
-3.1415926535897931     8.5280758660321769      0.0518590590283748      -0.0234818968367936
-3.1415926535897931     8.6534887464150039      0.0509796020657058      -0.0234550388469509
-3.1415926535897931     8.7789016267978308      0.0501248789113715      -0.0234294037746148
-3.1415926535897931     8.9043145071806578      0.0492938099546232      -0.0234049233464635
-3.1415926535897931     9.0297273875634847      0.0484853754751631      -0.0233815144009009
-3.1415926535897931     9.1551402679463116      0.0476985971236147      -0.0233590984676355
-3.1415926535897931     9.2805531483291386      0.0469325473548129      -0.0233376127417923
-3.1415926535897931     9.4059660287119655      0.0461863524941954      -0.0233169992666511
-3.1415926535897931     9.5313789090947925      0.0454591842800341      -0.0232972074893932
-3.1415926535897931     9.6567917894776194      0.0447502594455766      -0.0232781907236280
-3.1415926535897931     9.7822046698604463      0.0440588326953950      -0.0232599085427207
-3.1415926535897931     9.9076175502432733      0.0433841990666900      -0.0232423324073753
-3.1415926535897931     10.0330304306261002      0.0427256996119446      -0.0232254393107838
-3.1415926535897931     10.1584433110089272      0.0420827153294583      -0.0232092037879647
-3.1415926535897931     10.2838561913917541      0.0414546597309264      -0.0231935990875076
-3.1415926535897931     10.4092690717745811      0.0408409771741807      -0.0231785979244457
-3.1415926535897931     10.5346819521574080      0.0402411412344164      -0.0231641718401603
-3.1415926535897931     10.6600948325402349      0.0396546509209715      -0.0231502901392246
-3.1415926535897931     10.7855077129230619      0.0390810281293728      -0.0231369198204840
-3.1415926535897931     10.9109205933058888      0.0385198122047181      -0.0231240257454358
-3.1415926535897931     11.0363334736887158      0.0379705597810658      -0.0231115776007148
-3.1415926535897931     11.1617463540715427      0.0374328448951873      -0.0230995455156066
-3.1415926535897931     11.2871592344543696      0.0369062561705538      -0.0230879071932699
-3.1415926535897931     11.4125721148371966      0.0363904035381848      -0.0230766464044147
-3.1415926535897931     11.5379849952200235      0.0358849151908312      -0.0230657482701196
-3.1415926535897931     11.6633978756028505      0.0353894358909910      -0.0230552029287054
-3.1415926535897931     11.7888107559856774      0.0349036313803209      -0.0230450040991811
-3.1415926535897931     11.9142236363685043      0.0344271851884693      -0.0230351423303799
-3.1415926535897931     12.0396365167513313      0.0339597947564683      -0.0230256099019762
-3.1415926535897931     12.1650493971341582      0.0335011756559101      -0.0230163973721789
-3.1415926535897931     12.2904622775169852      0.0330510540342016      -0.0230074905885855
-3.1415926535897931     12.4158751578998121      0.0326091673118448      -0.0229988755993306
-3.1415926535897931     12.5412880382826391      0.0321752627021584      -0.0229905349995535
-3.1415926535897931     12.6667009186654660      0.0317490936296733      -0.0229824511521481
-3.1415926535897931     12.7921137990482929      0.0313304212278165      -0.0229746082002621
-3.1415926535897931     12.9175266794311199      0.0309190141339338      -0.0229669913227164
-3.1415926535897931     13.0429395598139468      0.0305146477025801      -0.0229595882259064
-3.1415926535897931     13.1683524401967738      0.0301171050689099      -0.0229523899912059
-3.1415926535897931     13.2937653205796007      0.0297261777250023      -0.0229453915520671
-3.1415926535897931     13.4191782009624276      0.0293416678522154      -0.0229385912524776
-3.1415926535897931     13.5445910813452546      0.0289633897241437      -0.0229319875064161
-3.1415926535897931     13.6700039617280815      0.0285911651457086      -0.0229255765782856
-3.1415926535897931     13.7954168421109085      0.0282248238335813      -0.0229193550541174
-3.1415926535897931     13.9208297224937354      0.0278642034096406      -0.0229133176402039
-3.1415926535897931     14.0462426028765623      0.0275091469472431      -0.0229074571773929
-3.1415926535897931     14.1716554832593893      0.0271595021037313      -0.0229017657284799
-3.1415926535897931     14.2970683636422162      0.0268151215286307      -0.0228962354806603
-3.1415926535897931     14.4224812440250432      0.0264758630402676      -0.0228908579780314
-3.1415926535897931     14.5478941244078701      0.0261415880790180      -0.0228856231090028
-3.1415926535897931     14.6733070047906971      0.0258121598013499      -0.0228805211498284
-3.1415926535897931     14.7987198851735240      0.0254874439576921      -0.0228755449308491
-3.1415926535897931     14.9241327655563509      0.0251673109224091      -0.0228706898281488
-3.1415926535897931     15.0495456459391779      0.0248516360569475      -0.0228659524241084
-3.1415926535897931     15.1749585263220048      0.0245402986082637      -0.0228613308068904
-3.1415926535897931     15.3003714067048318      0.0242331829457868      -0.0228568251788736
-3.1415926535897931     15.4257842870876587      0.0239301800340310      -0.0228524369257947
-3.1415926535897931     15.5511971674704856      0.0236311867768416      -0.0228481659796466
-3.1415926535897931     15.6766100478533126      0.0233361043580491      -0.0228440108245074
    
-2.8797932657906435     0.0000000000000000      -1.1768271990121835      -1.4386436170742851
-2.8797932657906435     0.1254128803828261      0.1315810927915115      -2.0647999482378725
-2.8797932657906435     0.2508257607656522      0.7412294645234933      -1.0878718363885500
-2.8797932657906435     0.3762386411484783      0.5100616519197316      -0.7064094429777151
-2.8797932657906435     0.5016515215313043      0.4342198861251156      -0.6032898651300075
-2.8797932657906435     0.6270644019141304      0.3599767304390733      -0.6337638817800879
-2.8797932657906435     0.7524772822969564      0.5736102863694270      -0.6021006193689710
-2.8797932657906435     0.8778901626797825      0.5753977993203858      -0.3539850942484903
-2.8797932657906435     1.0033030430626086      0.4640212624165403      -0.2544179362940131
-2.8797932657906435     1.1287159234454347      0.3999560596905534      -0.2333505553071833
-2.8797932657906435     1.2541288038282608      0.3678829049973852      -0.2405497936457487
-2.8797932657906435     1.3795416842110868      0.3995636967151544      -0.2271955358617714
-2.8797932657906435     1.5049545645939129      0.4053105544282747      -0.1549348978560592
-2.8797932657906435     1.6303674449767389      0.3644257751140375      -0.1029822216271178
-2.8797932657906435     1.7557803253595650      0.3239905603083720      -0.0783611819872076
-2.8797932657906435     1.8811932057423910      0.2921540106317895      -0.0664573284853377
-2.8797932657906435     2.0066060861252173      0.2688543862422539      -0.0590421063401742
-2.8797932657906435     2.1320189665080433      0.2494100783823479      -0.0514177785078610
-2.8797932657906435     2.2574318468908694      0.2308438064336151      -0.0462640009425554
-2.8797932657906435     2.3828447272736955      0.2165597479733980      -0.0432763464450349
-2.8797932657906435     2.5082576076565215      0.2037891557617433      -0.0390867034321195
-2.8797932657906435     2.6336704880393476      0.1918034455468124      -0.0362348839731314
-2.8797932657906435     2.7590833684221736      0.1811009090591796      -0.0337531263811021
-2.8797932657906435     2.8844962488049997      0.1713322520403936      -0.0318269994852970
-2.8797932657906435     3.0099091291878257      0.1624199653788873      -0.0303638154538124
-2.8797932657906435     3.1353220095706518      0.1544065962224740      -0.0292955776234925
-2.8797932657906435     3.2607348899534778      0.1471870942168530      -0.0284466200219079
-2.8797932657906435     3.3861477703363039      0.1406415151647889      -0.0277533048055342
-2.8797932657906435     3.5115606507191299      0.1346718900835440      -0.0271672370901603
-2.8797932657906435     3.6369735311019560      0.1292005459875183      -0.0266666987814282
-2.8797932657906435     3.7623864114847820      0.1241644593005251      -0.0262318970234839
-2.8797932657906435     3.8877992918676081      0.1195098902439616      -0.0258501077594932
-2.8797932657906435     4.0132121722504346      0.1151927017201476      -0.0255122802235106
-2.8797932657906435     4.1386250526332606      0.1111756512162263      -0.0252112583724100
-2.8797932657906435     4.2640379330160867      0.1074270089505126      -0.0249414860961178
-2.8797932657906435     4.3894508133989127      0.1039195426183248      -0.0246985760397694
-2.8797932657906435     4.5148636937817388      0.1006298312927295      -0.0244789868743608
-2.8797932657906435     4.6402765741645648      0.0975375270447757      -0.0242796658130443
-2.8797932657906435     4.7656894545473909      0.0946246922659017      -0.0240980809288065
-2.8797932657906435     4.8911023349302170      0.0918756366339439      -0.0239321857166626
-2.8797932657906435     5.0165152153130430      0.0892765252235492      -0.0237801266460024
-2.8797932657906435     5.1419280956958691      0.0868149518675164      -0.0236403125429504
-2.8797932657906435     5.2673409760786951      0.0844798852789590      -0.0235115008807381
-2.8797932657906435     5.3927538564615212      0.0822615473601764      -0.0233925735938195
-2.8797932657906435     5.5181667368443472      0.0801511318843175      -0.0232825156574400
-2.8797932657906435     5.6435796172271733      0.0781407006754737      -0.0231804587727221
-2.8797932657906435     5.7689924976099993      0.0762230862590801      -0.0230856308371927
-2.8797932657906435     5.8944053779928254      0.0743917946871700      -0.0229973603934627
-2.8797932657906435     6.0198182583756514      0.0726409257271081      -0.0229150632085337
-2.8797932657906435     6.1452311387584775      0.0709651522176433      -0.0228382209644054
-2.8797932657906435     6.2706440191413035      0.0693595882924761      -0.0227663273000377
-2.8797932657906435     6.3960568995241296      0.0678197453593824      -0.0226989541130519
-2.8797932657906435     6.5214697799069556      0.0663415183486355      -0.0226357235958991
-2.8797932657906435     6.6468826602897817      0.0649211463744116      -0.0225763025365588
-2.8797932657906435     6.7722955406726077      0.0635551739164742      -0.0225203761567783
-2.8797932657906435     6.8977084210554338      0.0622403933457029      -0.0224676579362070
-2.8797932657906435     7.0231213014382599      0.0609738440323274      -0.0224179165934267
-2.8797932657906435     7.1485341818210859      0.0597528137471222      -0.0223709502362682
-2.8797932657906435     7.2739470622039120      0.0585747928901287      -0.0223265476086448
-2.8797932657906435     7.3993599425867380      0.0574374445636429      -0.0222845344270366
-2.8797932657906435     7.5247728229695641      0.0563386080963973      -0.0222447355343884
-2.8797932657906435     7.6501857033523901      0.0552762577963370      -0.0222070025507210
-2.8797932657906435     7.7755985837352162      0.0542485252687391      -0.0221712064630178
-2.8797932657906435     7.9010114641180422      0.0532536733104731      -0.0221372165103247
-2.8797932657906435     8.0264243445008692      0.0522900710920831      -0.0221049031403848
-2.8797932657906435     8.1518372248836961      0.0513561886315724      -0.0220741568921642
-2.8797932657906435     8.2772501052665231      0.0504506024196394      -0.0220448740051843
-2.8797932657906435     8.4026629856493500      0.0495719705625281      -0.0220169519179936
-2.8797932657906435     8.5280758660321769      0.0487190276175503      -0.0219903013402542
-2.8797932657906435     8.6534887464150039      0.0478905870521653      -0.0219648506060727
-2.8797932657906435     8.7789016267978308      0.0470855457637719      -0.0219405295056755
-2.8797932657906435     8.9043145071806578      0.0463028555908663      -0.0219172643451240
-2.8797932657906435     9.0297273875634847      0.0455415247172960      -0.0218950010104148
-2.8797932657906435     9.1551402679463116      0.0448006324331156      -0.0218736942282730
-2.8797932657906435     9.2805531483291386      0.0440793135063860      -0.0218532906578136
-2.8797932657906435     9.4059660287119655      0.0433767454414479      -0.0218337419766507
-2.8797932657906435     9.5313789090947925      0.0426921541510122      -0.0218150035502967
-2.8797932657906435     9.6567917894776194      0.0420248077033588      -0.0217970317312079
-2.8797932657906435     9.7822046698604463      0.0413740134088801      -0.0217797869627887
-2.8797932657906435     9.9076175502432733      0.0407391191729984      -0.0217632273530211
-2.8797932657906435     10.0330304306261002      0.0401194990621999      -0.0217473089419512
-2.8797932657906435     10.1584433110089272      0.0395145556321354      -0.0217319970775836
-2.8797932657906435     10.2838561913917541      0.0389237255122536      -0.0217172607264058
-2.8797932657906435     10.4092690717745811      0.0383464729344464      -0.0217030685988958
-2.8797932657906435     10.5346819521574080      0.0377822866232280      -0.0216893929853994
-2.8797932657906435     10.6600948325402349      0.0372306806401098      -0.0216762089618457
-2.8797932657906435     10.7855077129230619      0.0366911922744535      -0.0216634944713811
-2.8797932657906435     10.9109205933058888      0.0361633820367588      -0.0216512312968630
-2.8797932657906435     11.0363334736887158      0.0356468326488420      -0.0216394017008178
-2.8797932657906435     11.1617463540715427      0.0351411490555152      -0.0216279917882962
-2.8797932657906435     11.2871592344543696      0.0346459581641530      -0.0216169839540055
-2.8797932657906435     11.4125721148371966      0.0341609017672147      -0.0216063585826817
-2.8797932657906435     11.5379849952200235      0.0336856362934896      -0.0215960970895509
-2.8797932657906435     11.6633978756028505      0.0332198336023999      -0.0215861814104497
-2.8797932657906435     11.7888107559856774      0.0327631777456829      -0.0215765928117605
-2.8797932657906435     11.9142236363685043      0.0323153655335071      -0.0215673164872194
-2.8797932657906435     12.0396365167513313      0.0318761085032043      -0.0215583367616558
-2.8797932657906435     12.1650493971341582      0.0314451270486902      -0.0215496385465094
-2.8797932657906435     12.2904622775169852      0.0310221539676598      -0.0215412101726939
-2.8797932657906435     12.4158751578998121      0.0306069328189282      -0.0215330400736098
-2.8797932657906435     12.5412880382826391      0.0301992173999096      -0.0215251194645753
-2.8797932657906435     12.6667009186654660      0.0297987733785394      -0.0215174409402716
-2.8797932657906435     12.7921137990482929      0.0294053769298218      -0.0215099971643643
-2.8797932657906435     12.9175266794311199      0.0290188139119336      -0.0215027812576793
-2.8797932657906435     13.0429395598139468      0.0286388801311225      -0.0214957859078659
-2.8797932657906435     13.1683524401967738      0.0282653793524543      -0.0214890027864607
-2.8797932657906435     13.2937653205796007      0.0278981230792396      -0.0214824229567235
-2.8797932657906435     13.4191782009624276      0.0275369289040565      -0.0214760364074769
-2.8797932657906435     13.5445910813452546      0.0271816192708808      -0.0214698343326377
-2.8797932657906435     13.6700039617280815      0.0268320242311688      -0.0214638094758353
-2.8797932657906435     13.7954168421109085      0.0264879802560415      -0.0214579538507930
-2.8797932657906435     13.9208297224937354      0.0261493286516879      -0.0214522597389321
-2.8797932657906435     14.0462426028765623      0.0258159159650873      -0.0214467205736698
-2.8797932657906435     14.1716554832593893      0.0254875944635140      -0.0214413305376040
-2.8797932657906435     14.2970683636422162      0.0251642211697797      -0.0214360843173751
-2.8797932657906435     14.4224812440250432      0.0248456581115025      -0.0214309782779850
-2.8797932657906435     14.5478941244078701      0.0245317735562694      -0.0214260098117354
-2.8797932657906435     14.6733070047906971      0.0242224416722040      -0.0214211760844222
-2.8797932657906435     14.7987198851735240      0.0239175415808564      -0.0214164732355367
-2.8797932657906435     14.9241327655563509      0.0236169559362046      -0.0214118969257278
-2.8797932657906435     15.0495456459391779      0.0233205712084515      -0.0214074434654835
-2.8797932657906435     15.1749585263220048      0.0230282786115164      -0.0214031089165819
-2.8797932657906435     15.3003714067048318      0.0227399728491156      -0.0213988885074367
-2.8797932657906435     15.4257842870876587      0.0224555512988242      -0.0213947768739270
-2.8797932657906435     15.5511971674704856      0.0221749139977124      -0.0213907691766647
-2.8797932657906435     15.6766100478533126      0.0218979638299949      -0.0213868604359207
    
-2.6179938779914944     0.0000000000000000      -0.7872188011196600      -1.0134201856509306
-2.6179938779914944     0.1254128803828261      0.1260348893403686      -1.2668492862992127
-2.6179938779914944     0.2508257607656522      0.3245464132101655      -0.6740214278032823
-2.6179938779914944     0.3762386411484783      0.1938093464726395      -0.5661742045119874
-2.6179938779914944     0.5016515215313043      0.2374792415296671      -0.5047418163069465
-2.6179938779914944     0.6270644019141304      0.1997660591625733      -0.5012128489871156
-2.6179938779914944     0.7524772822969564      0.3360880459441450      -0.4763807940326869
-2.6179938779914944     0.8778901626797825      0.3391612171813611      -0.3257356847146195
-2.6179938779914944     1.0033030430626086      0.2700571173301637      -0.2841561771029418
-2.6179938779914944     1.1287159234454347      0.2642852803911665      -0.2738203039961332
-2.6179938779914944     1.2541288038282608      0.2511062472359468      -0.2827873888408591
-2.6179938779914944     1.3795416842110868      0.3176249335011833      -0.2967494096508165
-2.6179938779914944     1.5049545645939129      0.3725684915116234      -0.1911066659073949
-2.6179938779914944     1.6303674449767389      0.3294354838793644      -0.1130072942013132
-2.6179938779914944     1.7557803253595650      0.2864172902541923      -0.0816034207436617
-2.6179938779914944     1.8811932057423910      0.2549358244290054      -0.0665336280352778
-2.6179938779914944     2.0066060861252173      0.2331854323501699      -0.0554773563717035
-2.6179938779914944     2.1320189665080433      0.2132494902622695      -0.0460134741851071
-2.6179938779914944     2.2574318468908694      0.1951246293767893      -0.0405601024065164
-2.6179938779914944     2.3828447272736955      0.1819022938353785      -0.0374457907871848
-2.6179938779914944     2.5082576076565215      0.1702882404047857      -0.0330646085395994
-2.6179938779914944     2.6336704880393476      0.1593361834627920      -0.0300225837993436
-2.6179938779914944     2.7590833684221736      0.1495718981357436      -0.0276032149112927
-2.6179938779914944     2.8844962488049997      0.1408341426511504      -0.0257984489731068
-2.6179938779914944     3.0099091291878257      0.1329781737674069      -0.0244534629966708
-2.6179938779914944     3.1353220095706518      0.1259852377163861      -0.0234686073150182
-2.6179938779914944     3.2607348899534778      0.1197403250719745      -0.0226896001305523
-2.6179938779914944     3.3861477703363039      0.1141145934090860      -0.0220504995161667
-2.6179938779914944     3.5115606507191299      0.1090110679956055      -0.0215158248584254
-2.6179938779914944     3.6369735311019560      0.1043590394754796      -0.0210632295869769
-2.6179938779914944     3.7623864114847820      0.1000974505029855      -0.0206726273583234
-2.6179938779914944     3.8877992918676081      0.0961756195956642      -0.0203323728531149
-2.6179938779914944     4.0132121722504346      0.0925525060780703      -0.0200334255572395
-2.6179938779914944     4.1386250526332606      0.0891934757387842      -0.0197688298128842
-2.6179938779914944     4.2640379330160867      0.0860693839288113      -0.0195332417870416
-2.6179938779914944     4.3894508133989127      0.0831554290754158      -0.0193223177147565
-2.6179938779914944     4.5148636937817388      0.0804302266321242      -0.0191324885310623
-2.6179938779914944     4.6402765741645648      0.0778752298981136      -0.0189609676614346
-2.6179938779914944     4.7656894545473909      0.0754745014405495      -0.0188054127230857
-2.6179938779914944     4.8911023349302170      0.0732139672649430      -0.0186637351354953
-2.6179938779914944     5.0165152153130430      0.0710811970588538      -0.0185342946100709
-2.6179938779914944     5.1419280956958691      0.0690653197813439      -0.0184157249022807
-2.6179938779914944     5.2673409760786951      0.0671566814546040      -0.0183067408424297
-2.6179938779914944     5.3927538564615212      0.0653465811096606      -0.0182062924502097
-2.6179938779914944     5.5181667368443472      0.0636272936274373      -0.0181135383577160
-2.6179938779914944     5.6435796172271733      0.0619919201472925      -0.0180277236878023
-2.6179938779914944     5.7689924976099993      0.0604342641271785      -0.0179482011070475
-2.6179938779914944     5.8944053779928254      0.0589487533152069      -0.0178743865287735
-2.6179938779914944     6.0198182583756514      0.0575303547731190      -0.0178057349779770
-2.6179938779914944     6.1452311387584775      0.0561744554464235      -0.0177417610803262
-2.6179938779914944     6.2706440191413035      0.0548768850332083      -0.0176820660865449
-2.6179938779914944     6.3960568995241296      0.0536338578452570      -0.0176262575496416
-2.6179938779914944     6.5214697799069556      0.0524418848252185      -0.0175739749997645
-2.6179938779914944     6.6468826602897817      0.0512977526724380      -0.0175249015393740
-2.6179938779914944     6.7722955406726077      0.0501985118210772      -0.0174787745370505
-2.6179938779914944     6.8977084210554338      0.0491414658257410      -0.0174353619253861
-2.6179938779914944     7.0231213014382599      0.0481241334653179      -0.0173944373654873
-2.6179938779914944     7.1485341818210859      0.0471441940101808      -0.0173557980058858
-2.6179938779914944     7.2739470622039120      0.0461995185041699      -0.0173193016805546
-2.6179938779914944     7.3993599425867380      0.0452881535718710      -0.0172847954480099
-2.6179938779914944     7.5247728229695641      0.0444082823341118      -0.0172521604303653
-2.6179938779914944     7.6501857033523901      0.0435582459538486      -0.0172212710131159
-2.6179938779914944     7.7755985837352162      0.0427364836416898      -0.0171919974727893
-2.6179938779914944     7.9010114641180422      0.0419415394523519      -0.0171642346300270
-2.6179938779914944     8.0264243445008692      0.0411720675999693      -0.0171378795787120
-2.6179938779914944     8.1518372248836961      0.0404268018251254      -0.0171128285682052
-2.6179938779914944     8.2772501052665231      0.0397045559032113      -0.0170889925325448
-2.6179938779914944     8.4026629856493500      0.0390042218080798      -0.0170662883672237
-2.6179938779914944     8.5280758660321769      0.0383247588693574      -0.0170446355494340
-2.6179938779914944     8.6534887464150039      0.0376651845381223      -0.0170239592045124
-2.6179938779914944     8.7789016267978308      0.0370245674192445      -0.0170041988808957
-2.6179938779914944     8.9043145071806578      0.0364020420441428      -0.0169853127624155
-2.6179938779914944     9.0297273875634847      0.0357968054333004      -0.0169672551683421
-2.6179938779914944     9.1551402679463116      0.0352080947174328      -0.0169499780034097
-2.6179938779914944     9.2805531483291386      0.0346351921921829      -0.0169334469580504
-2.6179938779914944     9.4059660287119655      0.0340774305688009      -0.0169176261145135
-2.6179938779914944     9.5313789090947925      0.0335341783293602      -0.0169024773959432
-2.6179938779914944     9.6567917894776194      0.0330048400225939      -0.0168879643881716
-2.6179938779914944     9.7822046698604463      0.0324888521746539      -0.0168740470916240
-2.6179938779914944     9.9076175502432733      0.0319856744427841      -0.0168606888459405
-2.6179938779914944     10.0330304306261002      0.0314947989267772      -0.0168478584758229
-2.6179938779914944     10.1584433110089272      0.0310157422914681      -0.0168355192278444
-2.6179938779914944     10.2838561913917541      0.0305480375458136      -0.0168236401099171
-2.6179938779914944     10.4092690717745811      0.0300912424560140      -0.0168121975231729
-2.6179938779914944     10.5346819521574080      0.0296449373378046      -0.0168011715675530
-2.6179938779914944     10.6600948325402349      0.0292087254863527      -0.0167905465779147
-2.6179938779914944     10.7855077129230619      0.0287822322909889      -0.0167803086935882
-2.6179938779914944     10.9109205933058888      0.0283651045693121      -0.0167704445819431
-2.6179938779914944     11.0363334736887158      0.0279570079073608      -0.0167609395401972
-2.6179938779914944     11.1617463540715427      0.0275576223689513      -0.0167517770872090
-2.6179938779914944     11.2871592344543696      0.0271666430177773      -0.0167429429971121
-2.6179938779914944     11.4125721148371966      0.0267837795551588      -0.0167344229656840
-2.6179938779914944     11.5379849952200235      0.0264087570135644      -0.0167262028613897
-2.6179938779914944     11.6633978756028505      0.0260413120631989      -0.0167182647478360
-2.6179938779914944     11.7888107559856774      0.0256811901222697      -0.0167105907002295
-2.6179938779914944     11.9142236363685043      0.0253281446890322      -0.0167031629680275
-2.6179938779914944     12.0396365167513313      0.0249819362583739      -0.0166959675956996
-2.6179938779914944     12.1650493971341582      0.0246423366046496      -0.0166889952229264
-2.6179938779914944     12.2904622775169852      0.0243091284328888      -0.0166822374203379
-2.6179938779914944     12.4158751578998121      0.0239821036215193      -0.0166756877237659
-2.6179938779914944     12.5412880382826391      0.0236610648851479      -0.0166693414644396
-2.6179938779914944     12.6667009186654660      0.0233458246519744      -0.0166631933839953
-2.6179938779914944     12.7921137990482929      0.0230362035361916      -0.0166572384634233
-2.6179938779914944     12.9175266794311199      0.0227320310737032      -0.0166514716183501
-2.6179938779914944     13.0429395598139468      0.0224331443548430      -0.0166458865137058
-2.6179938779914944     13.1683524401967738      0.0221393874604301      -0.0166404757072570
-2.6179938779914944     13.2937653205796007      0.0218506100951648      -0.0166352300689076
-2.6179938779914944     13.4191782009624276      0.0215666664942121      -0.0166301395420081
-2.6179938779914944     13.5445910813452546      0.0212874143700524      -0.0166251933272772
-2.6179938779914944     13.6700039617280815      0.0210127142062942      -0.0166203819345598
-2.6179938779914944     13.7954168421109085      0.0207424300109372      -0.0166156978806007
-2.6179938779914944     13.9208297224937354      0.0204764300581711      -0.0166111368666614
-2.6179938779914944     14.0462426028765623      0.0202145890186543      -0.0166066974048683
-2.6179938779914944     14.1716554832593893      0.0199567884241725      -0.0166023788368401
-2.6179938779914944     14.2970683636422162      0.0197029160054713      -0.0165981800967921
-2.6179938779914944     14.4224812440250432      0.0194528643437023      -0.0165940986336210
-2.6179938779914944     14.5478941244078701      0.0192065291739372      -0.0165901317383008
-2.6179938779914944     14.6733070047906971      0.0189638106255213      -0.0165862769903974
-2.6179938779914944     14.7987198851735240      0.0187246129069040      -0.0165825317975353
-2.6179938779914944     14.9241327655563509      0.0184888447426882      -0.0165788927324249
-2.6179938779914944     15.0495456459391779      0.0182564179656153      -0.0165753542654847
-2.6179938779914944     15.1749585263220048      0.0180272459598455      -0.0165719098460190
-2.6179938779914944     15.3003714067048318      0.0178012435441199      -0.0165685521364351
-2.6179938779914944     15.4257842870876587      0.0175783256516486      -0.0165652743271762
-2.6179938779914944     15.5511971674704856      0.0173584085094154      -0.0165620718333270
-2.6179938779914944     15.6766100478533126      0.0171414107834966      -0.0165589424395908
    
-2.3561944901923448     0.0000000000000000      -0.5840354606253142      -0.7911517618686277
-2.3561944901923448     0.1254128803828261      0.1359835462175516      -0.8912647283213787
-2.3561944901923448     0.2508257607656522      0.1830633853376023      -0.4550046982529849
-2.3561944901923448     0.3762386411484783      0.0692306282242736      -0.4197898281692986
-2.3561944901923448     0.5016515215313043      0.1190152042322061      -0.4089654143968460
-2.3561944901923448     0.6270644019141304      0.1247986436271541      -0.4093524424450685
-2.3561944901923448     0.7524772822969564      0.2087916262314012      -0.3585295832842377
-2.3561944901923448     0.8778901626797825      0.1984865859580033      -0.2649424952641265
-2.3561944901923448     1.0033030430626086      0.1339287389904517      -0.2382127652117516
-2.3561944901923448     1.1287159234454347      0.1060689171471768      -0.2638945844369506
-2.3561944901923448     1.2541288038282608      0.1021005705302032      -0.3358299007441152
-2.3561944901923448     1.3795416842110868      0.2449885528492951      -0.4087013660770190
-2.3561944901923448     1.5049545645939129      0.3729838774236739      -0.2487294389429275
-2.3561944901923448     1.6303674449767389      0.3240501425307202      -0.1318836467406461
-2.3561944901923448     1.7557803253595650      0.2731914498208387      -0.0901390220716068
-2.3561944901923448     1.8811932057423910      0.2398116930644238      -0.0722103967155673
-2.3561944901923448     2.0066060861252173      0.2184489123803532      -0.0566515130829456
-2.3561944901923448     2.1320189665080433      0.1969898517580736      -0.0449984560021082
-2.3561944901923448     2.2574318468908694      0.1785495141194765      -0.0382082617467046
-2.3561944901923448     2.3828447272736955      0.1647329542856278      -0.0343845561205070
-2.3561944901923448     2.5082576076565215      0.1531368493979033      -0.0297248492750654
-2.3561944901923448     2.6336704880393476      0.1421684786337385      -0.0265394224472749
-2.3561944901923448     2.7590833684221736      0.1326804146506209      -0.0242350695870848
-2.3561944901923448     2.8844962488049997      0.1243570677775937      -0.0224943720558741
-2.3561944901923448     3.0099091291878257      0.1169713446686377      -0.0211949562509782
-2.3561944901923448     3.1353220095706518      0.1104482849922239      -0.0202296544436040
-2.3561944901923448     3.2607348899534778      0.1046599066844928      -0.0194716879183294
-2.3561944901923448     3.3861477703363039      0.0994799496787299      -0.0188492619367845
-2.3561944901923448     3.5115606507191299      0.0948041169601785      -0.0183330461502365
-2.3561944901923448     3.6369735311019560      0.0905644980897630      -0.0178998630130664
-2.3561944901923448     3.7623864114847820      0.0866990930258303      -0.0175278281795920
-2.3561944901923448     3.8877992918676081      0.0831566182171356      -0.0172057758103760
-2.3561944901923448     4.0132121722504346      0.0798966519225694      -0.0169243982101811
-2.3561944901923448     4.1386250526332606      0.0768849865466883      -0.0166766323482942
-2.3561944901923448     4.2640379330160867      0.0740930538120346      -0.0164569142218558
-2.3561944901923448     4.3894508133989127      0.0714965063076064      -0.0162609424536646
-2.3561944901923448     4.5148636937817388      0.0690746904965601      -0.0160853396795667
-2.3561944901923448     4.6402765741645648      0.0668099328860089      -0.0159272417575801
-2.3561944901923448     4.7656894545473909      0.0646867622392557      -0.0157842501140998
-2.3561944901923448     4.8911023349302170      0.0626917701720813      -0.0156545663275198
-2.3561944901923448     5.0165152153130430      0.0608133916572691      -0.0155365890881367
-2.3561944901923448     5.1419280956958691      0.0590413435430631      -0.0154288453019043
-2.3561944901923448     5.2673409760786951      0.0573664891316039      -0.0153302050889694
-2.3561944901923448     5.3927538564615212      0.0557808414299891      -0.0152396903358919
-2.3561944901923448     5.5181667368443472      0.0542772511756071      -0.0151563727961269
-2.3561944901923448     5.6435796172271733      0.0528492938066437      -0.0150794909726416
-2.3561944901923448     5.7689924976099993      0.0514912256866235      -0.0150083509643027
-2.3561944901923448     5.8944053779928254      0.0501978321756879      -0.0149423602659646
-2.3561944901923448     6.0198182583756514      0.0489644245051607      -0.0148810328827808
-2.3561944901923448     6.1452311387584775      0.0477867742273455      -0.0148239281779581
-2.3561944901923448     6.2706440191413035      0.0466610348774047      -0.0147706536365664
-2.3561944901923448     6.3960568995241296      0.0455837004859924      -0.0147208769041408
-2.3561944901923448     6.5214697799069556      0.0445515804389649      -0.0146743197223095
-2.3561944901923448     6.6468826602897817      0.0435618070301726      -0.0146307449350423
-2.3561944901923448     6.7722955406726077      0.0426117492664573      -0.0145898800858424
-2.3561944901923448     6.8977084210554338      0.0416989534391131      -0.0145514985978177
-2.3561944901923448     7.0231213014382599      0.0408211786525010      -0.0145154226179572
-2.3561944901923448     7.1485341818210859      0.0399763899794344      -0.0144814812707056
-2.3561944901923448     7.2739470622039120      0.0391626991096124      -0.0144494901869140
-2.3561944901923448     7.3993599425867380      0.0383783437620016      -0.0144192935381890
-2.3561944901923448     7.5247728229695641      0.0376216974615430      -0.0143907450917283
-2.3561944901923448     7.6501857033523901      0.0368912400290382      -0.0143637151785438
-2.3561944901923448     7.7755985837352162      0.0361855605574222      -0.0143380937354870
-2.3561944901923448     7.9010114641180422      0.0355033490171021      -0.0143137813776820
-2.3561944901923448     8.0264243445008692      0.0348433829551569      -0.0142906931087927
-2.3561944901923448     8.1518372248836961      0.0342045326758167      -0.0142687577006786
-2.3561944901923448     8.2772501052665231      0.0335857475903951      -0.0142479012455102
-2.3561944901923448     8.4026629856493500      0.0329860402406298      -0.0142280576958011
-2.3561944901923448     8.5280758660321769      0.0324044907895044      -0.0142091738181867
-2.3561944901923448     8.6534887464150039      0.0318402498926230      -0.0141911973268709
-2.3561944901923448     8.7789016267978308      0.0312925217262598      -0.0141740681054808
-2.3561944901923448     8.9043145071806578      0.0307605506679990      -0.0141577246049163
-2.3561944901923448     9.0297273875634847      0.0302436195100711      -0.0141421148701086
-2.3561944901923448     9.1551402679463116      0.0297410598247054      -0.0141271970509827
-2.3561944901923448     9.2805531483291386      0.0292522433570662      -0.0141129213318783
-2.3561944901923448     9.4059660287119655      0.0287765686394403      -0.0140992435671213
-2.3561944901923448     9.5313789090947925      0.0283134661938921      -0.0140861266067186
-2.3561944901923448     9.6567917894776194      0.0278623989257250      -0.0140735414225580
-2.3561944901923448     9.7822046698604463      0.0274228620498578      -0.0140614636451367
-2.3561944901923448     9.9076175502432733      0.0269943826589172      -0.0140498712001256
-2.3561944901923448     10.0330304306261002      0.0265765118591994      -0.0140387408289871
-2.3561944901923448     10.1584433110089272      0.0261688265003990      -0.0140280572068363
-2.3561944901923448     10.2838561913917541      0.0257709330722371      -0.0140178019819991
-2.3561944901923448     10.4092690717745811      0.0253824569397034      -0.0140079533017767
-2.3561944901923448     10.5346819521574080      0.0250030419736828      -0.0139984897326271
-2.3561944901923448     10.6600948325402349      0.0246323496077930      -0.0139893883916324
-2.3561944901923448     10.7855077129230619      0.0242700556007189      -0.0139806263885414
-2.3561944901923448     10.9109205933058888      0.0239158491056363      -0.0139721812875681
-2.3561944901923448     11.0363334736887158      0.0235694314997659      -0.0139640337099197
-2.3561944901923448     11.1617463540715427      0.0232305183171686      -0.0139561672025773
-2.3561944901923448     11.2871592344543696      0.0228988380318070      -0.0139485668111112
-2.3561944901923448     11.4125721148371966      0.0225741312912686      -0.0139412196982328
-2.3561944901923448     11.5379849952200235      0.0222561496248279      -0.0139341150021808
-2.3561944901923448     11.6633978756028505      0.0219446563738973      -0.0139272464436301
-2.3561944901923448     11.7888107559856774      0.0216394293235734      -0.0139206099655455
-2.3561944901923448     11.9142236363685043      0.0213402600303969      -0.0139142009983625
-2.3561944901923448     12.0396365167513313      0.0210469511677100      -0.0139080117328780
-2.3561944901923448     12.1650493971341582      0.0207593127045838      -0.0139020327291105
-2.3561944901923448     12.2904622775169852      0.0204771626771079      -0.0138962539729996
-2.3561944901923448     12.4158751578998121      0.0202003260631619      -0.0138906651781487
-2.3561944901923448     12.5412880382826391      0.0199286339977600      -0.0138852550904465
-2.3561944901923448     12.6667009186654660      0.0196619232505544      -0.0138800137709204
-2.3561944901923448     12.7921137990482929      0.0194000368995388      -0.0138749312737569
-2.3561944901923448     12.9175266794311199      0.0191428224929699      -0.0138699984142454
-2.3561944901923448     13.0429395598139468      0.0188901326711335      -0.0138652079681393
-2.3561944901923448     13.1683524401967738      0.0186418258830858      -0.0138605549655465
-2.3561944901923448     13.2937653205796007      0.0183977669789543      -0.0138560360485776
-2.3561944901923448     13.4191782009624276      0.0181578271673807      -0.0138516489668271
-2.3561944901923448     13.5445910813452546      0.0179218842877916      -0.0138473922559066
-2.3561944901923448     13.6700039617280815      0.0176898224702209      -0.0138432637385932
-2.3561944901923448     13.7954168421109085      0.0174615311980383      -0.0138392608789363
-2.3561944901923448     13.9208297224937354      0.0172369057933373      -0.0138353793999602
-2.3561944901923448     14.0462426028765623      0.0170158442741671      -0.0138316123655563
-2.3561944901923448     14.1716554832593893      0.0167982463619038      -0.0138279525684776
-2.3561944901923448     14.2970683636422162      0.0165840139706800      -0.0138243936035994
-2.3561944901923448     14.4224812440250432      0.0163730517263535      -0.0138209302817832
-2.3561944901923448     14.5478941244078701      0.0161652682350378      -0.0138175583681119
-2.3561944901923448     14.6733070047906971      0.0159605749799017      -0.0138142733371504
-2.3561944901923448     14.7987198851735240      0.0157588859861701      -0.0138110713159022
-2.3561944901923448     14.9241327655563509      0.0155601178044363      -0.0138079488938242
-2.3561944901923448     15.0495456459391779      0.0153641891879631      -0.0138049041221270
-2.3561944901923448     15.1749585263220048      0.0151710223300397      -0.0138019365024519
-2.3561944901923448     15.3003714067048318      0.0149805431277463      -0.0137990467603287
-2.3561944901923448     15.4257842870876587      0.0147926824217609      -0.0137962360067394
-2.3561944901923448     15.5511971674704856      0.0146073748472378      -0.0137935033070117
-2.3561944901923448     15.6766100478533126      0.0144245572474599      -0.0137908465682677
    
-2.0943951023931957     0.0000000000000000      -0.6286843789721224      -0.8177280890384248
-2.0943951023931957     0.1254128803828261      0.1164150255206603      -1.0258137913658778
-2.0943951023931957     0.2508257607656522      0.2913276902493874      -0.5399615710499417
-2.0943951023931957     0.3762386411484783      0.2059795265766280      -0.4402428642696308
-2.0943951023931957     0.5016515215313043      0.2697559839880021      -0.3368002934670868
-2.0943951023931957     0.6270644019141304      0.1870380076775466      -0.2221324203695628
-2.0943951023931957     0.7524772822969564      0.1361364295085660      -0.2125788994999310
-2.0943951023931957     0.8778901626797825      0.0731770766884484      -0.1898671609157797
-2.0943951023931957     1.0033030430626086      0.0112380929293498      -0.2570276359851982
-2.0943951023931957     1.1287159234454347      0.0375399557316020      -0.3185497895250080
-2.0943951023931957     1.2541288038282608      0.0679470198619906      -0.4035568620629027
-2.0943951023931957     1.3795416842110868      0.2550265962697211      -0.4698631867580445
-2.0943951023931957     1.5049545645939129      0.3980644410304411      -0.2770279197617674
-2.0943951023931957     1.6303674449767389      0.3418756118581351      -0.1435137037322493
-2.0943951023931957     1.7557803253595650      0.2848137736935586      -0.0968455857109369
-2.0943951023931957     1.8811932057423910      0.2490264507373335      -0.0778929270348602
-2.0943951023931957     2.0066060861252173      0.2268656081246573      -0.0600027806242527
-2.0943951023931957     2.1320189665080433      0.2037432801111211      -0.0471004553342055
-2.0943951023931957     2.2574318468908694      0.1843812260384121      -0.0393244873026006
-2.0943951023931957     2.3828447272736955      0.1692702989614644      -0.0348894315534858
-2.0943951023931957     2.5082576076565215      0.1568626160531327      -0.0301008837188050
-2.0943951023931957     2.6336704880393476      0.1452322660737161      -0.0268528981608375
-2.0943951023931957     2.7590833684221736      0.1353448856746459      -0.0245923100950169
-2.0943951023931957     2.8844962488049997      0.1267359313080453      -0.0228498639263387
-2.0943951023931957     3.0099091291878257      0.1191330020964609      -0.0215324457476893
-2.0943951023931957     3.1353220095706518      0.1124247179749827      -0.0205398822237118
-2.0943951023931957     3.2607348899534778      0.1064756229458939      -0.0197605349135546
-2.0943951023931957     3.3861477703363039      0.1011598095346502      -0.0191184451658476
-2.0943951023931957     3.5115606507191299      0.0963651717430292      -0.0185862239525773
-2.0943951023931957     3.6369735311019560      0.0920225114738704      -0.0181396284761725
-2.0943951023931957     3.7623864114847820      0.0880663341605590      -0.0177557715951956
-2.0943951023931957     3.8877992918676081      0.0844431327719141      -0.0174239531644830
-2.0943951023931957     4.0132121722504346      0.0811113592552917      -0.0171344867906741
-2.0943951023931957     4.1386250526332606      0.0780353330343022      -0.0168798089289255
-2.0943951023931957     4.2640379330160867      0.0751854239968591      -0.0166543567416807
-2.0943951023931957     4.3894508133989127      0.0725365570890622      -0.0164535089440957
-2.0943951023931957     4.5148636937817388      0.0700672326380091      -0.0162736216057102
-2.0943951023931957     4.6402765741645648      0.0677589948801880      -0.0161117907028480
-2.0943951023931957     4.7656894545473909      0.0655960089708729      -0.0159657018220415
-2.0943951023931957     4.8911023349302170      0.0635645326557234      -0.0158332778536171
-2.0943951023931957     5.0165152153130430      0.0616524275347075      -0.0157128143586068
-2.0943951023931957     5.1419280956958691      0.0598491196856564      -0.0156029714976019
-2.0943951023931957     5.2673409760786951      0.0581453319436333      -0.0155024998177484
-2.0943951023931957     5.3927538564615212      0.0565327715983316      -0.0154103023036756
-2.0943951023931957     5.5181667368443472      0.0550040348613661      -0.0153254834191027
-2.0943951023931957     5.6435796172271733      0.0535525499258272      -0.0152472445741141
-2.0943951023931957     5.7689924976099993      0.0521723864328737      -0.0151749075680448
-2.0943951023931957     5.8944053779928254      0.0508582484909338      -0.0151078679844627
-2.0943951023931957     6.0198182583756514      0.0496053165275507      -0.0150455889353301
-2.0943951023931957     6.1452311387584775      0.0484092425877122      -0.0149876284584348
-2.0943951023931957     6.2706440191413035      0.0472660885109207      -0.0149335929284465
-2.0943951023931957     6.3960568995241296      0.0461722789297771      -0.0148831479945683
-2.0943951023931957     6.5214697799069556      0.0451245826147553      -0.0148359850029890
-2.0943951023931957     6.6468826602897817      0.0441200100867051      -0.0147918092954748
-2.0943951023931957     6.7722955406726077      0.0431558435171159      -0.0147504137343662
-2.0943951023931957     6.8977084210554338      0.0422296295661637      -0.0147115745987203
-2.0943951023931957     7.0231213014382599      0.0413390924763654      -0.0146750723663125
-2.0943951023931957     7.1485341818210859      0.0404821250092228      -0.0146407092800759
-2.0943951023931957     7.2739470622039120      0.0396567765507259      -0.0146083166766522
-2.0943951023931957     7.3993599425867380      0.0388612573706714      -0.0145777450141437
-2.0943951023931957     7.5247728229695641      0.0380939037946244      -0.0145488440985076
-2.0943951023931957     7.6501857033523901      0.0373531620868516      -0.0145214946501476
-2.0943951023931957     7.7755985837352162      0.0366376083149144      -0.0144955885366254
-2.0943951023931957     7.9010114641180422      0.0359459092404973      -0.0144710180443936
-2.0943951023931957     8.0264243445008692      0.0352768244020959      -0.0144476969987854
-2.0943951023931957     8.1518372248836961      0.0346292012419219      -0.0144255396873143
-2.0943951023931957     8.2772501052665231      0.0340019565954584      -0.0144044771829676
-2.0943951023931957     8.4026629856493500      0.0333940945444343      -0.0143844523768512
-2.0943951023931957     8.5280758660321769      0.0328046900223299      -0.0143653992230075
-2.0943951023931957     8.6534887464150039      0.0322328660250897      -0.0143472514010267
-2.0943951023931957     8.7789016267978308      0.0316777988820428      -0.0143299553747351
-2.0943951023931957     8.9043145071806578      0.0311387226818024      -0.0143134624783974
-2.0943951023931957     9.0297273875634847      0.0306149207367594      -0.0142977194327942
-2.0943951023931957     9.1551402679463116      0.0301057103084615      -0.0142826698052238
-2.0943951023931957     9.2805531483291386      0.0296104415586185      -0.0142682694747302
-2.0943951023931957     9.4059660287119655      0.0291285060352158      -0.0142544804812939
-2.0943951023931957     9.5313789090947925      0.0286593317274740      -0.0142412672181465
-2.0943951023931957     9.6567917894776194      0.0282023759566932      -0.0142285951849622
-2.0943951023931957     9.7822046698604463      0.0277571252298374      -0.0142164361174329
-2.0943951023931957     9.9076175502432733      0.0273230944296282      -0.0142047656005222
-2.0943951023931957     10.0330304306261002      0.0268998298233483      -0.0141935663569247
-2.0943951023931957     10.1584433110089272      0.0264869069593118      -0.0141828141468171
-2.0943951023931957     10.2838561913917541      0.0260839178368994      -0.0141724861763440
-2.0943951023931957     10.4092690717745811      0.0256904790647667      -0.0141625634772045
-2.0943951023931957     10.5346819521574080      0.0253062277500562      -0.0141530234583460
-2.0943951023931957     10.6600948325402349      0.0249308160633462      -0.0141438443126884
-2.0943951023931957     10.7855077129230619      0.0245639122769573      -0.0141350060634441
-2.0943951023931957     10.9109205933058888      0.0242052002815316      -0.0141264915378420
-2.0943951023931957     11.0363334736887158      0.0238543817371545      -0.0141182846000434
-2.0943951023931957     11.1617463540715427      0.0235111707230877      -0.0141103667498333
-2.0943951023931957     11.2871592344543696      0.0231752913219584      -0.0141027227862750
-2.0943951023931957     11.4125721148371966      0.0228464811901394      -0.0140953415079185
-2.0943951023931957     11.5379849952200235      0.0225244924619428      -0.0140882134332463
-2.0943951023931957     11.6633978756028505      0.0222090894013681      -0.0140813284576389
-2.0943951023931957     11.7888107559856774      0.0219000471064508      -0.0140746771037302
-2.0943951023931957     11.9142236363685043      0.0215971502747371      -0.0140682504465464
-2.0943951023931957     12.0396365167513313      0.0213001946812781      -0.0140620414844377
-2.0943951023931957     12.1650493971341582      0.0210089868489396      -0.0140560413724347
-2.0943951023931957     12.2904622775169852      0.0207233402618407      -0.0140502411523960
-2.0943951023931957     12.4158751578998121      0.0204430775536272      -0.0140446315941167
-2.0943951023931957     12.5412880382826391      0.0201680280626093      -0.0140392019885502
-2.0943951023931957     12.6667009186654660      0.0198980260828264      -0.0140339416078932
-2.0943951023931957     12.7921137990482929      0.0196329115384032      -0.0140288409218413
-2.0943951023931957     12.9175266794311199      0.0193725299276257      -0.0140238915722548
-2.0943951023931957     13.0429395598139468      0.0191167322442525      -0.0140190870104118
-2.0943951023931957     13.1683524401967738      0.0188653758093134      -0.0140144223132239
-2.0943951023931957     13.2937653205796007      0.0186183239288258      -0.0140098937905710
-2.0943951023931957     13.4191782009624276      0.0183754465508854      -0.0140054993647602
-2.0943951023931957     13.5445910813452546      0.0181366207994658      -0.0140012367337593
-2.0943951023931957     13.6700039617280815      0.0179017295395643      -0.0139971022460394
-2.0943951023931957     13.7954168421109085      0.0176706594957860      -0.0139930911917246
-2.0943951023931957     13.9208297224937354      0.0174433012089592      -0.0139891991031195
-2.0943951023931957     14.0462426028765623      0.0172195497342931      -0.0139854217498049
-2.0943951023931957     14.1716554832593893      0.0169993043248673      -0.0139817542971582
-2.0943951023931957     14.2970683636422162      0.0167824675463226      -0.0139781909240672
-2.0943951023931957     14.4224812440250432      0.0165689443869625      -0.0139747253085848
-2.0943951023931957     14.5478941244078701      0.0163586414169853      -0.0139713515885281
-2.0943951023931957     14.6733070047906971      0.0161514676534574      -0.0139680656892801
-2.0943951023931957     14.7987198851735240      0.0159473358764851      -0.0139648647287423
-2.0943951023931957     14.9241327655563509      0.0157461618172918      -0.0139617465095269
-2.0943951023931957     15.0495456459391779      0.0155478649686716      -0.0139587098047395
-2.0943951023931957     15.1749585263220048      0.0153523682732211      -0.0139557534075669
-2.0943951023931957     15.3003714067048318      0.0151595979149559      -0.0139528762607050
-2.0943951023931957     15.4257842870876587      0.0149694830535638      -0.0139500769932599
-2.0943951023931957     15.5511971674704856      0.0147819558585170      -0.0139473542037839
-2.0943951023931957     15.6766100478533126      0.0145969513376168      -0.0139447056094272
    
-1.8325957145940459     0.0000000000000000      -0.4405590184268476      -0.5593625437278925
-1.8325957145940459     0.1254128803828261      0.0503626095424348      -0.6058237260572207
-1.8325957145940459     0.2508257607656522      0.0393170558645787      -0.3328544025357666
-1.8325957145940459     0.3762386411484783      -0.0165198184404300      -0.3609396099900696
-1.8325957145940459     0.5016515215313043      0.0613838598468477      -0.3273414668660750
-1.8325957145940459     0.6270644019141304      0.0298860234794641      -0.3001986062429564
-1.8325957145940459     0.7524772822969564      0.0694550917657495      -0.2979466834094266
-1.8325957145940459     0.8778901626797825      0.0460978645285936      -0.2557234906463955
-1.8325957145940459     1.0033030430626086      0.0115616170904336      -0.3126071458072922
-1.8325957145940459     1.1287159234454347      0.0793185356256895      -0.3271335083540136
-1.8325957145940459     1.2541288038282608      0.0743484997746422      -0.3727559366077134
-1.8325957145940459     1.3795416842110868      0.2427064077051113      -0.4309327163933988
-1.8325957145940459     1.5049545645939129      0.3637455238958148      -0.2552511318971400
-1.8325957145940459     1.6303674449767389      0.3121099739262770      -0.1341835789189644
-1.8325957145940459     1.7557803253595650      0.2601240386586406      -0.0903919225546162
-1.8325957145940459     1.8811932057423910      0.2264130933483904      -0.0712065061481524
-1.8325957145940459     2.0066060861252173      0.2049294802425900      -0.0547207580031423
-1.8325957145940459     2.1320189665080433      0.1833349411542687      -0.0425692180038121
-1.8325957145940459     2.2574318468908694      0.1650327458280959      -0.0355186083251272
-1.8325957145940459     2.3828447272736955      0.1512837838882475      -0.0315679184619475
-1.8325957145940459     2.5082576076565215      0.1399233842699651      -0.0270038692227805
-1.8325957145940459     2.6336704880393476      0.1292956782440031      -0.0238766633184374
-1.8325957145940459     2.7590833684221736      0.1201728105361790      -0.0216681668808147
-1.8325957145940459     2.8844962488049997      0.1122573696908295      -0.0200150455529727
-1.8325957145940459     3.0099091291878257      0.1052844978834631      -0.0187675854896285
-1.8325957145940459     3.1353220095706518      0.0991538936077894      -0.0178380782895506
-1.8325957145940459     3.2607348899534778      0.0937378340081756      -0.0171087722585672
-1.8325957145940459     3.3861477703363039      0.0889106351433417      -0.0165096202392871
-1.8325957145940459     3.5115606507191299      0.0845684725935866      -0.0160134961184182
-1.8325957145940459     3.6369735311019560      0.0806443750402994      -0.0155982146857699
-1.8325957145940459     3.7623864114847820      0.0770776152721026      -0.0152426890653261
-1.8325957145940459     3.8877992918676081      0.0738181536623026      -0.0149360728534864
-1.8325957145940459     4.0132121722504346      0.0708266914124671      -0.0146692688948912
-1.8325957145940459     4.1386250526332606      0.0680701373489786      -0.0144353247510315
-1.8325957145940459     4.2640379330160867      0.0655208094100492      -0.0142286437826182
-1.8325957145940459     4.3894508133989127      0.0631552011870029      -0.0140450943200482
-1.8325957145940459     4.5148636937817388      0.0609535727573205      -0.0138812750193549
-1.8325957145940459     4.6402765741645648      0.0588989178863670      -0.0137342970493159
-1.8325957145940459     4.7656894545473909      0.0569764729761768      -0.0136017983754327
-1.8325957145940459     4.8911023349302170      0.0551734338854222      -0.0134819050807863
-1.8325957145940459     5.0165152153130430      0.0534787118269952      -0.0133730064595769
-1.8325957145940459     5.1419280956958691      0.0518824807723553      -0.0132736668892896
-1.8325957145940459     5.2673409760786951      0.0503760359133850      -0.0131827964253743
-1.8325957145940459     5.3927538564615212      0.0489517719693826      -0.0130994680020473
-1.8325957145940459     5.5181667368443472      0.0476029078191493      -0.0130228521224084
-1.8325957145940459     5.6435796172271733      0.0463233986877462      -0.0129522759221829
-1.8325957145940459     5.7689924976099993      0.0451078745862505      -0.0128871392301363
-1.8325957145940459     5.8944053779928254      0.0439515050516925      -0.0128269182304719
-1.8325957145940459     6.0198182583756514      0.0428499719441133      -0.0127711429765934
-1.8325957145940459     6.1452311387584775      0.0417993504436072      -0.0127193822008211
-1.8325957145940459     6.2706440191413035      0.0407961077337793      -0.0126712552297214
-1.8325957145940459     6.3960568995241296      0.0398370085130634      -0.0126264029726385
-1.8325957145940459     6.5214697799069556      0.0389191034349291      -0.0125845213280873
-1.8325957145940459     6.6468826602897817      0.0380397143854674      -0.0125453344852227
-1.8325957145940459     6.7722955406726077      0.0371963673980820      -0.0125085760190836
-1.8325957145940459     6.8977084210554338      0.0363867771155467      -0.0124740318031804
-1.8325957145940459     7.0231213014382599      0.0356088476822636      -0.0124415318651623
-1.8325957145940459     7.1485341818210859      0.0348606765749892      -0.0124109337466458
-1.8325957145940459     7.2739470622039120      0.0341405152397673      -0.0123820966992777
-1.8325957145940459     7.3993599425867380      0.0334467451002448      -0.0123548977491961
-1.8325957145940459     7.5247728229695641      0.0327778841444423      -0.0123292328006894
-1.8325957145940459     7.6501857033523901      0.0321325668880179      -0.0123049906353638
-1.8325957145940459     7.7755985837352162      0.0315095166573362      -0.0122820713880334
-1.8325957145940459     7.9010114641180422      0.0309075544385398      -0.0122603873182216
-1.8325957145940459     8.0264243445008692      0.0303255882545077      -0.0122398488068957
-1.8325957145940459     8.1518372248836961      0.0297625977336296      -0.0122203716898814
-1.8325957145940459     8.2772501052665231      0.0292176286314528      -0.0122018701382562
-1.8325957145940459     8.4026629856493500      0.0286897800621320      -0.0121842643875678
-1.8325957145940459     8.5280758660321769      0.0281782002011930      -0.0121674869720907
-1.8325957145940459     8.6534887464150039      0.0276820963937905      -0.0121514889753257
-1.8325957145940459     8.7789016267978308      0.0272007321814702      -0.0121362192011724
-1.8325957145940459     8.9043145071806578      0.0267334092213292      -0.0121216316692960
-1.8325957145940459     9.0297273875634847      0.0262794709256276      -0.0121076930939319
-1.8325957145940459     9.1551402679463116      0.0258383109408435      -0.0120943804825583
-1.8325957145940459     9.2805531483291386      0.0254093670791736      -0.0120816653991450
-1.8325957145940459     9.4059660287119655      0.0249921100888824      -0.0120695177556809
-1.8325957145940459     9.5313789090947925      0.0245860400098995      -0.0120579066959318
-1.8325957145940459     9.6567917894776194      0.0241906864580833      -0.0120468040022313
-1.8325957145940459     9.7822046698604463      0.0238056077103892      -0.0120361802809185
-1.8325957145940459     9.9076175502432733      0.0234303858684095      -0.0120260010190633
-1.8325957145940459     10.0330304306261002      0.0230646164298992      -0.0120162307851502
-1.8325957145940459     10.1584433110089272      0.0227079124519142      -0.0120068426920273
-1.8325957145940459     10.2838561913917541      0.0223599086003553      -0.0119978130374990
-1.8325957145940459     10.4092690717745811      0.0220202559488678      -0.0119891216092780
-1.8325957145940459     10.5346819521574080      0.0216886252377385      -0.0119807532443132
-1.8325957145940459     10.6600948325402349      0.0213647045232388      -0.0119726944550930
-1.8325957145940459     10.7855077129230619      0.0210482003257398      -0.0119649361038358
-1.8325957145940459     10.9109205933058888      0.0207388374999297      -0.0119574669330935
-1.8325957145940459     11.0363334736887158      0.0204363523551799      -0.0119502751884244
-1.8325957145940459     11.1617463540715427      0.0201404960448934      -0.0119433522722515
-1.8325957145940459     11.2871592344543696      0.0198510345082265      -0.0119366878061074
-1.8325957145940459     11.4125721148371966      0.0195677451906758      -0.0119302692409169
-1.8325957145940459     11.5379849952200235      0.0192904144868198      -0.0119240820553297
-1.8325957145940459     11.6633978756028505      0.0190188368518287      -0.0119181118369769
-1.8325957145940459     11.7888107559856774      0.0187528145291937      -0.0119123445260104
-1.8325957145940459     11.9142236363685043      0.0184921571788187      -0.0119067665653010
-1.8325957145940459     12.0396365167513313      0.0182366804872872      -0.0119013652796270
-1.8325957145940459     12.1650493971341582      0.0179862060588759      -0.0118961317461999
-1.8325957145940459     12.2904622775169852      0.0177405648837392      -0.0118910597840770
-1.8325957145940459     12.4158751578998121      0.0174995949706248      -0.0118861444063584
-1.8325957145940459     12.5412880382826391      0.0172631425378362      -0.0118813833624789
-1.8325957145940459     12.6667009186654660      0.0170310631075156      -0.0118767752120697
-1.8325957145940459     12.7921137990482929      0.0168032198532575      -0.0118723176726863
-1.8325957145940459     12.9175266794311199      0.0165794833976463      -0.0118680083211870
-1.8325957145940459     13.0429395598139468      0.0163597316127478      -0.0118638423693032
-1.8325957145940459     13.1683524401967738      0.0161438466928773      -0.0118598123323319
-1.8325957145940459     13.2937653205796007      0.0159317142658947      -0.0118559095414587
-1.8325957145940459     13.4191782009624276      0.0157232229132302      -0.0118521238898067
-1.8325957145940459     13.5445910813452546      0.0155182620539119      -0.0118484453656444
-1.8325957145940459     13.6700039617280815      0.0153167230795707      -0.0118448666904040
-1.8325957145940459     13.7954168421109085      0.0151185017847803      -0.0118413833378252
-1.8325957145940459     13.9208297224937354      0.0149234983733988      -0.0118379915426089
-1.8325957145940459     14.0462426028765623      0.0147316165235574      -0.0118346886867278
-1.8325957145940459     14.1716554832593893      0.0145427638265250      -0.0118314736822987
-1.8325957145940459     14.2970683636422162      0.0143568522595170      -0.0118283470489848
-1.8325957145940459     14.4224812440250432      0.0141737992621237      -0.0118253100666266
-1.8325957145940459     14.5478941244078701      0.0139935273759323      -0.0118223632402272
-1.8325957145940459     14.6733070047906971      0.0138159633453261      -0.0118195055007815
-1.8325957145940459     14.7987198851735240      0.0136410368633557      -0.0118167337409165
-1.8325957145940459     14.9241327655563509      0.0134686795375564      -0.0118140433358173
-1.8325957145940459     15.0495456459391779      0.0132988242020683      -0.0118114284343588
-1.8325957145940459     15.1749585263220048      0.0131314042551459      -0.0118088827427674
-1.8325957145940459     15.3003714067048318      0.0129663539430099      -0.0118064007430106
-1.8325957145940459     15.4257842870876587      0.0128036087420365      -0.0118039772954861
-1.8325957145940459     15.5511971674704856      0.0126431048048992      -0.0118016083267842
-1.8325957145940459     15.6766100478533126      0.0124847795833485      -0.0117992916367928
    
-1.5707963267948966     0.0000000000000000      -0.5101215323637526      -0.5808327690606702
-1.5707963267948966     0.1254128803828261      -0.0006399651491873      -0.7425175985997057
-1.5707963267948966     0.2508257607656522      0.1241792965459364      -0.3868774358578355
-1.5707963267948966     0.3762386411484783      -0.0131283203949895      -0.2946227114871903
-1.5707963267948966     0.5016515215313043      -0.0671296141936962      -0.3471574155033507
-1.5707963267948966     0.6270644019141304      -0.0471826611357772      -0.4782856240180550
-1.5707963267948966     0.7524772822969564      0.1588979700169153      -0.4634089493847562
-1.5707963267948966     0.8778901626797825      0.1694979683865260      -0.3242543052088038
-1.5707963267948966     1.0033030430626086      0.1127053937141676      -0.3206180105620618
-1.5707963267948966     1.1287159234454347      0.1502533380444192      -0.3344898191416594
-1.5707963267948966     1.2541288038282608      0.1737483455079284      -0.3619239209372079
-1.5707963267948966     1.3795416842110868      0.3010238182172602      -0.3459091455324569
-1.5707963267948966     1.5049545645939129      0.3532659733604223      -0.2085515364965201
-1.5707963267948966     1.6303674449767389      0.3060978276216861      -0.1187932582590920
-1.5707963267948966     1.7557803253595650      0.2608030226479198      -0.0824728116938372
-1.5707963267948966     1.8811932057423910      0.2286367961007660      -0.0647035790158821
-1.5707963267948966     2.0066060861252173      0.2066675276993966      -0.0517733708895618
-1.5707963267948966     2.1320189665080433      0.1865020193155882      -0.0413251807170726
-1.5707963267948966     2.2574318468908694      0.1686916753218523      -0.0353725582310670
-1.5707963267948966     2.3828447272736955      0.1556464867018082      -0.0320087674411942
-1.5707963267948966     2.5082576076565215      0.1445221424663619      -0.0278126174820436
-1.5707963267948966     2.6336704880393476      0.1342598054239952      -0.0248842147021163
-1.5707963267948966     2.7590833684221736      0.1252276531919005      -0.0226494003805049
-1.5707963267948966     2.8844962488049997      0.1173001854107718      -0.0210117283127947
-1.5707963267948966     3.0099091291878257      0.1102574843217405      -0.0197640707649609
-1.5707963267948966     3.1353220095706518      0.1040345976942369      -0.0188475345791192
-1.5707963267948966     3.2607348899534778      0.0985184202432028      -0.0181241086498277
-1.5707963267948966     3.3861477703363039      0.0935823740613128      -0.0175317424685239
-1.5707963267948966     3.5115606507191299      0.0891310033884524      -0.0170381782471197
-1.5707963267948966     3.6369735311019560      0.0850959276550220      -0.0166229770155221
-1.5707963267948966     3.7623864114847820      0.0814187588092680      -0.0162667739826447
-1.5707963267948966     3.8877992918676081      0.0780509055507511      -0.0159582915913291
-1.5707963267948966     4.0132121722504346      0.0749535188068814      -0.0156889307660466
-1.5707963267948966     4.1386250526332606      0.0720938199171833      -0.0154516878851835
-1.5707963267948966     4.2640379330160867      0.0694443317634000      -0.0152415663686344
-1.5707963267948966     4.3894508133989127      0.0669819830576603      -0.0150542869436492
-1.5707963267948966     4.5148636937817388      0.0646867626743428      -0.0148864381425785
-1.5707963267948966     4.6402765741645648      0.0625415671426586      -0.0147354365255656
-1.5707963267948966     4.7656894545473909      0.0605317593978041      -0.0145990776767618
-1.5707963267948966     4.8911023349302170      0.0586445084632898      -0.0144754136011624
-1.5707963267948966     5.0165152153130430      0.0568685256203270      -0.0143628818297042
-1.5707963267948966     5.1419280956958691      0.0551939630412864      -0.0142602261706376
-1.5707963267948966     5.2673409760786951      0.0536121632959865      -0.0141662597971826
-1.5707963267948966     5.3927538564615212      0.0521153349630311      -0.0140799992076692
-1.5707963267948966     5.5181667368443472      0.0506966201286521      -0.0140006610051688
-1.5707963267948966     5.6435796172271733      0.0493499089993396      -0.0139274821626688
-1.5707963267948966     5.7689924976099993      0.0480696593688925      -0.0138598129224099
-1.5707963267948966     5.8944053779928254      0.0468509146872650      -0.0137971130885532
-1.5707963267948966     6.0198182583756514      0.0456891905440809      -0.0137389034381645
-1.5707963267948966     6.1452311387584775      0.0445804640051764      -0.0136847645680105
-1.5707963267948966     6.2706440191413035      0.0435210535891128      -0.0136343156088207
-1.5707963267948966     6.3960568995241296      0.0425076395250058      -0.0135872344964393
-1.5707963267948966     6.5214697799069556      0.0415371901227542      -0.0135432144142650
-1.5707963267948966     6.6468826602897817      0.0406069167572463      -0.0135019859752575
-1.5707963267948966     6.7722955406726077      0.0397142769241823      -0.0134633327774772
-1.5707963267948966     6.8977084210554338      0.0388569605653774      -0.0134270528724297
-1.5707963267948966     7.0231213014382599      0.0380328411901687      -0.0133929436283470
-1.5707963267948966     7.1485341818210859      0.0372399401184363      -0.0133608299720408
-1.5707963267948966     7.2739470622039120      0.0364764485412533      -0.0133305617205074
-1.5707963267948966     7.3993599425867380      0.0357406888622467      -0.0133019945123906
-1.5707963267948966     7.5247728229695641      0.0350311060873597      -0.0132750050522652
-1.5707963267948966     7.6501857033523901      0.0343462682267362      -0.0132494843753453
-1.5707963267948966     7.7755985837352162      0.0336848451703108      -0.0132253267942302
-1.5707963267948966     7.9010114641180422      0.0330456044173841      -0.0132024374048301
-1.5707963267948966     8.0264243445008692      0.0324273940139995      -0.0131807221233995
-1.5707963267948966     8.1518372248836961      0.0318291346913869      -0.0131601039981691
-1.5707963267948966     8.2772501052665231      0.0312498322639573      -0.0131405114585731
-1.5707963267948966     8.4026629856493500      0.0306885476064491      -0.0131218712376857
-1.5707963267948966     8.5280758660321769      0.0301444073036545      -0.0131041285300166
-1.5707963267948966     8.6534887464150039      0.0296165959175825      -0.0130872173972031
-1.5707963267948966     8.7789016267978308      0.0291043356525840      -0.0130710852186246
-1.5707963267948966     8.9043145071806578      0.0286069051201042      -0.0130556935936620
-1.5707963267948966     9.0297273875634847      0.0281236375997548      -0.0130409991324018
-1.5707963267948966     9.1551402679463116      0.0276538952886327      -0.0130269538088919
-1.5707963267948966     9.2805531483291386      0.0271970773811244      -0.0130135223099423
-1.5707963267948966     9.4059660287119655      0.0267526199011253      -0.0130006699875133
-1.5707963267948966     9.5313789090947925      0.0263199929166819      -0.0129883688163563
-1.5707963267948966     9.6567917894776194      0.0258987014163664      -0.0129765875760804
-1.5707963267948966     9.7822046698604463      0.0254882728166293      -0.0129652922651375
-1.5707963267948966     9.9076175502432733      0.0250882567457617      -0.0129544564897240
-1.5707963267948966     10.0330304306261002      0.0246982315982185      -0.0129440555627763
-1.5707963267948966     10.1584433110089272      0.0243177963790406      -0.0129340645087809
-1.5707963267948966     10.2838561913917541      0.0239465707228746      -0.0129244604950100
-1.5707963267948966     10.4092690717745811      0.0235841926063739      -0.0129152222809492
-1.5707963267948966     10.5346819521574080      0.0232303178809871      -0.0129063322264603
-1.5707963267948966     10.6600948325402349      0.0228846223703184      -0.0128977753339302
-1.5707963267948966     10.7855077129230619      0.0225467989909571      -0.0128895349706427
-1.5707963267948966     10.9109205933058888      0.0222165533295569      -0.0128815958917996
-1.5707963267948966     11.0363334736887158      0.0218936066597395      -0.0128739461777297
-1.5707963267948966     11.1617463540715427      0.0215776951192906      -0.0128665740367029
-1.5707963267948966     11.2871592344543696      0.0212685685459264      -0.0128594677314318
-1.5707963267948966     11.4125721148371966      0.0209659886184142      -0.0128526144127778
-1.5707963267948966     11.5379849952200235      0.0206697268762453      -0.0128460016454651
-1.5707963267948966     11.6633978756028505      0.0203795658159087      -0.0128396176923011
-1.5707963267948966     11.7888107559856774      0.0200952970076940      -0.0128334498594401
-1.5707963267948966     11.9142236363685043      0.0198167197731192      -0.0128274866043131
-1.5707963267948966     12.0396365167513313      0.0195436414689517      -0.0128217177952482
-1.5707963267948966     12.1650493971341582      0.0192758782586903      -0.0128161347381546
-1.5707963267948966     12.2904622775169852      0.0190132535757336      -0.0128107299222446
-1.5707963267948966     12.4158751578998121      0.0187556002394830      -0.0128054971584948
-1.5707963267948966     12.5412880382826391      0.0185027586018019      -0.0128004293187459
-1.5707963267948966     12.6667009186654660      0.0182545742541911      -0.0127955191419994
-1.5707963267948966     12.7921137990482929      0.0180108993510494      -0.0127907619890494
-1.5707963267948966     12.9175266794311199      0.0177715941334241      -0.0127861526124488
-1.5707963267948966     13.0429395598139468      0.0175365235177090      -0.0127816851817304
-1.5707963267948966     13.1683524401967738      0.0173055583238476      -0.0127773550795873
-1.5707963267948966     13.2937653205796007      0.0170785748979873      -0.0127731564197896
-1.5707963267948966     13.4191782009624276      0.0168554530410449      -0.0127690844431103
-1.5707963267948966     13.5445910813452546      0.0166360791568413      -0.0127651349858284
-1.5707963267948966     13.6700039617280815      0.0164203436052882      -0.0127613022695066
-1.5707963267948966     13.7954168421109085      0.0162081398700272      -0.0127575809000472
-1.5707963267948966     13.9208297224937354      0.0159993652531355      -0.0127539661646308
-1.5707963267948966     14.0462426028765623      0.0157939209144193      -0.0127504536137451
-1.5707963267948966     14.1716554832593893      0.0155917115544231      -0.0127470393012453
-1.5707963267948966     14.2970683636422162      0.0153926457782641      -0.0127437191799650
-1.5707963267948966     14.4224812440250432      0.0151966348462582      -0.0127404889410086
-1.5707963267948966     14.5478941244078701      0.0150035925532292      -0.0127373450380180
-1.5707963267948966     14.6733070047906971      0.0148134357063554      -0.0127342846307556
-1.5707963267948966     14.7987198851735240      0.0146260840473582      -0.0127313060456624
-1.5707963267948966     14.9241327655563509      0.0144414615332056      -0.0127284081720246
-1.5707963267948966     15.0495456459391779      0.0142594953765618      -0.0127255891924815
-1.5707963267948966     15.1749585263220048      0.0140801155931860      -0.0127228472078200
-1.5707963267948966     15.3003714067048318      0.0139032548487598      -0.0127201793348131
-1.5707963267948966     15.4257842870876587      0.0137288473594800      -0.0127175824094136
-1.5707963267948966     15.5511971674704856      0.0135568292540197      -0.0127150536059256
-1.5707963267948966     15.6766100478533126      0.0133871388041021      -0.0127125898994122
    
-1.3089969389957472     0.0000000000000000      -0.7713728489020437      -0.7823523278798609
-1.3089969389957472     0.1254128803828261      -0.1101627189536627      -1.2360762501343325
-1.3089969389957472     0.2508257607656522      0.3109718787868140      -0.7105130464654745
-1.3089969389957472     0.3762386411484783      0.1805535605404877      -0.4962178690727994
-1.3089969389957472     0.5016515215313043      0.1139425198589557      -0.4539719506130471
-1.3089969389957472     0.6270644019141304      0.0861735078984434      -0.5701569339245132
-1.3089969389957472     0.7524772822969564      0.3466166950601574      -0.5441079495054638
-1.3089969389957472     0.8778901626797825      0.3148060188224447      -0.3184798153119588
-1.3089969389957472     1.0033030430626086      0.2208789934347061      -0.3313580899754446
-1.3089969389957472     1.1287159234454347      0.2738424405262667      -0.3338636612270960
-1.3089969389957472     1.2541288038282608      0.2837206050735606      -0.3179720003223390
-1.3089969389957472     1.3795416842110868      0.3517688520642808      -0.2804076399987297
-1.3089969389957472     1.5049545645939129      0.3716804937192890      -0.1818469465461812
-1.3089969389957472     1.6303674449767389      0.3292816371704622      -0.1112758139275239
-1.3089969389957472     1.7557803253595650      0.2863509534032783      -0.0792642779264015
-1.3089969389957472     1.8811932057423910      0.2539007567569538      -0.0635483420205480
-1.3089969389957472     2.0066060861252173      0.2305337339625090      -0.0535460027285062
-1.3089969389957472     2.1320189665080433      0.2109409354648191      -0.0445891998926881
-1.3089969389957472     2.2574318468908694      0.1929514554509607      -0.0387743295476325
-1.3089969389957472     2.3828447272736955      0.1790170830273745      -0.0354649319167655
-1.3089969389957472     2.5082576076565215      0.1670130240032544      -0.0315604990264155
-1.3089969389957472     2.6336704880393476      0.1560605909126152      -0.0288877103861256
-1.3089969389957472     2.7590833684221736      0.1464393299243785      -0.0266806786936286
-1.3089969389957472     2.8844962488049997      0.1378528757736741      -0.0250011787820328
-1.3089969389957472     3.0099091291878257      0.1301200012545471      -0.0236840673163824
-1.3089969389957472     3.1353220095706518      0.1232195883447809      -0.0227190176357197
-1.3089969389957472     3.2607348899534778      0.1170504443840181      -0.0219539969687089
-1.3089969389957472     3.3861477703363039      0.1114966504135455      -0.0213310923839173
-1.3089969389957472     3.5115606507191299      0.1064632768137228      -0.0208066309368085
-1.3089969389957472     3.6369735311019560      0.1018760858139257      -0.0203616266718021
-1.3089969389957472     3.7623864114847820      0.0976762951191298      -0.0199776880998218
-1.3089969389957472     3.8877992918676081      0.0938135779675904      -0.0196426734386002
-1.3089969389957472     4.0132121722504346      0.0902468696903139      -0.0193480691905963
-1.3089969389957472     4.1386250526332606      0.0869419072200734      -0.0190872055957815
-1.3089969389957472     4.2640379330160867      0.0838697049597832      -0.0188546445204869
-1.3089969389957472     4.3894508133989127      0.0810052992736874      -0.0186463078755942
-1.3089969389957472     4.5148636937817388      0.0783276342582821      -0.0184589350396311
-1.3089969389957472     4.6402765741645648      0.0758184105979947      -0.0182896239757100
-1.3089969389957472     4.7656894545473909      0.0734615802648846      -0.0181360659138069
-1.3089969389957472     4.8911023349302170      0.0712432360696714      -0.0179963967692273
-1.3089969389957472     5.0165152153130430      0.0691511748370011      -0.0178689612054388
-1.3089969389957472     5.1419280956958691      0.0671745552562706      -0.0177523237262914
-1.3089969389957472     5.2673409760786951      0.0653037890742048      -0.0176453520476797
-1.3089969389957472     5.3927538564615212      0.0635304247680131      -0.0175469816802811
-1.3089969389957472     5.5181667368443472      0.0618468180747537      -0.0174562333393354
-1.3089969389957472     5.6435796172271733      0.0602460803507118      -0.0173723251786442
-1.3089969389957472     5.7689924976099993      0.0587220791362646      -0.0172945717169093
-1.3089969389957472     5.8944053779928254      0.0572692283647334      -0.0172223280938991
-1.3089969389957472     6.0198182583756514      0.0558824752083789      -0.0171550675804799
-1.3089969389957472     6.1452311387584775      0.0545572165979830      -0.0170923343095516
-1.3089969389957472     6.2706440191413035      0.0532893068762841      -0.0170337502319900
-1.3089969389957472     6.3960568995241296      0.0520749639742223      -0.0169789560793405
-1.3089969389957472     6.5214697799069556      0.0509107250032258      -0.0169276464775856
-1.3089969389957472     6.6468826602897817      0.0497934522316127      -0.0168795668841734
-1.3089969389957472     6.7722955406726077      0.0487202742968743      -0.0168344481319728
-1.3089969389957472     6.8977084210554338      0.0476885346893433      -0.0167920620534704
-1.3089969389957472     7.0231213014382599      0.0466958070783000      -0.0167521979052683
-1.3089969389957472     7.1485341818210859      0.0457398480419971      -0.0167146457981254
-1.3089969389957472     7.2739470622039120      0.0448185691766687      -0.0166792187775811
-1.3089969389957472     7.3993599425867380      0.0439300440604917      -0.0166457480617692
-1.3089969389957472     7.5247728229695641      0.0430724763829991      -0.0166140681865727
-1.3089969389957472     7.6501857033523901      0.0422441817773253      -0.0165840431682895
-1.3089969389957472     7.7755985837352162      0.0414436061421652      -0.0165555617044896
-1.3089969389957472     7.9010114641180422      0.0406693065803148      -0.0165285181821161
-1.3089969389957472     8.0264243445008692      0.0399199339073421      -0.0165028171216362
-1.3089969389957472     8.1518372248836961      0.0391942330967832      -0.0164783769179517
-1.3089969389957472     8.2772501052665231      0.0384910309777542      -0.0164551272843058
-1.3089969389957472     8.4026629856493500      0.0378092442079072      -0.0164330073751187
-1.3089969389957472     8.5280758660321769      0.0371478576011692      -0.0164119498990428
-1.3089969389957472     8.6534887464150039      0.0365059214652588      -0.0163919012440031
-1.3089969389957472     8.7789016267978308      0.0358825570414820      -0.0163728022035225
-1.3089969389957472     8.9043145071806578      0.0352769324924528      -0.0163545828808567
-1.3089969389957472     9.0297273875634847      0.0346882519481041      -0.0163371810492237
-1.3089969389957472     9.1551402679463116      0.0341157706722204      -0.0163205427710082
-1.3089969389957472     9.2805531483291386      0.0335587815176919      -0.0163046133353140
-1.3089969389957472     9.4059660287119655      0.0330166144341163      -0.0162893460883594
-1.3089969389957472     9.5313789090947925      0.0324886354295435      -0.0162746973994779
-1.3089969389957472     9.6567917894776194      0.0319742406599952      -0.0162606318139283
-1.3089969389957472     9.7822046698604463      0.0314728614850381      -0.0162471232625524
-1.3089969389957472     9.9076175502432733      0.0309839649621650      -0.0162341508041421
-1.3089969389957472     10.0330304306261002      0.0305070501371188      -0.0162216945715914
-1.3089969389957472     10.1584433110089272      0.0300416454739000      -0.0162097372515722
-1.3089969389957472     10.2838561913917541      0.0295873091465883      -0.0161982604776430
-1.3089969389957472     10.4092690717745811      0.0291436235996192      -0.0161872433162563
-1.3089969389957472     10.5346819521574080      0.0287101939880026      -0.0161766616892135
-1.3089969389957472     10.6600948325402349      0.0282866424868327      -0.0161664871793586
-1.3089969389957472     10.7855077129230619      0.0278726038782672      -0.0161566916545603
-1.3089969389957472     10.9109205933058888      0.0274677287154362      -0.0161472514920724
-1.3089969389957472     11.0363334736887158      0.0270716837622418      -0.0161381435573735
-1.3089969389957472     11.1617463540715427      0.0266841488970181      -0.0161293462792901
-1.3089969389957472     11.2871592344543696      0.0263048162797379      -0.0161208405002803
-1.3089969389957472     11.4125721148371966      0.0259333898762803      -0.0161126117362556
-1.3089969389957472     11.5379849952200235      0.0255695878888582      -0.0161046515088131
-1.3089969389957472     11.6633978756028505      0.0252131448215816      -0.0160969538834576
-1.3089969389957472     11.7888107559856774      0.0248638089999398      -0.0160895148835944
-1.3089969389957472     11.9142236363685043      0.0245213441771290      -0.0160823321625824
-1.3089969389957472     12.0396365167513313      0.0241855293664422      -0.0160754009681906
-1.3089969389957472     12.1650493971341582      0.0238561542865653      -0.0160687122337668
-1.3089969389957472     12.2904622775169852      0.0235330174251285      -0.0160622535952536
-1.3089969389957472     12.4158751578998121      0.0232159222238372      -0.0160560099767011
-1.3089969389957472     12.5412880382826391      0.0229046771116893      -0.0160499685968564
-1.3089969389957472     12.6667009186654660      0.0225990995901856      -0.0160441173795708
-1.3089969389957472     12.7921137990482929      0.0222990123977225      -0.0160384423940498
-1.3089969389957472     12.9175266794311199      0.0220042417198416      -0.0160329317853657
-1.3089969389957472     13.0429395598139468      0.0217146198107837      -0.0160275768446691
-1.3089969389957472     13.1683524401967738      0.0214299849838646      -0.0160223708391578
-1.3089969389957472     13.2937653205796007      0.0211501819309067      -0.0160173107631834
-1.3089969389957472     13.4191782009624276      0.0208750641978316      -0.0160123952678822
-1.3089969389957472     13.5445910813452546      0.0206044919014317      -0.0160076235196395
-1.3089969389957472     13.6700039617280815      0.0203383336626484      -0.0160029960275552
-1.3089969389957472     13.7954168421109085      0.0200764659345590      -0.0159985105438702
-1.3089969389957472     13.9208297224937354      0.0198187694969707      -0.0159941627583221
-1.3089969389957472     14.0462426028765623      0.0195651295272969      -0.0159899467849928
-1.3089969389957472     14.1716554832593893      0.0193154340593076      -0.0159858555146464
-1.3089969389957472     14.2970683636422162      0.0190695738636273      -0.0159818819375717
-1.3089969389957472     14.4224812440250432      0.0188274430359853      -0.0159780194273659
-1.3089969389957472     14.5478941244078701      0.0185889387067791      -0.0159742611886371
-1.3089969389957472     14.6733070047906971      0.0183539608628203      -0.0159706008555340
-1.3089969389957472     14.7987198851735240      0.0181224116481389      -0.0159670318805094
-1.3089969389957472     14.9241327655563509      0.0178941945805043      -0.0159635493640193
-1.3089969389957472     15.0495456459391779      0.0176692160333530      -0.0159601511287889
-1.3089969389957472     15.1749585263220048      0.0174473866769195      -0.0159568371819183
-1.3089969389957472     15.3003714067048318      0.0172286220226350      -0.0159536088233384
-1.3089969389957472     15.4257842870876587      0.0170128424759776      -0.0159504674386397
-1.3089969389957472     15.5511971674704856      0.0167999732036835      -0.0159474136555038
-1.3089969389957472     15.6766100478533126      0.0165899429515494      -0.0159444460414355
    
-1.0471975511965979     0.0000000000000000      -0.7921831259634641      -0.7457679447788720
-1.0471975511965979     0.1254128803828261      -0.1831917271920659      -1.2537538115829554
-1.0471975511965979     0.2508257607656522      0.2874277377866110      -0.7460059642762519
-1.0471975511965979     0.3762386411484783      0.1622372511346067      -0.5232073916803832
-1.0471975511965979     0.5016515215313043      0.0787433899918993      -0.4833391129611745
-1.0471975511965979     0.6270644019141304      0.0488748393299233      -0.6450303849650427
-1.0471975511965979     0.7524772822969564      0.3635123523696537      -0.6576173912061424
-1.0471975511965979     0.8778901626797825      0.4371909948475616      -0.4168722647811506
-1.0471975511965979     1.0033030430626086      0.3637161788286649      -0.2911622446944464
-1.0471975511965979     1.1287159234454347      0.3268722559355333      -0.2394417520853799
-1.0471975511965979     1.2541288038282608      0.2509713181487628      -0.2525583279887007
-1.0471975511965979     1.3795416842110868      0.3298414699499290      -0.2707993796991467
-1.0471975511965979     1.5049545645939129      0.3638033740686183      -0.1786523020540264
-1.0471975511965979     1.6303674449767389      0.3261046240471588      -0.1089450335730056
-1.0471975511965979     1.7557803253595650      0.2845494178478503      -0.0770127516359811
-1.0471975511965979     1.8811932057423910      0.2528379084535051      -0.0618946226997069
-1.0471975511965979     2.0066060861252173      0.2295913215669716      -0.0527850956805226
-1.0471975511965979     2.1320189665080433      0.2109251011273608      -0.0444438967825211
-1.0471975511965979     2.2574318468908694      0.1935165602164567      -0.0384503769452224
-1.0471975511965979     2.3828447272736955      0.1794994607315789      -0.0351323104900778
-1.0471975511965979     2.5082576076565215      0.1675423842269488      -0.0314030727439957
-1.0471975511965979     2.6336704880393476      0.1566268308098741      -0.0289285726116647
-1.0471975511965979     2.7590833684221736      0.1471646340103535      -0.0268429362252382
-1.0471975511965979     2.8844962488049997      0.1386838417926106      -0.0252043169027320
-1.0471975511965979     3.0099091291878257      0.1310072826021083      -0.0238948887541123
-1.0471975511965979     3.1353220095706518      0.1241379255655221      -0.0229373708150242
-1.0471975511965979     3.2607348899534778      0.1179810698017168      -0.0221787810232333
-1.0471975511965979     3.3861477703363039      0.1124330014488463      -0.0215643548678755
-1.0471975511965979     3.5115606507191299      0.1074010358293074      -0.0210456284049559
-1.0471975511965979     3.6369735311019560      0.1028105468237863      -0.0206039279310052
-1.0471975511965979     3.7623864114847820      0.0986035198439504      -0.0202220496620605
-1.0471975511965979     3.8877992918676081      0.0947307615145819      -0.0198884868495490
-1.0471975511965979     4.0132121722504346      0.0911521766382485      -0.0195949823639982
-1.0471975511965979     4.1386250526332606      0.0878339515604885      -0.0193347880752524
-1.0471975511965979     4.2640379330160867      0.0847474934205442      -0.0191029726188260
-1.0471975511965979     4.3894508133989127      0.0818686253876970      -0.0188952533423205
-1.0471975511965979     4.5148636937817388      0.0791761745137099      -0.0187081814318474
-1.0471975511965979     4.6402765741645648      0.0766519746836348      -0.0185391016955426
-1.0471975511965979     4.7656894545473909      0.0742802861519261      -0.0183857074493809
-1.0471975511965979     4.8911023349302170      0.0720472200869245      -0.0182459947421477
-1.0471975511965979     5.0165152153130430      0.0699405431306510      -0.0181183941763872
-1.0471975511965979     5.1419280956958691      0.0679495564260022      -0.0180015241259780
-1.0471975511965979     5.2673409760786951      0.0660646710111174      -0.0178941150870727
-1.0471975511965979     5.3927538564615212      0.0642773001964555      -0.0177951856225704
-1.0471975511965979     5.5181667368443472      0.0625798603558289      -0.0177038900198510
-1.0471975511965979     5.6435796172271733      0.0609655359253567      -0.0176194364098334
-1.0471975511965979     5.7689924976099993      0.0594281461107758      -0.0175411456010474
-1.0471975511965979     5.8944053779928254      0.0579621510594350      -0.0174684717170601
-1.0471975511965979     6.0198182583756514      0.0565625598104487      -0.0174008962840577
-1.0471975511965979     6.1452311387584775      0.0552248469089189      -0.0173379347113934
-1.0471975511965979     6.2706440191413035      0.0539448450394385      -0.0172791525786405
-1.0471975511965979     6.3960568995241296      0.0527187738620394      -0.0172241953285670
-1.0471975511965979     6.5214697799069556      0.0515431935450235      -0.0171727317266542
-1.0471975511965979     6.6468826602897817      0.0504149327159037      -0.0171244420216380
-1.0471975511965979     6.7722955406726077      0.0493310667845980      -0.0170790703674967
-1.0471975511965979     6.8977084210554338      0.0482889310161659      -0.0170363830526971
-1.0471975511965979     7.0231213014382599      0.0472860544657854      -0.0169961634213560
-1.0471975511965979     7.1485341818210859      0.0463201618021268      -0.0169582303718878
-1.0471975511965979     7.2739470622039120      0.0453891545986404      -0.0169224148693246
-1.0471975511965979     7.3993599425867380      0.0444910886430989      -0.0168885716938933
-1.0471975511965979     7.5247728229695641      0.0436241735097692      -0.0168565734883988
-1.0471975511965979     7.6501857033523901      0.0427867590945525      -0.0168262907939842
-1.0471975511965979     7.7755985837352162      0.0419772972522841      -0.0167975934966056
-1.0471975511965979     7.9010114641180422      0.0411943374767922      -0.0167703711501813
-1.0471975511965979     8.0264243445008692      0.0404365395136167      -0.0167445351980456
-1.0471975511965979     8.1518372248836961      0.0397026589461026      -0.0167199861649288
-1.0471975511965979     8.2772501052665231      0.0389915208027448      -0.0166966305731958
-1.0471975511965979     8.4026629856493500      0.0383020234935973      -0.0166743867456172
-1.0471975511965979     8.5280758660321769      0.0376331354919680      -0.0166531795255170
-1.0471975511965979     8.6534887464150039      0.0369838846120016      -0.0166329408416471
-1.0471975511965979     8.7789016267978308      0.0363533601144347      -0.0166136126951716
-1.0471975511965979     8.9043145071806578      0.0357407054205790      -0.0165951442236057
-1.0471975511965979     9.0297273875634847      0.0351451222743202      -0.0165774910674711
-1.0471975511965979     9.1551402679463116      0.0345658575736697      -0.0165606077523920
-1.0471975511965979     9.2805531483291386      0.0340022040720885      -0.0165444556667510
-1.0471975511965979     9.4059660287119655      0.0334534961164302      -0.0165289961367244
-1.0471975511965979     9.5313789090947925      0.0329191061183543      -0.0165141939357521
-1.0471975511965979     9.6567917894776194      0.0323984434850731      -0.0165000152612339
-1.0471975511965979     9.7822046698604463      0.0318909524749639      -0.0164864250716415
-1.0471975511965979     9.9076175502432733      0.0313961027377431      -0.0164733847100881
-1.0471975511965979     10.0330304306261002      0.0309133887187136      -0.0164608609634592
-1.0471975511965979     10.1584433110089272      0.0304423306138502      -0.0164488218219319
-1.0471975511965979     10.2838561913917541      0.0299824704923489      -0.0164372392180012
-1.0471975511965979     10.4092690717745811      0.0295333743776050      -0.0164260874386531
-1.0471975511965979     10.5346819521574080      0.0290946261510476      -0.0164153441913940
-1.0471975511965979     10.6600948325402349      0.0286658322463191      -0.0164049954440751
-1.0471975511965979     10.7855077129230619      0.0282466253962638      -0.0163950280830464
-1.0471975511965979     10.9109205933058888      0.0278366567853075      -0.0163854251912121
-1.0471975511965979     11.0363334736887158      0.0274355926153760      -0.0163761709188002
-1.0471975511965979     11.1617463540715427      0.0270431151784821      -0.0163672513643276
-1.0471975511965979     11.2871592344543696      0.0266589233891257      -0.0163586544445431
-1.0471975511965979     11.4125721148371966      0.0262827334633224      -0.0163503661874617
-1.0471975511965979     11.5379849952200235      0.0259142732548290      -0.0163423692263065
-1.0471975511965979     11.6633978756028505      0.0255532794410902      -0.0163346468330802
-1.0471975511965979     11.7888107559856774      0.0251995006096296      -0.0163271835706871
-1.0471975511965979     11.9142236363685043      0.0248526946435296      -0.0163199630250187
-1.0471975511965979     12.0396365167513313      0.0245126265455315      -0.0163129712262230
-1.0471975511965979     12.1650493971341582      0.0241790711002390      -0.0163061973515668
-1.0471975511965979     12.2904622775169852      0.0238518124970081      -0.0162996337839106
-1.0471975511965979     12.4158751578998121      0.0235306468496675      -0.0162932753224880
-1.0471975511965979     12.5412880382826391      0.0232153810703838      -0.0162871151922667
-1.0471975511965979     12.6667009186654660      0.0229058282658818      -0.0162811464366936
-1.0471975511965979     12.7921137990482929      0.0226018102669551      -0.0162753643584485
-1.0471975511965979     12.9175266794311199      0.0223031577024042      -0.0162697638149468
-1.0471975511965979     13.0429395598139468      0.0220097089721596      -0.0162643392059032
-1.0471975511965979     13.1683524401967738      0.0217213090333894      -0.0162590840000219
-1.0471975511965979     13.2937653205796007      0.0214378091762336      -0.0162539908492930
-1.0471975511965979     13.4191782009624276      0.0211590657100826      -0.0162490515501914
-1.0471975511965979     13.5445910813452546      0.0208849397720280      -0.0162442573407107
-1.0471975511965979     13.6700039617280815      0.0206152956370452      -0.0162395990970798
-1.0471975511965979     13.7954168421109085      0.0203500008232491      -0.0162350695580636
-1.0471975511965979     13.9208297224937354      0.0200889275219758      -0.0162306634391168
-1.0471975511965979     14.0462426028765623      0.0198319530388852      -0.0162263773529563
-1.0471975511965979     14.1716554832593893      0.0195789607747465      -0.0162222086312727
-1.0471975511965979     14.2970683636422162      0.0193298389452228      -0.0162181541941336
-1.0471975511965979     14.4224812440250432      0.0190844799420070      -0.0162142108432707
-1.0471975511965979     14.5478941244078701      0.0188427801219064      -0.0162103755847393
-1.0471975511965979     14.6733070047906971      0.0186046391970091      -0.0162066452801300
-1.0471975511965979     14.7987198851735240      0.0183699606274371      -0.0162030182029453
-1.0471975511965979     14.9241327655563509      0.0181386529787781      -0.0161994925415743
-1.0471975511965979     15.0495456459391779      0.0179106288670373      -0.0161960651887352
-1.0471975511965979     15.1749585263220048      0.0176858036973243      -0.0161927313161398
-1.0471975511965979     15.3003714067048318      0.0174640938990460      -0.0161894851663047
-1.0471975511965979     15.4257842870876587      0.0172454175812419      -0.0161863218361365
-1.0471975511965979     15.5511971674704856      0.0170296946602969      -0.0161832368194571
-1.0471975511965979     15.6766100478533126      0.0168168469849859      -0.0161802268066920
    
-0.7853981633974483     0.0000000000000000      -0.6334148504180160      -0.5453574002430980
-0.7853981633974483     0.1254128803828261      -0.2170770171226064      -0.9396579459232058
-0.7853981633974483     0.2508257607656522      0.1274079376128971      -0.6007015094307915
-0.7853981633974483     0.3762386411484783      0.0688172579154005      -0.4821761090103442
-0.7853981633974483     0.5016515215313043      0.0499709671484946      -0.4166967635548646
-0.7853981633974483     0.6270644019141304      -0.0034638800407480      -0.5206412339484316
-0.7853981633974483     0.7524772822969564      0.2364787956976352      -0.5572028539228326
-0.7853981633974483     0.8778901626797825      0.2870078262706268      -0.3777211952270831
-0.7853981633974483     1.0033030430626086      0.2308429670635243      -0.3242383496419717
-0.7853981633974483     1.1287159234454347      0.2573171477990759      -0.2995632712635035
-0.7853981633974483     1.2541288038282608      0.2349266093208555      -0.2949896554065909
-0.7853981633974483     1.3795416842110868      0.3151429690491124      -0.2775243881112960
-0.7853981633974483     1.5049545645939129      0.3430877206917136      -0.1804935825805322
-0.7853981633974483     1.6303674449767389      0.3046158528548769      -0.1088450554195369
-0.7853981633974483     1.7557803253595650      0.2639616472661917      -0.0765104743397424
-0.7853981633974483     1.8811932057423910      0.2333743331517905      -0.0605552935052987
-0.7853981633974483     2.0066060861252173      0.2113943729833946      -0.0502369783179854
-0.7853981633974483     2.1320189665080433      0.1927423538329570      -0.0411710835135318
-0.7853981633974483     2.2574318468908694      0.1756886301338927      -0.0353547509943553
-0.7853981633974483     2.3828447272736955      0.1624274967874435      -0.0320942849354995
-0.7853981633974483     2.5082576076565215      0.1511283880789707      -0.0284105727959536
-0.7853981633974483     2.6336704880393476      0.1408885671011173      -0.0258877680851470
-0.7853981633974483     2.7590833684221736      0.1319330737842228      -0.0238442270968327
-0.7853981633974483     2.8844962488049997      0.1239993846937841      -0.0223029038392711
-0.7853981633974483     3.0099091291878257      0.1168816571675174      -0.0210766964620361
-0.7853981633974483     3.1353220095706518      0.1105427895069025      -0.0201778734994250
-0.7853981633974483     3.2607348899534778      0.1048885863850108      -0.0194655892716649
-0.7853981633974483     3.3861477703363039      0.0998090834993611      -0.0188853355230409
-0.7853981633974483     3.5115606507191299      0.0952136493621056      -0.0183966573882146
-0.7853981633974483     3.6369735311019560      0.0910321944306042      -0.0179825570898752
-0.7853981633974483     3.7623864114847820      0.0872097251887346      -0.0176258668421988
-0.7853981633974483     3.8877992918676081      0.0836989306076746      -0.0173151958038873
-0.7853981633974483     4.0132121722504346      0.0804614760145966      -0.0170426794044974
-0.7853981633974483     4.1386250526332606      0.0774653848869097      -0.0168019461498094
-0.7853981633974483     4.2640379330160867      0.0746836502118418      -0.0165879159742280
-0.7853981633974483     4.3894508133989127      0.0720931004347125      -0.0163966399708434
-0.7853981633974483     4.5148636937817388      0.0696741054469644      -0.0162249669356789
-0.7853981633974483     4.6402765741645648      0.0674096660376702      -0.0160701418498616
-0.7853981633974483     4.7656894545473909      0.0652848923326398      -0.0159299291897302
-0.7853981633974483     4.8911023349302170      0.0632868691944836      -0.0158025336337996
-0.7853981633974483     5.0165152153130430      0.0614042585275443      -0.0156863351673458
-0.7853981633974483     5.1419280956958691      0.0596269636852180      -0.0155800063803231
-0.7853981633974483     5.2673409760786951      0.0579461130490437      -0.0154824859156881
-0.7853981633974483     5.3927538564615212      0.0563538473518422      -0.0153927841690796
-0.7853981633974483     5.5181667368443472      0.0548430772447758      -0.0153100589729431
-0.7853981633974483     5.6435796172271733      0.0534074800228863      -0.0152336527762344
-0.7853981633974483     5.7689924976099993      0.0520414501012101      -0.0151629785823543
-0.7853981633974483     5.8944053779928254      0.0507399207093603      -0.0150974556904838
-0.7853981633974483     6.0198182583756514      0.0494982816281138      -0.0150366011915133
-0.7853981633974483     6.1452311387584775      0.0483123804435416      -0.0149799900144111
-0.7853981633974483     6.2706440191413035      0.0471784500086612      -0.0149272309873547
-0.7853981633974483     6.3960568995241296      0.0460930487874968      -0.0148779547429909
-0.7853981633974483     6.5214697799069556      0.0450530077418341      -0.0148318380289933
-0.7853981633974483     6.6468826602897817      0.0440554395053816      -0.0147886170474600
-0.7853981633974483     6.7722955406726077      0.0430977090916524      -0.0147480302128074
-0.7853981633974483     6.8977084210554338      0.0421773579934554      -0.0147098461819596
-0.7853981633974483     7.0231213014382599      0.0412921356464287      -0.0146738881306619
-0.7853981633974483     7.1485341818210859      0.0404399835400828      -0.0146399931247716
-0.7853981633974483     7.2739470622039120      0.0396189970799738      -0.0146080150661392
-0.7853981633974483     7.3993599425867380      0.0388274292560825      -0.0145778256610406
-0.7853981633974483     7.5247728229695641      0.0380636630566380      -0.0145492965049360
-0.7853981633974483     7.6501857033523901      0.0373261920085252      -0.0145223155549747
-0.7853981633974483     7.7755985837352162      0.0366136293412298      -0.0144967851871902
-0.7853981633974483     7.9010114641180422      0.0359246921672579      -0.0144726015053942
-0.7853981633974483     8.0264243445008692      0.0352581715311002      -0.0144496578533938
-0.7853981633974483     8.1518372248836961      0.0346129330572973      -0.0144278675036811
-0.7853981633974483     8.2772501052665231      0.0339879235386326      -0.0144071520706742
-0.7853981633974483     8.4026629856493500      0.0333821577651152      -0.0143874334490204
-0.7853981633974483     8.5280758660321769      0.0327947065561210      -0.0143686384415680
-0.7853981633974483     8.6534887464150039      0.0322246954402878      -0.0143507036986912
-0.7853981633974483     8.7789016267978308      0.0316713017478617      -0.0143335777192202
-0.7853981633974483     8.9043145071806578      0.0311337593682111      -0.0143172155998462
-0.7853981633974483     9.0297273875634847      0.0306113455031528      -0.0143015765586671
-0.7853981633974483     9.1551402679463116      0.0301033884256373      -0.0142866295273970
-0.7853981633974483     9.2805531483291386      0.0296092574875770      -0.0142723385729949
-0.7853981633974483     9.4059660287119655      0.0291283603795703      -0.0142586729711193
-0.7853981633974483     9.5313789090947925      0.0286601416848420      -0.0142455987563474
-0.7853981633974483     9.6567917894776194      0.0282040736116097      -0.0142330809550057
-0.7853981633974483     9.7822046698604463      0.0277596562502292      -0.0142210881955320
-0.7853981633974483     9.9076175502432733      0.0273264195543341      -0.0142095899113482
-0.7853981633974483     10.0330304306261002      0.0269039153937663      -0.0141985527913407
-0.7853981633974483     10.1584433110089272      0.0264917163105579      -0.0141879459783382
-0.7853981633974483     10.2838561913917541      0.0260894129956684      -0.0141777407986468
-0.7853981633974483     10.4092690717745811      0.0256966147381687      -0.0141679155096537
-0.7853981633974483     10.5346819521574080      0.0253129541700874      -0.0141584522630920
-0.7853981633974483     10.6600948325402349      0.0249380817873144      -0.0141493324716488
-0.7853981633974483     10.7855077129230619      0.0245716630477652      -0.0141405427334921
-0.7853981633974483     10.9109205933058888      0.0242133840721229      -0.0141320742793915
-0.7853981633974483     11.0363334736887158      0.0238629499911885      -0.0141239180515119
-0.7853981633974483     11.1617463540715427      0.0235200827725371      -0.0141160635484680
-0.7853981633974483     11.2871592344543696      0.0231845178957270      -0.0141084971275958
-0.7853981633974483     11.4125721148371966      0.0228560009160895      -0.0141012061496244
-0.7853981633974483     11.5379849952200235      0.0225342918671249      -0.0140941780943067
-0.7853981633974483     11.6633978756028505      0.0222191612687004      -0.0140873962683263
-0.7853981633974483     11.7888107559856774      0.0219103849441220      -0.0140808440716451
-0.7853981633974483     11.9142236363685043      0.0216077471782458      -0.0140745074312661
-0.7853981633974483     12.0396365167513313      0.0213110406372778      -0.0140683738826888
-0.7853981633974483     12.1650493971341582      0.0210200660896119      -0.0140624330808465
-0.7853981633974483     12.2904622775169852      0.0207346326084440      -0.0140566762204676
-0.7853981633974483     12.4158751578998121      0.0204545568798508      -0.0140510971427849
-0.7853981633974483     12.5412880382826391      0.0201796646007455      -0.0140456923124685
-0.7853981633974483     12.6667009186654660      0.0199097920042472      -0.0140404591101070
-0.7853981633974483     12.7921137990482929      0.0196447832588972      -0.0140353932833649
-0.7853981633974483     12.9175266794311199      0.0193844894905977      -0.0140304907426900
-0.7853981633974483     13.0429395598139468      0.0191287688987064      -0.0140257463511974
-0.7853981633974483     13.1683524401967738      0.0188774860991509      -0.0140211539353762
-0.7853981633974483     13.2937653205796007      0.0186305107480255      -0.0140167055360531
-0.7853981633974483     13.4191782009624276      0.0183877161102037      -0.0140123913827920
-0.7853981633974483     13.5445910813452546      0.0181489772628998      -0.0140082022674827
-0.7853981633974483     13.6700039617280815      0.0179141730655443      -0.0140041309016054
-0.7853981633974483     13.7954168421109085      0.0176831862006588      -0.0140001711130800
-0.7853981633974483     13.9208297224937354      0.0174559035895519      -0.0139963186499452
-0.7853981633974483     14.0462426028765623      0.0172322170327258      -0.0139925702077596
-0.7853981633974483     14.1716554832593893      0.0170120223606023      -0.0139889230137515
-0.7853981633974483     14.2970683636422162      0.0167952196479236      -0.0139853753609941
-0.7853981633974483     14.4224812440250432      0.0165817133990831      -0.0139819266350812
-0.7853981633974483     14.5478941244078701      0.0163714132674854      -0.0139785759171026
-0.7853981633974483     14.6733070047906971      0.0161642327977364      -0.0139753221039309
-0.7853981633974483     14.7987198851735240      0.0159600898975112      -0.0139721631301307
-0.7853981633974483     14.9241327655563509      0.0157589052384314      -0.0139690952469309
-0.7853981633974483     15.0495456459391779      0.0155606016926303      -0.0139661142101094
-0.7853981633974483     15.1749585263220048      0.0153651043008435      -0.0139632148704303
-0.7853981633974483     15.3003714067048318      0.0151723395127319      -0.0139603916070685
-0.7853981633974483     15.4257842870876587      0.0149822348336216      -0.0139576389380769
-0.7853981633974483     15.5511971674704856      0.0147947187748344      -0.0139549520815404
-0.7853981633974483     15.6766100478533126      0.0146097212719621      -0.0139523280815516
    
-0.5235987755982987     0.0000000000000000      -0.2501270955165309      -0.1383645091532356
-0.5235987755982987     0.1254128803828261      -0.1911737499646473      -0.2001660087431216
-0.5235987755982987     0.2508257607656522      -0.1896820785151722      -0.1734298851822060
-0.5235987755982987     0.3762386411484783      -0.2175212077408429      -0.2308409378375659
-0.5235987755982987     0.5016515215313043      -0.2139747579668232      -0.2761511454239253
-0.5235987755982987     0.6270644019141304      -0.1860531362417795      -0.4223156257847523
-0.5235987755982987     0.7524772822969564      0.0291687073042783      -0.4269233809768646
-0.5235987755982987     0.8778901626797825      0.0473020801031380      -0.3102927234889428
-0.5235987755982987     1.0033030430626086      0.0086154958185545      -0.3358722007651707
-0.5235987755982987     1.1287159234454347      0.0924658546309585      -0.3568374492118762
-0.5235987755982987     1.2541288038282608      0.1391597190388306      -0.3590401393582980
-0.5235987755982987     1.3795416842110868      0.2507749110708311      -0.3212896708386789
-0.5235987755982987     1.5049545645939129      0.2987928106434850      -0.1987791149970113
-0.5235987755982987     1.6303674449767389      0.2581926043864982      -0.1120749897904413
-0.5235987755982987     1.7557803253595650      0.2175175467302010      -0.0764997042963393
-0.5235987755982987     1.8811932057423910      0.1890699790541871      -0.0586826487451382
-0.5235987755982987     2.0066060861252173      0.1698182183135442      -0.0452912543046079
-0.5235987755982987     2.1320189665080433      0.1514725009200501      -0.0346912511845308
-0.5235987755982987     2.2574318468908694      0.1354669521809164      -0.0287644790053423
-0.5235987755982987     2.3828447272736955      0.1237160561311607      -0.0254974157015987
-0.5235987755982987     2.5082576076565215      0.1139391796709812      -0.0217267771091134
-0.5235987755982987     2.6336704880393476      0.1050420086103846      -0.0190850704699430
-0.5235987755982987     2.7590833684221736      0.0972833774904308      -0.0171615335523796
-0.5235987755982987     2.8844962488049997      0.0906061514668171      -0.0157869142523757
-0.5235987755982987     3.0099091291878257      0.0847404723840882      -0.0147107231785894
-0.5235987755982987     3.1353220095706518      0.0795912317834105      -0.0139201012566145
-0.5235987755982987     3.2607348899534778      0.0750599350146040      -0.0132982857242726
-0.5235987755982987     3.3861477703363039      0.0710319044216945      -0.0127897260905519
-0.5235987755982987     3.5115606507191299      0.0674203858888347      -0.0123674227335266
-0.5235987755982987     3.6369735311019560      0.0641646669490052      -0.0120142615002687
-0.5235987755982987     3.7623864114847820      0.0612133487212231      -0.0117128656423879
-0.5235987755982987     3.8877992918676081      0.0585234341817357      -0.0114532560420704
-0.5235987755982987     4.0132121722504346      0.0560608643975772      -0.0112278316485582
-0.5235987755982987     4.1386250526332606      0.0537971689978181      -0.0110303863597426
-0.5235987755982987     4.2640379330160867      0.0517083876261703      -0.0108563075911529
-0.5235987755982987     4.3894508133989127      0.0497745590690307      -0.0107019185664390
-0.5235987755982987     4.5148636937817388      0.0479785080874168      -0.0105641498990584
-0.5235987755982987     4.6402765741645648      0.0463055421321751      -0.0104406961942195
-0.5235987755982987     4.7656894545473909      0.0447431314753956      -0.0103296482583156
-0.5235987755982987     4.8911023349302170      0.0432803869682208      -0.0102293773398125
-0.5235987755982987     5.0165152153130430      0.0419078323583438      -0.0101385707121432
-0.5235987755982987     5.1419280956958691      0.0406172385512702      -0.0100560990348167
-0.5235987755982987     5.2673409760786951      0.0394013475255079      -0.0099809214669314
-0.5235987755982987     5.3927538564615212      0.0382536799485693      -0.0099121893181216
-0.5235987755982987     5.5181667368443472      0.0371685514685980      -0.0098491934805285
-0.5235987755982987     5.6435796172271733      0.0361408825862492      -0.0097912559362538
-0.5235987755982987     5.7689924976099993      0.0351660811534828      -0.0097378090635483
-0.5235987755982987     5.8944053779928254      0.0342400513496049      -0.0096884031087616
-0.5235987755982987     6.0198182583756514      0.0333591216744277      -0.0096426150770629
-0.5235987755982987     6.1452311387584775      0.0325199614422509      -0.0096000948353955
-0.5235987755982987     6.2706440191413035      0.0317195733770750      -0.0095605271345612
-0.5235987755982987     6.3960568995241296      0.0309552173125249      -0.0095236562742469
-0.5235987755982987     6.5214697799069556      0.0302244420524600      -0.0094892708810018
-0.5235987755982987     6.6468826602897817      0.0295250124572581      -0.0094571677230075
-0.5235987755982987     6.7722955406726077      0.0288549020222385      -0.0094271793294932
-0.5235987755982987     6.8977084210554338      0.0282122799330089      -0.0093991337287085
-0.5235987755982987     7.0231213014382599      0.0275954522145310      -0.0093728530512819
-0.5235987755982987     7.1485341818210859      0.0270028424188872      -0.0093481820085194
-0.5235987755982987     7.2739470622039120      0.0264330151157701      -0.0093249916757158
-0.5235987755982987     7.3993599425867380      0.0258846371535797      -0.0093031407672048
-0.5235987755982987     7.5247728229695641      0.0253564617379855      -0.0092825232425436
-0.5235987755982987     7.6501857033523901      0.0248473540847853      -0.0092630365187684
-0.5235987755982987     7.7755985837352162      0.0243562402455123      -0.0092445789902630
-0.5235987755982987     7.9010114641180422      0.0238821197214231      -0.0092270857791364
-0.5235987755982987     8.0264243445008692      0.0234240831238285      -0.0092104965773179
-0.5235987755982987     8.1518372248836961      0.0229812755815093      -0.0091947559882249
-0.5235987755982987     8.2772501052665231      0.0225529136471133      -0.0091798206237889
-0.5235987755982987     8.4026629856493500      0.0221382655206155      -0.0091656446981030
-0.5235987755982987     8.5280758660321769      0.0217366557840244      -0.0091521945043960
-0.5235987755982987     8.6534887464150039      0.0213474616949121      -0.0091394266361100
-0.5235987755982987     8.7789016267978308      0.0209700958080093      -0.0091272950923717
-0.5235987755982987     8.9043145071806578      0.0206040060359330      -0.0091157566633449
-0.5235987755982987     9.0297273875634847      0.0202486759844086      -0.0091047659111511
-0.5235987755982987     9.1551402679463116      0.0199036106425320      -0.0090942752867118
-0.5235987755982987     9.2805531483291386      0.0195683417810386      -0.0090842470850500
-0.5235987755982987     9.4059660287119655      0.0192424267951352      -0.0090746452960953
-0.5235987755982987     9.5313789090947925      0.0189254439869195      -0.0090654401721402
-0.5235987755982987     9.6567917894776194      0.0186169970482581      -0.0090566105155149
-0.5235987755982987     9.7822046698604463      0.0183167138615399      -0.0090481373351501
-0.5235987755982987     9.9076175502432733      0.0180242423034908      -0.0090400083038402
-0.5235987755982987     10.0330304306261002      0.0177392575461569      -0.0090322147683101
-0.5235987755982987     10.1584433110089272      0.0174614545534667      -0.0090247467827883
-0.5235987755982987     10.2838561913917541      0.0171905501258322      -0.0090175944229566
-0.5235987755982987     10.4092690717745811      0.0169262774040505      -0.0090107417628369
-0.5235987755982987     10.5346819521574080      0.0166683800467374      -0.0090041725678248
-0.5235987755982987     10.6600948325402349      0.0164166169476360      -0.0089978711430707
-0.5235987755982987     10.7855077129230619      0.0161707580090673      -0.0089918174233841
-0.5235987755982987     10.9109205933058888      0.0159305802108484      -0.0089859924033301
-0.5235987755982987     11.0363334736887158      0.0156958697865900      -0.0089803773282794
-0.5235987755982987     11.1617463540715427      0.0154664189588760      -0.0089749559869445
-0.5235987755982987     11.2871592344543696      0.0152420292212020      -0.0089697171694614
-0.5235987755982987     11.4125721148371966      0.0150225116138975      -0.0089646510448348
-0.5235987755982987     11.5379849952200235      0.0148076847841915      -0.0089597516771997
-0.5235987755982987     11.6633978756028505      0.0145973779840053      -0.0089550182112509
-0.5235987755982987     11.7888107559856774      0.0143914342533955      -0.0089504501762832
-0.5235987755982987     11.9142236363685043      0.0141897052321445      -0.0089460443308149
-0.5235987755982987     12.0396365167513313      0.0139920496399528      -0.0089417973818548
-0.5235987755982987     12.1650493971341582      0.0137983348000651      -0.0089377053969090
-0.5235987755982987     12.2904622775169852      0.0136084348668034      -0.0089337617733892
-0.5235987755982987     12.4158751578998121      0.0134222287143538      -0.0089299574532849
-0.5235987755982987     12.5412880382826391      0.0132395986435740      -0.0089262820258154
-0.5235987755982987     12.6667009186654660      0.0130604297166937      -0.0089227248216165
-0.5235987755982987     12.7921137990482929      0.0128846095554466      -0.0089192757109595
-0.5235987755982987     12.9175266794311199      0.0127120283827957      -0.0089159257833906
-0.5235987755982987     13.0429395598139468      0.0125425790461947      -0.0089126687256909
-0.5235987755982987     13.1683524401967738      0.0123761584585003      -0.0089095015203508
-0.5235987755982987     13.2937653205796007      0.0122126693073668      -0.0089064230267825
-0.5235987755982987     13.4191782009624276      0.0120520188058595      -0.0089034337206435
-0.5235987755982987     13.5445910813452546      0.0118941209460932      -0.0089005357037540
-0.5235987755982987     13.6700039617280815      0.0117388955481950      -0.0088977289885638
-0.5235987755982987     13.7954168421109085      0.0115862658948153      -0.0088950126826157
-0.5235987755982987     13.9208297224937354      0.0114361593972462      -0.0088923843274774
-0.5235987755982987     14.0462426028765623      0.0112885051790169      -0.0088898399681465
-0.5235987755982987     14.1716554832593893      0.0111432351134735      -0.0088873760166695
-0.5235987755982987     14.2970683636422162      0.0110002841384478      -0.0088849869272424
-0.5235987755982987     14.4224812440250432      0.0108595870908846      -0.0088826653765472
-0.5235987755982987     14.5478941244078701      0.0107210789018372      -0.0088804057259157
-0.5235987755982987     14.6733070047906971      0.0105846962143821      -0.0088782032554853
-0.5235987755982987     14.7987198851735240      0.0104503772738853      -0.0088760543942276
-0.5235987755982987     14.9241327655563509      0.0103180620856407      -0.0088739569384049
-0.5235987755982987     15.0495456459391779      0.0101876927447694      -0.0088719098369855
-0.5235987755982987     15.1749585263220048      0.0100592138698071      -0.0088699139513867
-0.5235987755982987     15.3003714067048318      0.0099325739267782      -0.0088679706498105
-0.5235987755982987     15.4257842870876587      0.0098077240337417      -0.0088660809825870
-0.5235987755982987     15.5511971674704856      0.0096846179938054      -0.0088642462259698
-0.5235987755982987     15.6766100478533126      0.0095632131916053      -0.0088624668458891
    
-0.2617993877991496     0.0000000000000000      -0.0864501489003665      0.0218594187867632
-0.2617993877991496     0.1254128803828261      -0.1564929196975957      0.0739673200324343
-0.2617993877991496     0.2508257607656522      -0.2576493840928462      -0.0022714982681176
-0.2617993877991496     0.3762386411484783      -0.2687168983164231      -0.0968992641508176
-0.2617993877991496     0.5016515215313043      -0.2567832905254573      -0.1533829877202016
-0.2617993877991496     0.6270644019141304      -0.2419340661910568      -0.2522216959964468
-0.2617993877991496     0.7524772822969564      -0.1375972730129566      -0.2859860959482115
-0.2617993877991496     0.8778901626797825      -0.1060641320579345      -0.2693801767378807
-0.2617993877991496     1.0033030430626086      -0.1150354894300504      -0.3087967554660172
-0.2617993877991496     1.1287159234454347      -0.0375651726029950      -0.3440232343646124
-0.2617993877991496     1.2541288038282608      0.0001911635258872      -0.4031707022815084
-0.2617993877991496     1.3795416842110868      0.1959549574280664      -0.4124268886597806
-0.2617993877991496     1.5049545645939129      0.2930389192194834      -0.2391930637026858
-0.2617993877991496     1.6303674449767389      0.2465011377158620      -0.1245741364925195
-0.2617993877991496     1.7557803253595650      0.2003261179082011      -0.0822722375904287
-0.2617993877991496     1.8811932057423910      0.1715187906050581      -0.0630116025633493
-0.2617993877991496     2.0066060861252173      0.1536348062712751      -0.0458111489247420
-0.2617993877991496     2.1320189665080433      0.1344383176276417      -0.0333853919584383
-0.2617993877991496     2.2574318468908694      0.1185560314613210      -0.0263258820846081
-0.2617993877991496     2.3828447272736955      0.1065381934704668      -0.0224809590018417
-0.2617993877991496     2.5082576076565215      0.0970087658002598      -0.0184950095055009
-0.2617993877991496     2.6336704880393476      0.0882533846092868      -0.0157555654671484
-0.2617993877991496     2.7590833684221736      0.0808860668542005      -0.0139744088769540
-0.2617993877991496     2.8844962488049997      0.0747030384676268      -0.0126825775429673
-0.2617993877991496     3.0099091291878257      0.0693650516909065      -0.0116692360530684
-0.2617993877991496     3.1353220095706518      0.0647291524219101      -0.0109116395976083
-0.2617993877991496     3.2607348899534778      0.0606864856200734      -0.0103205993141053
-0.2617993877991496     3.3861477703363039      0.0571270960108618      -0.0098355568138562
-0.2617993877991496     3.5115606507191299      0.0539587890864452      -0.0094366256598645
-0.2617993877991496     3.6369735311019560      0.0511251943173187      -0.0091063429241985
-0.2617993877991496     3.7623864114847820      0.0485751111107960      -0.0088261210598513
-0.2617993877991496     3.8877992918676081      0.0462660528306004      -0.0085868190444579
-0.2617993877991496     4.0132121722504346      0.0441654733481768      -0.0083806742211028
-0.2617993877991496     4.1386250526332606      0.0422457671590411      -0.0082014916942179
-0.2617993877991496     4.2640379330160867      0.0404842432926892      -0.0080446180942728
-0.2617993877991496     4.3894508133989127      0.0388616615149341      -0.0079063480815505
-0.2617993877991496     4.5148636937817388      0.0373619594512835      -0.0077839206969977
-0.2617993877991496     4.6402765741645648      0.0359715582574359      -0.0076749419100046
-0.2617993877991496     4.7656894545473909      0.0346786962297447      -0.0075774146698276
-0.2617993877991496     4.8911023349302170      0.0334732607730530      -0.0074898368875575
-0.2617993877991496     5.0165152153130430      0.0323465862243538      -0.0074108755919546
-0.2617993877991496     5.1419280956958691      0.0312910351155598      -0.0073394197441746
-0.2617993877991496     5.2673409760786951      0.0302999824875188      -0.0072745889936256
-0.2617993877991496     5.3927538564615212      0.0293676325085139      -0.0072155803928605
-0.2617993877991496     5.5181667368443472      0.0284888330677400      -0.0071616984978715
-0.2617993877991496     5.6435796172271733      0.0276590255934974      -0.0071123653503388
-0.2617993877991496     5.7689924976099993      0.0268741640883652      -0.0070670705410133
-0.2617993877991496     5.8944053779928254      0.0261306168701440      -0.0070253568774380
-0.2617993877991496     6.0198182583756514      0.0254251231739612      -0.0069868560627228
-0.2617993877991496     6.1452311387584775      0.0247547707584140      -0.0069512460246660
-0.2617993877991496     6.2706440191413035      0.0241169322855019      -0.0069182529794963
-0.2617993877991496     6.3960568995241296      0.0235092570364712      -0.0068876275809210
-0.2617993877991496     6.5214697799069556      0.0229295959884183      -0.0068591501968076
-0.2617993877991496     6.6468826602897817      0.0223760229272085      -0.0068326259921635
-0.2617993877991496     6.7722955406726077      0.0218467622293773      -0.0068078665454900
-0.2617993877991496     6.8977084210554338      0.0213401873196024      -0.0067847316585100
-0.2617993877991496     7.0231213014382599      0.0208548424848641      -0.0067631002901395
-0.2617993877991496     7.1485341818210859      0.0203893997002672      -0.0067428438446013
-0.2617993877991496     7.2739470622039120      0.0199426230635505      -0.0067238362053184
-0.2617993877991496     7.3993599425867380      0.0195133755443613      -0.0067059797794137
-0.2617993877991496     7.5247728229695641      0.0191006146341901      -0.0066891788575666
-0.2617993877991496     7.6501857033523901      0.0187033733215395      -0.0066733524467720
-0.2617993877991496     7.7755985837352162      0.0183207673128755      -0.0066584284659724
-0.2617993877991496     7.9010114641180422      0.0179519746528385      -0.0066443288503185
-0.2617993877991496     8.0264243445008692      0.0175962194626334      -0.0066309939392513
-0.2617993877991496     8.1518372248836961      0.0172527996456627      -0.0066183758719732
-0.2617993877991496     8.2772501052665231      0.0169210568508168      -0.0066064207084616
-0.2617993877991496     8.4026629856493500      0.0166003810148539      -0.0065950860299415
-0.2617993877991496     8.5280758660321769      0.0162902023961196      -0.0065843249050524
-0.2617993877991496     8.6534887464150039      0.0159899859909269      -0.0065741041881121
-0.2617993877991496     8.7789016267978308      0.0156992420680275      -0.0065643903623958
-0.2617993877991496     8.9043145071806578      0.0154175080190972      -0.0065551459313434
-0.2617993877991496     9.0297273875634847      0.0151443458518093      -0.0065463402863368
-0.2617993877991496     9.1551402679463116      0.0148793494920686      -0.0065379502510575
-0.2617993877991496     9.2805531483291386      0.0146221411262931      -0.0065299486418096
-0.2617993877991496     9.4059660287119655      0.0143723606903674      -0.0065223096026516
-0.2617993877991496     9.5313789090947925      0.0141296700015665      -0.0065150134752905
-0.2617993877991496     9.6567917894776194      0.0138937530506140      -0.0065080413182584
-0.2617993877991496     9.7822046698604463      0.0136643132012781      -0.0065013768652625
-0.2617993877991496     9.9076175502432733      0.0134410734541084      -0.0064950011555361
-0.2617993877991496     10.0330304306261002      0.0132237670413953      -0.0064888954064200
-0.2617993877991496     10.1584433110089272      0.0130121428254201      -0.0064830461687377
-0.2617993877991496     10.2838561913917541      0.0128059658227780      -0.0064774408806816
-0.2617993877991496     10.4092690717745811      0.0126050146746001      -0.0064720662344876
-0.2617993877991496     10.5346819521574080      0.0124090797304731      -0.0064669079074355
-0.2617993877991496     10.6600948325402349      0.0122179593615846      -0.0064619514587852
-0.2617993877991496     10.7855077129230619      0.0120314612106467      -0.0064571870837210
-0.2617993877991496     10.9109205933058888      0.0118494060181882      -0.0064526052242711
-0.2617993877991496     11.0363334736887158      0.0116716214655278      -0.0064481960594080
-0.2617993877991496     11.1617463540715427      0.0114979446992107      -0.0064439527458988
-0.2617993877991496     11.2871592344543696      0.0113282229167393      -0.0064398674877396
-0.2617993877991496     11.4125721148371966      0.0111623097592687      -0.0064359322713902
-0.2617993877991496     11.5379849952200235      0.0110000654909788      -0.0064321398024720
-0.2617993877991496     11.6633978756028505      0.0108413576513105      -0.0064284827931741
-0.2617993877991496     11.7888107559856774      0.0106860577962791      -0.0064249551071512
-0.2617993877991496     11.9142236363685043      0.0105340459480379      -0.0064215535058904
-0.2617993877991496     12.0396365167513313      0.0103852099267903      -0.0064182720729133
-0.2617993877991496     12.1650493971341582      0.0102394404134375      -0.0064151036627365
-0.2617993877991496     12.2904622775169852      0.0100966325705432      -0.0064120421306389
-0.2617993877991496     12.4158751578998121      0.0099566853494803      -0.0064090815426149
-0.2617993877991496     12.5412880382826391      0.0098195017238382      -0.0064062172414045
-0.2617993877991496     12.6667009186654660      0.0096849890629994      -0.0064034454934043
-0.2617993877991496     12.7921137990482929      0.0095530595832924      -0.0064007631791047
-0.2617993877991496     12.9175266794311199      0.0094236296662188      -0.0063981669457383
-0.2617993877991496     13.0429395598139468      0.0092966190884256      -0.0063956529450513
-0.2617993877991496     13.1683524401967738      0.0091719500586363      -0.0063932175445627
-0.2617993877991496     13.2937653205796007      0.0090495479713351      -0.0063908588850025
-0.2617993877991496     13.4191782009624276      0.0089293427731007      -0.0063885750950063
-0.2617993877991496     13.5445910813452546      0.0088112670069367      -0.0063863635852331
-0.2617993877991496     13.6700039617280815      0.0086952562005528      -0.0063842229079707
-0.2617993877991496     13.7954168421109085      0.0085812500521182      -0.0063821506921122
-0.2617993877991496     13.9208297224937354      0.0084691901265901      -0.0063801432973985
-0.2617993877991496     14.0462426028765623      0.0083590201611895      -0.0063781963439751
-0.2617993877991496     14.1716554832593893      0.0082506840509024      -0.0063763042148936
-0.2617993877991496     14.2970683636422162      0.0081441256369227      -0.0063744632572741
-0.2617993877991496     14.4224812440250432      0.0080392915345807      -0.0063726720545858
-0.2617993877991496     14.5478941244078701      0.0079361313345266      -0.0063709291366635
-0.2617993877991496     14.6733070047906971      0.0078345967903504      -0.0063692330655187
-0.2617993877991496     14.7987198851735240      0.0077346409643915      -0.0063675822571075
-0.2617993877991496     14.9241327655563509      0.0076362186277804      -0.0063659760824606
-0.2617993877991496     15.0495456459391779      0.0075392868691953      -0.0063644141552166
-0.2617993877991496     15.1749585263220048      0.0074438043936758      -0.0063628959552722
-0.2617993877991496     15.3003714067048318      0.0073497317014302      -0.0063614218608359
-0.2617993877991496     15.4257842870876587      0.0072570323092076      -0.0063599920701312
-0.2617993877991496     15.5511971674704856      0.0071656719497285      -0.0063586051548021
-0.2617993877991496     15.6766100478533126      0.0070756165878483      -0.0063572580649475
    
0.0000000000000000     0.0000000000000000      -0.1831605945842355      -0.0755926364296984
0.0000000000000000     0.1254128803828261      -0.1763755160186594      -0.1350527537203421
0.0000000000000000     0.2508257607656522      -0.1666468825373469      -0.1603113318925483
0.0000000000000000     0.3762386411484783      -0.1005628906136758      -0.2462739552335962
0.0000000000000000     0.5016515215313043      0.0077466089540627      -0.1404716656591696
0.0000000000000000     0.6270644019141304      -0.0998966954442589      -0.0477702961099579
0.0000000000000000     0.7524772822969564      -0.1738439291021956      -0.1273341783192184
0.0000000000000000     0.8778901626797825      -0.2066903440287831      -0.1911465946023373
0.0000000000000000     1.0033030430626086      -0.2043093556472710      -0.3408377669135834
0.0000000000000000     1.1287159234454347      -0.0489245269807976      -0.3807856580724787
0.0000000000000000     1.2541288038282608      -0.0197162609618246      -0.4271637155115737
0.0000000000000000     1.3795416842110868      0.1978891736972840      -0.4580839158969572
0.0000000000000000     1.5049545645939129      0.3178807854961515      -0.2633685293501347
0.0000000000000000     1.6303674449767389      0.2667142209674039      -0.1343578887520825
0.0000000000000000     1.7557803253595650      0.2154448752525827      -0.0882770595892627
0.0000000000000000     1.8811932057423910      0.1847614483073775      -0.0686846074293783
0.0000000000000000     2.0066060861252173      0.1663932520414146      -0.0496333870195449
0.0000000000000000     2.1320189665080433      0.1457726964348163      -0.0362251214283532
0.0000000000000000     2.2574318468908694      0.1290463497683506      -0.0283257519183650
0.0000000000000000     2.3828447272736955      0.1158037530799853      -0.0239527561386200
0.0000000000000000     2.5082576076565215      0.1054459320074978      -0.0198252483608188
0.0000000000000000     2.6336704880393476      0.0959542510539693      -0.0170186294011438
0.0000000000000000     2.7590833684221736      0.0880921589117805      -0.0152588405373849
0.0000000000000000     2.8844962488049997      0.0815032727957270      -0.0139430384237700
0.0000000000000000     3.0099091291878257      0.0758203437751540      -0.0129011506306335
0.0000000000000000     3.1353220095706518      0.0708744366320366      -0.0121092145785423
0.0000000000000000     3.2607348899534778      0.0665497963125791      -0.0114909747325885
0.0000000000000000     3.3861477703363039      0.0627375749543606      -0.0109810852231608
0.0000000000000000     3.5115606507191299      0.0593380030998439      -0.0105610324308689
0.0000000000000000     3.6369735311019560      0.0562932786094262      -0.0102122106158124
0.0000000000000000     3.7623864114847820      0.0535486674413615      -0.0099151296213402
0.0000000000000000     3.8877992918676081      0.0510593216469311      -0.0096611299948528
0.0000000000000000     4.0132121722504346      0.0487913333662694      -0.0094422893639028
0.0000000000000000     4.1386250526332606      0.0467158459239988      -0.0092520620258040
0.0000000000000000     4.2640379330160867      0.0448088347950932      -0.0090855236841046
0.0000000000000000     4.3894508133989127      0.0430502292706910      -0.0089388464539355
0.0000000000000000     4.5148636937817388      0.0414230188221415      -0.0088088250508980
0.0000000000000000     4.6402765741645648      0.0399126050336356      -0.0086930108770473
0.0000000000000000     4.7656894545473909      0.0385066937993742      -0.0085894655162491
0.0000000000000000     4.8911023349302170      0.0371946541843556      -0.0084963658415023
0.0000000000000000     5.0165152153130430      0.0359671158496586      -0.0084123062720766
0.0000000000000000     5.1419280956958691      0.0348160241777541      -0.0083361124392433
0.0000000000000000     5.2673409760786951      0.0337342353576231      -0.0082667796896327
0.0000000000000000     5.3927538564615212      0.0327155030008730      -0.0082035239450059
0.0000000000000000     5.5181667368443472      0.0317543306555450      -0.0081456604829860
0.0000000000000000     5.6435796172271733      0.0308458479628890      -0.0080926171065675
0.0000000000000000     5.7689924976099993      0.0299857374006729      -0.0080438941169082
0.0000000000000000     5.8944053779928254      0.0291701529173586      -0.0079990738001260
0.0000000000000000     6.0198182583756514      0.0283956812393322      -0.0079577615773065
0.0000000000000000     6.1452311387584775      0.0276592226674681      -0.0079196011997642
0.0000000000000000     6.2706440191413035      0.0269580025908596      -0.0078842824276115
0.0000000000000000     6.3960568995241296      0.0262894996596934      -0.0078515268663664
0.0000000000000000     6.5214697799069556      0.0256514434913325      -0.0078210636689211
0.0000000000000000     6.6468826602897817      0.0250417219520966      -0.0077926561417200
0.0000000000000000     6.7722955406726077      0.0244584294617656      -0.0077661233852088
0.0000000000000000     6.8977084210554338      0.0238998400292878      -0.0077412788572836
0.0000000000000000     7.0231213014382599      0.0233643325423045      -0.0077179605961149
0.0000000000000000     7.1485341818210859      0.0228504348411094      -0.0076960584819180
0.0000000000000000     7.2739470622039120      0.0223568134815339      -0.0076754729630093
0.0000000000000000     7.3993599425867380      0.0218822451171932      -0.0076561133686981
0.0000000000000000     7.5247728229695641      0.0214256150144516      -0.0076378932964191
0.0000000000000000     7.6501857033523901      0.0209858825117872      -0.0076207292091201
0.0000000000000000     7.7755985837352162      0.0205620935893668      -0.0076045569763252
0.0000000000000000     7.9010114641180422      0.0201533766573198      -0.0075893123000581
0.0000000000000000     8.0264243445008692      0.0197589290883298      -0.0075749254477564
0.0000000000000000     8.1518372248836961      0.0193779930295202      -0.0075613162850204
0.0000000000000000     8.2772501052665231      0.0190098529157460      -0.0075484208793461
0.0000000000000000     8.4026629856493500      0.0186538417943660      -0.0075361807312307
0.0000000000000000     8.5280758660321769      0.0183093364389243      -0.0075245491996100
0.0000000000000000     8.6534887464150039      0.0179757569259896      -0.0075134778625428
0.0000000000000000     8.7789016267978308      0.0176525504921563      -0.0075029284152424
0.0000000000000000     8.9043145071806578      0.0173392064640835      -0.0074928767900622
0.0000000000000000     9.0297273875634847      0.0170352562928688      -0.0074832999391122
0.0000000000000000     9.1551402679463116      0.0167402588765473      -0.0074741680074528
0.0000000000000000     9.2805531483291386      0.0164537955629003      -0.0074654622634406
0.0000000000000000     9.4059660287119655      0.0161754842287948      -0.0074571676272439
0.0000000000000000     9.5313789090947925      0.0159049699806052      -0.0074492623747478
0.0000000000000000     9.6567917894776194      0.0156419170895502      -0.0074417213264367
0.0000000000000000     9.7822046698604463      0.0153860054659099      -0.0074345166894741
0.0000000000000000     9.9076175502432733      0.0151369286736663      -0.0074276248876136
0.0000000000000000     10.0330304306261002      0.0148944002866765      -0.0074210241584060
0.0000000000000000     10.1584433110089272      0.0146581469825371      -0.0074146896156377
0.0000000000000000     10.2838561913917541      0.0144279021777762      -0.0074085982607984
0.0000000000000000     10.4092690717745811      0.0142034115232656      -0.0074027380232800
0.0000000000000000     10.5346819521574080      0.0139844384350246      -0.0073971003976243
0.0000000000000000     10.6600948325402349      0.0137707613587901      -0.0073916801960284
0.0000000000000000     10.7855077129230619      0.0135621741522750      -0.0073864697693267
0.0000000000000000     10.9109205933058888      0.0133584786332545      -0.0073814626632326
0.0000000000000000     11.0363334736887158      0.0131594915961131      -0.0073766556054715
0.0000000000000000     11.1617463540715427      0.0129650419212016      -0.0073720399384245
0.0000000000000000     11.2871592344543696      0.0127749629375327      -0.0073676066256958
0.0000000000000000     11.4125721148371966      0.0125890989981859      -0.0073633480856555
0.0000000000000000     11.5379849952200235      0.0124073018908030      -0.0073592533349910
0.0000000000000000     11.6633978756028505      0.0122294283997111      -0.0073553113128115
0.0000000000000000     11.7888107559856774      0.0120553418966265      -0.0073515091120670
0.0000000000000000     11.9142236363685043      0.0118849067514605      -0.0073478332203842
0.0000000000000000     12.0396365167513313      0.0117179903678470      -0.0073442751695090
0.0000000000000000     12.1650493971341582      0.0115544673522605      -0.0073408296397541
0.0000000000000000     12.2904622775169852      0.0113942179098407      -0.0073374936671212
0.0000000000000000     12.4158751578998121      0.0112371301672059      -0.0073342661292133
0.0000000000000000     12.5412880382826391      0.0110830988401807      -0.0073311457364838
0.0000000000000000     12.6667009186654660      0.0109320240016536      -0.0073281303628245
0.0000000000000000     12.7921137990482929      0.0107838103798811      -0.0073252187239147
0.0000000000000000     12.9175266794311199      0.0106383685343452      -0.0073224089712332
0.0000000000000000     13.0429395598139468      0.0104956140959608      -0.0073196986144843
0.0000000000000000     13.1683524401967738      0.0103554674239564      -0.0073170823766114
0.0000000000000000     13.2937653205796007      0.0102178499517380      -0.0073145521402976
0.0000000000000000     13.4191782009624276      0.0100826837415892      -0.0073121006146156
0.0000000000000000     13.5445910813452546      0.0099498935562339      -0.0073097205904895
0.0000000000000000     13.6700039617280815      0.0098194042069659      -0.0073074045322982
0.0000000000000000     13.7954168421109085      0.0096911412539788      -0.0073051481326561
0.0000000000000000     13.9208297224937354      0.0095650332751650      -0.0073029498188211
0.0000000000000000     14.0462426028765623      0.0094410123293728      -0.0073008105656974
0.0000000000000000     14.1716554832593893      0.0093190159426983      -0.0072987332049633
0.0000000000000000     14.2970683636422162      0.0091989866108345      -0.0072967194870319
0.0000000000000000     14.4224812440250432      0.0090808701744434      -0.0072947696070706
0.0000000000000000     14.5478941244078701      0.0089646145253466      -0.0072928824946333
0.0000000000000000     14.6733070047906971      0.0088501692832667      -0.0072910566917010
0.0000000000000000     14.7987198851735240      0.0087374866449024      -0.0072892904120565
0.0000000000000000     14.9241327655563509      0.0086265209272694      -0.0072875802297407
0.0000000000000000     15.0495456459391779      0.0085172269317643      -0.0072859215048973
0.0000000000000000     15.1749585263220048      0.0084095604228260      -0.0072843092031134
0.0000000000000000     15.3003714067048318      0.0083034769855729      -0.0072827369491928
0.0000000000000000     15.4257842870876587      0.0081989309079288      -0.0072811993217032
0.0000000000000000     15.5511971674704856      0.0080958764790368      -0.0072796931350620
0.0000000000000000     15.6766100478533126      0.0079942690860932      -0.0072782177701801
    
0.2617993877991496     0.0000000000000000      -0.0864501489003665      0.0218594187867632
0.2617993877991496     0.1254128803828261      -0.1564929196975957      0.0739673200324343
0.2617993877991496     0.2508257607656522      -0.2576493840928462      -0.0022714982681176
0.2617993877991496     0.3762386411484783      -0.2687168983164231      -0.0968992641508176
0.2617993877991496     0.5016515215313043      -0.2567832905254573      -0.1533829877202016
0.2617993877991496     0.6270644019141304      -0.2419340661910568      -0.2522216959964468
0.2617993877991496     0.7524772822969564      -0.1375972730129566      -0.2859860959482115
0.2617993877991496     0.8778901626797825      -0.1060641320579345      -0.2693801767378807
0.2617993877991496     1.0033030430626086      -0.1150354894300504      -0.3087967554660172
0.2617993877991496     1.1287159234454347      -0.0375651726029950      -0.3440232343646124
0.2617993877991496     1.2541288038282608      0.0001911635258872      -0.4031707022815084
0.2617993877991496     1.3795416842110868      0.1959549574280664      -0.4124268886597806
0.2617993877991496     1.5049545645939129      0.2930389192194834      -0.2391930637026858
0.2617993877991496     1.6303674449767389      0.2465011377158620      -0.1245741364925195
0.2617993877991496     1.7557803253595650      0.2003261179082011      -0.0822722375904287
0.2617993877991496     1.8811932057423910      0.1715187906050581      -0.0630116025633493
0.2617993877991496     2.0066060861252173      0.1536348062712751      -0.0458111489247420
0.2617993877991496     2.1320189665080433      0.1344383176276417      -0.0333853919584383
0.2617993877991496     2.2574318468908694      0.1185560314613210      -0.0263258820846081
0.2617993877991496     2.3828447272736955      0.1065381934704668      -0.0224809590018417
0.2617993877991496     2.5082576076565215      0.0970087658002598      -0.0184950095055009
0.2617993877991496     2.6336704880393476      0.0882533846092868      -0.0157555654671484
0.2617993877991496     2.7590833684221736      0.0808860668542005      -0.0139744088769540
0.2617993877991496     2.8844962488049997      0.0747030384676268      -0.0126825775429673
0.2617993877991496     3.0099091291878257      0.0693650516909065      -0.0116692360530684
0.2617993877991496     3.1353220095706518      0.0647291524219101      -0.0109116395976083
0.2617993877991496     3.2607348899534778      0.0606864856200734      -0.0103205993141053
0.2617993877991496     3.3861477703363039      0.0571270960108618      -0.0098355568138562
0.2617993877991496     3.5115606507191299      0.0539587890864452      -0.0094366256598645
0.2617993877991496     3.6369735311019560      0.0511251943173187      -0.0091063429241985
0.2617993877991496     3.7623864114847820      0.0485751111107960      -0.0088261210598513
0.2617993877991496     3.8877992918676081      0.0462660528306004      -0.0085868190444579
0.2617993877991496     4.0132121722504346      0.0441654733481768      -0.0083806742211028
0.2617993877991496     4.1386250526332606      0.0422457671590411      -0.0082014916942179
0.2617993877991496     4.2640379330160867      0.0404842432926892      -0.0080446180942728
0.2617993877991496     4.3894508133989127      0.0388616615149341      -0.0079063480815505
0.2617993877991496     4.5148636937817388      0.0373619594512835      -0.0077839206969977
0.2617993877991496     4.6402765741645648      0.0359715582574359      -0.0076749419100046
0.2617993877991496     4.7656894545473909      0.0346786962297447      -0.0075774146698276
0.2617993877991496     4.8911023349302170      0.0334732607730530      -0.0074898368875575
0.2617993877991496     5.0165152153130430      0.0323465862243538      -0.0074108755919546
0.2617993877991496     5.1419280956958691      0.0312910351155598      -0.0073394197441746
0.2617993877991496     5.2673409760786951      0.0302999824875188      -0.0072745889936256
0.2617993877991496     5.3927538564615212      0.0293676325085139      -0.0072155803928605
0.2617993877991496     5.5181667368443472      0.0284888330677400      -0.0071616984978715
0.2617993877991496     5.6435796172271733      0.0276590255934974      -0.0071123653503388
0.2617993877991496     5.7689924976099993      0.0268741640883652      -0.0070670705410133
0.2617993877991496     5.8944053779928254      0.0261306168701440      -0.0070253568774380
0.2617993877991496     6.0198182583756514      0.0254251231739612      -0.0069868560627228
0.2617993877991496     6.1452311387584775      0.0247547707584140      -0.0069512460246660
0.2617993877991496     6.2706440191413035      0.0241169322855019      -0.0069182529794963
0.2617993877991496     6.3960568995241296      0.0235092570364712      -0.0068876275809210
0.2617993877991496     6.5214697799069556      0.0229295959884183      -0.0068591501968076
0.2617993877991496     6.6468826602897817      0.0223760229272085      -0.0068326259921635
0.2617993877991496     6.7722955406726077      0.0218467622293773      -0.0068078665454900
0.2617993877991496     6.8977084210554338      0.0213401873196024      -0.0067847316585100
0.2617993877991496     7.0231213014382599      0.0208548424848641      -0.0067631002901395
0.2617993877991496     7.1485341818210859      0.0203893997002672      -0.0067428438446013
0.2617993877991496     7.2739470622039120      0.0199426230635505      -0.0067238362053184
0.2617993877991496     7.3993599425867380      0.0195133755443613      -0.0067059797794137
0.2617993877991496     7.5247728229695641      0.0191006146341901      -0.0066891788575666
0.2617993877991496     7.6501857033523901      0.0187033733215395      -0.0066733524467720
0.2617993877991496     7.7755985837352162      0.0183207673128755      -0.0066584284659724
0.2617993877991496     7.9010114641180422      0.0179519746528385      -0.0066443288503185
0.2617993877991496     8.0264243445008692      0.0175962194626334      -0.0066309939392513
0.2617993877991496     8.1518372248836961      0.0172527996456627      -0.0066183758719732
0.2617993877991496     8.2772501052665231      0.0169210568508168      -0.0066064207084616
0.2617993877991496     8.4026629856493500      0.0166003810148539      -0.0065950860299415
0.2617993877991496     8.5280758660321769      0.0162902023961196      -0.0065843249050524
0.2617993877991496     8.6534887464150039      0.0159899859909269      -0.0065741041881121
0.2617993877991496     8.7789016267978308      0.0156992420680275      -0.0065643903623958
0.2617993877991496     8.9043145071806578      0.0154175080190972      -0.0065551459313434
0.2617993877991496     9.0297273875634847      0.0151443458518093      -0.0065463402863368
0.2617993877991496     9.1551402679463116      0.0148793494920686      -0.0065379502510575
0.2617993877991496     9.2805531483291386      0.0146221411262931      -0.0065299486418096
0.2617993877991496     9.4059660287119655      0.0143723606903674      -0.0065223096026516
0.2617993877991496     9.5313789090947925      0.0141296700015665      -0.0065150134752905
0.2617993877991496     9.6567917894776194      0.0138937530506140      -0.0065080413182584
0.2617993877991496     9.7822046698604463      0.0136643132012781      -0.0065013768652625
0.2617993877991496     9.9076175502432733      0.0134410734541084      -0.0064950011555361
0.2617993877991496     10.0330304306261002      0.0132237670413953      -0.0064888954064200
0.2617993877991496     10.1584433110089272      0.0130121428254201      -0.0064830461687377
0.2617993877991496     10.2838561913917541      0.0128059658227780      -0.0064774408806816
0.2617993877991496     10.4092690717745811      0.0126050146746001      -0.0064720662344876
0.2617993877991496     10.5346819521574080      0.0124090797304731      -0.0064669079074355
0.2617993877991496     10.6600948325402349      0.0122179593615846      -0.0064619514587852
0.2617993877991496     10.7855077129230619      0.0120314612106467      -0.0064571870837210
0.2617993877991496     10.9109205933058888      0.0118494060181882      -0.0064526052242711
0.2617993877991496     11.0363334736887158      0.0116716214655278      -0.0064481960594080
0.2617993877991496     11.1617463540715427      0.0114979446992107      -0.0064439527458988
0.2617993877991496     11.2871592344543696      0.0113282229167393      -0.0064398674877396
0.2617993877991496     11.4125721148371966      0.0111623097592687      -0.0064359322713902
0.2617993877991496     11.5379849952200235      0.0110000654909788      -0.0064321398024720
0.2617993877991496     11.6633978756028505      0.0108413576513105      -0.0064284827931741
0.2617993877991496     11.7888107559856774      0.0106860577962791      -0.0064249551071512
0.2617993877991496     11.9142236363685043      0.0105340459480379      -0.0064215535058904
0.2617993877991496     12.0396365167513313      0.0103852099267903      -0.0064182720729133
0.2617993877991496     12.1650493971341582      0.0102394404134375      -0.0064151036627365
0.2617993877991496     12.2904622775169852      0.0100966325705432      -0.0064120421306389
0.2617993877991496     12.4158751578998121      0.0099566853494803      -0.0064090815426149
0.2617993877991496     12.5412880382826391      0.0098195017238382      -0.0064062172414045
0.2617993877991496     12.6667009186654660      0.0096849890629994      -0.0064034454934043
0.2617993877991496     12.7921137990482929      0.0095530595832924      -0.0064007631791047
0.2617993877991496     12.9175266794311199      0.0094236296662188      -0.0063981669457383
0.2617993877991496     13.0429395598139468      0.0092966190884256      -0.0063956529450513
0.2617993877991496     13.1683524401967738      0.0091719500586363      -0.0063932175445627
0.2617993877991496     13.2937653205796007      0.0090495479713351      -0.0063908588850025
0.2617993877991496     13.4191782009624276      0.0089293427731007      -0.0063885750950063
0.2617993877991496     13.5445910813452546      0.0088112670069367      -0.0063863635852331
0.2617993877991496     13.6700039617280815      0.0086952562005528      -0.0063842229079707
0.2617993877991496     13.7954168421109085      0.0085812500521182      -0.0063821506921122
0.2617993877991496     13.9208297224937354      0.0084691901265901      -0.0063801432973985
0.2617993877991496     14.0462426028765623      0.0083590201611895      -0.0063781963439751
0.2617993877991496     14.1716554832593893      0.0082506840509024      -0.0063763042148936
0.2617993877991496     14.2970683636422162      0.0081441256369227      -0.0063744632572741
0.2617993877991496     14.4224812440250432      0.0080392915345807      -0.0063726720545858
0.2617993877991496     14.5478941244078701      0.0079361313345266      -0.0063709291366635
0.2617993877991496     14.6733070047906971      0.0078345967903504      -0.0063692330655187
0.2617993877991496     14.7987198851735240      0.0077346409643915      -0.0063675822571075
0.2617993877991496     14.9241327655563509      0.0076362186277804      -0.0063659760824606
0.2617993877991496     15.0495456459391779      0.0075392868691953      -0.0063644141552166
0.2617993877991496     15.1749585263220048      0.0074438043936758      -0.0063628959552722
0.2617993877991496     15.3003714067048318      0.0073497317014302      -0.0063614218608359
0.2617993877991496     15.4257842870876587      0.0072570323092076      -0.0063599920701312
0.2617993877991496     15.5511971674704856      0.0071656719497285      -0.0063586051548021
0.2617993877991496     15.6766100478533126      0.0070756165878483      -0.0063572580649475
    
0.5235987755982987     0.0000000000000000      -0.2501270955165309      -0.1383645091532356
0.5235987755982987     0.1254128803828261      -0.1911737499646473      -0.2001660087431216
0.5235987755982987     0.2508257607656522      -0.1896820785151722      -0.1734298851822060
0.5235987755982987     0.3762386411484783      -0.2175212077408429      -0.2308409378375659
0.5235987755982987     0.5016515215313043      -0.2139747579668232      -0.2761511454239253
0.5235987755982987     0.6270644019141304      -0.1860531362417795      -0.4223156257847523
0.5235987755982987     0.7524772822969564      0.0291687073042783      -0.4269233809768646
0.5235987755982987     0.8778901626797825      0.0473020801031380      -0.3102927234889428
0.5235987755982987     1.0033030430626086      0.0086154958185545      -0.3358722007651707
0.5235987755982987     1.1287159234454347      0.0924658546309585      -0.3568374492118762
0.5235987755982987     1.2541288038282608      0.1391597190388306      -0.3590401393582980
0.5235987755982987     1.3795416842110868      0.2507749110708311      -0.3212896708386789
0.5235987755982987     1.5049545645939129      0.2987928106434850      -0.1987791149970113
0.5235987755982987     1.6303674449767389      0.2581926043864982      -0.1120749897904413
0.5235987755982987     1.7557803253595650      0.2175175467302010      -0.0764997042963393
0.5235987755982987     1.8811932057423910      0.1890699790541871      -0.0586826487451382
0.5235987755982987     2.0066060861252173      0.1698182183135442      -0.0452912543046079
0.5235987755982987     2.1320189665080433      0.1514725009200501      -0.0346912511845308
0.5235987755982987     2.2574318468908694      0.1354669521809164      -0.0287644790053423
0.5235987755982987     2.3828447272736955      0.1237160561311607      -0.0254974157015987
0.5235987755982987     2.5082576076565215      0.1139391796709812      -0.0217267771091134
0.5235987755982987     2.6336704880393476      0.1050420086103846      -0.0190850704699430
0.5235987755982987     2.7590833684221736      0.0972833774904308      -0.0171615335523796
0.5235987755982987     2.8844962488049997      0.0906061514668171      -0.0157869142523757
0.5235987755982987     3.0099091291878257      0.0847404723840882      -0.0147107231785894
0.5235987755982987     3.1353220095706518      0.0795912317834105      -0.0139201012566145
0.5235987755982987     3.2607348899534778      0.0750599350146040      -0.0132982857242726
0.5235987755982987     3.3861477703363039      0.0710319044216945      -0.0127897260905519
0.5235987755982987     3.5115606507191299      0.0674203858888347      -0.0123674227335266
0.5235987755982987     3.6369735311019560      0.0641646669490052      -0.0120142615002687
0.5235987755982987     3.7623864114847820      0.0612133487212231      -0.0117128656423879
0.5235987755982987     3.8877992918676081      0.0585234341817357      -0.0114532560420704
0.5235987755982987     4.0132121722504346      0.0560608643975772      -0.0112278316485582
0.5235987755982987     4.1386250526332606      0.0537971689978181      -0.0110303863597426
0.5235987755982987     4.2640379330160867      0.0517083876261703      -0.0108563075911529
0.5235987755982987     4.3894508133989127      0.0497745590690307      -0.0107019185664390
0.5235987755982987     4.5148636937817388      0.0479785080874168      -0.0105641498990584
0.5235987755982987     4.6402765741645648      0.0463055421321751      -0.0104406961942195
0.5235987755982987     4.7656894545473909      0.0447431314753956      -0.0103296482583156
0.5235987755982987     4.8911023349302170      0.0432803869682208      -0.0102293773398125
0.5235987755982987     5.0165152153130430      0.0419078323583438      -0.0101385707121432
0.5235987755982987     5.1419280956958691      0.0406172385512702      -0.0100560990348167
0.5235987755982987     5.2673409760786951      0.0394013475255079      -0.0099809214669314
0.5235987755982987     5.3927538564615212      0.0382536799485693      -0.0099121893181216
0.5235987755982987     5.5181667368443472      0.0371685514685980      -0.0098491934805285
0.5235987755982987     5.6435796172271733      0.0361408825862492      -0.0097912559362538
0.5235987755982987     5.7689924976099993      0.0351660811534828      -0.0097378090635483
0.5235987755982987     5.8944053779928254      0.0342400513496049      -0.0096884031087616
0.5235987755982987     6.0198182583756514      0.0333591216744277      -0.0096426150770629
0.5235987755982987     6.1452311387584775      0.0325199614422509      -0.0096000948353955
0.5235987755982987     6.2706440191413035      0.0317195733770750      -0.0095605271345612
0.5235987755982987     6.3960568995241296      0.0309552173125249      -0.0095236562742469
0.5235987755982987     6.5214697799069556      0.0302244420524600      -0.0094892708810018
0.5235987755982987     6.6468826602897817      0.0295250124572581      -0.0094571677230075
0.5235987755982987     6.7722955406726077      0.0288549020222385      -0.0094271793294932
0.5235987755982987     6.8977084210554338      0.0282122799330089      -0.0093991337287085
0.5235987755982987     7.0231213014382599      0.0275954522145310      -0.0093728530512819
0.5235987755982987     7.1485341818210859      0.0270028424188872      -0.0093481820085194
0.5235987755982987     7.2739470622039120      0.0264330151157701      -0.0093249916757158
0.5235987755982987     7.3993599425867380      0.0258846371535797      -0.0093031407672048
0.5235987755982987     7.5247728229695641      0.0253564617379855      -0.0092825232425436
0.5235987755982987     7.6501857033523901      0.0248473540847853      -0.0092630365187684
0.5235987755982987     7.7755985837352162      0.0243562402455123      -0.0092445789902630
0.5235987755982987     7.9010114641180422      0.0238821197214231      -0.0092270857791364
0.5235987755982987     8.0264243445008692      0.0234240831238285      -0.0092104965773179
0.5235987755982987     8.1518372248836961      0.0229812755815093      -0.0091947559882249
0.5235987755982987     8.2772501052665231      0.0225529136471133      -0.0091798206237889
0.5235987755982987     8.4026629856493500      0.0221382655206155      -0.0091656446981030
0.5235987755982987     8.5280758660321769      0.0217366557840244      -0.0091521945043960
0.5235987755982987     8.6534887464150039      0.0213474616949121      -0.0091394266361100
0.5235987755982987     8.7789016267978308      0.0209700958080093      -0.0091272950923717
0.5235987755982987     8.9043145071806578      0.0206040060359330      -0.0091157566633449
0.5235987755982987     9.0297273875634847      0.0202486759844086      -0.0091047659111511
0.5235987755982987     9.1551402679463116      0.0199036106425320      -0.0090942752867118
0.5235987755982987     9.2805531483291386      0.0195683417810386      -0.0090842470850500
0.5235987755982987     9.4059660287119655      0.0192424267951352      -0.0090746452960953
0.5235987755982987     9.5313789090947925      0.0189254439869195      -0.0090654401721402
0.5235987755982987     9.6567917894776194      0.0186169970482581      -0.0090566105155149
0.5235987755982987     9.7822046698604463      0.0183167138615399      -0.0090481373351501
0.5235987755982987     9.9076175502432733      0.0180242423034908      -0.0090400083038402
0.5235987755982987     10.0330304306261002      0.0177392575461569      -0.0090322147683101
0.5235987755982987     10.1584433110089272      0.0174614545534667      -0.0090247467827883
0.5235987755982987     10.2838561913917541      0.0171905501258322      -0.0090175944229566
0.5235987755982987     10.4092690717745811      0.0169262774040505      -0.0090107417628369
0.5235987755982987     10.5346819521574080      0.0166683800467374      -0.0090041725678248
0.5235987755982987     10.6600948325402349      0.0164166169476360      -0.0089978711430707
0.5235987755982987     10.7855077129230619      0.0161707580090673      -0.0089918174233841
0.5235987755982987     10.9109205933058888      0.0159305802108484      -0.0089859924033301
0.5235987755982987     11.0363334736887158      0.0156958697865900      -0.0089803773282794
0.5235987755982987     11.1617463540715427      0.0154664189588760      -0.0089749559869445
0.5235987755982987     11.2871592344543696      0.0152420292212020      -0.0089697171694614
0.5235987755982987     11.4125721148371966      0.0150225116138975      -0.0089646510448348
0.5235987755982987     11.5379849952200235      0.0148076847841915      -0.0089597516771997
0.5235987755982987     11.6633978756028505      0.0145973779840053      -0.0089550182112509
0.5235987755982987     11.7888107559856774      0.0143914342533955      -0.0089504501762832
0.5235987755982987     11.9142236363685043      0.0141897052321445      -0.0089460443308149
0.5235987755982987     12.0396365167513313      0.0139920496399528      -0.0089417973818548
0.5235987755982987     12.1650493971341582      0.0137983348000651      -0.0089377053969090
0.5235987755982987     12.2904622775169852      0.0136084348668034      -0.0089337617733892
0.5235987755982987     12.4158751578998121      0.0134222287143538      -0.0089299574532849
0.5235987755982987     12.5412880382826391      0.0132395986435740      -0.0089262820258154
0.5235987755982987     12.6667009186654660      0.0130604297166937      -0.0089227248216165
0.5235987755982987     12.7921137990482929      0.0128846095554466      -0.0089192757109595
0.5235987755982987     12.9175266794311199      0.0127120283827957      -0.0089159257833906
0.5235987755982987     13.0429395598139468      0.0125425790461947      -0.0089126687256909
0.5235987755982987     13.1683524401967738      0.0123761584585003      -0.0089095015203508
0.5235987755982987     13.2937653205796007      0.0122126693073668      -0.0089064230267825
0.5235987755982987     13.4191782009624276      0.0120520188058595      -0.0089034337206435
0.5235987755982987     13.5445910813452546      0.0118941209460932      -0.0089005357037540
0.5235987755982987     13.6700039617280815      0.0117388955481950      -0.0088977289885638
0.5235987755982987     13.7954168421109085      0.0115862658948153      -0.0088950126826157
0.5235987755982987     13.9208297224937354      0.0114361593972462      -0.0088923843274774
0.5235987755982987     14.0462426028765623      0.0112885051790169      -0.0088898399681465
0.5235987755982987     14.1716554832593893      0.0111432351134735      -0.0088873760166695
0.5235987755982987     14.2970683636422162      0.0110002841384478      -0.0088849869272424
0.5235987755982987     14.4224812440250432      0.0108595870908846      -0.0088826653765472
0.5235987755982987     14.5478941244078701      0.0107210789018372      -0.0088804057259157
0.5235987755982987     14.6733070047906971      0.0105846962143821      -0.0088782032554853
0.5235987755982987     14.7987198851735240      0.0104503772738853      -0.0088760543942276
0.5235987755982987     14.9241327655563509      0.0103180620856407      -0.0088739569384049
0.5235987755982987     15.0495456459391779      0.0101876927447694      -0.0088719098369855
0.5235987755982987     15.1749585263220048      0.0100592138698071      -0.0088699139513867
0.5235987755982987     15.3003714067048318      0.0099325739267782      -0.0088679706498105
0.5235987755982987     15.4257842870876587      0.0098077240337417      -0.0088660809825870
0.5235987755982987     15.5511971674704856      0.0096846179938054      -0.0088642462259698
0.5235987755982987     15.6766100478533126      0.0095632131916053      -0.0088624668458891
    
0.7853981633974478     0.0000000000000000      -0.6334148504180157      -0.5453574002430974
0.7853981633974478     0.1254128803828261      -0.2170770171226063      -0.9396579459232042
0.7853981633974478     0.2508257607656522      0.1274079376128967      -0.6007015094307910
0.7853981633974478     0.3762386411484783      0.0688172579154001      -0.4821761090103444
0.7853981633974478     0.5016515215313043      0.0499709671484944      -0.4166967635548642
0.7853981633974478     0.6270644019141304      -0.0034638800407482      -0.5206412339484313
0.7853981633974478     0.7524772822969564      0.2364787956976348      -0.5572028539228320
0.7853981633974478     0.8778901626797825      0.2870078262706261      -0.3777211952270830
0.7853981633974478     1.0033030430626086      0.2308429670635238      -0.3242383496419716
0.7853981633974478     1.1287159234454347      0.2573171477990757      -0.2995632712635037
0.7853981633974478     1.2541288038282608      0.2349266093208555      -0.2949896554065912
0.7853981633974478     1.3795416842110868      0.3151429690491125      -0.2775243881112960
0.7853981633974478     1.5049545645939129      0.3430877206917138      -0.1804935825805320
0.7853981633974478     1.6303674449767389      0.3046158528548769      -0.1088450554195368
0.7853981633974478     1.7557803253595650      0.2639616472661916      -0.0765104743397423
0.7853981633974478     1.8811932057423910      0.2333743331517903      -0.0605552935052987
0.7853981633974478     2.0066060861252173      0.2113943729833946      -0.0502369783179854
0.7853981633974478     2.1320189665080433      0.1927423538329568      -0.0411710835135317
0.7853981633974478     2.2574318468908694      0.1756886301338926      -0.0353547509943554
0.7853981633974478     2.3828447272736955      0.1624274967874434      -0.0320942849354995
0.7853981633974478     2.5082576076565215      0.1511283880789707      -0.0284105727959536
0.7853981633974478     2.6336704880393476      0.1408885671011172      -0.0258877680851469
0.7853981633974478     2.7590833684221736      0.1319330737842228      -0.0238442270968327
0.7853981633974478     2.8844962488049997      0.1239993846937840      -0.0223029038392711
0.7853981633974478     3.0099091291878257      0.1168816571675174      -0.0210766964620361
0.7853981633974478     3.1353220095706518      0.1105427895069024      -0.0201778734994249
0.7853981633974478     3.2607348899534778      0.1048885863850109      -0.0194655892716648
0.7853981633974478     3.3861477703363039      0.0998090834993611      -0.0188853355230409
0.7853981633974478     3.5115606507191299      0.0952136493621054      -0.0183966573882145
0.7853981633974478     3.6369735311019560      0.0910321944306042      -0.0179825570898752
0.7853981633974478     3.7623864114847820      0.0872097251887346      -0.0176258668421988
0.7853981633974478     3.8877992918676081      0.0836989306076745      -0.0173151958038873
0.7853981633974478     4.0132121722504346      0.0804614760145965      -0.0170426794044973
0.7853981633974478     4.1386250526332606      0.0774653848869097      -0.0168019461498094
0.7853981633974478     4.2640379330160867      0.0746836502118418      -0.0165879159742281
0.7853981633974478     4.3894508133989127      0.0720931004347125      -0.0163966399708434
0.7853981633974478     4.5148636937817388      0.0696741054469644      -0.0162249669356789
0.7853981633974478     4.6402765741645648      0.0674096660376702      -0.0160701418498615
0.7853981633974478     4.7656894545473909      0.0652848923326398      -0.0159299291897302
0.7853981633974478     4.8911023349302170      0.0632868691944836      -0.0158025336337996
0.7853981633974478     5.0165152153130430      0.0614042585275442      -0.0156863351673458
0.7853981633974478     5.1419280956958691      0.0596269636852177      -0.0155800063803231
0.7853981633974478     5.2673409760786951      0.0579461130490437      -0.0154824859156880
0.7853981633974478     5.3927538564615212      0.0563538473518422      -0.0153927841690796
0.7853981633974478     5.5181667368443472      0.0548430772447757      -0.0153100589729431
0.7853981633974478     5.6435796172271733      0.0534074800228863      -0.0152336527762344
0.7853981633974478     5.7689924976099993      0.0520414501012100      -0.0151629785823543
0.7853981633974478     5.8944053779928254      0.0507399207093602      -0.0150974556904838
0.7853981633974478     6.0198182583756514      0.0494982816281137      -0.0150366011915132
0.7853981633974478     6.1452311387584775      0.0483123804435416      -0.0149799900144111
0.7853981633974478     6.2706440191413035      0.0471784500086611      -0.0149272309873547
0.7853981633974478     6.3960568995241296      0.0460930487874968      -0.0148779547429909
0.7853981633974478     6.5214697799069556      0.0450530077418341      -0.0148318380289933
0.7853981633974478     6.6468826602897817      0.0440554395053816      -0.0147886170474600
0.7853981633974478     6.7722955406726077      0.0430977090916524      -0.0147480302128073
0.7853981633974478     6.8977084210554338      0.0421773579934554      -0.0147098461819596
0.7853981633974478     7.0231213014382599      0.0412921356464287      -0.0146738881306619
0.7853981633974478     7.1485341818210859      0.0404399835400828      -0.0146399931247716
0.7853981633974478     7.2739470622039120      0.0396189970799738      -0.0146080150661393
0.7853981633974478     7.3993599425867380      0.0388274292560824      -0.0145778256610405
0.7853981633974478     7.5247728229695641      0.0380636630566379      -0.0145492965049361
0.7853981633974478     7.6501857033523901      0.0373261920085251      -0.0145223155549746
0.7853981633974478     7.7755985837352162      0.0366136293412297      -0.0144967851871902
0.7853981633974478     7.9010114641180422      0.0359246921672578      -0.0144726015053942
0.7853981633974478     8.0264243445008692      0.0352581715311002      -0.0144496578533938
0.7853981633974478     8.1518372248836961      0.0346129330572973      -0.0144278675036811
0.7853981633974478     8.2772501052665231      0.0339879235386326      -0.0144071520706742
0.7853981633974478     8.4026629856493500      0.0333821577651152      -0.0143874334490204
0.7853981633974478     8.5280758660321769      0.0327947065561209      -0.0143686384415681
0.7853981633974478     8.6534887464150039      0.0322246954402877      -0.0143507036986913
0.7853981633974478     8.7789016267978308      0.0316713017478616      -0.0143335777192203
0.7853981633974478     8.9043145071806578      0.0311337593682111      -0.0143172155998462
0.7853981633974478     9.0297273875634847      0.0306113455031529      -0.0143015765586671
0.7853981633974478     9.1551402679463116      0.0301033884256373      -0.0142866295273970
0.7853981633974478     9.2805531483291386      0.0296092574875771      -0.0142723385729949
0.7853981633974478     9.4059660287119655      0.0291283603795703      -0.0142586729711193
0.7853981633974478     9.5313789090947925      0.0286601416848420      -0.0142455987563474
0.7853981633974478     9.6567917894776194      0.0282040736116098      -0.0142330809550056
0.7853981633974478     9.7822046698604463      0.0277596562502292      -0.0142210881955320
0.7853981633974478     9.9076175502432733      0.0273264195543341      -0.0142095899113481
0.7853981633974478     10.0330304306261002      0.0269039153937663      -0.0141985527913407
0.7853981633974478     10.1584433110089272      0.0264917163105578      -0.0141879459783382
0.7853981633974478     10.2838561913917541      0.0260894129956684      -0.0141777407986468
0.7853981633974478     10.4092690717745811      0.0256966147381687      -0.0141679155096537
0.7853981633974478     10.5346819521574080      0.0253129541700874      -0.0141584522630920
0.7853981633974478     10.6600948325402349      0.0249380817873144      -0.0141493324716488
0.7853981633974478     10.7855077129230619      0.0245716630477652      -0.0141405427334921
0.7853981633974478     10.9109205933058888      0.0242133840721228      -0.0141320742793914
0.7853981633974478     11.0363334736887158      0.0238629499911885      -0.0141239180515119
0.7853981633974478     11.1617463540715427      0.0235200827725371      -0.0141160635484680
0.7853981633974478     11.2871592344543696      0.0231845178957270      -0.0141084971275958
0.7853981633974478     11.4125721148371966      0.0228560009160895      -0.0141012061496244
0.7853981633974478     11.5379849952200235      0.0225342918671249      -0.0140941780943067
0.7853981633974478     11.6633978756028505      0.0222191612687004      -0.0140873962683263
0.7853981633974478     11.7888107559856774      0.0219103849441220      -0.0140808440716451
0.7853981633974478     11.9142236363685043      0.0216077471782458      -0.0140745074312661
0.7853981633974478     12.0396365167513313      0.0213110406372777      -0.0140683738826888
0.7853981633974478     12.1650493971341582      0.0210200660896119      -0.0140624330808465
0.7853981633974478     12.2904622775169852      0.0207346326084439      -0.0140566762204676
0.7853981633974478     12.4158751578998121      0.0204545568798508      -0.0140510971427849
0.7853981633974478     12.5412880382826391      0.0201796646007455      -0.0140456923124685
0.7853981633974478     12.6667009186654660      0.0199097920042472      -0.0140404591101070
0.7853981633974478     12.7921137990482929      0.0196447832588972      -0.0140353932833649
0.7853981633974478     12.9175266794311199      0.0193844894905977      -0.0140304907426900
0.7853981633974478     13.0429395598139468      0.0191287688987064      -0.0140257463511974
0.7853981633974478     13.1683524401967738      0.0188774860991509      -0.0140211539353762
0.7853981633974478     13.2937653205796007      0.0186305107480255      -0.0140167055360531
0.7853981633974478     13.4191782009624276      0.0183877161102037      -0.0140123913827919
0.7853981633974478     13.5445910813452546      0.0181489772628998      -0.0140082022674827
0.7853981633974478     13.6700039617280815      0.0179141730655443      -0.0140041309016053
0.7853981633974478     13.7954168421109085      0.0176831862006588      -0.0140001711130800
0.7853981633974478     13.9208297224937354      0.0174559035895519      -0.0139963186499451
0.7853981633974478     14.0462426028765623      0.0172322170327258      -0.0139925702077596
0.7853981633974478     14.1716554832593893      0.0170120223606022      -0.0139889230137514
0.7853981633974478     14.2970683636422162      0.0167952196479236      -0.0139853753609941
0.7853981633974478     14.4224812440250432      0.0165817133990832      -0.0139819266350812
0.7853981633974478     14.5478941244078701      0.0163714132674854      -0.0139785759171026
0.7853981633974478     14.6733070047906971      0.0161642327977364      -0.0139753221039309
0.7853981633974478     14.7987198851735240      0.0159600898975112      -0.0139721631301307
0.7853981633974478     14.9241327655563509      0.0157589052384314      -0.0139690952469309
0.7853981633974478     15.0495456459391779      0.0155606016926303      -0.0139661142101094
0.7853981633974478     15.1749585263220048      0.0153651043008434      -0.0139632148704303
0.7853981633974478     15.3003714067048318      0.0151723395127319      -0.0139603916070685
0.7853981633974478     15.4257842870876587      0.0149822348336216      -0.0139576389380770
0.7853981633974478     15.5511971674704856      0.0147947187748344      -0.0139549520815404
0.7853981633974478     15.6766100478533126      0.0146097212719620      -0.0139523280815516
    
1.0471975511965974     0.0000000000000000      -0.7921831259634637      -0.7457679447788715
1.0471975511965974     0.1254128803828261      -0.1831917271920660      -1.2537538115829547
1.0471975511965974     0.2508257607656522      0.2874277377866110      -0.7460059642762517
1.0471975511965974     0.3762386411484783      0.1622372511346065      -0.5232073916803831
1.0471975511965974     0.5016515215313043      0.0787433899918992      -0.4833391129611747
1.0471975511965974     0.6270644019141304      0.0488748393299233      -0.6450303849650427
1.0471975511965974     0.7524772822969564      0.3635123523696535      -0.6576173912061423
1.0471975511965974     0.8778901626797825      0.4371909948475616      -0.4168722647811506
1.0471975511965974     1.0033030430626086      0.3637161788286649      -0.2911622446944465
1.0471975511965974     1.1287159234454347      0.3268722559355333      -0.2394417520853797
1.0471975511965974     1.2541288038282608      0.2509713181487628      -0.2525583279887007
1.0471975511965974     1.3795416842110868      0.3298414699499289      -0.2707993796991467
1.0471975511965974     1.5049545645939129      0.3638033740686181      -0.1786523020540263
1.0471975511965974     1.6303674449767389      0.3261046240471587      -0.1089450335730056
1.0471975511965974     1.7557803253595650      0.2845494178478502      -0.0770127516359812
1.0471975511965974     1.8811932057423910      0.2528379084535052      -0.0618946226997069
1.0471975511965974     2.0066060861252173      0.2295913215669715      -0.0527850956805227
1.0471975511965974     2.1320189665080433      0.2109251011273608      -0.0444438967825211
1.0471975511965974     2.2574318468908694      0.1935165602164567      -0.0384503769452224
1.0471975511965974     2.3828447272736955      0.1794994607315788      -0.0351323104900778
1.0471975511965974     2.5082576076565215      0.1675423842269489      -0.0314030727439957
1.0471975511965974     2.6336704880393476      0.1566268308098741      -0.0289285726116647
1.0471975511965974     2.7590833684221736      0.1471646340103535      -0.0268429362252382
1.0471975511965974     2.8844962488049997      0.1386838417926106      -0.0252043169027320
1.0471975511965974     3.0099091291878257      0.1310072826021083      -0.0238948887541123
1.0471975511965974     3.1353220095706518      0.1241379255655222      -0.0229373708150242
1.0471975511965974     3.2607348899534778      0.1179810698017168      -0.0221787810232333
1.0471975511965974     3.3861477703363039      0.1124330014488463      -0.0215643548678755
1.0471975511965974     3.5115606507191299      0.1074010358293074      -0.0210456284049559
1.0471975511965974     3.6369735311019560      0.1028105468237863      -0.0206039279310052
1.0471975511965974     3.7623864114847820      0.0986035198439502      -0.0202220496620605
1.0471975511965974     3.8877992918676081      0.0947307615145819      -0.0198884868495491
1.0471975511965974     4.0132121722504346      0.0911521766382486      -0.0195949823639982
1.0471975511965974     4.1386250526332606      0.0878339515604884      -0.0193347880752524
1.0471975511965974     4.2640379330160867      0.0847474934205443      -0.0191029726188261
1.0471975511965974     4.3894508133989127      0.0818686253876971      -0.0188952533423206
1.0471975511965974     4.5148636937817388      0.0791761745137099      -0.0187081814318475
1.0471975511965974     4.6402765741645648      0.0766519746836348      -0.0185391016955426
1.0471975511965974     4.7656894545473909      0.0742802861519262      -0.0183857074493810
1.0471975511965974     4.8911023349302170      0.0720472200869245      -0.0182459947421477
1.0471975511965974     5.0165152153130430      0.0699405431306510      -0.0181183941763872
1.0471975511965974     5.1419280956958691      0.0679495564260023      -0.0180015241259780
1.0471975511965974     5.2673409760786951      0.0660646710111174      -0.0178941150870726
1.0471975511965974     5.3927538564615212      0.0642773001964554      -0.0177951856225704
1.0471975511965974     5.5181667368443472      0.0625798603558288      -0.0177038900198510
1.0471975511965974     5.6435796172271733      0.0609655359253567      -0.0176194364098335
1.0471975511965974     5.7689924976099993      0.0594281461107757      -0.0175411456010473
1.0471975511965974     5.8944053779928254      0.0579621510594350      -0.0174684717170601
1.0471975511965974     6.0198182583756514      0.0565625598104487      -0.0174008962840577
1.0471975511965974     6.1452311387584775      0.0552248469089188      -0.0173379347113934
1.0471975511965974     6.2706440191413035      0.0539448450394385      -0.0172791525786405
1.0471975511965974     6.3960568995241296      0.0527187738620394      -0.0172241953285670
1.0471975511965974     6.5214697799069556      0.0515431935450235      -0.0171727317266542
1.0471975511965974     6.6468826602897817      0.0504149327159036      -0.0171244420216380
1.0471975511965974     6.7722955406726077      0.0493310667845980      -0.0170790703674968
1.0471975511965974     6.8977084210554338      0.0482889310161658      -0.0170363830526972
1.0471975511965974     7.0231213014382599      0.0472860544657854      -0.0169961634213560
1.0471975511965974     7.1485341818210859      0.0463201618021268      -0.0169582303718878
1.0471975511965974     7.2739470622039120      0.0453891545986405      -0.0169224148693246
1.0471975511965974     7.3993599425867380      0.0444910886430989      -0.0168885716938933
1.0471975511965974     7.5247728229695641      0.0436241735097692      -0.0168565734883988
1.0471975511965974     7.6501857033523901      0.0427867590945525      -0.0168262907939843
1.0471975511965974     7.7755985837352162      0.0419772972522840      -0.0167975934966056
1.0471975511965974     7.9010114641180422      0.0411943374767923      -0.0167703711501813
1.0471975511965974     8.0264243445008692      0.0404365395136167      -0.0167445351980456
1.0471975511965974     8.1518372248836961      0.0397026589461026      -0.0167199861649288
1.0471975511965974     8.2772501052665231      0.0389915208027449      -0.0166966305731958
1.0471975511965974     8.4026629856493500      0.0383020234935973      -0.0166743867456172
1.0471975511965974     8.5280758660321769      0.0376331354919680      -0.0166531795255170
1.0471975511965974     8.6534887464150039      0.0369838846120015      -0.0166329408416471
1.0471975511965974     8.7789016267978308      0.0363533601144347      -0.0166136126951716
1.0471975511965974     8.9043145071806578      0.0357407054205790      -0.0165951442236057
1.0471975511965974     9.0297273875634847      0.0351451222743202      -0.0165774910674712
1.0471975511965974     9.1551402679463116      0.0345658575736696      -0.0165606077523920
1.0471975511965974     9.2805531483291386      0.0340022040720885      -0.0165444556667510
1.0471975511965974     9.4059660287119655      0.0334534961164302      -0.0165289961367244
1.0471975511965974     9.5313789090947925      0.0329191061183543      -0.0165141939357521
1.0471975511965974     9.6567917894776194      0.0323984434850731      -0.0165000152612338
1.0471975511965974     9.7822046698604463      0.0318909524749638      -0.0164864250716415
1.0471975511965974     9.9076175502432733      0.0313961027377431      -0.0164733847100882
1.0471975511965974     10.0330304306261002      0.0309133887187136      -0.0164608609634593
1.0471975511965974     10.1584433110089272      0.0304423306138502      -0.0164488218219319
1.0471975511965974     10.2838561913917541      0.0299824704923489      -0.0164372392180011
1.0471975511965974     10.4092690717745811      0.0295333743776050      -0.0164260874386531
1.0471975511965974     10.5346819521574080      0.0290946261510476      -0.0164153441913940
1.0471975511965974     10.6600948325402349      0.0286658322463191      -0.0164049954440752
1.0471975511965974     10.7855077129230619      0.0282466253962638      -0.0163950280830464
1.0471975511965974     10.9109205933058888      0.0278366567853075      -0.0163854251912121
1.0471975511965974     11.0363334736887158      0.0274355926153760      -0.0163761709188003
1.0471975511965974     11.1617463540715427      0.0270431151784821      -0.0163672513643276
1.0471975511965974     11.2871592344543696      0.0266589233891257      -0.0163586544445431
1.0471975511965974     11.4125721148371966      0.0262827334633225      -0.0163503661874617
1.0471975511965974     11.5379849952200235      0.0259142732548290      -0.0163423692263065
1.0471975511965974     11.6633978756028505      0.0255532794410903      -0.0163346468330802
1.0471975511965974     11.7888107559856774      0.0251995006096297      -0.0163271835706870
1.0471975511965974     11.9142236363685043      0.0248526946435297      -0.0163199630250187
1.0471975511965974     12.0396365167513313      0.0245126265455315      -0.0163129712262230
1.0471975511965974     12.1650493971341582      0.0241790711002390      -0.0163061973515667
1.0471975511965974     12.2904622775169852      0.0238518124970081      -0.0162996337839106
1.0471975511965974     12.4158751578998121      0.0235306468496675      -0.0162932753224880
1.0471975511965974     12.5412880382826391      0.0232153810703839      -0.0162871151922667
1.0471975511965974     12.6667009186654660      0.0229058282658818      -0.0162811464366936
1.0471975511965974     12.7921137990482929      0.0226018102669551      -0.0162753643584485
1.0471975511965974     12.9175266794311199      0.0223031577024041      -0.0162697638149468
1.0471975511965974     13.0429395598139468      0.0220097089721595      -0.0162643392059033
1.0471975511965974     13.1683524401967738      0.0217213090333894      -0.0162590840000219
1.0471975511965974     13.2937653205796007      0.0214378091762336      -0.0162539908492931
1.0471975511965974     13.4191782009624276      0.0211590657100826      -0.0162490515501914
1.0471975511965974     13.5445910813452546      0.0208849397720280      -0.0162442573407107
1.0471975511965974     13.6700039617280815      0.0206152956370451      -0.0162395990970798
1.0471975511965974     13.7954168421109085      0.0203500008232490      -0.0162350695580637
1.0471975511965974     13.9208297224937354      0.0200889275219758      -0.0162306634391168
1.0471975511965974     14.0462426028765623      0.0198319530388853      -0.0162263773529563
1.0471975511965974     14.1716554832593893      0.0195789607747465      -0.0162222086312727
1.0471975511965974     14.2970683636422162      0.0193298389452228      -0.0162181541941337
1.0471975511965974     14.4224812440250432      0.0190844799420070      -0.0162142108432707
1.0471975511965974     14.5478941244078701      0.0188427801219064      -0.0162103755847393
1.0471975511965974     14.6733070047906971      0.0186046391970091      -0.0162066452801300
1.0471975511965974     14.7987198851735240      0.0183699606274372      -0.0162030182029453
1.0471975511965974     14.9241327655563509      0.0181386529787781      -0.0161994925415743
1.0471975511965974     15.0495456459391779      0.0179106288670373      -0.0161960651887352
1.0471975511965974     15.1749585263220048      0.0176858036973243      -0.0161927313161398
1.0471975511965974     15.3003714067048318      0.0174640938990461      -0.0161894851663047
1.0471975511965974     15.4257842870876587      0.0172454175812419      -0.0161863218361365
1.0471975511965974     15.5511971674704856      0.0170296946602969      -0.0161832368194571
1.0471975511965974     15.6766100478533126      0.0168168469849859      -0.0161802268066920
    
1.3089969389957474     0.0000000000000000      -0.7713728489020434      -0.7823523278798608
1.3089969389957474     0.1254128803828261      -0.1101627189536626      -1.2360762501343323
1.3089969389957474     0.2508257607656522      0.3109718787868138      -0.7105130464654741
1.3089969389957474     0.3762386411484783      0.1805535605404874      -0.4962178690727990
1.3089969389957474     0.5016515215313043      0.1139425198589556      -0.4539719506130475
1.3089969389957474     0.6270644019141304      0.0861735078984433      -0.5701569339245129
1.3089969389957474     0.7524772822969564      0.3466166950601571      -0.5441079495054636
1.3089969389957474     0.8778901626797825      0.3148060188224444      -0.3184798153119587
1.3089969389957474     1.0033030430626086      0.2208789934347058      -0.3313580899754446
1.3089969389957474     1.1287159234454347      0.2738424405262667      -0.3338636612270962
1.3089969389957474     1.2541288038282608      0.2837206050735607      -0.3179720003223390
1.3089969389957474     1.3795416842110868      0.3517688520642810      -0.2804076399987299
1.3089969389957474     1.5049545645939129      0.3716804937192891      -0.1818469465461812
1.3089969389957474     1.6303674449767389      0.3292816371704621      -0.1112758139275240
1.3089969389957474     1.7557803253595650      0.2863509534032784      -0.0792642779264014
1.3089969389957474     1.8811932057423910      0.2539007567569537      -0.0635483420205479
1.3089969389957474     2.0066060861252173      0.2305337339625091      -0.0535460027285062
1.3089969389957474     2.1320189665080433      0.2109409354648192      -0.0445891998926882
1.3089969389957474     2.2574318468908694      0.1929514554509608      -0.0387743295476325
1.3089969389957474     2.3828447272736955      0.1790170830273745      -0.0354649319167655
1.3089969389957474     2.5082576076565215      0.1670130240032544      -0.0315604990264155
1.3089969389957474     2.6336704880393476      0.1560605909126151      -0.0288877103861256
1.3089969389957474     2.7590833684221736      0.1464393299243784      -0.0266806786936286
1.3089969389957474     2.8844962488049997      0.1378528757736741      -0.0250011787820327
1.3089969389957474     3.0099091291878257      0.1301200012545471      -0.0236840673163823
1.3089969389957474     3.1353220095706518      0.1232195883447810      -0.0227190176357196
1.3089969389957474     3.2607348899534778      0.1170504443840181      -0.0219539969687089
1.3089969389957474     3.3861477703363039      0.1114966504135455      -0.0213310923839172
1.3089969389957474     3.5115606507191299      0.1064632768137228      -0.0208066309368085
1.3089969389957474     3.6369735311019560      0.1018760858139257      -0.0203616266718021
1.3089969389957474     3.7623864114847820      0.0976762951191297      -0.0199776880998218
1.3089969389957474     3.8877992918676081      0.0938135779675903      -0.0196426734386002
1.3089969389957474     4.0132121722504346      0.0902468696903138      -0.0193480691905962
1.3089969389957474     4.1386250526332606      0.0869419072200732      -0.0190872055957815
1.3089969389957474     4.2640379330160867      0.0838697049597832      -0.0188546445204870
1.3089969389957474     4.3894508133989127      0.0810052992736875      -0.0186463078755941
1.3089969389957474     4.5148636937817388      0.0783276342582821      -0.0184589350396311
1.3089969389957474     4.6402765741645648      0.0758184105979946      -0.0182896239757100
1.3089969389957474     4.7656894545473909      0.0734615802648846      -0.0181360659138069
1.3089969389957474     4.8911023349302170      0.0712432360696714      -0.0179963967692273
1.3089969389957474     5.0165152153130430      0.0691511748370012      -0.0178689612054387
1.3089969389957474     5.1419280956958691      0.0671745552562705      -0.0177523237262914
1.3089969389957474     5.2673409760786951      0.0653037890742047      -0.0176453520476797
1.3089969389957474     5.3927538564615212      0.0635304247680131      -0.0175469816802811
1.3089969389957474     5.5181667368443472      0.0618468180747537      -0.0174562333393354
1.3089969389957474     5.6435796172271733      0.0602460803507117      -0.0173723251786442
1.3089969389957474     5.7689924976099993      0.0587220791362646      -0.0172945717169093
1.3089969389957474     5.8944053779928254      0.0572692283647335      -0.0172223280938991
1.3089969389957474     6.0198182583756514      0.0558824752083789      -0.0171550675804799
1.3089969389957474     6.1452311387584775      0.0545572165979830      -0.0170923343095516
1.3089969389957474     6.2706440191413035      0.0532893068762841      -0.0170337502319900
1.3089969389957474     6.3960568995241296      0.0520749639742223      -0.0169789560793405
1.3089969389957474     6.5214697799069556      0.0509107250032258      -0.0169276464775856
1.3089969389957474     6.6468826602897817      0.0497934522316127      -0.0168795668841735
1.3089969389957474     6.7722955406726077      0.0487202742968744      -0.0168344481319728
1.3089969389957474     6.8977084210554338      0.0476885346893434      -0.0167920620534704
1.3089969389957474     7.0231213014382599      0.0466958070782999      -0.0167521979052683
1.3089969389957474     7.1485341818210859      0.0457398480419971      -0.0167146457981253
1.3089969389957474     7.2739470622039120      0.0448185691766686      -0.0166792187775811
1.3089969389957474     7.3993599425867380      0.0439300440604917      -0.0166457480617692
1.3089969389957474     7.5247728229695641      0.0430724763829991      -0.0166140681865727
1.3089969389957474     7.6501857033523901      0.0422441817773253      -0.0165840431682895
1.3089969389957474     7.7755985837352162      0.0414436061421652      -0.0165555617044897
1.3089969389957474     7.9010114641180422      0.0406693065803148      -0.0165285181821161
1.3089969389957474     8.0264243445008692      0.0399199339073421      -0.0165028171216362
1.3089969389957474     8.1518372248836961      0.0391942330967832      -0.0164783769179517
1.3089969389957474     8.2772501052665231      0.0384910309777542      -0.0164551272843058
1.3089969389957474     8.4026629856493500      0.0378092442079073      -0.0164330073751188
1.3089969389957474     8.5280758660321769      0.0371478576011692      -0.0164119498990428
1.3089969389957474     8.6534887464150039      0.0365059214652589      -0.0163919012440031
1.3089969389957474     8.7789016267978308      0.0358825570414820      -0.0163728022035225
1.3089969389957474     8.9043145071806578      0.0352769324924529      -0.0163545828808567
1.3089969389957474     9.0297273875634847      0.0346882519481041      -0.0163371810492236
1.3089969389957474     9.1551402679463116      0.0341157706722205      -0.0163205427710082
1.3089969389957474     9.2805531483291386      0.0335587815176919      -0.0163046133353140
1.3089969389957474     9.4059660287119655      0.0330166144341162      -0.0162893460883594
1.3089969389957474     9.5313789090947925      0.0324886354295435      -0.0162746973994778
1.3089969389957474     9.6567917894776194      0.0319742406599952      -0.0162606318139283
1.3089969389957474     9.7822046698604463      0.0314728614850381      -0.0162471232625524
1.3089969389957474     9.9076175502432733      0.0309839649621650      -0.0162341508041420
1.3089969389957474     10.0330304306261002      0.0305070501371188      -0.0162216945715914
1.3089969389957474     10.1584433110089272      0.0300416454739000      -0.0162097372515722
1.3089969389957474     10.2838561913917541      0.0295873091465884      -0.0161982604776430
1.3089969389957474     10.4092690717745811      0.0291436235996191      -0.0161872433162563
1.3089969389957474     10.5346819521574080      0.0287101939880026      -0.0161766616892135
1.3089969389957474     10.6600948325402349      0.0282866424868327      -0.0161664871793586
1.3089969389957474     10.7855077129230619      0.0278726038782672      -0.0161566916545603
1.3089969389957474     10.9109205933058888      0.0274677287154362      -0.0161472514920724
1.3089969389957474     11.0363334736887158      0.0270716837622418      -0.0161381435573734
1.3089969389957474     11.1617463540715427      0.0266841488970180      -0.0161293462792901
1.3089969389957474     11.2871592344543696      0.0263048162797379      -0.0161208405002803
1.3089969389957474     11.4125721148371966      0.0259333898762803      -0.0161126117362556
1.3089969389957474     11.5379849952200235      0.0255695878888582      -0.0161046515088131
1.3089969389957474     11.6633978756028505      0.0252131448215815      -0.0160969538834576
1.3089969389957474     11.7888107559856774      0.0248638089999398      -0.0160895148835944
1.3089969389957474     11.9142236363685043      0.0245213441771289      -0.0160823321625824
1.3089969389957474     12.0396365167513313      0.0241855293664423      -0.0160754009681906
1.3089969389957474     12.1650493971341582      0.0238561542865653      -0.0160687122337668
1.3089969389957474     12.2904622775169852      0.0235330174251285      -0.0160622535952536
1.3089969389957474     12.4158751578998121      0.0232159222238372      -0.0160560099767011
1.3089969389957474     12.5412880382826391      0.0229046771116892      -0.0160499685968563
1.3089969389957474     12.6667009186654660      0.0225990995901855      -0.0160441173795707
1.3089969389957474     12.7921137990482929      0.0222990123977225      -0.0160384423940498
1.3089969389957474     12.9175266794311199      0.0220042417198415      -0.0160329317853657
1.3089969389957474     13.0429395598139468      0.0217146198107836      -0.0160275768446691
1.3089969389957474     13.1683524401967738      0.0214299849838646      -0.0160223708391578
1.3089969389957474     13.2937653205796007      0.0211501819309067      -0.0160173107631834
1.3089969389957474     13.4191782009624276      0.0208750641978315      -0.0160123952678823
1.3089969389957474     13.5445910813452546      0.0206044919014316      -0.0160076235196395
1.3089969389957474     13.6700039617280815      0.0203383336626485      -0.0160029960275552
1.3089969389957474     13.7954168421109085      0.0200764659345590      -0.0159985105438702
1.3089969389957474     13.9208297224937354      0.0198187694969707      -0.0159941627583221
1.3089969389957474     14.0462426028765623      0.0195651295272969      -0.0159899467849929
1.3089969389957474     14.1716554832593893      0.0193154340593076      -0.0159858555146465
1.3089969389957474     14.2970683636422162      0.0190695738636273      -0.0159818819375717
1.3089969389957474     14.4224812440250432      0.0188274430359852      -0.0159780194273659
1.3089969389957474     14.5478941244078701      0.0185889387067791      -0.0159742611886371
1.3089969389957474     14.6733070047906971      0.0183539608628203      -0.0159706008555340
1.3089969389957474     14.7987198851735240      0.0181224116481389      -0.0159670318805094
1.3089969389957474     14.9241327655563509      0.0178941945805043      -0.0159635493640193
1.3089969389957474     15.0495456459391779      0.0176692160333530      -0.0159601511287889
1.3089969389957474     15.1749585263220048      0.0174473866769194      -0.0159568371819183
1.3089969389957474     15.3003714067048318      0.0172286220226350      -0.0159536088233384
1.3089969389957474     15.4257842870876587      0.0170128424759775      -0.0159504674386398
1.3089969389957474     15.5511971674704856      0.0167999732036835      -0.0159474136555038
1.3089969389957474     15.6766100478533126      0.0165899429515494      -0.0159444460414355
    
1.5707963267948966     0.0000000000000000      -0.5101215323637526      -0.5808327690606702
1.5707963267948966     0.1254128803828261      -0.0006399651491873      -0.7425175985997057
1.5707963267948966     0.2508257607656522      0.1241792965459364      -0.3868774358578355
1.5707963267948966     0.3762386411484783      -0.0131283203949895      -0.2946227114871903
1.5707963267948966     0.5016515215313043      -0.0671296141936962      -0.3471574155033507
1.5707963267948966     0.6270644019141304      -0.0471826611357772      -0.4782856240180550
1.5707963267948966     0.7524772822969564      0.1588979700169153      -0.4634089493847562
1.5707963267948966     0.8778901626797825      0.1694979683865260      -0.3242543052088038
1.5707963267948966     1.0033030430626086      0.1127053937141676      -0.3206180105620618
1.5707963267948966     1.1287159234454347      0.1502533380444192      -0.3344898191416594
1.5707963267948966     1.2541288038282608      0.1737483455079284      -0.3619239209372079
1.5707963267948966     1.3795416842110868      0.3010238182172602      -0.3459091455324569
1.5707963267948966     1.5049545645939129      0.3532659733604223      -0.2085515364965201
1.5707963267948966     1.6303674449767389      0.3060978276216861      -0.1187932582590920
1.5707963267948966     1.7557803253595650      0.2608030226479198      -0.0824728116938372
1.5707963267948966     1.8811932057423910      0.2286367961007660      -0.0647035790158821
1.5707963267948966     2.0066060861252173      0.2066675276993966      -0.0517733708895618
1.5707963267948966     2.1320189665080433      0.1865020193155882      -0.0413251807170726
1.5707963267948966     2.2574318468908694      0.1686916753218523      -0.0353725582310670
1.5707963267948966     2.3828447272736955      0.1556464867018082      -0.0320087674411942
1.5707963267948966     2.5082576076565215      0.1445221424663619      -0.0278126174820436
1.5707963267948966     2.6336704880393476      0.1342598054239952      -0.0248842147021163
1.5707963267948966     2.7590833684221736      0.1252276531919005      -0.0226494003805049
1.5707963267948966     2.8844962488049997      0.1173001854107718      -0.0210117283127947
1.5707963267948966     3.0099091291878257      0.1102574843217405      -0.0197640707649609
1.5707963267948966     3.1353220095706518      0.1040345976942369      -0.0188475345791192
1.5707963267948966     3.2607348899534778      0.0985184202432028      -0.0181241086498277
1.5707963267948966     3.3861477703363039      0.0935823740613128      -0.0175317424685239
1.5707963267948966     3.5115606507191299      0.0891310033884524      -0.0170381782471197
1.5707963267948966     3.6369735311019560      0.0850959276550220      -0.0166229770155221
1.5707963267948966     3.7623864114847820      0.0814187588092680      -0.0162667739826447
1.5707963267948966     3.8877992918676081      0.0780509055507511      -0.0159582915913291
1.5707963267948966     4.0132121722504346      0.0749535188068814      -0.0156889307660466
1.5707963267948966     4.1386250526332606      0.0720938199171833      -0.0154516878851835
1.5707963267948966     4.2640379330160867      0.0694443317634000      -0.0152415663686344
1.5707963267948966     4.3894508133989127      0.0669819830576603      -0.0150542869436492
1.5707963267948966     4.5148636937817388      0.0646867626743428      -0.0148864381425785
1.5707963267948966     4.6402765741645648      0.0625415671426586      -0.0147354365255656
1.5707963267948966     4.7656894545473909      0.0605317593978041      -0.0145990776767618
1.5707963267948966     4.8911023349302170      0.0586445084632898      -0.0144754136011624
1.5707963267948966     5.0165152153130430      0.0568685256203270      -0.0143628818297042
1.5707963267948966     5.1419280956958691      0.0551939630412864      -0.0142602261706376
1.5707963267948966     5.2673409760786951      0.0536121632959865      -0.0141662597971826
1.5707963267948966     5.3927538564615212      0.0521153349630311      -0.0140799992076692
1.5707963267948966     5.5181667368443472      0.0506966201286521      -0.0140006610051688
1.5707963267948966     5.6435796172271733      0.0493499089993396      -0.0139274821626688
1.5707963267948966     5.7689924976099993      0.0480696593688925      -0.0138598129224099
1.5707963267948966     5.8944053779928254      0.0468509146872650      -0.0137971130885532
1.5707963267948966     6.0198182583756514      0.0456891905440809      -0.0137389034381645
1.5707963267948966     6.1452311387584775      0.0445804640051764      -0.0136847645680105
1.5707963267948966     6.2706440191413035      0.0435210535891128      -0.0136343156088207
1.5707963267948966     6.3960568995241296      0.0425076395250058      -0.0135872344964393
1.5707963267948966     6.5214697799069556      0.0415371901227542      -0.0135432144142650
1.5707963267948966     6.6468826602897817      0.0406069167572463      -0.0135019859752575
1.5707963267948966     6.7722955406726077      0.0397142769241823      -0.0134633327774772
1.5707963267948966     6.8977084210554338      0.0388569605653774      -0.0134270528724297
1.5707963267948966     7.0231213014382599      0.0380328411901687      -0.0133929436283470
1.5707963267948966     7.1485341818210859      0.0372399401184363      -0.0133608299720408
1.5707963267948966     7.2739470622039120      0.0364764485412533      -0.0133305617205074
1.5707963267948966     7.3993599425867380      0.0357406888622467      -0.0133019945123906
1.5707963267948966     7.5247728229695641      0.0350311060873597      -0.0132750050522652
1.5707963267948966     7.6501857033523901      0.0343462682267362      -0.0132494843753453
1.5707963267948966     7.7755985837352162      0.0336848451703108      -0.0132253267942302
1.5707963267948966     7.9010114641180422      0.0330456044173841      -0.0132024374048301
1.5707963267948966     8.0264243445008692      0.0324273940139995      -0.0131807221233995
1.5707963267948966     8.1518372248836961      0.0318291346913869      -0.0131601039981691
1.5707963267948966     8.2772501052665231      0.0312498322639573      -0.0131405114585731
1.5707963267948966     8.4026629856493500      0.0306885476064491      -0.0131218712376857
1.5707963267948966     8.5280758660321769      0.0301444073036545      -0.0131041285300166
1.5707963267948966     8.6534887464150039      0.0296165959175825      -0.0130872173972031
1.5707963267948966     8.7789016267978308      0.0291043356525840      -0.0130710852186246
1.5707963267948966     8.9043145071806578      0.0286069051201042      -0.0130556935936620
1.5707963267948966     9.0297273875634847      0.0281236375997548      -0.0130409991324018
1.5707963267948966     9.1551402679463116      0.0276538952886327      -0.0130269538088919
1.5707963267948966     9.2805531483291386      0.0271970773811244      -0.0130135223099423
1.5707963267948966     9.4059660287119655      0.0267526199011253      -0.0130006699875133
1.5707963267948966     9.5313789090947925      0.0263199929166819      -0.0129883688163563
1.5707963267948966     9.6567917894776194      0.0258987014163664      -0.0129765875760804
1.5707963267948966     9.7822046698604463      0.0254882728166293      -0.0129652922651375
1.5707963267948966     9.9076175502432733      0.0250882567457617      -0.0129544564897240
1.5707963267948966     10.0330304306261002      0.0246982315982185      -0.0129440555627763
1.5707963267948966     10.1584433110089272      0.0243177963790406      -0.0129340645087809
1.5707963267948966     10.2838561913917541      0.0239465707228746      -0.0129244604950100
1.5707963267948966     10.4092690717745811      0.0235841926063739      -0.0129152222809492
1.5707963267948966     10.5346819521574080      0.0232303178809871      -0.0129063322264603
1.5707963267948966     10.6600948325402349      0.0228846223703184      -0.0128977753339302
1.5707963267948966     10.7855077129230619      0.0225467989909571      -0.0128895349706427
1.5707963267948966     10.9109205933058888      0.0222165533295569      -0.0128815958917996
1.5707963267948966     11.0363334736887158      0.0218936066597395      -0.0128739461777297
1.5707963267948966     11.1617463540715427      0.0215776951192906      -0.0128665740367029
1.5707963267948966     11.2871592344543696      0.0212685685459264      -0.0128594677314318
1.5707963267948966     11.4125721148371966      0.0209659886184142      -0.0128526144127778
1.5707963267948966     11.5379849952200235      0.0206697268762453      -0.0128460016454651
1.5707963267948966     11.6633978756028505      0.0203795658159087      -0.0128396176923011
1.5707963267948966     11.7888107559856774      0.0200952970076940      -0.0128334498594401
1.5707963267948966     11.9142236363685043      0.0198167197731192      -0.0128274866043131
1.5707963267948966     12.0396365167513313      0.0195436414689517      -0.0128217177952482
1.5707963267948966     12.1650493971341582      0.0192758782586903      -0.0128161347381546
1.5707963267948966     12.2904622775169852      0.0190132535757336      -0.0128107299222446
1.5707963267948966     12.4158751578998121      0.0187556002394830      -0.0128054971584948
1.5707963267948966     12.5412880382826391      0.0185027586018019      -0.0128004293187459
1.5707963267948966     12.6667009186654660      0.0182545742541911      -0.0127955191419994
1.5707963267948966     12.7921137990482929      0.0180108993510494      -0.0127907619890494
1.5707963267948966     12.9175266794311199      0.0177715941334241      -0.0127861526124488
1.5707963267948966     13.0429395598139468      0.0175365235177090      -0.0127816851817304
1.5707963267948966     13.1683524401967738      0.0173055583238476      -0.0127773550795873
1.5707963267948966     13.2937653205796007      0.0170785748979873      -0.0127731564197896
1.5707963267948966     13.4191782009624276      0.0168554530410449      -0.0127690844431103
1.5707963267948966     13.5445910813452546      0.0166360791568413      -0.0127651349858284
1.5707963267948966     13.6700039617280815      0.0164203436052882      -0.0127613022695066
1.5707963267948966     13.7954168421109085      0.0162081398700272      -0.0127575809000472
1.5707963267948966     13.9208297224937354      0.0159993652531355      -0.0127539661646308
1.5707963267948966     14.0462426028765623      0.0157939209144193      -0.0127504536137451
1.5707963267948966     14.1716554832593893      0.0155917115544231      -0.0127470393012453
1.5707963267948966     14.2970683636422162      0.0153926457782641      -0.0127437191799650
1.5707963267948966     14.4224812440250432      0.0151966348462582      -0.0127404889410086
1.5707963267948966     14.5478941244078701      0.0150035925532292      -0.0127373450380180
1.5707963267948966     14.6733070047906971      0.0148134357063554      -0.0127342846307556
1.5707963267948966     14.7987198851735240      0.0146260840473582      -0.0127313060456624
1.5707963267948966     14.9241327655563509      0.0144414615332056      -0.0127284081720246
1.5707963267948966     15.0495456459391779      0.0142594953765618      -0.0127255891924815
1.5707963267948966     15.1749585263220048      0.0140801155931860      -0.0127228472078200
1.5707963267948966     15.3003714067048318      0.0139032548487598      -0.0127201793348131
1.5707963267948966     15.4257842870876587      0.0137288473594800      -0.0127175824094136
1.5707963267948966     15.5511971674704856      0.0135568292540197      -0.0127150536059256
1.5707963267948966     15.6766100478533126      0.0133871388041021      -0.0127125898994122
    
1.8325957145940457     0.0000000000000000      -0.4405590184268473      -0.5593625437278920
1.8325957145940457     0.1254128803828261      0.0503626095424347      -0.6058237260572199
1.8325957145940457     0.2508257607656522      0.0393170558645785      -0.3328544025357665
1.8325957145940457     0.3762386411484783      -0.0165198184404303      -0.3609396099900694
1.8325957145940457     0.5016515215313043      0.0613838598468472      -0.3273414668660751
1.8325957145940457     0.6270644019141304      0.0298860234794638      -0.3001986062429569
1.8325957145940457     0.7524772822969564      0.0694550917657495      -0.2979466834094270
1.8325957145940457     0.8778901626797825      0.0460978645285936      -0.2557234906463958
1.8325957145940457     1.0033030430626086      0.0115616170904337      -0.3126071458072923
1.8325957145940457     1.1287159234454347      0.0793185356256895      -0.3271335083540136
1.8325957145940457     1.2541288038282608      0.0743484997746422      -0.3727559366077135
1.8325957145940457     1.3795416842110868      0.2427064077051113      -0.4309327163933986
1.8325957145940457     1.5049545645939129      0.3637455238958147      -0.2552511318971402
1.8325957145940457     1.6303674449767389      0.3121099739262770      -0.1341835789189643
1.8325957145940457     1.7557803253595650      0.2601240386586407      -0.0903919225546162
1.8325957145940457     1.8811932057423910      0.2264130933483904      -0.0712065061481522
1.8325957145940457     2.0066060861252173      0.2049294802425900      -0.0547207580031423
1.8325957145940457     2.1320189665080433      0.1833349411542687      -0.0425692180038120
1.8325957145940457     2.2574318468908694      0.1650327458280959      -0.0355186083251271
1.8325957145940457     2.3828447272736955      0.1512837838882474      -0.0315679184619474
1.8325957145940457     2.5082576076565215      0.1399233842699650      -0.0270038692227805
1.8325957145940457     2.6336704880393476      0.1292956782440029      -0.0238766633184374
1.8325957145940457     2.7590833684221736      0.1201728105361790      -0.0216681668808146
1.8325957145940457     2.8844962488049997      0.1122573696908294      -0.0200150455529727
1.8325957145940457     3.0099091291878257      0.1052844978834630      -0.0187675854896284
1.8325957145940457     3.1353220095706518      0.0991538936077894      -0.0178380782895506
1.8325957145940457     3.2607348899534778      0.0937378340081755      -0.0171087722585672
1.8325957145940457     3.3861477703363039      0.0889106351433415      -0.0165096202392871
1.8325957145940457     3.5115606507191299      0.0845684725935865      -0.0160134961184182
1.8325957145940457     3.6369735311019560      0.0806443750402992      -0.0155982146857699
1.8325957145940457     3.7623864114847820      0.0770776152721026      -0.0152426890653261
1.8325957145940457     3.8877992918676081      0.0738181536623026      -0.0149360728534864
1.8325957145940457     4.0132121722504346      0.0708266914124672      -0.0146692688948913
1.8325957145940457     4.1386250526332606      0.0680701373489785      -0.0144353247510316
1.8325957145940457     4.2640379330160867      0.0655208094100492      -0.0142286437826182
1.8325957145940457     4.3894508133989127      0.0631552011870028      -0.0140450943200482
1.8325957145940457     4.5148636937817388      0.0609535727573205      -0.0138812750193550
1.8325957145940457     4.6402765741645648      0.0588989178863670      -0.0137342970493159
1.8325957145940457     4.7656894545473909      0.0569764729761769      -0.0136017983754328
1.8325957145940457     4.8911023349302170      0.0551734338854222      -0.0134819050807863
1.8325957145940457     5.0165152153130430      0.0534787118269952      -0.0133730064595769
1.8325957145940457     5.1419280956958691      0.0518824807723553      -0.0132736668892896
1.8325957145940457     5.2673409760786951      0.0503760359133851      -0.0131827964253743
1.8325957145940457     5.3927538564615212      0.0489517719693826      -0.0130994680020473
1.8325957145940457     5.5181667368443472      0.0476029078191493      -0.0130228521224084
1.8325957145940457     5.6435796172271733      0.0463233986877461      -0.0129522759221829
1.8325957145940457     5.7689924976099993      0.0451078745862505      -0.0128871392301363
1.8325957145940457     5.8944053779928254      0.0439515050516924      -0.0128269182304718
1.8325957145940457     6.0198182583756514      0.0428499719441133      -0.0127711429765934
1.8325957145940457     6.1452311387584775      0.0417993504436073      -0.0127193822008211
1.8325957145940457     6.2706440191413035      0.0407961077337793      -0.0126712552297214
1.8325957145940457     6.3960568995241296      0.0398370085130634      -0.0126264029726385
1.8325957145940457     6.5214697799069556      0.0389191034349291      -0.0125845213280873
1.8325957145940457     6.6468826602897817      0.0380397143854674      -0.0125453344852227
1.8325957145940457     6.7722955406726077      0.0371963673980821      -0.0125085760190837
1.8325957145940457     6.8977084210554338      0.0363867771155468      -0.0124740318031804
1.8325957145940457     7.0231213014382599      0.0356088476822636      -0.0124415318651623
1.8325957145940457     7.1485341818210859      0.0348606765749892      -0.0124109337466457
1.8325957145940457     7.2739470622039120      0.0341405152397673      -0.0123820966992777
1.8325957145940457     7.3993599425867380      0.0334467451002448      -0.0123548977491960
1.8325957145940457     7.5247728229695641      0.0327778841444423      -0.0123292328006893
1.8325957145940457     7.6501857033523901      0.0321325668880179      -0.0123049906353638
1.8325957145940457     7.7755985837352162      0.0315095166573361      -0.0122820713880334
1.8325957145940457     7.9010114641180422      0.0309075544385397      -0.0122603873182217
1.8325957145940457     8.0264243445008692      0.0303255882545076      -0.0122398488068957
1.8325957145940457     8.1518372248836961      0.0297625977336296      -0.0122203716898815
1.8325957145940457     8.2772501052665231      0.0292176286314528      -0.0122018701382562
1.8325957145940457     8.4026629856493500      0.0286897800621320      -0.0121842643875678
1.8325957145940457     8.5280758660321769      0.0281782002011930      -0.0121674869720907
1.8325957145940457     8.6534887464150039      0.0276820963937905      -0.0121514889753257
1.8325957145940457     8.7789016267978308      0.0272007321814702      -0.0121362192011724
1.8325957145940457     8.9043145071806578      0.0267334092213292      -0.0121216316692960
1.8325957145940457     9.0297273875634847      0.0262794709256277      -0.0121076930939319
1.8325957145940457     9.1551402679463116      0.0258383109408434      -0.0120943804825583
1.8325957145940457     9.2805531483291386      0.0254093670791736      -0.0120816653991450
1.8325957145940457     9.4059660287119655      0.0249921100888823      -0.0120695177556809
1.8325957145940457     9.5313789090947925      0.0245860400098995      -0.0120579066959317
1.8325957145940457     9.6567917894776194      0.0241906864580832      -0.0120468040022313
1.8325957145940457     9.7822046698604463      0.0238056077103892      -0.0120361802809185
1.8325957145940457     9.9076175502432733      0.0234303858684095      -0.0120260010190633
1.8325957145940457     10.0330304306261002      0.0230646164298992      -0.0120162307851502
1.8325957145940457     10.1584433110089272      0.0227079124519142      -0.0120068426920273
1.8325957145940457     10.2838561913917541      0.0223599086003553      -0.0119978130374989
1.8325957145940457     10.4092690717745811      0.0220202559488678      -0.0119891216092780
1.8325957145940457     10.5346819521574080      0.0216886252377384      -0.0119807532443132
1.8325957145940457     10.6600948325402349      0.0213647045232387      -0.0119726944550930
1.8325957145940457     10.7855077129230619      0.0210482003257398      -0.0119649361038359
1.8325957145940457     10.9109205933058888      0.0207388374999297      -0.0119574669330935
1.8325957145940457     11.0363334736887158      0.0204363523551799      -0.0119502751884245
1.8325957145940457     11.1617463540715427      0.0201404960448934      -0.0119433522722515
1.8325957145940457     11.2871592344543696      0.0198510345082265      -0.0119366878061074
1.8325957145940457     11.4125721148371966      0.0195677451906757      -0.0119302692409168
1.8325957145940457     11.5379849952200235      0.0192904144868198      -0.0119240820553297
1.8325957145940457     11.6633978756028505      0.0190188368518287      -0.0119181118369768
1.8325957145940457     11.7888107559856774      0.0187528145291937      -0.0119123445260104
1.8325957145940457     11.9142236363685043      0.0184921571788187      -0.0119067665653010
1.8325957145940457     12.0396365167513313      0.0182366804872872      -0.0119013652796270
1.8325957145940457     12.1650493971341582      0.0179862060588759      -0.0118961317461999
1.8325957145940457     12.2904622775169852      0.0177405648837391      -0.0118910597840770
1.8325957145940457     12.4158751578998121      0.0174995949706248      -0.0118861444063583
1.8325957145940457     12.5412880382826391      0.0172631425378361      -0.0118813833624789
1.8325957145940457     12.6667009186654660      0.0170310631075156      -0.0118767752120697
1.8325957145940457     12.7921137990482929      0.0168032198532575      -0.0118723176726863
1.8325957145940457     12.9175266794311199      0.0165794833976463      -0.0118680083211870
1.8325957145940457     13.0429395598139468      0.0163597316127478      -0.0118638423693032
1.8325957145940457     13.1683524401967738      0.0161438466928773      -0.0118598123323319
1.8325957145940457     13.2937653205796007      0.0159317142658947      -0.0118559095414586
1.8325957145940457     13.4191782009624276      0.0157232229132303      -0.0118521238898066
1.8325957145940457     13.5445910813452546      0.0155182620539119      -0.0118484453656444
1.8325957145940457     13.6700039617280815      0.0153167230795707      -0.0118448666904040
1.8325957145940457     13.7954168421109085      0.0151185017847802      -0.0118413833378253
1.8325957145940457     13.9208297224937354      0.0149234983733988      -0.0118379915426089
1.8325957145940457     14.0462426028765623      0.0147316165235574      -0.0118346886867278
1.8325957145940457     14.1716554832593893      0.0145427638265250      -0.0118314736822987
1.8325957145940457     14.2970683636422162      0.0143568522595170      -0.0118283470489848
1.8325957145940457     14.4224812440250432      0.0141737992621237      -0.0118253100666266
1.8325957145940457     14.5478941244078701      0.0139935273759323      -0.0118223632402272
1.8325957145940457     14.6733070047906971      0.0138159633453261      -0.0118195055007815
1.8325957145940457     14.7987198851735240      0.0136410368633557      -0.0118167337409165
1.8325957145940457     14.9241327655563509      0.0134686795375565      -0.0118140433358173
1.8325957145940457     15.0495456459391779      0.0132988242020683      -0.0118114284343588
1.8325957145940457     15.1749585263220048      0.0131314042551459      -0.0118088827427674
1.8325957145940457     15.3003714067048318      0.0129663539430099      -0.0118064007430106
1.8325957145940457     15.4257842870876587      0.0128036087420365      -0.0118039772954861
1.8325957145940457     15.5511971674704856      0.0126431048048992      -0.0118016083267842
1.8325957145940457     15.6766100478533126      0.0124847795833485      -0.0117992916367928
    
2.0943951023931957     0.0000000000000000      -0.6286843789721224      -0.8177280890384248
2.0943951023931957     0.1254128803828261      0.1164150255206603      -1.0258137913658778
2.0943951023931957     0.2508257607656522      0.2913276902493874      -0.5399615710499417
2.0943951023931957     0.3762386411484783      0.2059795265766280      -0.4402428642696308
2.0943951023931957     0.5016515215313043      0.2697559839880021      -0.3368002934670868
2.0943951023931957     0.6270644019141304      0.1870380076775466      -0.2221324203695628
2.0943951023931957     0.7524772822969564      0.1361364295085660      -0.2125788994999310
2.0943951023931957     0.8778901626797825      0.0731770766884484      -0.1898671609157797
2.0943951023931957     1.0033030430626086      0.0112380929293498      -0.2570276359851982
2.0943951023931957     1.1287159234454347      0.0375399557316020      -0.3185497895250080
2.0943951023931957     1.2541288038282608      0.0679470198619906      -0.4035568620629027
2.0943951023931957     1.3795416842110868      0.2550265962697211      -0.4698631867580445
2.0943951023931957     1.5049545645939129      0.3980644410304411      -0.2770279197617674
2.0943951023931957     1.6303674449767389      0.3418756118581351      -0.1435137037322493
2.0943951023931957     1.7557803253595650      0.2848137736935586      -0.0968455857109369
2.0943951023931957     1.8811932057423910      0.2490264507373335      -0.0778929270348602
2.0943951023931957     2.0066060861252173      0.2268656081246573      -0.0600027806242527
2.0943951023931957     2.1320189665080433      0.2037432801111211      -0.0471004553342055
2.0943951023931957     2.2574318468908694      0.1843812260384121      -0.0393244873026006
2.0943951023931957     2.3828447272736955      0.1692702989614644      -0.0348894315534858
2.0943951023931957     2.5082576076565215      0.1568626160531327      -0.0301008837188050
2.0943951023931957     2.6336704880393476      0.1452322660737161      -0.0268528981608375
2.0943951023931957     2.7590833684221736      0.1353448856746459      -0.0245923100950169
2.0943951023931957     2.8844962488049997      0.1267359313080453      -0.0228498639263387
2.0943951023931957     3.0099091291878257      0.1191330020964609      -0.0215324457476893
2.0943951023931957     3.1353220095706518      0.1124247179749827      -0.0205398822237118
2.0943951023931957     3.2607348899534778      0.1064756229458939      -0.0197605349135546
2.0943951023931957     3.3861477703363039      0.1011598095346502      -0.0191184451658476
2.0943951023931957     3.5115606507191299      0.0963651717430292      -0.0185862239525773
2.0943951023931957     3.6369735311019560      0.0920225114738704      -0.0181396284761725
2.0943951023931957     3.7623864114847820      0.0880663341605590      -0.0177557715951956
2.0943951023931957     3.8877992918676081      0.0844431327719141      -0.0174239531644830
2.0943951023931957     4.0132121722504346      0.0811113592552917      -0.0171344867906741
2.0943951023931957     4.1386250526332606      0.0780353330343022      -0.0168798089289255
2.0943951023931957     4.2640379330160867      0.0751854239968591      -0.0166543567416807
2.0943951023931957     4.3894508133989127      0.0725365570890622      -0.0164535089440957
2.0943951023931957     4.5148636937817388      0.0700672326380091      -0.0162736216057102
2.0943951023931957     4.6402765741645648      0.0677589948801880      -0.0161117907028480
2.0943951023931957     4.7656894545473909      0.0655960089708729      -0.0159657018220415
2.0943951023931957     4.8911023349302170      0.0635645326557234      -0.0158332778536171
2.0943951023931957     5.0165152153130430      0.0616524275347075      -0.0157128143586068
2.0943951023931957     5.1419280956958691      0.0598491196856564      -0.0156029714976019
2.0943951023931957     5.2673409760786951      0.0581453319436333      -0.0155024998177484
2.0943951023931957     5.3927538564615212      0.0565327715983316      -0.0154103023036756
2.0943951023931957     5.5181667368443472      0.0550040348613661      -0.0153254834191027
2.0943951023931957     5.6435796172271733      0.0535525499258272      -0.0152472445741141
2.0943951023931957     5.7689924976099993      0.0521723864328737      -0.0151749075680448
2.0943951023931957     5.8944053779928254      0.0508582484909338      -0.0151078679844627
2.0943951023931957     6.0198182583756514      0.0496053165275507      -0.0150455889353301
2.0943951023931957     6.1452311387584775      0.0484092425877122      -0.0149876284584348
2.0943951023931957     6.2706440191413035      0.0472660885109207      -0.0149335929284465
2.0943951023931957     6.3960568995241296      0.0461722789297771      -0.0148831479945683
2.0943951023931957     6.5214697799069556      0.0451245826147553      -0.0148359850029890
2.0943951023931957     6.6468826602897817      0.0441200100867051      -0.0147918092954748
2.0943951023931957     6.7722955406726077      0.0431558435171159      -0.0147504137343662
2.0943951023931957     6.8977084210554338      0.0422296295661637      -0.0147115745987203
2.0943951023931957     7.0231213014382599      0.0413390924763654      -0.0146750723663125
2.0943951023931957     7.1485341818210859      0.0404821250092228      -0.0146407092800759
2.0943951023931957     7.2739470622039120      0.0396567765507259      -0.0146083166766522
2.0943951023931957     7.3993599425867380      0.0388612573706714      -0.0145777450141437
2.0943951023931957     7.5247728229695641      0.0380939037946244      -0.0145488440985076
2.0943951023931957     7.6501857033523901      0.0373531620868516      -0.0145214946501476
2.0943951023931957     7.7755985837352162      0.0366376083149144      -0.0144955885366254
2.0943951023931957     7.9010114641180422      0.0359459092404973      -0.0144710180443936
2.0943951023931957     8.0264243445008692      0.0352768244020959      -0.0144476969987854
2.0943951023931957     8.1518372248836961      0.0346292012419219      -0.0144255396873143
2.0943951023931957     8.2772501052665231      0.0340019565954584      -0.0144044771829676
2.0943951023931957     8.4026629856493500      0.0333940945444343      -0.0143844523768512
2.0943951023931957     8.5280758660321769      0.0328046900223299      -0.0143653992230075
2.0943951023931957     8.6534887464150039      0.0322328660250897      -0.0143472514010267
2.0943951023931957     8.7789016267978308      0.0316777988820428      -0.0143299553747351
2.0943951023931957     8.9043145071806578      0.0311387226818024      -0.0143134624783974
2.0943951023931957     9.0297273875634847      0.0306149207367594      -0.0142977194327942
2.0943951023931957     9.1551402679463116      0.0301057103084615      -0.0142826698052238
2.0943951023931957     9.2805531483291386      0.0296104415586185      -0.0142682694747302
2.0943951023931957     9.4059660287119655      0.0291285060352158      -0.0142544804812939
2.0943951023931957     9.5313789090947925      0.0286593317274740      -0.0142412672181465
2.0943951023931957     9.6567917894776194      0.0282023759566932      -0.0142285951849622
2.0943951023931957     9.7822046698604463      0.0277571252298374      -0.0142164361174329
2.0943951023931957     9.9076175502432733      0.0273230944296282      -0.0142047656005222
2.0943951023931957     10.0330304306261002      0.0268998298233483      -0.0141935663569247
2.0943951023931957     10.1584433110089272      0.0264869069593118      -0.0141828141468171
2.0943951023931957     10.2838561913917541      0.0260839178368994      -0.0141724861763440
2.0943951023931957     10.4092690717745811      0.0256904790647667      -0.0141625634772045
2.0943951023931957     10.5346819521574080      0.0253062277500562      -0.0141530234583460
2.0943951023931957     10.6600948325402349      0.0249308160633462      -0.0141438443126884
2.0943951023931957     10.7855077129230619      0.0245639122769573      -0.0141350060634441
2.0943951023931957     10.9109205933058888      0.0242052002815316      -0.0141264915378420
2.0943951023931957     11.0363334736887158      0.0238543817371545      -0.0141182846000434
2.0943951023931957     11.1617463540715427      0.0235111707230877      -0.0141103667498333
2.0943951023931957     11.2871592344543696      0.0231752913219584      -0.0141027227862750
2.0943951023931957     11.4125721148371966      0.0228464811901394      -0.0140953415079185
2.0943951023931957     11.5379849952200235      0.0225244924619428      -0.0140882134332463
2.0943951023931957     11.6633978756028505      0.0222090894013681      -0.0140813284576389
2.0943951023931957     11.7888107559856774      0.0219000471064508      -0.0140746771037302
2.0943951023931957     11.9142236363685043      0.0215971502747371      -0.0140682504465464
2.0943951023931957     12.0396365167513313      0.0213001946812781      -0.0140620414844377
2.0943951023931957     12.1650493971341582      0.0210089868489396      -0.0140560413724347
2.0943951023931957     12.2904622775169852      0.0207233402618407      -0.0140502411523960
2.0943951023931957     12.4158751578998121      0.0204430775536272      -0.0140446315941167
2.0943951023931957     12.5412880382826391      0.0201680280626093      -0.0140392019885502
2.0943951023931957     12.6667009186654660      0.0198980260828264      -0.0140339416078932
2.0943951023931957     12.7921137990482929      0.0196329115384032      -0.0140288409218413
2.0943951023931957     12.9175266794311199      0.0193725299276257      -0.0140238915722548
2.0943951023931957     13.0429395598139468      0.0191167322442525      -0.0140190870104118
2.0943951023931957     13.1683524401967738      0.0188653758093134      -0.0140144223132239
2.0943951023931957     13.2937653205796007      0.0186183239288258      -0.0140098937905710
2.0943951023931957     13.4191782009624276      0.0183754465508854      -0.0140054993647602
2.0943951023931957     13.5445910813452546      0.0181366207994658      -0.0140012367337593
2.0943951023931957     13.6700039617280815      0.0179017295395643      -0.0139971022460394
2.0943951023931957     13.7954168421109085      0.0176706594957860      -0.0139930911917246
2.0943951023931957     13.9208297224937354      0.0174433012089592      -0.0139891991031195
2.0943951023931957     14.0462426028765623      0.0172195497342931      -0.0139854217498049
2.0943951023931957     14.1716554832593893      0.0169993043248673      -0.0139817542971582
2.0943951023931957     14.2970683636422162      0.0167824675463226      -0.0139781909240672
2.0943951023931957     14.4224812440250432      0.0165689443869625      -0.0139747253085848
2.0943951023931957     14.5478941244078701      0.0163586414169853      -0.0139713515885281
2.0943951023931957     14.6733070047906971      0.0161514676534574      -0.0139680656892801
2.0943951023931957     14.7987198851735240      0.0159473358764851      -0.0139648647287423
2.0943951023931957     14.9241327655563509      0.0157461618172918      -0.0139617465095269
2.0943951023931957     15.0495456459391779      0.0155478649686716      -0.0139587098047395
2.0943951023931957     15.1749585263220048      0.0153523682732211      -0.0139557534075669
2.0943951023931957     15.3003714067048318      0.0151595979149559      -0.0139528762607050
2.0943951023931957     15.4257842870876587      0.0149694830535638      -0.0139500769932599
2.0943951023931957     15.5511971674704856      0.0147819558585170      -0.0139473542037839
2.0943951023931957     15.6766100478533126      0.0145969513376168      -0.0139447056094272
    
2.3561944901923448     0.0000000000000000      -0.5840354606253142      -0.7911517618686277
2.3561944901923448     0.1254128803828261      0.1359835462175516      -0.8912647283213787
2.3561944901923448     0.2508257607656522      0.1830633853376023      -0.4550046982529849
2.3561944901923448     0.3762386411484783      0.0692306282242736      -0.4197898281692986
2.3561944901923448     0.5016515215313043      0.1190152042322061      -0.4089654143968460
2.3561944901923448     0.6270644019141304      0.1247986436271541      -0.4093524424450685
2.3561944901923448     0.7524772822969564      0.2087916262314012      -0.3585295832842377
2.3561944901923448     0.8778901626797825      0.1984865859580033      -0.2649424952641265
2.3561944901923448     1.0033030430626086      0.1339287389904517      -0.2382127652117516
2.3561944901923448     1.1287159234454347      0.1060689171471768      -0.2638945844369506
2.3561944901923448     1.2541288038282608      0.1021005705302032      -0.3358299007441152
2.3561944901923448     1.3795416842110868      0.2449885528492951      -0.4087013660770190
2.3561944901923448     1.5049545645939129      0.3729838774236739      -0.2487294389429275
2.3561944901923448     1.6303674449767389      0.3240501425307202      -0.1318836467406461
2.3561944901923448     1.7557803253595650      0.2731914498208387      -0.0901390220716068
2.3561944901923448     1.8811932057423910      0.2398116930644238      -0.0722103967155673
2.3561944901923448     2.0066060861252173      0.2184489123803532      -0.0566515130829456
2.3561944901923448     2.1320189665080433      0.1969898517580736      -0.0449984560021082
2.3561944901923448     2.2574318468908694      0.1785495141194765      -0.0382082617467046
2.3561944901923448     2.3828447272736955      0.1647329542856278      -0.0343845561205070
2.3561944901923448     2.5082576076565215      0.1531368493979033      -0.0297248492750654
2.3561944901923448     2.6336704880393476      0.1421684786337385      -0.0265394224472749
2.3561944901923448     2.7590833684221736      0.1326804146506209      -0.0242350695870848
2.3561944901923448     2.8844962488049997      0.1243570677775937      -0.0224943720558741
2.3561944901923448     3.0099091291878257      0.1169713446686377      -0.0211949562509782
2.3561944901923448     3.1353220095706518      0.1104482849922239      -0.0202296544436040
2.3561944901923448     3.2607348899534778      0.1046599066844928      -0.0194716879183294
2.3561944901923448     3.3861477703363039      0.0994799496787299      -0.0188492619367845
2.3561944901923448     3.5115606507191299      0.0948041169601785      -0.0183330461502365
2.3561944901923448     3.6369735311019560      0.0905644980897630      -0.0178998630130664
2.3561944901923448     3.7623864114847820      0.0866990930258303      -0.0175278281795920
2.3561944901923448     3.8877992918676081      0.0831566182171356      -0.0172057758103760
2.3561944901923448     4.0132121722504346      0.0798966519225694      -0.0169243982101811
2.3561944901923448     4.1386250526332606      0.0768849865466883      -0.0166766323482942
2.3561944901923448     4.2640379330160867      0.0740930538120346      -0.0164569142218558
2.3561944901923448     4.3894508133989127      0.0714965063076064      -0.0162609424536646
2.3561944901923448     4.5148636937817388      0.0690746904965601      -0.0160853396795667
2.3561944901923448     4.6402765741645648      0.0668099328860089      -0.0159272417575801
2.3561944901923448     4.7656894545473909      0.0646867622392557      -0.0157842501140998
2.3561944901923448     4.8911023349302170      0.0626917701720813      -0.0156545663275198
2.3561944901923448     5.0165152153130430      0.0608133916572691      -0.0155365890881367
2.3561944901923448     5.1419280956958691      0.0590413435430631      -0.0154288453019043
2.3561944901923448     5.2673409760786951      0.0573664891316039      -0.0153302050889694
2.3561944901923448     5.3927538564615212      0.0557808414299891      -0.0152396903358919
2.3561944901923448     5.5181667368443472      0.0542772511756071      -0.0151563727961269
2.3561944901923448     5.6435796172271733      0.0528492938066437      -0.0150794909726416
2.3561944901923448     5.7689924976099993      0.0514912256866235      -0.0150083509643027
2.3561944901923448     5.8944053779928254      0.0501978321756879      -0.0149423602659646
2.3561944901923448     6.0198182583756514      0.0489644245051607      -0.0148810328827808
2.3561944901923448     6.1452311387584775      0.0477867742273455      -0.0148239281779581
2.3561944901923448     6.2706440191413035      0.0466610348774047      -0.0147706536365664
2.3561944901923448     6.3960568995241296      0.0455837004859924      -0.0147208769041408
2.3561944901923448     6.5214697799069556      0.0445515804389649      -0.0146743197223095
2.3561944901923448     6.6468826602897817      0.0435618070301726      -0.0146307449350423
2.3561944901923448     6.7722955406726077      0.0426117492664573      -0.0145898800858424
2.3561944901923448     6.8977084210554338      0.0416989534391131      -0.0145514985978177
2.3561944901923448     7.0231213014382599      0.0408211786525010      -0.0145154226179572
2.3561944901923448     7.1485341818210859      0.0399763899794344      -0.0144814812707056
2.3561944901923448     7.2739470622039120      0.0391626991096124      -0.0144494901869140
2.3561944901923448     7.3993599425867380      0.0383783437620016      -0.0144192935381890
2.3561944901923448     7.5247728229695641      0.0376216974615430      -0.0143907450917283
2.3561944901923448     7.6501857033523901      0.0368912400290382      -0.0143637151785438
2.3561944901923448     7.7755985837352162      0.0361855605574222      -0.0143380937354870
2.3561944901923448     7.9010114641180422      0.0355033490171021      -0.0143137813776820
2.3561944901923448     8.0264243445008692      0.0348433829551569      -0.0142906931087927
2.3561944901923448     8.1518372248836961      0.0342045326758167      -0.0142687577006786
2.3561944901923448     8.2772501052665231      0.0335857475903951      -0.0142479012455102
2.3561944901923448     8.4026629856493500      0.0329860402406298      -0.0142280576958011
2.3561944901923448     8.5280758660321769      0.0324044907895044      -0.0142091738181867
2.3561944901923448     8.6534887464150039      0.0318402498926230      -0.0141911973268709
2.3561944901923448     8.7789016267978308      0.0312925217262598      -0.0141740681054808
2.3561944901923448     8.9043145071806578      0.0307605506679990      -0.0141577246049163
2.3561944901923448     9.0297273875634847      0.0302436195100711      -0.0141421148701086
2.3561944901923448     9.1551402679463116      0.0297410598247054      -0.0141271970509827
2.3561944901923448     9.2805531483291386      0.0292522433570662      -0.0141129213318783
2.3561944901923448     9.4059660287119655      0.0287765686394403      -0.0140992435671213
2.3561944901923448     9.5313789090947925      0.0283134661938921      -0.0140861266067186
2.3561944901923448     9.6567917894776194      0.0278623989257250      -0.0140735414225580
2.3561944901923448     9.7822046698604463      0.0274228620498578      -0.0140614636451367
2.3561944901923448     9.9076175502432733      0.0269943826589172      -0.0140498712001256
2.3561944901923448     10.0330304306261002      0.0265765118591994      -0.0140387408289871
2.3561944901923448     10.1584433110089272      0.0261688265003990      -0.0140280572068363
2.3561944901923448     10.2838561913917541      0.0257709330722371      -0.0140178019819991
2.3561944901923448     10.4092690717745811      0.0253824569397034      -0.0140079533017767
2.3561944901923448     10.5346819521574080      0.0250030419736828      -0.0139984897326271
2.3561944901923448     10.6600948325402349      0.0246323496077930      -0.0139893883916324
2.3561944901923448     10.7855077129230619      0.0242700556007189      -0.0139806263885414
2.3561944901923448     10.9109205933058888      0.0239158491056363      -0.0139721812875681
2.3561944901923448     11.0363334736887158      0.0235694314997659      -0.0139640337099197
2.3561944901923448     11.1617463540715427      0.0232305183171686      -0.0139561672025773
2.3561944901923448     11.2871592344543696      0.0228988380318070      -0.0139485668111112
2.3561944901923448     11.4125721148371966      0.0225741312912686      -0.0139412196982328
2.3561944901923448     11.5379849952200235      0.0222561496248279      -0.0139341150021808
2.3561944901923448     11.6633978756028505      0.0219446563738973      -0.0139272464436301
2.3561944901923448     11.7888107559856774      0.0216394293235734      -0.0139206099655455
2.3561944901923448     11.9142236363685043      0.0213402600303969      -0.0139142009983625
2.3561944901923448     12.0396365167513313      0.0210469511677100      -0.0139080117328780
2.3561944901923448     12.1650493971341582      0.0207593127045838      -0.0139020327291105
2.3561944901923448     12.2904622775169852      0.0204771626771079      -0.0138962539729996
2.3561944901923448     12.4158751578998121      0.0202003260631619      -0.0138906651781487
2.3561944901923448     12.5412880382826391      0.0199286339977600      -0.0138852550904465
2.3561944901923448     12.6667009186654660      0.0196619232505544      -0.0138800137709204
2.3561944901923448     12.7921137990482929      0.0194000368995388      -0.0138749312737569
2.3561944901923448     12.9175266794311199      0.0191428224929699      -0.0138699984142454
2.3561944901923448     13.0429395598139468      0.0188901326711335      -0.0138652079681393
2.3561944901923448     13.1683524401967738      0.0186418258830858      -0.0138605549655465
2.3561944901923448     13.2937653205796007      0.0183977669789543      -0.0138560360485776
2.3561944901923448     13.4191782009624276      0.0181578271673807      -0.0138516489668271
2.3561944901923448     13.5445910813452546      0.0179218842877916      -0.0138473922559066
2.3561944901923448     13.6700039617280815      0.0176898224702209      -0.0138432637385932
2.3561944901923448     13.7954168421109085      0.0174615311980383      -0.0138392608789363
2.3561944901923448     13.9208297224937354      0.0172369057933373      -0.0138353793999602
2.3561944901923448     14.0462426028765623      0.0170158442741671      -0.0138316123655563
2.3561944901923448     14.1716554832593893      0.0167982463619038      -0.0138279525684776
2.3561944901923448     14.2970683636422162      0.0165840139706800      -0.0138243936035994
2.3561944901923448     14.4224812440250432      0.0163730517263535      -0.0138209302817832
2.3561944901923448     14.5478941244078701      0.0161652682350378      -0.0138175583681119
2.3561944901923448     14.6733070047906971      0.0159605749799017      -0.0138142733371504
2.3561944901923448     14.7987198851735240      0.0157588859861701      -0.0138110713159022
2.3561944901923448     14.9241327655563509      0.0155601178044363      -0.0138079488938242
2.3561944901923448     15.0495456459391779      0.0153641891879631      -0.0138049041221270
2.3561944901923448     15.1749585263220048      0.0151710223300397      -0.0138019365024519
2.3561944901923448     15.3003714067048318      0.0149805431277463      -0.0137990467603287
2.3561944901923448     15.4257842870876587      0.0147926824217609      -0.0137962360067394
2.3561944901923448     15.5511971674704856      0.0146073748472378      -0.0137935033070117
2.3561944901923448     15.6766100478533126      0.0144245572474599      -0.0137908465682677
    
2.6179938779914940     0.0000000000000000      -0.7872188011196596      -1.0134201856509299
2.6179938779914940     0.1254128803828261      0.1260348893403685      -1.2668492862992116
2.6179938779914940     0.2508257607656522      0.3245464132101650      -0.6740214278032820
2.6179938779914940     0.3762386411484783      0.1938093464726390      -0.5661742045119876
2.6179938779914940     0.5016515215313043      0.2374792415296665      -0.5047418163069465
2.6179938779914940     0.6270644019141304      0.1997660591625731      -0.5012128489871156
2.6179938779914940     0.7524772822969564      0.3360880459441448      -0.4763807940326867
2.6179938779914940     0.8778901626797825      0.3391612171813608      -0.3257356847146194
2.6179938779914940     1.0033030430626086      0.2700571173301634      -0.2841561771029418
2.6179938779914940     1.1287159234454347      0.2642852803911661      -0.2738203039961333
2.6179938779914940     1.2541288038282608      0.2511062472359462      -0.2827873888408591
2.6179938779914940     1.3795416842110868      0.3176249335011829      -0.2967494096508165
2.6179938779914940     1.5049545645939129      0.3725684915116231      -0.1911066659073951
2.6179938779914940     1.6303674449767389      0.3294354838793644      -0.1130072942013131
2.6179938779914940     1.7557803253595650      0.2864172902541920      -0.0816034207436617
2.6179938779914940     1.8811932057423910      0.2549358244290051      -0.0665336280352776
2.6179938779914940     2.0066060861252173      0.2331854323501698      -0.0554773563717036
2.6179938779914940     2.1320189665080433      0.2132494902622692      -0.0460134741851069
2.6179938779914940     2.2574318468908694      0.1951246293767894      -0.0405601024065164
2.6179938779914940     2.3828447272736955      0.1819022938353784      -0.0374457907871848
2.6179938779914940     2.5082576076565215      0.1702882404047857      -0.0330646085395994
2.6179938779914940     2.6336704880393476      0.1593361834627921      -0.0300225837993436
2.6179938779914940     2.7590833684221736      0.1495718981357433      -0.0276032149112927
2.6179938779914940     2.8844962488049997      0.1408341426511502      -0.0257984489731068
2.6179938779914940     3.0099091291878257      0.1329781737674070      -0.0244534629966708
2.6179938779914940     3.1353220095706518      0.1259852377163860      -0.0234686073150183
2.6179938779914940     3.2607348899534778      0.1197403250719744      -0.0226896001305523
2.6179938779914940     3.3861477703363039      0.1141145934090860      -0.0220504995161668
2.6179938779914940     3.5115606507191299      0.1090110679956056      -0.0215158248584253
2.6179938779914940     3.6369735311019560      0.1043590394754795      -0.0210632295869769
2.6179938779914940     3.7623864114847820      0.1000974505029853      -0.0206726273583234
2.6179938779914940     3.8877992918676081      0.0961756195956641      -0.0203323728531149
2.6179938779914940     4.0132121722504346      0.0925525060780701      -0.0200334255572395
2.6179938779914940     4.1386250526332606      0.0891934757387842      -0.0197688298128843
2.6179938779914940     4.2640379330160867      0.0860693839288112      -0.0195332417870416
2.6179938779914940     4.3894508133989127      0.0831554290754156      -0.0193223177147565
2.6179938779914940     4.5148636937817388      0.0804302266321241      -0.0191324885310623
2.6179938779914940     4.6402765741645648      0.0778752298981136      -0.0189609676614346
2.6179938779914940     4.7656894545473909      0.0754745014405495      -0.0188054127230858
2.6179938779914940     4.8911023349302170      0.0732139672649429      -0.0186637351354954
2.6179938779914940     5.0165152153130430      0.0710811970588538      -0.0185342946100710
2.6179938779914940     5.1419280956958691      0.0690653197813439      -0.0184157249022807
2.6179938779914940     5.2673409760786951      0.0671566814546038      -0.0183067408424297
2.6179938779914940     5.3927538564615212      0.0653465811096605      -0.0182062924502097
2.6179938779914940     5.5181667368443472      0.0636272936274373      -0.0181135383577160
2.6179938779914940     5.6435796172271733      0.0619919201472925      -0.0180277236878024
2.6179938779914940     5.7689924976099993      0.0604342641271784      -0.0179482011070476
2.6179938779914940     5.8944053779928254      0.0589487533152068      -0.0178743865287736
2.6179938779914940     6.0198182583756514      0.0575303547731190      -0.0178057349779770
2.6179938779914940     6.1452311387584775      0.0561744554464236      -0.0177417610803262
2.6179938779914940     6.2706440191413035      0.0548768850332083      -0.0176820660865450
2.6179938779914940     6.3960568995241296      0.0536338578452570      -0.0176262575496416
2.6179938779914940     6.5214697799069556      0.0524418848252184      -0.0175739749997645
2.6179938779914940     6.6468826602897817      0.0512977526724379      -0.0175249015393739
2.6179938779914940     6.7722955406726077      0.0501985118210772      -0.0174787745370505
2.6179938779914940     6.8977084210554338      0.0491414658257409      -0.0174353619253860
2.6179938779914940     7.0231213014382599      0.0481241334653179      -0.0173944373654873
2.6179938779914940     7.1485341818210859      0.0471441940101808      -0.0173557980058858
2.6179938779914940     7.2739470622039120      0.0461995185041699      -0.0173193016805546
2.6179938779914940     7.3993599425867380      0.0452881535718709      -0.0172847954480099
2.6179938779914940     7.5247728229695641      0.0444082823341118      -0.0172521604303653
2.6179938779914940     7.6501857033523901      0.0435582459538486      -0.0172212710131159
2.6179938779914940     7.7755985837352162      0.0427364836416897      -0.0171919974727893
2.6179938779914940     7.9010114641180422      0.0419415394523519      -0.0171642346300271
2.6179938779914940     8.0264243445008692      0.0411720675999693      -0.0171378795787120
2.6179938779914940     8.1518372248836961      0.0404268018251253      -0.0171128285682052
2.6179938779914940     8.2772501052665231      0.0397045559032113      -0.0170889925325448
2.6179938779914940     8.4026629856493500      0.0390042218080798      -0.0170662883672237
2.6179938779914940     8.5280758660321769      0.0383247588693574      -0.0170446355494341
2.6179938779914940     8.6534887464150039      0.0376651845381223      -0.0170239592045124
2.6179938779914940     8.7789016267978308      0.0370245674192445      -0.0170041988808957
2.6179938779914940     8.9043145071806578      0.0364020420441429      -0.0169853127624155
2.6179938779914940     9.0297273875634847      0.0357968054333004      -0.0169672551683421
2.6179938779914940     9.1551402679463116      0.0352080947174328      -0.0169499780034098
2.6179938779914940     9.2805531483291386      0.0346351921921829      -0.0169334469580504
2.6179938779914940     9.4059660287119655      0.0340774305688009      -0.0169176261145135
2.6179938779914940     9.5313789090947925      0.0335341783293602      -0.0169024773959432
2.6179938779914940     9.6567917894776194      0.0330048400225940      -0.0168879643881716
2.6179938779914940     9.7822046698604463      0.0324888521746539      -0.0168740470916240
2.6179938779914940     9.9076175502432733      0.0319856744427842      -0.0168606888459405
2.6179938779914940     10.0330304306261002      0.0314947989267772      -0.0168478584758229
2.6179938779914940     10.1584433110089272      0.0310157422914681      -0.0168355192278444
2.6179938779914940     10.2838561913917541      0.0305480375458136      -0.0168236401099171
2.6179938779914940     10.4092690717745811      0.0300912424560140      -0.0168121975231728
2.6179938779914940     10.5346819521574080      0.0296449373378046      -0.0168011715675530
2.6179938779914940     10.6600948325402349      0.0292087254863527      -0.0167905465779146
2.6179938779914940     10.7855077129230619      0.0287822322909889      -0.0167803086935881
2.6179938779914940     10.9109205933058888      0.0283651045693121      -0.0167704445819431
2.6179938779914940     11.0363334736887158      0.0279570079073607      -0.0167609395401971
2.6179938779914940     11.1617463540715427      0.0275576223689513      -0.0167517770872089
2.6179938779914940     11.2871592344543696      0.0271666430177773      -0.0167429429971121
2.6179938779914940     11.4125721148371966      0.0267837795551588      -0.0167344229656840
2.6179938779914940     11.5379849952200235      0.0264087570135644      -0.0167262028613897
2.6179938779914940     11.6633978756028505      0.0260413120631989      -0.0167182647478361
2.6179938779914940     11.7888107559856774      0.0256811901222697      -0.0167105907002295
2.6179938779914940     11.9142236363685043      0.0253281446890323      -0.0167031629680275
2.6179938779914940     12.0396365167513313      0.0249819362583739      -0.0166959675956996
2.6179938779914940     12.1650493971341582      0.0246423366046497      -0.0166889952229264
2.6179938779914940     12.2904622775169852      0.0243091284328887      -0.0166822374203379
2.6179938779914940     12.4158751578998121      0.0239821036215193      -0.0166756877237659
2.6179938779914940     12.5412880382826391      0.0236610648851479      -0.0166693414644396
2.6179938779914940     12.6667009186654660      0.0233458246519744      -0.0166631933839952
2.6179938779914940     12.7921137990482929      0.0230362035361916      -0.0166572384634232
2.6179938779914940     12.9175266794311199      0.0227320310737031      -0.0166514716183501
2.6179938779914940     13.0429395598139468      0.0224331443548430      -0.0166458865137058
2.6179938779914940     13.1683524401967738      0.0221393874604301      -0.0166404757072570
2.6179938779914940     13.2937653205796007      0.0218506100951648      -0.0166352300689076
2.6179938779914940     13.4191782009624276      0.0215666664942121      -0.0166301395420080
2.6179938779914940     13.5445910813452546      0.0212874143700524      -0.0166251933272772
2.6179938779914940     13.6700039617280815      0.0210127142062942      -0.0166203819345598
2.6179938779914940     13.7954168421109085      0.0207424300109372      -0.0166156978806006
2.6179938779914940     13.9208297224937354      0.0204764300581711      -0.0166111368666614
2.6179938779914940     14.0462426028765623      0.0202145890186544      -0.0166066974048683
2.6179938779914940     14.1716554832593893      0.0199567884241725      -0.0166023788368400
2.6179938779914940     14.2970683636422162      0.0197029160054713      -0.0165981800967921
2.6179938779914940     14.4224812440250432      0.0194528643437023      -0.0165940986336210
2.6179938779914940     14.5478941244078701      0.0192065291739372      -0.0165901317383008
2.6179938779914940     14.6733070047906971      0.0189638106255213      -0.0165862769903974
2.6179938779914940     14.7987198851735240      0.0187246129069040      -0.0165825317975354
2.6179938779914940     14.9241327655563509      0.0184888447426882      -0.0165788927324249
2.6179938779914940     15.0495456459391779      0.0182564179656154      -0.0165753542654847
2.6179938779914940     15.1749585263220048      0.0180272459598455      -0.0165719098460190
2.6179938779914940     15.3003714067048318      0.0178012435441199      -0.0165685521364351
2.6179938779914940     15.4257842870876587      0.0175783256516487      -0.0165652743271761
2.6179938779914940     15.5511971674704856      0.0173584085094154      -0.0165620718333270
2.6179938779914940     15.6766100478533126      0.0171414107834966      -0.0165589424395907
    
2.8797932657906431     0.0000000000000000      -1.1768271990121837      -1.4386436170742847
2.8797932657906431     0.1254128803828261      0.1315810927915115      -2.0647999482378725
2.8797932657906431     0.2508257607656522      0.7412294645234934      -1.0878718363885500
2.8797932657906431     0.3762386411484783      0.5100616519197317      -0.7064094429777151
2.8797932657906431     0.5016515215313043      0.4342198861251158      -0.6032898651300075
2.8797932657906431     0.6270644019141304      0.3599767304390735      -0.6337638817800874
2.8797932657906431     0.7524772822969564      0.5736102863694269      -0.6021006193689707
2.8797932657906431     0.8778901626797825      0.5753977993203859      -0.3539850942484905
2.8797932657906431     1.0033030430626086      0.4640212624165402      -0.2544179362940134
2.8797932657906431     1.1287159234454347      0.3999560596905534      -0.2333505553071833
2.8797932657906431     1.2541288038282608      0.3678829049973853      -0.2405497936457488
2.8797932657906431     1.3795416842110868      0.3995636967151546      -0.2271955358617715
2.8797932657906431     1.5049545645939129      0.4053105544282747      -0.1549348978560592
2.8797932657906431     1.6303674449767389      0.3644257751140378      -0.1029822216271178
2.8797932657906431     1.7557803253595650      0.3239905603083720      -0.0783611819872077
2.8797932657906431     1.8811932057423910      0.2921540106317895      -0.0664573284853377
2.8797932657906431     2.0066060861252173      0.2688543862422539      -0.0590421063401742
2.8797932657906431     2.1320189665080433      0.2494100783823479      -0.0514177785078609
2.8797932657906431     2.2574318468908694      0.2308438064336151      -0.0462640009425555
2.8797932657906431     2.3828447272736955      0.2165597479733979      -0.0432763464450349
2.8797932657906431     2.5082576076565215      0.2037891557617432      -0.0390867034321196
2.8797932657906431     2.6336704880393476      0.1918034455468124      -0.0362348839731314
2.8797932657906431     2.7590833684221736      0.1811009090591796      -0.0337531263811021
2.8797932657906431     2.8844962488049997      0.1713322520403936      -0.0318269994852971
2.8797932657906431     3.0099091291878257      0.1624199653788873      -0.0303638154538124
2.8797932657906431     3.1353220095706518      0.1544065962224739      -0.0292955776234925
2.8797932657906431     3.2607348899534778      0.1471870942168530      -0.0284466200219079
2.8797932657906431     3.3861477703363039      0.1406415151647889      -0.0277533048055341
2.8797932657906431     3.5115606507191299      0.1346718900835439      -0.0271672370901604
2.8797932657906431     3.6369735311019560      0.1292005459875183      -0.0266666987814283
2.8797932657906431     3.7623864114847820      0.1241644593005250      -0.0262318970234839
2.8797932657906431     3.8877992918676081      0.1195098902439616      -0.0258501077594932
2.8797932657906431     4.0132121722504346      0.1151927017201476      -0.0255122802235106
2.8797932657906431     4.1386250526332606      0.1111756512162263      -0.0252112583724100
2.8797932657906431     4.2640379330160867      0.1074270089505126      -0.0249414860961178
2.8797932657906431     4.3894508133989127      0.1039195426183247      -0.0246985760397694
2.8797932657906431     4.5148636937817388      0.1006298312927296      -0.0244789868743608
2.8797932657906431     4.6402765741645648      0.0975375270447756      -0.0242796658130443
2.8797932657906431     4.7656894545473909      0.0946246922659018      -0.0240980809288065
2.8797932657906431     4.8911023349302170      0.0918756366339439      -0.0239321857166625
2.8797932657906431     5.0165152153130430      0.0892765252235491      -0.0237801266460023
2.8797932657906431     5.1419280956958691      0.0868149518675164      -0.0236403125429504
2.8797932657906431     5.2673409760786951      0.0844798852789589      -0.0235115008807381
2.8797932657906431     5.3927538564615212      0.0822615473601762      -0.0233925735938194
2.8797932657906431     5.5181667368443472      0.0801511318843174      -0.0232825156574400
2.8797932657906431     5.6435796172271733      0.0781407006754737      -0.0231804587727221
2.8797932657906431     5.7689924976099993      0.0762230862590801      -0.0230856308371926
2.8797932657906431     5.8944053779928254      0.0743917946871700      -0.0229973603934627
2.8797932657906431     6.0198182583756514      0.0726409257271082      -0.0229150632085337
2.8797932657906431     6.1452311387584775      0.0709651522176432      -0.0228382209644054
2.8797932657906431     6.2706440191413035      0.0693595882924761      -0.0227663273000377
2.8797932657906431     6.3960568995241296      0.0678197453593823      -0.0226989541130519
2.8797932657906431     6.5214697799069556      0.0663415183486355      -0.0226357235958991
2.8797932657906431     6.6468826602897817      0.0649211463744116      -0.0225763025365588
2.8797932657906431     6.7722955406726077      0.0635551739164743      -0.0225203761567782
2.8797932657906431     6.8977084210554338      0.0622403933457029      -0.0224676579362070
2.8797932657906431     7.0231213014382599      0.0609738440323275      -0.0224179165934266
2.8797932657906431     7.1485341818210859      0.0597528137471222      -0.0223709502362682
2.8797932657906431     7.2739470622039120      0.0585747928901286      -0.0223265476086448
2.8797932657906431     7.3993599425867380      0.0574374445636428      -0.0222845344270365
2.8797932657906431     7.5247728229695641      0.0563386080963972      -0.0222447355343884
2.8797932657906431     7.6501857033523901      0.0552762577963371      -0.0222070025507210
2.8797932657906431     7.7755985837352162      0.0542485252687391      -0.0221712064630178
2.8797932657906431     7.9010114641180422      0.0532536733104731      -0.0221372165103248
2.8797932657906431     8.0264243445008692      0.0522900710920830      -0.0221049031403847
2.8797932657906431     8.1518372248836961      0.0513561886315724      -0.0220741568921643
2.8797932657906431     8.2772501052665231      0.0504506024196394      -0.0220448740051843
2.8797932657906431     8.4026629856493500      0.0495719705625281      -0.0220169519179936
2.8797932657906431     8.5280758660321769      0.0487190276175502      -0.0219903013402544
2.8797932657906431     8.6534887464150039      0.0478905870521654      -0.0219648506060728
2.8797932657906431     8.7789016267978308      0.0470855457637719      -0.0219405295056756
2.8797932657906431     8.9043145071806578      0.0463028555908663      -0.0219172643451240
2.8797932657906431     9.0297273875634847      0.0455415247172960      -0.0218950010104149
2.8797932657906431     9.1551402679463116      0.0448006324331156      -0.0218736942282730
2.8797932657906431     9.2805531483291386      0.0440793135063861      -0.0218532906578137
2.8797932657906431     9.4059660287119655      0.0433767454414478      -0.0218337419766507
2.8797932657906431     9.5313789090947925      0.0426921541510123      -0.0218150035502967
2.8797932657906431     9.6567917894776194      0.0420248077033589      -0.0217970317312080
2.8797932657906431     9.7822046698604463      0.0413740134088801      -0.0217797869627888
2.8797932657906431     9.9076175502432733      0.0407391191729984      -0.0217632273530212
2.8797932657906431     10.0330304306261002      0.0401194990622000      -0.0217473089419512
2.8797932657906431     10.1584433110089272      0.0395145556321354      -0.0217319970775837
2.8797932657906431     10.2838561913917541      0.0389237255122536      -0.0217172607264058
2.8797932657906431     10.4092690717745811      0.0383464729344464      -0.0217030685988958
2.8797932657906431     10.5346819521574080      0.0377822866232280      -0.0216893929853994
2.8797932657906431     10.6600948325402349      0.0372306806401099      -0.0216762089618457
2.8797932657906431     10.7855077129230619      0.0366911922744536      -0.0216634944713811
2.8797932657906431     10.9109205933058888      0.0361633820367589      -0.0216512312968629
2.8797932657906431     11.0363334736887158      0.0356468326488420      -0.0216394017008178
2.8797932657906431     11.1617463540715427      0.0351411490555151      -0.0216279917882962
2.8797932657906431     11.2871592344543696      0.0346459581641530      -0.0216169839540055
2.8797932657906431     11.4125721148371966      0.0341609017672146      -0.0216063585826817
2.8797932657906431     11.5379849952200235      0.0336856362934896      -0.0215960970895509
2.8797932657906431     11.6633978756028505      0.0332198336023999      -0.0215861814104497
2.8797932657906431     11.7888107559856774      0.0327631777456829      -0.0215765928117605
2.8797932657906431     11.9142236363685043      0.0323153655335071      -0.0215673164872193
2.8797932657906431     12.0396365167513313      0.0318761085032043      -0.0215583367616558
2.8797932657906431     12.1650493971341582      0.0314451270486902      -0.0215496385465095
2.8797932657906431     12.2904622775169852      0.0310221539676598      -0.0215412101726939
2.8797932657906431     12.4158751578998121      0.0306069328189281      -0.0215330400736098
2.8797932657906431     12.5412880382826391      0.0301992173999096      -0.0215251194645753
2.8797932657906431     12.6667009186654660      0.0297987733785395      -0.0215174409402716
2.8797932657906431     12.7921137990482929      0.0294053769298218      -0.0215099971643643
2.8797932657906431     12.9175266794311199      0.0290188139119337      -0.0215027812576793
2.8797932657906431     13.0429395598139468      0.0286388801311225      -0.0214957859078659
2.8797932657906431     13.1683524401967738      0.0282653793524542      -0.0214890027864607
2.8797932657906431     13.2937653205796007      0.0278981230792396      -0.0214824229567234
2.8797932657906431     13.4191782009624276      0.0275369289040565      -0.0214760364074769
2.8797932657906431     13.5445910813452546      0.0271816192708809      -0.0214698343326377
2.8797932657906431     13.6700039617280815      0.0268320242311688      -0.0214638094758352
2.8797932657906431     13.7954168421109085      0.0264879802560415      -0.0214579538507930
2.8797932657906431     13.9208297224937354      0.0261493286516879      -0.0214522597389321
2.8797932657906431     14.0462426028765623      0.0258159159650873      -0.0214467205736697
2.8797932657906431     14.1716554832593893      0.0254875944635140      -0.0214413305376040
2.8797932657906431     14.2970683636422162      0.0251642211697798      -0.0214360843173751
2.8797932657906431     14.4224812440250432      0.0248456581115024      -0.0214309782779850
2.8797932657906431     14.5478941244078701      0.0245317735562694      -0.0214260098117354
2.8797932657906431     14.6733070047906971      0.0242224416722041      -0.0214211760844222
2.8797932657906431     14.7987198851735240      0.0239175415808565      -0.0214164732355366
2.8797932657906431     14.9241327655563509      0.0236169559362046      -0.0214118969257278
2.8797932657906431     15.0495456459391779      0.0233205712084514      -0.0214074434654835
2.8797932657906431     15.1749585263220048      0.0230282786115164      -0.0214031089165819
2.8797932657906431     15.3003714067048318      0.0227399728491157      -0.0213988885074368
2.8797932657906431     15.4257842870876587      0.0224555512988243      -0.0213947768739270
2.8797932657906431     15.5511971674704856      0.0221749139977124      -0.0213907691766647
2.8797932657906431     15.6766100478533126      0.0218979638299950      -0.0213868604359207
    
3.1415926535897931     0.0000000000000000      -1.2817627535515161      -1.5416519783436540
3.1415926535897931     0.1254128803828261      0.1135162429950473      -2.2525571855590423
3.1415926535897931     0.2508257607656522      0.8065769819218715      -1.1949916655258321
3.1415926535897931     0.3762386411484783      0.5463202183086900      -0.7676509167496521
3.1415926535897931     0.5016515215313043      0.4401607959246864      -0.6837442756708138
3.1415926535897931     0.6270644019141304      0.4087511853872113      -0.7739536760910498
3.1415926535897931     0.7524772822969564      0.7132583454792681      -0.6889876866690363
3.1415926535897931     0.8778901626797825      0.7040067815102529      -0.3628527978192591
3.1415926535897931     1.0033030430626086      0.5685751436859751      -0.2281139137648265
3.1415926535897931     1.1287159234454347      0.4734285114217630      -0.1777261780951281
3.1415926535897931     1.2541288038282608      0.3834970077596667      -0.1801913020655347
3.1415926535897931     1.3795416842110868      0.3945753038984253      -0.2071220953867670
3.1415926535897931     1.5049545645939129      0.4108965776809355      -0.1500142246862488
3.1415926535897931     1.6303674449767389      0.3739561843925053      -0.1009072868582986
3.1415926535897931     1.7557803253595650      0.3342236420563000      -0.0770848108433060
3.1415926535897931     1.8811932057423910      0.3024169854751705      -0.0661899644601497
3.1415926535897931     2.0066060861252173      0.2786729209229074      -0.0600101644169839
3.1415926535897931     2.1320189665080433      0.2597780211323659      -0.0531593252554343
3.1415926535897931     2.2574318468908694      0.2413670713049244      -0.0478859381103117
3.1415926535897931     2.3828447272736955      0.2266980994422219      -0.0448945344697646
3.1415926535897931     2.5082576076565215      0.2136249968749240      -0.0407689356422194
3.1415926535897931     2.6336704880393476      0.2013035221483975      -0.0380407462149512
3.1415926535897931     2.7590833684221736      0.1904032833722520      -0.0355933133117495
3.1415926535897931     2.8844962488049997      0.1803822011201469      -0.0336322228072152
3.1415926535897931     3.0099091291878257      0.1711819412964261      -0.0321270261154178
3.1415926535897931     3.1353220095706518      0.1628817815974380      -0.0310315769275071
3.1415926535897931     3.2607348899534778      0.1553812482905750      -0.0301619594486677
3.1415926535897931     3.3861477703363039      0.1485695455396013      -0.0294556976845258
3.1415926535897931     3.5115606507191299      0.1423494036871884      -0.0288576673975562
3.1415926535897931     3.6369735311019560      0.1366404303616189      -0.0283451906596166
3.1415926535897931     3.7623864114847820      0.1313786516291998      -0.0278990495577116
3.1415926535897931     3.8877992918676081      0.1265099552666903      -0.0275065101667190
3.1415926535897931     4.0132121722504346      0.1219893284585706      -0.0271582283461675
3.1415926535897931     4.1386250526332606      0.1177787709253515      -0.0268472699365315
3.1415926535897931     4.2640379330160867      0.1138460179291787      -0.0265681395425209
3.1415926535897931     4.3894508133989127      0.1101633579351916      -0.0263163506551256
3.1415926535897931     4.5148636937817388      0.1067066723683808      -0.0260882296243611
3.1415926535897931     4.6402765741645648      0.1034549766080333      -0.0258808560139032
3.1415926535897931     4.7656894545473909      0.1003899825569067      -0.0256917658496568
3.1415926535897931     4.8911023349302170      0.0974955519003348      -0.0255187773487406
3.1415926535897931     5.0165152153130430      0.0947572938769827      -0.0253601134472461
3.1415926535897931     5.1419280956958691      0.0921625964260955      -0.0252143289281778
3.1415926535897931     5.2673409760786951      0.0897002111126503      -0.0250799820255180
3.1415926535897931     5.3927538564615212      0.0873599440053149      -0.0249558534200878
3.1415926535897931     5.5181667368443472      0.0851326755171822      -0.0248409078389550
3.1415926535897931     5.6435796172271733      0.0830101620499621      -0.0247342086573561
3.1415926535897931     5.7689924976099993      0.0809849337005919      -0.0246349560842478
3.1415926535897931     5.8944053779928254      0.0790502289653838      -0.0245424502575024
3.1415926535897931     6.0198182583756514      0.0771999044235914      -0.0244560662569400
3.1415926535897931     6.1452311387584775      0.0754283310523898      -0.0243752502741082
3.1415926535897931     6.2706440191413035      0.0737303811092012      -0.0242995610272962
3.1415926535897931     6.3960568995241296      0.0721014013626015      -0.0242285939174671
3.1415926535897931     6.5214697799069556      0.0705371274823835      -0.0241619789389016
3.1415926535897931     6.6468826602897817      0.0690336354270032      -0.0240993709702252
3.1415926535897931     6.7722955406726077      0.0675873156938386      -0.0240404850392390
3.1415926535897931     6.8977084210554338      0.0661948767462249      -0.0239850575221252
3.1415926535897931     7.0231213014382599      0.0648532827695578      -0.0239328093708824
3.1415926535897931     7.1485341818210859      0.0635596923188070      -0.0238834697740755
3.1415926535897931     7.2739470622039120      0.0623114596790721      -0.0238368211795398
3.1415926535897931     7.3993599425867380      0.0611061396217804      -0.0237926493333538
3.1415926535897931     7.5247728229695641      0.0599414447317485      -0.0237507750621620
3.1415926535897931     7.6501857033523901      0.0588152558134369      -0.0237110294062677
3.1415926535897931     7.7755985837352162      0.0577255873340527      -0.0236732609058086
3.1415926535897931     7.9010114641180422      0.0566705844174656      -0.0236373366946885
3.1415926535897931     8.0264243445008692      0.0556485192261951      -0.0236031521070587
3.1415926535897931     8.1518372248836961      0.0546577897348229      -0.0235706033551623
3.1415926535897931     8.2772501052665231      0.0536968881361383      -0.0235395963886338
3.1415926535897931     8.4026629856493500      0.0527644124865090      -0.0235100539175688
3.1415926535897931     8.5280758660321769      0.0518590590283748      -0.0234818968367936
3.1415926535897931     8.6534887464150039      0.0509796020657058      -0.0234550388469509
3.1415926535897931     8.7789016267978308      0.0501248789113715      -0.0234294037746148
3.1415926535897931     8.9043145071806578      0.0492938099546232      -0.0234049233464635
3.1415926535897931     9.0297273875634847      0.0484853754751631      -0.0233815144009009
3.1415926535897931     9.1551402679463116      0.0476985971236147      -0.0233590984676355
3.1415926535897931     9.2805531483291386      0.0469325473548129      -0.0233376127417923
3.1415926535897931     9.4059660287119655      0.0461863524941954      -0.0233169992666511
3.1415926535897931     9.5313789090947925      0.0454591842800341      -0.0232972074893932
3.1415926535897931     9.6567917894776194      0.0447502594455766      -0.0232781907236280
3.1415926535897931     9.7822046698604463      0.0440588326953950      -0.0232599085427207
3.1415926535897931     9.9076175502432733      0.0433841990666900      -0.0232423324073753
3.1415926535897931     10.0330304306261002      0.0427256996119446      -0.0232254393107838
3.1415926535897931     10.1584433110089272      0.0420827153294583      -0.0232092037879647
3.1415926535897931     10.2838561913917541      0.0414546597309264      -0.0231935990875076
3.1415926535897931     10.4092690717745811      0.0408409771741807      -0.0231785979244457
3.1415926535897931     10.5346819521574080      0.0402411412344164      -0.0231641718401603
3.1415926535897931     10.6600948325402349      0.0396546509209715      -0.0231502901392246
3.1415926535897931     10.7855077129230619      0.0390810281293728      -0.0231369198204840
3.1415926535897931     10.9109205933058888      0.0385198122047181      -0.0231240257454358
3.1415926535897931     11.0363334736887158      0.0379705597810658      -0.0231115776007148
3.1415926535897931     11.1617463540715427      0.0374328448951873      -0.0230995455156066
3.1415926535897931     11.2871592344543696      0.0369062561705538      -0.0230879071932699
3.1415926535897931     11.4125721148371966      0.0363904035381848      -0.0230766464044147
3.1415926535897931     11.5379849952200235      0.0358849151908312      -0.0230657482701196
3.1415926535897931     11.6633978756028505      0.0353894358909910      -0.0230552029287054
3.1415926535897931     11.7888107559856774      0.0349036313803209      -0.0230450040991811
3.1415926535897931     11.9142236363685043      0.0344271851884693      -0.0230351423303799
3.1415926535897931     12.0396365167513313      0.0339597947564683      -0.0230256099019762
3.1415926535897931     12.1650493971341582      0.0335011756559101      -0.0230163973721789
3.1415926535897931     12.2904622775169852      0.0330510540342016      -0.0230074905885855
3.1415926535897931     12.4158751578998121      0.0326091673118448      -0.0229988755993306
3.1415926535897931     12.5412880382826391      0.0321752627021584      -0.0229905349995535
3.1415926535897931     12.6667009186654660      0.0317490936296733      -0.0229824511521481
3.1415926535897931     12.7921137990482929      0.0313304212278165      -0.0229746082002621
3.1415926535897931     12.9175266794311199      0.0309190141339338      -0.0229669913227164
3.1415926535897931     13.0429395598139468      0.0305146477025801      -0.0229595882259064
3.1415926535897931     13.1683524401967738      0.0301171050689099      -0.0229523899912059
3.1415926535897931     13.2937653205796007      0.0297261777250023      -0.0229453915520671
3.1415926535897931     13.4191782009624276      0.0293416678522154      -0.0229385912524776
3.1415926535897931     13.5445910813452546      0.0289633897241437      -0.0229319875064161
3.1415926535897931     13.6700039617280815      0.0285911651457086      -0.0229255765782856
3.1415926535897931     13.7954168421109085      0.0282248238335813      -0.0229193550541174
3.1415926535897931     13.9208297224937354      0.0278642034096406      -0.0229133176402039
3.1415926535897931     14.0462426028765623      0.0275091469472431      -0.0229074571773929
3.1415926535897931     14.1716554832593893      0.0271595021037313      -0.0229017657284799
3.1415926535897931     14.2970683636422162      0.0268151215286307      -0.0228962354806603
3.1415926535897931     14.4224812440250432      0.0264758630402676      -0.0228908579780314
3.1415926535897931     14.5478941244078701      0.0261415880790180      -0.0228856231090028
3.1415926535897931     14.6733070047906971      0.0258121598013499      -0.0228805211498284
3.1415926535897931     14.7987198851735240      0.0254874439576921      -0.0228755449308491
3.1415926535897931     14.9241327655563509      0.0251673109224091      -0.0228706898281488
3.1415926535897931     15.0495456459391779      0.0248516360569475      -0.0228659524241084
3.1415926535897931     15.1749585263220048      0.0245402986082637      -0.0228613308068904
3.1415926535897931     15.3003714067048318      0.0242331829457868      -0.0228568251788736
3.1415926535897931     15.4257842870876587      0.0239301800340310      -0.0228524369257947
3.1415926535897931     15.5511971674704856      0.0236311867768416      -0.0228481659796466
3.1415926535897931     15.6766100478533126      0.0233361043580491      -0.0228440108245074
    
