-3.1415926535897931     0.0000000000000000      -0.8482992282470392      -0.8144920693806746
-3.1415926535897931     0.1254128803828261      -0.1424221742055473      -1.3988672096400379
-3.1415926535897931     0.2508257607656522      0.3712039769334284      -0.8771054794493258
-3.1415926535897931     0.3762386411484783      0.3577880851149048      -0.5650419457847329
-3.1415926535897931     0.5016515215313043      0.3014306710091570      -0.4744132994976775
-3.1415926535897931     0.6270644019141304      0.2787347099042364      -0.3577629977512931
-3.1415926535897931     0.7524772822969564      0.1674886351769635      -0.3252670451342094
-3.1415926535897931     0.8778901626797825      0.1441853480392122      -0.4755194831257932
-3.1415926535897931     1.0033030430626086      0.3619548440199168      -0.4329022828113778
-3.1415926535897931     1.1287159234454347      0.3453389102437338      -0.3332933163245487
-3.1415926535897931     1.2541288038282608      0.4187694401435208      -0.2742290985724177
-3.1415926535897931     1.3795416842110868      0.3926152075487341      -0.1470851306685359
-3.1415926535897931     1.5049545645939129      0.3332982688625427      -0.0938953404245711
-3.1415926535897931     1.6303674449767389      0.2872975899902420      -0.0695522847899636
-3.1415926535897931     1.7557803253595650      0.2559070460587893      -0.0584688027354235
-3.1415926535897931     1.8811932057423910      0.2315601802580190      -0.0480261381245218
-3.1415926535897931     2.0066060861252173      0.2102083764729013      -0.0416350108800587
-3.1415926535897931     2.1320189665080433      0.1942474798951731      -0.0374176205327311
-3.1415926535897931     2.2574318468908694      0.1797066213385097      -0.0326388794184018
-3.1415926535897931     2.3828447272736955      0.1669274868572692      -0.0297432851466491
-3.1415926535897931     2.5082576076565215      0.1558355949808552      -0.0273330254316785
-3.1415926535897931     2.6336704880393476      0.1460313949609111      -0.0255804669610585
-3.1415926535897931     2.7590833684221736      0.1373938348060749      -0.0242623552652046
-3.1415926535897931     2.8844962488049997      0.1297652898917580      -0.0232341868588772
-3.1415926535897931     3.0099091291878257      0.1229676532460103      -0.0224007513474708
-3.1415926535897931     3.1353220095706518      0.1168673481642314      -0.0217103871678245
-3.1415926535897931     3.2607348899534778      0.1113584228638239      -0.0211277815062399
-3.1415926535897931     3.3861477703363039      0.1063534609638382      -0.0206291097004820
-3.1415926535897931     3.5115606507191299      0.1017836967955943      -0.0201983159391730
-3.1415926535897931     3.6369735311019560      0.0975925957527925      -0.0198227564909174
-3.1415926535897931     3.7623864114847820      0.0937332149502383      -0.0194929081741309
-3.1415926535897931     3.8877992918676081      0.0901663613986115      -0.0192013674149554
-3.1415926535897931     4.0132121722504346      0.0868589396171608      -0.0189422354284425
-3.1415926535897931     4.1386250526332606      0.0837828296168679      -0.0187107504576530
-3.1415926535897931     4.2640379330160867      0.0809138919737064      -0.0185029975567349
-3.1415926535897931     4.3894508133989127      0.0782312910900441      -0.0183157820284737
-3.1415926535897931     4.5148636937817388      0.0757169749507112      -0.0181464320313693
-3.1415926535897931     4.6402765741645648      0.0733551609145963      -0.0179927056146553
-3.1415926535897931     4.7656894545473909      0.0711320272371195      -0.0178527173750237
-3.1415926535897931     4.8911023349302170      0.0690353962444842      -0.0177248638025733
-3.1415926535897931     5.0165152153130430      0.0670544935345167      -0.0176077651819520
-3.1415926535897931     5.1419280956958691      0.0651797595612828      -0.0175002432964096
-3.1415926535897931     5.2673409760786951      0.0634026627205278      -0.0174012548349580
-3.1415926535897931     5.3927538564615212      0.0617155613671924      -0.0173099142793796
-3.1415926535897931     5.5181667368443472      0.0601116143408926      -0.0172254405476219
-3.1415926535897931     5.6435796172271733      0.0585846406126682      -0.0171471480788843
-3.1415926535897931     5.7689924976099993      0.0571290749370542      -0.0170744426045354
-3.1415926535897931     5.8944053779928254      0.0557398645062964      -0.0170067986147458
-3.1415926535897931     6.0198182583756514      0.0544124444200272      -0.0169437625489507
-3.1415926535897931     6.1452311387584775      0.0531426530324060      -0.0168849164223551
-3.1415926535897931     6.2706440191413035      0.0519266974141171      -0.0168298996968262
-3.1415926535897931     6.3960568995241296      0.0507611195870273      -0.0167783865170305
-3.1415926535897931     6.5214697799069556      0.0496427454120085      -0.0167300786464027
-3.1415926535897931     6.6468826602897817      0.0485686695352126      -0.0166847169147321
-3.1415926535897931     6.7722955406726077      0.0475362129935668      -0.0166420535714332
-3.1415926535897931     6.8977084210554338      0.0465429064460649      -0.0166018850766395
-3.1415926535897931     7.0231213014382599      0.0455864809677573      -0.0165640156916130
-3.1415926535897931     7.1485341818210859      0.0446648331157083      -0.0165282802789092
-3.1415926535897931     7.2739470622039120      0.0437760276430084      -0.0164945207484934
-3.1415926535897931     7.3993599425867380      0.0429182664199448      -0.0164625972176262
-3.1415926535897931     7.5247728229695641      0.0420898838510660      -0.0164323743823904
-3.1415926535897931     7.6501857033523901      0.0412893249081006      -0.0164037324862763
-3.1415926535897931     7.7755985837352162      0.0405151470796805      -0.0163765629896105
-3.1415926535897931     7.9010114641180422      0.0397660040253482      -0.0163507647818659
-3.1415926535897931     8.0264243445008692      0.0390406382298269      -0.0163262463162786
-3.1415926535897931     8.1518372248836961      0.0383378763528499      -0.0163029246142324
-3.1415926535897931     8.2772501052665231      0.0376566221447931      -0.0162807239999165
-3.1415926535897931     8.4026629856493500      0.0369958492700323      -0.0162595707126344
-3.1415926535897931     8.5280758660321769      0.0363545909025907      -0.0162394001300661
-3.1415926535897931     8.6534887464150039      0.0357319441557126      -0.0162201553783753
-3.1415926535897931     8.7789016267978308      0.0351270632376542      -0.0162017815102533
-3.1415926535897931     8.9043145071806578      0.0345391514982092      -0.0161842255556480
-3.1415926535897931     9.0297273875634847      0.0339674587161611      -0.0161674389658272
-3.1415926535897931     9.1551402679463116      0.0334112771059325      -0.0161513760006722
-3.1415926535897931     9.2805531483291386      0.0328699388128978      -0.0161359960979278
-3.1415926535897931     9.4059660287119655      0.0323428153319398      -0.0161212608972824
-3.1415926535897931     9.5313789090947925      0.0318293107628811      -0.0161071348361720
-3.1415926535897931     9.6567917894776194      0.0313288651658255      -0.0160935871433431
-3.1415926535897931     9.7822046698604463      0.0308409483829842      -0.0160805855899055
-3.1415926535897931     9.9076175502432733      0.0303650584028946      -0.0160681002870499
-3.1415926535897931     10.0330304306261002      0.0299007169415571      -0.0160561027347619
-3.1415926535897931     10.1584433110089272      0.0294474715376800      -0.0160445687337339
-3.1415926535897931     10.2838561913917541      0.0290048931952683      -0.0160334758495589
-3.1415926535897931     10.4092690717745811      0.0285725766920205      -0.0160228021338332
-3.1415926535897931     10.5346819521574080      0.0281501343154111      -0.0160125263326379
-3.1415926535897931     10.6600948325402349      0.0277371996159443      -0.0160026296639558
-3.1415926535897931     10.7855077129230619      0.0273334227895955      -0.0159930935411033
-3.1415926535897931     10.9109205933058888      0.0269384712125661      -0.0159839006674724
-3.1415926535897931     11.0363334736887158      0.0265520276856577      -0.0159750352940175
-3.1415926535897931     11.1617463540715427      0.0261737905262346      -0.0159664821271343
-3.1415926535897931     11.2871592344543696      0.0258034717311038      -0.0159582274513648
-3.1415926535897931     11.4125721148371966      0.0254407977614913      -0.0159502574581317
-3.1415926535897931     11.5379849952200235      0.0250855062232606      -0.0159425579384176
-3.1415926535897931     11.6633978756028505      0.0247373447617677      -0.0159351169726942
-3.1415926535897931     11.7888107559856774      0.0243960749153728      -0.0159279245711254
-3.1415926535897931     11.9142236363685043      0.0240614682499724      -0.0159209686960008
-3.1415926535897931     12.0396365167513313      0.0237333055398111      -0.0159142389808795
-3.1415926535897931     12.1650493971341582      0.0234113765558766      -0.0159077246735816
-3.1415926535897931     12.2904622775169852      0.0230954794465394      -0.0159014170725518
-3.1415926535897931     12.4158751578998121      0.0227854216764579      -0.0158953075806240
-3.1415926535897931     12.5412880382826391      0.0224810179045494      -0.0158893879686663
-3.1415926535897931     12.6667009186654660      0.0221820906772627      -0.0158836519218545
-3.1415926535897931     12.7921137990482929      0.0218884711339180      -0.0158780930456986
-3.1415926535897931     12.9175266794311199      0.0215999976747100      -0.0158727044146610
-3.1415926535897931     13.0429395598139468      0.0213165143604522      -0.0158674781566264
-3.1415926535897931     13.1683524401967738      0.0210378702394638      -0.0158624077195481
-3.1415926535897931     13.2937653205796007      0.0207639210412415      -0.0158574872906992
-3.1415926535897931     13.4191782009624276      0.0204945278444954      -0.0158527108732154
-3.1415926535897931     13.5445910813452546      0.0202295570444403      -0.0158480731786927
-3.1415926535897931     13.6700039617280815      0.0199688803985295      -0.0158435687467410
-3.1415926535897931     13.7954168421109085      0.0197123741736671      -0.0158391927341497
-3.1415926535897931     13.9208297224937354      0.0194599194526167      -0.0158349395988369
-3.1415926535897931     14.0462426028765623      0.0192114006639313      -0.0158308051325328
-3.1415926535897931     14.1716554832593893      0.0189667078108943      -0.0158267846956784
-3.1415926535897931     14.2970683636422162      0.0187257332521481      -0.0158228738420151
-3.1415926535897931     14.4224812440250432      0.0184883741450767      -0.0158190693884668
-3.1415926535897931     14.5478941244078701      0.0182545313689299      -0.0158153672559607
-3.1415926535897931     14.6733070047906971      0.0180241084781015      -0.0158117640060604
-3.1415926535897931     14.7987198851735240      0.0177970128554792      -0.0158082568809874
-3.1415926535897931     14.9241327655563509      0.0175731553677801      -0.0158048436975708
-3.1415926535897931     15.0495456459391779      0.0173524512779905      -0.0158015215304990
-3.1415926535897931     15.1749585263220048      0.0171348174327504      -0.0157982866984740
-3.1415926535897931     15.3003714067048318      0.0169201736562554      -0.0157951361593409
-3.1415926535897931     15.4257842870876587      0.0167084418634526      -0.0157920667718886
-3.1415926535897931     15.5511971674704856      0.0164995469980802      -0.0157890757350236
-3.1415926535897931     15.6766100478533126      0.0162934153910651      -0.0157861602172064
    
-2.7925268031909272     0.0000000000000000      -0.8546441769936262      -0.8048831444898946
-2.7925268031909272     0.1254128803828261      -0.1810941887495458      -1.3892391853035031
-2.7925268031909272     0.2508257607656522      0.3257088337434911      -0.9281805173197176
-2.7925268031909272     0.3762386411484783      0.3661707026915803      -0.6331110216682243
-2.7925268031909272     0.5016515215313043      0.3525585605777923      -0.5418993583230713
-2.7925268031909272     0.6270644019141304      0.3667319045878637      -0.3800434075226035
-2.7925268031909272     0.7524772822969564      0.2742134051547329      -0.2950009516384038
-2.7925268031909272     0.8778901626797825      0.2065698041266670      -0.3372365361587983
-2.7925268031909272     1.0033030430626086      0.2696614978510982      -0.3376478025020812
-2.7925268031909272     1.1287159234454347      0.2638951601780132      -0.3528233685435681
-2.7925268031909272     1.2541288038282608      0.4078200973692834      -0.3065959875501005
-2.7925268031909272     1.3795416842110868      0.3938777564981596      -0.1571811758522663
-2.7925268031909272     1.5049545645939129      0.3337029522487631      -0.0970410064037518
-2.7925268031909272     1.6303674449767389      0.2868829689377497      -0.0704892664831258
-2.7925268031909272     1.7557803253595650      0.2548937269919975      -0.0586132668448188
-2.7925268031909272     1.8811932057423910      0.2303494840216792      -0.0481248456251541
-2.7925268031909272     2.0066060861252173      0.2091783153607231      -0.0417061706401650
-2.7925268031909272     2.1320189665080433      0.1932860319653478      -0.0373449592947287
-2.7925268031909272     2.2574318468908694      0.1788085764488340      -0.0325427436470102
-2.7925268031909272     2.3828447272736955      0.1660748158756722      -0.0296010468424675
-2.7925268031909272     2.5082576076565215      0.1550095221451677      -0.0272194834664576
-2.7925268031909272     2.6336704880393476      0.1452750566732132      -0.0254931898106483
-2.7925268031909272     2.7590833684221736      0.1366990840075057      -0.0241850014224102
-2.7925268031909272     2.8844962488049997      0.1291265805375638      -0.0231666930157712
-2.7925268031909272     3.0099091291878257      0.1223789359719099      -0.0223388149808630
-2.7925268031909272     3.1353220095706518      0.1163221156926059      -0.0216528452313205
-2.7925268031909272     3.2607348899534778      0.1108516736964202      -0.0210742281116483
-2.7925268031909272     3.3861477703363039      0.1058810663684744      -0.0205791273168808
-2.7925268031909272     3.5115606507191299      0.1013421393587622      -0.0201514900254052
-2.7925268031909272     3.6369735311019560      0.0971787861888727      -0.0197787177612136
-2.7925268031909272     3.7623864114847820      0.0933444788601462      -0.0194513324893259
-2.7925268031909272     3.8877992918676081      0.0898003308253525      -0.0191619674354994
-2.7925268031909272     4.0132121722504346      0.0865135587293273      -0.0189047651224260
-2.7925268031909272     4.1386250526332606      0.0834562533858532      -0.0186749865059490
-2.7925268031909272     4.2640379330160867      0.0806044979439128      -0.0184687776782560
-2.7925268031909272     4.3894508133989127      0.0779376714075965      -0.0182829463997704
-2.7925268031909272     4.5148636937817388      0.0754378510858784      -0.0181148342026862
-2.7925268031909272     4.6402765741645648      0.0730894139409928      -0.0179622200162907
-2.7925268031909272     4.7656894545473909      0.0708786463401620      -0.0178232202632186
-2.7925268031909272     4.8911023349302170      0.0687934696777502      -0.0176962348057793
-2.7925268031909272     5.0165152153130430      0.0668231947784463      -0.0175798982994499
-2.7925268031909272     5.1419280956958691      0.0649583215670076      -0.0174730338366387
-2.7925268031909272     5.2673409760786951      0.0631903886244402      -0.0173746368977063
-2.7925268031909272     5.3927538564615212      0.0615118266798917      -0.0172838217843473
-2.7925268031909272     5.5181667368443472      0.0599158353946503      -0.0171998232847453
-2.7925268031909272     5.6435796172271733      0.0583963041456901      -0.0171219698795107
-2.7925268031909272     5.7689924976099993      0.0569477050707763      -0.0170496688500204
-2.7925268031909272     5.8944053779928254      0.0555650430691314      -0.0169824008191583
-2.7925268031909272     6.0198182583756514      0.0542437761995464      -0.0169197031038312
-2.7925268031909272     6.1452311387584775      0.0529797785353413      -0.0168611699978868
-2.7925268031909272     6.2706440191413035      0.0517692874771058      -0.0168064386142410
-2.7925268031909272     6.3960568995241296      0.0506088645781174      -0.0167551827567457
-2.7925268031909272     6.5214697799069556      0.0494953612494424      -0.0167071126792810
-2.7925268031909272     6.6468826602897817      0.0484258849481332      -0.0166619671710017
-2.7925268031909272     6.7722955406726077      0.0473977843259515      -0.0166195191597615
-2.7925268031909272     6.8977084210554338      0.0464086171742052      -0.0165795499260471
-2.7925268031909272     7.0231213014382599      0.0454561241489285      -0.0165418737144626
-2.7925268031909272     7.1485341818210859      0.0445382273063431      -0.0165063141310242
-2.7925268031909272     7.2739470622039120      0.0436529939154504      -0.0164727129185807
-2.7925268031909272     7.3993599425867380      0.0427986352587561      -0.0164409284008630
-2.7925268031909272     7.5247728229695641      0.0419734921794398      -0.0164108337025160
-2.7925268031909272     7.6501857033523901      0.0411760252554935      -0.0163823112981685
-2.7925268031909272     7.7755985837352162      0.0404047997475197      -0.0163552510801458
-2.7925268031909272     7.9010114641180422      0.0396584769549493      -0.0163295548332066
-2.7925268031909272     8.0264243445008692      0.0389358108863382      -0.0163051315060221
-2.7925268031909272     8.1518372248836961      0.0382356336106253      -0.0162818973259957
-2.7925268031909272     8.2772501052665231      0.0375568550065509      -0.0162597758874101
-2.7925268031909272     8.4026629856493500      0.0368984515912818      -0.0162386985229197
-2.7925268031909272     8.5280758660321769      0.0362594695899345      -0.0162186028933503
-2.7925268031909272     8.6534887464150039      0.0356390122717039      -0.0161994265528842
-2.7925268031909272     8.7789016267978308      0.0350362349385772      -0.0161811143410431
-2.7925268031909272     8.9043145071806578      0.0344503450354140      -0.0161636147597417
-2.7925268031909272     9.0297273875634847      0.0338805954019102      -0.0161468809545590
-2.7925268031909272     9.1551402679463116      0.0333262841866888      -0.0161308690549620
-2.7925268031909272     9.2805531483291386      0.0327867485242585      -0.0161155374336971
-2.7925268031909272     9.4059660287119655      0.0322613624378262      -0.0161008480692301
-2.7925268031909272     9.5313789090947925      0.0317495355837529      -0.0160867656274593
-2.7925268031909272     9.6567917894776194      0.0312507085544333      -0.0160732564025631
-2.7925268031909272     9.7822046698604463      0.0307643527269592      -0.0160602907786471
-2.7925268031909272     9.9076175502432733      0.0302899680521998      -0.0160478408212734
-2.7925268031909272     10.0330304306261002      0.0298270820272646      -0.0160358806616002
-2.7925268031909272     10.1584433110089272      0.0293752469662017      -0.0160243846265688
-2.7925268031909272     10.2838561913917541      0.0289340372298978      -0.0160133269473843
-2.7925268031909272     10.4092690717745811      0.0285030460793925      -0.0160026849735663
-2.7925268031909272     10.5346819521574080      0.0280818893265339      -0.0159924385394199
-2.7925268031909272     10.6600948325402349      0.0276702002493691      -0.0159825677604527
-2.7925268031909272     10.7855077129230619      0.0272676307133882      -0.0159730550773087
-2.7925268031909272     10.9109205933058888      0.0268738494051769      -0.0159638841652508
-2.7925268031909272     11.0363334736887158      0.0264885416773169      -0.0159550390535150
-2.7925268031909272     11.1617463540715427      0.0261114067688777      -0.0159465048538120
-2.7925268031909272     11.2871592344543696      0.0257421588028472      -0.0159382672329244
-2.7925268031909272     11.4125721148371966      0.0253805241326862      -0.0159303123343815
-2.7925268031909272     11.5379849952200235      0.0250262414698648      -0.0159226276294026
-2.7925268031909272     11.6633978756028505      0.0246790624221005      -0.0159152009238431
-2.7925268031909272     11.7888107559856774      0.0243387474464257      -0.0159080193965586
-2.7925268031909272     11.9142236363685043      0.0240050677548379      -0.0159010734547972
-2.7925268031909272     12.0396365167513313      0.0236778048928087      -0.0158943529831875
-2.7925268031909272     12.1650493971341582      0.0233567500682151      -0.0158878499469882
-2.7925268031909272     12.2904622775169852      0.0230417045123571      -0.0158815553019879
-2.7925268031909272     12.4158751578998121      0.0227324769944949      -0.0158754605741573
-2.7925268031909272     12.5412880382826391      0.0224288850675441      -0.0158695573004760
-2.7925268031909272     12.6667009186654660      0.0221307527361766      -0.0158638362744699
-2.7925268031909272     12.7921137990482929      0.0218379103909318      -0.0158582894607646
-2.7925268031909272     12.9175266794311199      0.0215501947931179      -0.0158529096128154
-2.7925268031909272     13.0429395598139468      0.0212674496292196      -0.0158476909192057
-2.7925268031909272     13.1683524401967738      0.0209895254879738      -0.0158426272405207
-2.7925268031909272     13.2937653205796007      0.0207162781871004      -0.0158377127965773
-2.7925268031909272     13.4191782009624276      0.0204475698272815      -0.0158329424200494
-2.7925268031909272     13.5445910813452546      0.0201832675595213      -0.0158283104967718
-2.7925268031909272     13.6700039617280815      0.0199232434969814      -0.0158238121712022
-2.7925268031909272     13.7954168421109085      0.0196673746947395      -0.0158194422364170
-2.7925268031909272     13.9208297224937354      0.0194155426712890      -0.0158151963697264
-2.7925268031909272     14.0462426028765623      0.0191676336901377      -0.0158110691657801
-2.7925268031909272     14.1716554832593893      0.0189235366294708      -0.0158070563496907
-2.7925268031909272     14.2970683636422162      0.0186831455272216      -0.0158031541586429
-2.7925268031909272     14.4224812440250432      0.0184463577783179      -0.0157993587283593
-2.7925268031909272     14.5478941244078701      0.0182130747924463      -0.0157956667475876
-2.7925268031909272     14.6733070047906971      0.0179832017435717      -0.0157920748052063
-2.7925268031909272     14.7987198851735240      0.0177566471374216      -0.0157885792055664
-2.7925268031909272     14.9241327655563509      0.0175333223616222      -0.0157851758901438
-2.7925268031909272     15.0495456459391779      0.0173131408757662      -0.0157818612277265
-2.7925268031909272     15.1749585263220048      0.0170960194466613      -0.0157786323963091
-2.7925268031909272     15.3003714067048318      0.0168818774770507      -0.0157754865627505
-2.7925268031909272     15.4257842870876587      0.0166706374364353      -0.0157724214677663
-2.7925268031909272     15.5511971674704856      0.0164622244433851      -0.0157694346835915
-2.7925268031909272     15.6766100478533126      0.0162565665005355      -0.0157665237245440
    
-2.4434609527920612     0.0000000000000000      -0.8130948442012067      -0.7457104284752631
-2.4434609527920612     0.1254128803828261      -0.2110444874122660      -1.2905647541319283
-2.4434609527920612     0.2508257607656522      0.2493308293245857      -0.9042681105883016
-2.4434609527920612     0.3762386411484783      0.3127324292732800      -0.6566181591285676
-2.4434609527920612     0.5016515215313043      0.3466165288712694      -0.5975712505071236
-2.4434609527920612     0.6270644019141304      0.4048486205795731      -0.4090623739721677
-2.4434609527920612     0.7524772822969564      0.3480247772634417      -0.2894394557950560
-2.4434609527920612     0.8778901626797825      0.2532501712077261      -0.2342436023265908
-2.4434609527920612     1.0033030430626086      0.1996363376641592      -0.2758687740124440
-2.4434609527920612     1.1287159234454347      0.2294124189783229      -0.3509321083940922
-2.4434609527920612     1.2541288038282608      0.3858930634763869      -0.3017776196213745
-2.4434609527920612     1.3795416842110868      0.3768998816784225      -0.1534829517135538
-2.4434609527920612     1.5049545645939129      0.3194901467027284      -0.0939417093252547
-2.4434609527920612     1.6303674449767389      0.2745900449940520      -0.0678070292498968
-2.4434609527920612     1.7557803253595650      0.2437762314359057      -0.0562522217909232
-2.4434609527920612     1.8811932057423910      0.2203378187870037      -0.0463096933785575
-2.4434609527920612     2.0066060861252173      0.2001905671912611      -0.0400994425939747
-2.4434609527920612     2.1320189665080433      0.1850047034153336      -0.0359184119976264
-2.4434609527920612     2.2574318468908694      0.1713038952125615      -0.0312622027154880
-2.4434609527920612     2.3828447272736955      0.1590602222964097      -0.0283020235754162
-2.4434609527920612     2.5082576076565215      0.1483992505561995      -0.0260408145447933
-2.4434609527920612     2.6336704880393476      0.1390785129370670      -0.0244158176051813
-2.4434609527920612     2.7590833684221736      0.1308778858155532      -0.0231735422743443
-2.4434609527920612     2.8844962488049997      0.1236372592948642      -0.0222039251894322
-2.4434609527920612     3.0099091291878257      0.1171858423620668      -0.0214124317981342
-2.4434609527920612     3.1353220095706518      0.1113921856321232      -0.0207542619883793
-2.4434609527920612     3.2607348899534778      0.1061579091350902      -0.0201998117877524
-2.4434609527920612     3.3861477703363039      0.1014014953860780      -0.0197255916873214
-2.4434609527920612     3.5115606507191299      0.0970578576243641      -0.0193160386600122
-2.4434609527920612     3.6369735311019560      0.0930733945680222      -0.0189590084457331
-2.4434609527920612     3.7623864114847820      0.0894036175755183      -0.0186454005379415
-2.4434609527920612     3.8877992918676081      0.0860113474277151      -0.0183681547569147
-2.4434609527920612     4.0132121722504346      0.0828652275797136      -0.0181216649338235
-2.4434609527920612     4.1386250526332606      0.0799385782601794      -0.0179014237648484
-2.4434609527920612     4.2640379330160867      0.0772085469963130      -0.0177037354069031
-2.4434609527920612     4.3894508133989127      0.0746553955002170      -0.0175255629116436
-2.4434609527920612     4.5148636937817388      0.0722620259060533      -0.0173643820208814
-2.4434609527920612     4.6402765741645648      0.0700134986526049      -0.0172180459234519
-2.4434609527920612     4.7656894545473909      0.0678967030222789      -0.0170847558001601
-2.4434609527920612     4.8911023349302170      0.0659000924269197      -0.0169629786242530
-2.4434609527920612     5.0165152153130430      0.0640134398180602      -0.0168514028102194
-2.4434609527920612     5.1419280956958691      0.0622276700726394      -0.0167489060475756
-2.4434609527920612     5.2673409760786951      0.0605346769848422      -0.0166545080313443
-2.4434609527920612     5.3927538564615212      0.0589272179010371      -0.0165673778290608
-2.4434609527920612     5.5181667368443472      0.0573987932953533      -0.0164867758438001
-2.4434609527920612     5.6435796172271733      0.0559435462832119      -0.0164120640444534
-2.4434609527920612     5.7689924976099993      0.0545561996052879      -0.0163426805937466
-2.4434609527920612     5.8944053779928254      0.0532319713576656      -0.0162781241228182
-2.4434609527920612     6.0198182583756514      0.0519665219440277      -0.0162179524018172
-2.4434609527920612     6.1452311387584775      0.0507559007148445      -0.0161617729456628
-2.4434609527920612     6.2706440191413035      0.0495965071316057      -0.0161092375595566
-2.4434609527920612     6.3960568995241296      0.0484850481966548      -0.0160600335042582
-2.4434609527920612     6.5214697799069556      0.0474185106290593      -0.0160138881706375
-2.4434609527920612     6.6468826602897817      0.0463941346493621      -0.0159705498042378
-2.4434609527920612     6.7722955406726077      0.0454093765578646      -0.0159297905940956
-2.4434609527920612     6.8977084210554338      0.0444618960204389      -0.0158914120241697
-2.4434609527920612     7.0231213014382599      0.0435495370717093      -0.0158552264360998
-2.4434609527920612     7.1485341818210859      0.0426702989534177      -0.0158210688304243
-2.4434609527920612     7.2739470622039120      0.0418223382480599      -0.0157887923943125
-2.4434609527920612     7.3993599425867380      0.0410039440421249      -0.0157582581425267
-2.4434609527920612     7.5247728229695641      0.0402135263707938      -0.0157293432952777
-2.4434609527920612     7.6501857033523901      0.0394496097535643      -0.0157019345121715
-2.4434609527920612     7.7755985837352162      0.0387108181177119      -0.0156759304465871
-2.4434609527920612     7.9010114641180422      0.0379958743356780      -0.0156512385635759
-2.4434609527920612     8.0264243445008692      0.0373035840171480      -0.0156277716054153
-2.4434609527920612     8.1518372248836961      0.0366328340207035      -0.0156054500927155
-2.4434609527920612     8.2772501052665231      0.0359825798273865      -0.0155841988780598
-2.4434609527920612     8.4026629856493500      0.0353518458559800      -0.0155639505689936
-2.4434609527920612     8.5280758660321769      0.0347397144256884      -0.0155446393039426
-2.4434609527920612     8.6534887464150039      0.0341453234376335      -0.0155262098666204
-2.4434609527920612     8.7789016267978308      0.0335678662700225      -0.0155086088150991
-2.4434609527920612     8.9043145071806578      0.0330065826409640      -0.0154917882319347
-2.4434609527920612     9.0297273875634847      0.0324607597302000      -0.0154757022964329
-2.4434609527920612     9.1551402679463116      0.0319297232681547      -0.0154603077221953
-2.4434609527920612     9.2805531483291386      0.0314128380495852      -0.0154455661974813
-2.4434609527920612     9.4059660287119655      0.0309095056908112      -0.0154314410568343
-2.4434609527920612     9.5313789090947925      0.0304191599654410      -0.0154178984790632
-2.4434609527920612     9.6567917894776194      0.0299412662537997      -0.0154049068169725
-2.4434609527920612     9.7822046698604463      0.0294753185851422      -0.0153924370891192
-2.4434609527920612     9.9076175502432733      0.0290208387525504      -0.0153804614264204
-2.4434609527920612     10.0330304306261002      0.0285773723924283      -0.0153689533496291
-2.4434609527920612     10.1584433110089272      0.0281444880191347      -0.0153578891930179
-2.4434609527920612     10.2838561913917541      0.0277217775716240      -0.0153472485417851
-2.4434609527920612     10.4092690717745811      0.0273088554759289      -0.0153370101922757
-2.4434609527920612     10.5346819521574080      0.0269053533534589      -0.0153271535833099
-2.4434609527920612     10.6600948325402349      0.0265109217593709      -0.0153176605884336
-2.4434609527920612     10.7855077129230619      0.0261252284914655      -0.0153085126711277
-2.4434609527920612     10.9109205933058888      0.0257479561479974      -0.0152996922223652
-2.4434609527920612     11.0363334736887158      0.0253788015837484      -0.0152911835066687
-2.4434609527920612     11.1617463540715427      0.0250174769050632      -0.0152829723287144
-2.4434609527920612     11.2871592344543696      0.0246637071818964      -0.0152750444347175
-2.4434609527920612     11.4125721148371966      0.0243172296239866      -0.0152673873471135
-2.4434609527920612     11.5379849952200235      0.0239777942893259      -0.0152599893801900
-2.4434609527920612     11.6633978756028505      0.0236451617292952      -0.0152528391799946
-2.4434609527920612     11.7888107559856774      0.0233191041481332      -0.0152459269650664
-2.4434609527920612     11.9142236363685043      0.0229994035632199      -0.0152392420295991
-2.4434609527920612     12.0396365167513313      0.0226858515524648      -0.0152327754504879
-2.4434609527920612     12.1650493971341582      0.0223782491922064      -0.0152265167665602
-2.4434609527920612     12.2904622775169852      0.0220764040492980      -0.0152204568419040
-2.4434609527920612     12.4158751578998121      0.0217801327057375      -0.0152145871845383
-2.4434609527920612     12.5412880382826391      0.0214892583953234      -0.0152089000921570
-2.4434609527920612     12.6667009186654660      0.0212036127429904      -0.0152033885552995
-2.4434609527920612     12.7921137990482929      0.0209230336557114      -0.0151980456274112
-2.4434609527920612     12.9175266794311199      0.0206473663383977      -0.0151928649999571
-2.4434609527920612     13.0429395598139468      0.0203764618617808      -0.0151878396870479
-2.4434609527920612     13.1683524401967738      0.0201101766185056      -0.0151829637318225
-2.4434609527920612     13.2937653205796007      0.0198483733485149      -0.0151782311226191
-2.4434609527920612     13.4191782009624276      0.0195909190150355      -0.0151736358403984
-2.4434609527920612     13.5445910813452546      0.0193376861496492      -0.0151691729550541
-2.4434609527920612     13.6700039617280815      0.0190885518099388      -0.0151648372552373
-2.4434609527920612     13.7954168421109085      0.0188433979040342      -0.0151606243539745
-2.4434609527920612     13.9208297224937354      0.0186021104381481      -0.0151565296162688
-2.4434609527920612     14.0462426028765623      0.0183645798467482      -0.0151525496497768
-2.4434609527920612     14.1716554832593893      0.0181307012605306      -0.0151486804127942
-2.4434609527920612     14.2970683636422162      0.0179003732786460      -0.0151449180088078
-2.4434609527920612     14.4224812440250432      0.0176734981752156      -0.0151412583102624
-2.4434609527920612     14.5478941244078701      0.0174499812095625      -0.0151376974874479
-2.4434609527920612     14.6733070047906971      0.0172297310651887      -0.0151342319155223
-2.4434609527920612     14.7987198851735240      0.0170126593775724      -0.0151308581508849
-2.4434609527920612     14.9241327655563509      0.0167986807592027      -0.0151275730911775
-2.4434609527920612     15.0495456459391779      0.0165877128793572      -0.0151243740136784
-2.4434609527920612     15.1749585263220048      0.0163796764598583      -0.0151212581763604
-2.4434609527920612     15.3003714067048318      0.0161744949657692      -0.0151182227917454
-2.4434609527920612     15.4257842870876587      0.0159720940869935      -0.0151152647725871
-2.4434609527920612     15.5511971674704856      0.0157724015878183      -0.0151123816285994
-2.4434609527920612     15.6766100478533126      0.0155753478804385      -0.0151095711217189
    
-2.0943951023931957     0.0000000000000000      -0.6915667810577636      -0.6204677594189727
-2.0943951023931957     0.1254128803828261      -0.1777626120074994      -1.0574080055861934
-2.0943951023931957     0.2508257607656522      0.1627694116027723      -0.6650139264295225
-2.0943951023931957     0.3762386411484783      0.0715844601516608      -0.5315280092733200
-2.0943951023931957     0.5016515215313043      0.1455290790703461      -0.6375435519356664
-2.0943951023931957     0.6270644019141304      0.2704368715090478      -0.5114703572604492
-2.0943951023931957     0.7524772822969564      0.3478522032446845      -0.4342251440409008
-2.0943951023931957     0.8778901626797825      0.3143942078611988      -0.2848132600423974
-2.0943951023931957     1.0033030430626086      0.2632979342756425      -0.2777512856004711
-2.0943951023931957     1.1287159234454347      0.2775410908438706      -0.2834549541698282
-2.0943951023931957     1.2541288038282608      0.3525396973559405      -0.2408951761085995
-2.0943951023931957     1.3795416842110868      0.3395978608819230      -0.1301271991948589
-2.0943951023931957     1.5049545645939129      0.2896843499857946      -0.0825991792037684
-2.0943951023931957     1.6303674449767389      0.2500682172195132      -0.0608598265338860
-2.0943951023931957     1.7557803253595650      0.2227179717928325      -0.0511954844330969
-2.0943951023931957     1.8811932057423910      0.2017082751415344      -0.0422800074243365
-2.0943951023931957     2.0066060861252173      0.1833097840156646      -0.0366069325643640
-2.0943951023931957     2.1320189665080433      0.1694123623465187      -0.0329229251957872
-2.0943951023931957     2.2574318468908694      0.1570048481284247      -0.0286366600818501
-2.0943951023931957     2.3828447272736955      0.1457111234621611      -0.0258231719816270
-2.0943951023931957     2.5082576076565215      0.1358697099735854      -0.0237526579300965
-2.0943951023931957     2.6336704880393476      0.1272840176822848      -0.0222692609084340
-2.0943951023931957     2.7590833684221736      0.1197395818885100      -0.0211309754341789
-2.0943951023931957     2.8844962488049997      0.1130772951327997      -0.0202373840825113
-2.0943951023931957     3.0099091291878257      0.1071428089953445      -0.0195069393041715
-2.0943951023931957     3.1353220095706518      0.1018129940070084      -0.0188970354087759
-2.0943951023931957     3.2607348899534778      0.0969980219966197      -0.0183836236980229
-2.0943951023931957     3.3861477703363039      0.0926239246627458      -0.0179446020446934
-2.0943951023931957     3.5115606507191299      0.0886307078993319      -0.0175654112724752
-2.0943951023931957     3.6369735311019560      0.0849688697904456      -0.0172348003067955
-2.0943951023931957     3.7623864114847820      0.0815973682290008      -0.0169444030071372
-2.0943951023931957     3.8877992918676081      0.0784818630021640      -0.0166876605974364
-2.0943951023931957     4.0132121722504346      0.0755933774307533      -0.0164594233609176
-2.0943951023931957     4.1386250526332606      0.0729072875523803      -0.0162555053222356
-2.0943951023931957     4.2640379330160867      0.0704024679747238      -0.0160724938084601
-2.0943951023931957     4.3894508133989127      0.0680607027808548      -0.0159075553152208
-2.0943951023931957     4.5148636937817388      0.0658661567321999      -0.0157583419108981
-2.0943951023931957     4.6402765741645648      0.0638050265678802      -0.0156228871385626
-2.0943951023931957     4.7656894545473909      0.0618652102378911      -0.0154995288381241
-2.0943951023931957     4.8911023349302170      0.0600360389801604      -0.0153868414612016
-2.0943951023931957     5.0165152153130430      0.0583080793654621      -0.0152836193935624
-2.0943951023931957     5.1419280956958691      0.0566729435894137      -0.0151888064829985
-2.0943951023931957     5.2673409760786951      0.0551231557765209      -0.0151015179317063
-2.0943951023931957     5.3927538564615212      0.0536520404018232      -0.0150209656956995
-2.0943951023931957     5.5181667368443472      0.0522535981630155      -0.0149464686289735
-2.0943951023931957     5.6435796172271733      0.0509224329828053      -0.0148774274141546
-2.0943951023931957     5.7689924976099993      0.0496536708789399      -0.0148133157845788
-2.0943951023931957     5.8944053779928254      0.0484429047568238      -0.0147536701202052
-2.0943951023931957     6.0198182583756514      0.0472861264183759      -0.0146980749163611
-2.0943951023931957     6.1452311387584775      0.0461796961286255      -0.0146461755819826
-2.0943951023931957     6.2706440191413035      0.0451202984408644      -0.0145976421345477
-2.0943951023931957     6.3960568995241296      0.0441048972407651      -0.0145521885540640
-2.0943951023931957     6.5214697799069556      0.0431307180102063      -0.0145095555953175
-2.0943951023931957     6.6468826602897817      0.0421952112901664      -0.0144695124576493
-2.0943951023931957     6.7722955406726077      0.0412960361456547      -0.0144318560276763
-2.0943951023931957     6.8977084210554338      0.0404310399966536      -0.0143963993175613
-2.0943951023931957     7.0231213014382599      0.0395982371483586      -0.0143629781136838
-2.0943951023931957     7.1485341818210859      0.0387957988263651      -0.0143314384313123
-2.0943951023931957     7.2739470622039120      0.0380220267924527      -0.0143016399150598
-2.0943951023931957     7.3993599425867380      0.0372753518240892      -0.0142734534690871
-2.0943951023931957     7.5247728229695641      0.0365543095894900      -0.0142467612365273
-2.0943951023931957     7.6501857033523901      0.0358575428884336      -0.0142214602362458
-2.0943951023931957     7.7755985837352162      0.0351837891609468      -0.0141974540081209
-2.0943951023931957     7.9010114641180422      0.0345318705398412      -0.0141746551670932
-2.0943951023931957     8.0264243445008692      0.0339006885947055      -0.0141529857781198
-2.0943951023931957     8.1518372248836961      0.0332892200212396      -0.0141323730800986
-2.0943951023931957     8.2772501052665231      0.0326965067662887      -0.0141127503770123
-2.0943951023931957     8.4026629856493500      0.0321216536197192      -0.0140940550125025
-2.0943951023931957     8.5280758660321769      0.0315638204310156      -0.0140762293052375
-2.0943951023931957     8.6534887464150039      0.0310222191270624      -0.0140592175622369
-2.0943951023931957     8.7789016267978308      0.0304961071504840      -0.0140429702522014
-2.0943951023931957     8.9043145071806578      0.0299847874193511      -0.0140274417728789
-2.0943951023931957     9.0297273875634847      0.0294876031634722      -0.0140125892349995
-2.0943951023931957     9.1551402679463116      0.0290039351202866      -0.0139983764861207
-2.0943951023931957     9.2805531483291386      0.0285332039413538      -0.0139847680115477
-2.0943951023931957     9.4059660287119655      0.0280748601665830      -0.0139717306174962
-2.0943951023931957     9.5313789090947925      0.0276283874856162      -0.0139592324887351
-2.0943951023931957     9.6567917894776194      0.0271932962051596      -0.0139472440949981
-2.0943951023931957     9.7822046698604463      0.0267691239681181      -0.0139357355682813
-2.0943951023931957     9.9076175502432733      0.0263554292867349      -0.0139246803140008
-2.0943951023931957     10.0330304306261002      0.0259517958585531      -0.0139140552787514
-2.0943951023931957     10.1584433110089272      0.0255578290361626      -0.0139038381178394
-2.0943951023931957     10.2838561913917541      0.0251731535898020      -0.0138940084246136
-2.0943951023931957     10.4092690717745811      0.0247974146117690      -0.0138845488626392
-2.0943951023931957     10.5346819521574080      0.0244302761537422      -0.0138754413383855
-2.0943951023931957     10.6600948325402349      0.0240714182526472      -0.0138666684632848
-2.0943951023931957     10.7855077129230619      0.0237205360142240      -0.0138582140221832
-2.0943951023931957     10.9109205933058888      0.0233773396052549      -0.0138500629761994
-2.0943951023931957     11.0363334736887158      0.0230415531708855      -0.0138422006306794
-2.0943951023931957     11.1617463540715427      0.0227129127961855      -0.0138346125048645
-2.0943951023931957     11.2871592344543696      0.0223911663244556      -0.0138272866644422
-2.0943951023931957     11.4125721148371966      0.0220760744212162      -0.0138202117883961
-2.0943951023931957     11.5379849952200235      0.0217674088561438      -0.0138133769858313
-2.0943951023931957     11.6633978756028505      0.0214649515824624      -0.0138067713120241
-2.0943951023931957     11.7888107559856774      0.0211684940627168      -0.0138003844934971
-2.0943951023931957     11.9142236363685043      0.0208778369759260      -0.0137942067329786
-2.0943951023931957     12.0396365167513313      0.0205927893970943      -0.0137882278157809
-2.0943951023931957     12.1650493971341582      0.0203131672021658      -0.0137824391083108
-2.0943951023931957     12.2904622775169852      0.0200387952521699      -0.0137768325218653
-2.0943951023931957     12.4158751578998121      0.0197695046870693      -0.0137714006434524
-2.0943951023931957     12.5412880382826391      0.0195051346596412      -0.0137661367946825
-2.0943951023931957     12.6667009186654660      0.0192455304708334      -0.0137610351333989
-2.0943951023931957     12.7921137990482929      0.0189905452399720      -0.0137560898633895
-2.0943951023931957     12.9175266794311199      0.0187400373814996      -0.0137512947660731
-2.0943951023931957     13.0429395598139468      0.0184938713790459      -0.0137466441863157
-2.0943951023931957     13.1683524401967738      0.0182519169618630      -0.0137421315704442
-2.0943951023931957     13.2937653205796007      0.0180140476287707      -0.0137377510862491
-2.0943951023931957     13.4191782009624276      0.0177801424839919      -0.0137334977979589
-2.0943951023931957     13.5445910813452546      0.0175500846943537      -0.0137293664244053
-2.0943951023931957     13.6700039617280815      0.0173237620773806      -0.0137253529098159
-2.0943951023931957     13.7954168421109085      0.0171010668779346      -0.0137214530955802
-2.0943951023931957     13.9208297224937354      0.0168818957575830      -0.0137176630819215
-2.0943951023931957     14.0462426028765623      0.0166661489016628      -0.0137139786638648
-2.0943951023931957     14.1716554832593893      0.0164537303098322      -0.0137103959951854
-2.0943951023931957     14.2970683636422162      0.0162445472430835      -0.0137069110239905
-2.0943951023931957     14.4224812440250432      0.0160385099966316      -0.0137035199062911
-2.0943951023931957     14.5478941244078701      0.0158355319013139      -0.0137002192513553
-2.0943951023931957     14.6733070047906971      0.0156355293136123      -0.0136970056289102
-2.0943951023931957     14.7987198851735240      0.0154384212252262      -0.0136938763102840
-2.0943951023931957     14.9241327655563509      0.0152441298316396      -0.0136908287518086
-2.0943951023931957     15.0495456459391779      0.0150525800335941      -0.0136878606675272
-2.0943951023931957     15.1749585263220048      0.0148636995795817      -0.0136849697153787
-2.0943951023931957     15.3003714067048318      0.0146774186261068      -0.0136821536642176
-2.0943951023931957     15.4257842870876587      0.0144936700510967      -0.0136794102346236
-2.0943951023931957     15.5511971674704856      0.0143123887959306      -0.0136767366483436
-2.0943951023931957     15.6766100478533126      0.0141335115002224      -0.0136741303241067
    
-1.7453292519943295     0.0000000000000000      -0.6329959277117083      -0.5242745720323797
-1.7453292519943295     0.1254128803828261      -0.2585645515674200      -0.9122759350499006
-1.7453292519943295     0.2508257607656522      0.0470438753150880      -0.7245659323251881
-1.7453292519943295     0.3762386411484783      0.1477000472378226      -0.5778944800924619
-1.7453292519943295     0.5016515215313043      0.1945473885569520      -0.5517360299998811
-1.7453292519943295     0.6270644019141304      0.2508797483166043      -0.4254342745076291
-1.7453292519943295     0.7524772822969564      0.2660598212287562      -0.3670395078098277
-1.7453292519943295     0.8778901626797825      0.2314447186967303      -0.3086523187394114
-1.7453292519943295     1.0033030430626086      0.2577240528123045      -0.3080587324984737
-1.7453292519943295     1.1287159234454347      0.2723339615873965      -0.2755812642357289
-1.7453292519943295     1.2541288038282608      0.3358754213668237      -0.2368223112161913
-1.7453292519943295     1.3795416842110868      0.3260727206098636      -0.1280729666682215
-1.7453292519943295     1.5049545645939129      0.2775247333167394      -0.0805019262019950
-1.7453292519943295     1.6303674449767389      0.2389625790346507      -0.0588185492723428
-1.7453292519943295     1.7557803253595650      0.2124709821655333      -0.0490706164396587
-1.7453292519943295     1.8811932057423910      0.1918912526974820      -0.0401612686620771
-1.7453292519943295     2.0066060861252173      0.1741749581374185      -0.0347349496091770
-1.7453292519943295     2.1320189665080433      0.1606988695250834      -0.0309870939260324
-1.7453292519943295     2.2574318468908694      0.1486113589369373      -0.0269549387746865
-1.7453292519943295     2.3828447272736955      0.1378120349557859      -0.0243518217629216
-1.7453292519943295     2.5082576076565215      0.1284384051947191      -0.0224022717562185
-1.7453292519943295     2.6336704880393476      0.1202727187947420      -0.0209803371344968
-1.7453292519943295     2.7590833684221736      0.1130861990374045      -0.0198837041104134
-1.7453292519943295     2.8844962488049997      0.1067450149336263      -0.0190272227954628
-1.7453292519943295     3.0099091291878257      0.1010997855392594      -0.0183274662945877
-1.7453292519943295     3.1353220095706518      0.0960340165002775      -0.0177453535908381
-1.7453292519943295     3.2607348899534778      0.0914614997838267      -0.0172554881128552
-1.7453292519943295     3.3861477703363039      0.0873101690401847      -0.0168367729946185
-1.7453292519943295     3.5115606507191299      0.0835224642292779      -0.0164755228188141
-1.7453292519943295     3.6369735311019560      0.0800510433685425      -0.0161609156322633
-1.7453292519943295     3.7623864114847820      0.0768564852818957      -0.0158847917105653
-1.7453292519943295     3.8877992918676081      0.0739058831716701      -0.0156409028416023
-1.7453292519943295     4.0132121722504346      0.0711715085574332      -0.0154242449067233
-1.7453292519943295     4.1386250526332606      0.0686297466928724      -0.0152308175134642
-1.7453292519943295     4.2640379330160867      0.0662604184320129      -0.0150573452247668
-1.7453292519943295     4.3894508133989127      0.0640461046092293      -0.0149011243033164
-1.7453292519943295     4.5148636937817388      0.0619716995941705      -0.0147598899357917
-1.7453292519943295     4.6402765741645648      0.0600240229664069      -0.0146317672701592
-1.7453292519943295     4.7656894545473909      0.0581915354110161      -0.0145151414196856
-1.7453292519943295     4.8911023349302170      0.0564640522731070      -0.0144086603774509
-1.7453292519943295     5.0165152153130430      0.0548325811949695      -0.0143111568307360
-1.7453292519943295     5.1419280956958691      0.0532891274047844      -0.0142216461958978
-1.7453292519943295     5.2673409760786951      0.0518265884631753      -0.0141392647675225
-1.7453292519943295     5.3927538564615212      0.0504385928645485      -0.0140632605424698
-1.7453292519943295     5.5181667368443472      0.0491194321750629      -0.0139929919489200
-1.7453292519943295     5.6435796172271733      0.0478639773731729      -0.0139278902737861
-1.7453292519943295     5.7689924976099993      0.0466675939539921      -0.0138674547375665
-1.7453292519943295     5.8944053779928254      0.0455260895100046      -0.0138112495967248
-1.7453292519943295     6.0198182583756514      0.0444356697677083      -0.0137588878280172
-1.7453292519943295     6.1452311387584775      0.0433928758701410      -0.0137100165667860
-1.7453292519943295     6.2706440191413035      0.0423945530932494      -0.0136643351805656
-1.7453292519943295     6.3960568995241296      0.0414378286411933      -0.0136215740105667
-1.7453292519943295     6.5214697799069556      0.0405200721893747      -0.0135814880665393
-1.7453292519943295     6.6468826602897817      0.0396388705957727      -0.0135438592314538
-1.7453292519943295     6.7722955406726077      0.0387920093225335      -0.0135084893342590
-1.7453292519943295     6.8977084210554338      0.0379774492317240      -0.0134752015607457
-1.7453292519943295     7.0231213014382599      0.0371933105574550      -0.0134438285377392
-1.7453292519943295     7.1485341818210859      0.0364378491221408      -0.0134142239857054
-1.7453292519943295     7.2739470622039120      0.0357094566220344      -0.0133862564994328
-1.7453292519943295     7.3993599425867380      0.0350066388337588      -0.0133598109261028
-1.7453292519943295     7.5247728229695641      0.0343280209081228      -0.0133347798973303
-1.7453292519943295     7.6501857033523901      0.0336723165922325      -0.0133110612819633
-1.7453292519943295     7.7755985837352162      0.0330383321762824      -0.0132885670291003
-1.7453292519943295     7.9010114641180422      0.0324249566052575      -0.0132672122198076
-1.7453292519943295     8.0264243445008692      0.0318311523312315      -0.0132469195875372
-1.7453292519943295     8.1518372248836961      0.0312559485044503      -0.0132276173788447
-1.7453292519943295     8.2772501052665231      0.0306984373750539      -0.0132092412072850
-1.7453292519943295     8.4026629856493500      0.0301577681686398      -0.0131917320055643
-1.7453292519943295     8.5280758660321769      0.0296331446892411      -0.0131750373052128
-1.7453292519943295     8.6534887464150039      0.0291238214497602      -0.0131591083507470
-1.7453292519943295     8.7789016267978308      0.0286290973237239      -0.0131438998720684
-1.7453292519943295     8.9043145071806578      0.0281483152546918      -0.0131293709511477
-1.7453292519943295     9.0297273875634847      0.0276808576713645      -0.0131154839058028
-1.7453292519943295     9.1551402679463116      0.0272261456018488      -0.0131021992983021
-1.7453292519943295     9.2805531483291386      0.0267836272111807      -0.0130894806384445
-1.7453292519943295     9.4059660287119655      0.0263527837758318      -0.0130772955771714
-1.7453292519943295     9.5313789090947925      0.0259331241782613      -0.0130656150716092
-1.7453292519943295     9.6567917894776194      0.0255241857595613      -0.0130544104991860
-1.7453292519943295     9.7822046698604463      0.0251255284528430      -0.0130436579564921
-1.7453292519943295     9.9076175502432733      0.0247367400364678      -0.0130333355136487
-1.7453292519943295     10.0330304306261002      0.0243574296133749      -0.0130234201319840
-1.7453292519943295     10.1584433110089272      0.0239872256789347      -0.0130138905203142
-1.7453292519943295     10.2838561913917541      0.0236257768084650      -0.0130047257005618
-1.7453292519943295     10.4092690717745811      0.0232727461201537      -0.0129959054327101
-1.7453292519943295     10.5346819521574080      0.0229278149797893      -0.0129874137920738
-1.7453292519943295     10.6600948325402349      0.0225906806712722      -0.0129792341296980
-1.7453292519943295     10.7855077129230619      0.0222610549845882      -0.0129713519957796
-1.7453292519943295     10.9109205933058888      0.0219386644296413      -0.0129637531860044
-1.7453292519943295     11.0363334736887158      0.0216232475772114      -0.0129564249453666
-1.7453292519943295     11.1617463540715427      0.0213145572010492      -0.0129493556517321
-1.7453292519943295     11.2871592344543696      0.0210123570155675      -0.0129425326803884
-1.7453292519943295     11.4125721148371966      0.0207164211922292      -0.0129359443222709
-1.7453292519943295     11.5379849952200235      0.0204265333478218      -0.0129295799224626
-1.7453292519943295     11.6633978756028505      0.0201424881258311      -0.0129234297580861
-1.7453292519943295     11.7888107559856774      0.0198640883399854      -0.0129174835981210
-1.7453292519943295     11.9142236363685043      0.0195911449164394      -0.0129117327083711
-1.7453292519943295     12.0396365167513313      0.0193234774913855      -0.0129061697337336
-1.7453292519943295     12.1650493971341582      0.0190609146563178      -0.0129007872868257
-1.7453292519943295     12.2904622775169852      0.0188032922402012      -0.0128955779104268
-1.7453292519943295     12.4158751578998121      0.0185504528861766      -0.0128905336021400
-1.7453292519943295     12.5412880382826391      0.0183022449483799      -0.0128856472640081
-1.7453292519943295     12.6667009186654660      0.0180585234472728      -0.0128809114987756
-1.7453292519943295     12.7921137990482929      0.0178191481830176      -0.0128763197076673
-1.7453292519943295     12.9175266794311199      0.0175839846102547      -0.0128718659357957
-1.7453292519943295     13.0429395598139468      0.0173529033236641      -0.0128675454461489
-1.7453292519943295     13.1683524401967738      0.0171257812799393      -0.0128633543315924
-1.7453292519943295     13.2937653205796007      0.0169025011277095      -0.0128592876443715
-1.7453292519943295     13.4191782009624276      0.0166829488818962      -0.0128553400665151
-1.7453292519943295     13.5445910813452546      0.0164670151477050      -0.0128515074828123
-1.7453292519943295     13.6700039617280815      0.0162545950133577      -0.0128477850611451
-1.7453292519943295     13.7954168421109085      0.0160455866801879      -0.0128441680467404
-1.7453292519943295     13.9208297224937354      0.0158398918745678      -0.0128406525638447
-1.7453292519943295     14.0462426028765623      0.0156374162976756      -0.0128372350776893
-1.7453292519943295     14.1716554832593893      0.0154380691062742      -0.0128339123494113
-1.7453292519943295     14.2970683636422162      0.0152417628566109      -0.0128306811151980
-1.7453292519943295     14.4224812440250432      0.0150484132509365      -0.0128275386687752
-1.7453292519943295     14.5478941244078701      0.0148579395273544      -0.0128244820850677
-1.7453292519943295     14.6733070047906971      0.0146702636128178      -0.0128215085066442
-1.7453292519943295     14.7987198851735240      0.0144853103628403      -0.0128186147692638
-1.7453292519943295     14.9241327655563509      0.0143030067484471      -0.0128157976184276
-1.7453292519943295     15.0495456459391779      0.0141232820198448      -0.0128130539406115
-1.7453292519943295     15.1749585263220048      0.0139460674229754      -0.0128103810538748
-1.7453292519943295     15.3003714067048318      0.0137712967831822      -0.0128077767565995
-1.7453292519943295     15.4257842870876587      0.0135989060869855      -0.0128052388122293
-1.7453292519943295     15.5511971674704856      0.0134288335779276      -0.0128027654772800
-1.7453292519943295     15.6766100478533126      0.0132610198940522      -0.0128003547637667
    
-1.3962634015954636     0.0000000000000000      -0.5420043186345956      -0.4088162322779924
-1.3962634015954636     0.1254128803828261      -0.3073119683900477      -0.7290331972578465
-1.3962634015954636     0.2508257607656522      -0.0526651759636632      -0.7201290234935441
-1.3962634015954636     0.3762386411484783      0.1952388928279165      -0.5770092124773692
-1.3962634015954636     0.5016515215313043      0.2302057119379480      -0.4490217265152085
-1.3962634015954636     0.6270644019141304      0.2372300541014138      -0.3038254536175498
-1.3962634015954636     0.7524772822969564      0.1633749832193700      -0.2413448474269105
-1.3962634015954636     0.8778901626797825      0.1006642597665799      -0.2782097498459658
-1.3962634015954636     1.0033030430626086      0.1631342537387007      -0.3182610863346379
-1.3962634015954636     1.1287159234454347      0.1905819843916659      -0.3201234991025988
-1.3962634015954636     1.2541288038282608      0.3196846126634637      -0.2855924893942574
-1.3962634015954636     1.3795416842110868      0.3218427574848847      -0.1444178296048424
-1.3962634015954636     1.5049545645939129      0.2697929633292165      -0.0853060556236031
-1.3962634015954636     1.6303674449767389      0.2289940641653727      -0.0597856767772563
-1.3962634015954636     1.7557803253595650      0.2017512660288942      -0.0483134448465748
-1.3962634015954636     1.8811932057423910      0.1806021852016559      -0.0383692266173738
-1.3962634015954636     2.0066060861252173      0.1627915733859241      -0.0327030088669519
-1.3962634015954636     2.1320189665080433      0.1493428565884702      -0.0287527050204673
-1.3962634015954636     2.2574318468908694      0.1373873233393705      -0.0248858793315455
-1.3962634015954636     2.3828447272736955      0.1270211190969716      -0.0224689797950922
-1.3962634015954636     2.5082576076565215      0.1181327403544302      -0.0205796941996662
-1.3962634015954636     2.6336704880393476      0.1103966968302147      -0.0191739951375372
-1.3962634015954636     2.7590833684221736      0.1036022154140778      -0.0180974422539608
-1.3962634015954636     2.8844962488049997      0.0976277106953231      -0.0172621890627712
-1.3962634015954636     3.0099091291878257      0.0923260363453880      -0.0165864513769224
-1.3962634015954636     3.1353220095706518      0.0875852799216595      -0.0160289990622014
-1.3962634015954636     3.2607348899534778      0.0833191605637665      -0.0155612930420342
-1.3962634015954636     3.3861477703363039      0.0794555242827886      -0.0151628164419594
-1.3962634015954636     3.5115606507191299      0.0759382106600811      -0.0148202973647010
-1.3962634015954636     3.6369735311019560      0.0727210700979767      -0.0145229723221970
-1.3962634015954636     3.7623864114847820      0.0697659392626201      -0.0142628743528373
-1.3962634015954636     3.8877992918676081      0.0670410408751626      -0.0140337915187170
-1.3962634015954636     4.0132121722504346      0.0645196668653572      -0.0138308628161834
-1.3962634015954636     4.1386250526332606      0.0621792284850642      -0.0136501341678795
-1.3962634015954636     4.2640379330160867      0.0600003804204968      -0.0134884027811864
-1.3962634015954636     4.3894508133989127      0.0579665122785828      -0.0133430359371879
-1.3962634015954636     4.5148636937817388      0.0560632348110515      -0.0132118557554864
-1.3962634015954636     4.6402765741645648      0.0542780420535418      -0.0130930502181063
-1.3962634015954636     4.7656894545473909      0.0525999978392371      -0.0129850930070886
-1.3962634015954636     4.8911023349302170      0.0510194989209034      -0.0128866878859166
-1.3962634015954636     5.0165152153130430      0.0495280675379840      -0.0127967357621609
-1.3962634015954636     5.1419280956958691      0.0481182040489121      -0.0127142807155254
-1.3962634015954636     5.2673409760786951      0.0467832195427926      -0.0126385018708062
-1.3962634015954636     5.3927538564615212      0.0455171530511110      -0.0125686908635614
-1.3962634015954636     5.5181667368443472      0.0443146614235423      -0.0125042303893219
-1.3962634015954636     5.6435796172271733      0.0431709465360514      -0.0124445804800048
-1.3962634015954636     5.7689924976099993      0.0420816803686671      -0.0123892683771796
-1.3962634015954636     5.8944053779928254      0.0410429551321709      -0.0123378802878152
-1.3962634015954636     6.0198182583756514      0.0400512274296383      -0.0122900515923449
-1.3962634015954636     6.1452311387584775      0.0391032854186269      -0.0122454640119345
-1.3962634015954636     6.2706440191413035      0.0381962053713554      -0.0122038286577783
-1.3962634015954636     6.3960568995241296      0.0373273221313608      -0.0121648875246708
-1.3962634015954636     6.5214697799069556      0.0364941916805522      -0.0121284063978081
-1.3962634015954636     6.6468826602897817      0.0356945769521902      -0.0120941820035278
-1.3962634015954636     6.7722955406726077      0.0349264239198248      -0.0120620275687051
-1.3962634015954636     6.8977084210554338      0.0341878399579173      -0.0120317755055633
-1.3962634015954636     7.0231213014382599      0.0334770818720965      -0.0120032842157914
-1.3962634015954636     7.1485341818210859      0.0327925494835948      -0.0119764204856140
-1.3962634015954636     7.2739470622039120      0.0321327587558876      -0.0119510625945098
-1.3962634015954636     7.3993599425867380      0.0314963399916775      -0.0119271008537719
-1.3962634015954636     7.5247728229695641      0.0308820201904351      -0.0119044303065538
-1.3962634015954636     7.6501857033523901      0.0302886125264593      -0.0118829604022066
-1.3962634015954636     7.7755985837352162      0.0297150213435108      -0.0118626092961920
-1.3962634015954636     7.9010114641180422      0.0291602212136698      -0.0118432988178084
-1.3962634015954636     8.0264243445008692      0.0286232581042997      -0.0118249607406349
-1.3962634015954636     8.1518372248836961      0.0281032408180616      -0.0118075323740758
-1.3962634015954636     8.2772501052665231      0.0275993410236362      -0.0117909567028866
-1.3962634015954636     8.4026629856493500      0.0271107813707705      -0.0117751770420750
-1.3962634015954636     8.5280758660321769      0.0266368327423366      -0.0117601434860192
-1.3962634015954636     8.6534887464150039      0.0261768121808970      -0.0117458099348746
-1.3962634015954636     8.7789016267978308      0.0257300806374154      -0.0117321328620999
-1.3962634015954636     8.9043145071806578      0.0252960350486022      -0.0117190691462309
-1.3962634015954636     9.0297273875634847      0.0248741053009049      -0.0117065802255598
-1.3962634015954636     9.1551402679463116      0.0244637547423855      -0.0116946345863174
-1.3962634015954636     9.2805531483291386      0.0240644809220750      -0.0116832019960011
-1.3962634015954636     9.4059660287119655      0.0236758088889342      -0.0116722549097464
-1.3962634015954636     9.5313789090947925      0.0232972923017583      -0.0116617671403768
-1.3962634015954636     9.6567917894776194      0.0229285095148033      -0.0116517145310070
-1.3962634015954636     9.7822046698604463      0.0225690625546676      -0.0116420721424663
-1.3962634015954636     9.9076175502432733      0.0222185723778137      -0.0116328168667931
-1.3962634015954636     10.0330304306261002      0.0218766801901583      -0.0116239284736697
-1.3962634015954636     10.1584433110089272      0.0215430468839308      -0.0116153876431590
-1.3962634015954636     10.2838561913917541      0.0212173491131126      -0.0116071770155521
-1.3962634015954636     10.4092690717745811      0.0208992829478426      -0.0115992816733005
-1.3962634015954636     10.5346819521574080      0.0205885594872213      -0.0115916846978798
-1.3962634015954636     10.6600948325402349      0.0202849030288517      -0.0115843709320275
-1.3962634015954636     10.7855077129230619      0.0199880511862322      -0.0115773260112283
-1.3962634015954636     10.9109205933058888      0.0196977542317562      -0.0115705380891919
-1.3962634015954636     11.0363334736887158      0.0194137764545764      -0.0115639941344436
-1.3962634015954636     11.1617463540715427      0.0191358899604506      -0.0115576818766384
-1.3962634015954636     11.2871592344543696      0.0188638795804486      -0.0115515917662048
-1.3962634015954636     11.4125721148371966      0.0185975405753342      -0.0115457134019982
-1.3962634015954636     11.5379849952200235      0.0183366766630469      -0.0115400355719013
-1.3962634015954636     11.6633978756028505      0.0180810985981943      -0.0115345498261981
-1.3962634015954636     11.7888107559856774      0.0178306278658264      -0.0115292488128270
-1.3962634015954636     11.9142236363685043      0.0175850943158900      -0.0115241246067308
-1.3962634015954636     12.0396365167513313      0.0173443345304525      -0.0115191687613015
-1.3962634015954636     12.1650493971341582      0.0171081915704768      -0.0115143740543972
-1.3962634015954636     12.2904622775169852      0.0168765151873184      -0.0115097335458916
-1.3962634015954636     12.4158751578998121      0.0166491619567531      -0.0115052414055313
-1.3962634015954636     12.5412880382826391      0.0164259943870779      -0.0115008912775774
-1.3962634015954636     12.6667009186654660      0.0162068807885750      -0.0114966780945395
-1.3962634015954636     12.7921137990482929      0.0159916953560102      -0.0114925959922623
-1.3962634015954636     12.9175266794311199      0.0157803170231453      -0.0114886396018070
-1.3962634015954636     13.0429395598139468      0.0155726297850996      -0.0114848031315761
-1.3962634015954636     13.1683524401967738      0.0153685209318302      -0.0114810807683580
-1.3962634015954636     13.2937653205796007      0.0151678817147146      -0.0114774686601703
-1.3962634015954636     13.4191782009624276      0.0149706090838574      -0.0114739632565029
-1.3962634015954636     13.5445910813452546      0.0147766036958654      -0.0114705605279058
-1.3962634015954636     13.6700039617280815      0.0145857700529380      -0.0114672569856815
-1.3962634015954636     13.7954168421109085      0.0143980166441727      -0.0114640492909489
-1.3962634015954636     13.9208297224937354      0.0142132554518548      -0.0114609336281312
-1.3962634015954636     14.0462426028765623      0.0140314012810629      -0.0114579063166720
-1.3962634015954636     14.1716554832593893      0.0138523720179893      -0.0114549637717470
-1.3962634015954636     14.2970683636422162      0.0136760881304511      -0.0114521027973343
-1.3962634015954636     14.4224812440250432      0.0135024734215275      -0.0114493205950627
-1.3962634015954636     14.5478941244078701      0.0133314539821626      -0.0114466138599290
-1.3962634015954636     14.6733070047906971      0.0131629583178916      -0.0114439803424109
-1.3962634015954636     14.7987198851735240      0.0129969178380310      -0.0114414175834369
-1.3962634015954636     14.9241327655563509      0.0128332663196666      -0.0114389237659857
-1.3962634015954636     15.0495456459391779      0.0126719403488619      -0.0114364966308209
-1.3962634015954636     15.1749585263220048      0.0125128784551601      -0.0114341339879347
-1.3962634015954636     15.3003714067048318      0.0123560212248706      -0.0114318332383591
-1.3962634015954636     15.4257842870876587      0.0122013108090310      -0.0114295922135068
-1.3962634015954636     15.5511971674704856      0.0120486913873340      -0.0114274086910239
-1.3962634015954636     15.6766100478533126      0.0118981085098906      -0.0114252808135322
    
-1.0471975511965979     0.0000000000000000      -0.4147633861851033      -0.2727162522032012
-1.0471975511965979     0.1254128803828261      -0.2957900843317290      -0.4890846425001112
-1.0471975511965979     0.2508257607656522      -0.1394617039578335      -0.5459545375029600
-1.0471975511965979     0.3762386411484783      0.0697382933073128      -0.4676536742482184
-1.0471975511965979     0.5016515215313043      0.1093312410261155      -0.3843758860503766
-1.0471975511965979     0.6270644019141304      0.1160487402809093      -0.2702737504597248
-1.0471975511965979     0.7524772822969564      0.0358789980287155      -0.2438092234326616
-1.0471975511965979     0.8778901626797825      -0.0000428377921840      -0.3504237366877190
-1.0471975511965979     1.0033030430626086      0.1541799832266886      -0.3811160370241295
-1.0471975511965979     1.1287159234454347      0.1826902198530204      -0.3388726852106838
-1.0471975511965979     1.2541288038282608      0.3111441053260331      -0.2995145576843762
-1.0471975511965979     1.3795416842110868      0.3144727153940734      -0.1495602674152929
-1.0471975511965979     1.5049545645939129      0.2603889512926095      -0.0863276240687968
-1.0471975511965979     1.6303674449767389      0.2184533786750712      -0.0592937183162156
-1.0471975511965979     1.7557803253595650      0.1909490243150761      -0.0469878417619076
-1.0471975511965979     1.8811932057423910      0.1695637194504809      -0.0363930327823801
-1.0471975511965979     2.0066060861252173      0.1516514738244069      -0.0305232234659819
-1.0471975511965979     2.1320189665080433      0.1382161227754737      -0.0265620655758251
-1.0471975511965979     2.2574318468908694      0.1265115584010160      -0.0228529729161259
-1.0471975511965979     2.3828447272736955      0.1164993990537237      -0.0205369198029036
-1.0471975511965979     2.5082576076565215      0.1080139188883647      -0.0187007522973208
-1.0471975511965979     2.6336704880393476      0.1006444632392510      -0.0173157735079685
-1.0471975511965979     2.7590833684221736      0.0942001897745104      -0.0162621368559600
-1.0471975511965979     2.8844962488049997      0.0885557741333854      -0.0154442001274248
-1.0471975511965979     3.0099091291878257      0.0835664485409756      -0.0147876208829528
-1.0471975511965979     3.1353220095706518      0.0791221952232532      -0.0142483363361168
-1.0471975511965979     3.2607348899534778      0.0751368170591760      -0.0137975532831597
-1.0471975511965979     3.3861477703363039      0.0715386820780639      -0.0134149091669864
-1.0471975511965979     3.5115606507191299      0.0682725368593413      -0.0130872819389165
-1.0471975511965979     3.6369735311019560      0.0652932024647726      -0.0128039621528217
-1.0471975511965979     3.7623864114847820      0.0625633324203723      -0.0125569232048505
-1.0471975511965979     3.8877992918676081      0.0600519569549179      -0.0123400549967913
-1.0471975511965979     4.0132121722504346      0.0577331738486732      -0.0121484926087626
-1.0471975511965979     4.1386250526332606      0.0555850630235969      -0.0119783701908241
-1.0471975511965979     4.2640379330160867      0.0535890043264762      -0.0118265443201046
-1.0471975511965979     4.3894508133989127      0.0517290129795092      -0.0116904456504069
-1.0471975511965979     4.5148636937817388      0.0499913308949603      -0.0115679454620528
-1.0471975511965979     4.6402765741645648      0.0483639954072895      -0.0114572514500105
-1.0471975511965979     4.7656894545473909      0.0468365733631708      -0.0113568772797457
-1.0471975511965979     4.8911023349302170      0.0453999248365560      -0.0112655647985248
-1.0471975511965979     5.0165152153130430      0.0440460052583964      -0.0111822397778771
-1.0471975511965979     5.1419280956958691      0.0427676965082381      -0.0111059910161193
-1.0471975511965979     5.2673409760786951      0.0415586894463088      -0.0110360292710059
-1.0471975511965979     5.3927538564615212      0.0404133559720749      -0.0109716793171570
-1.0471975511965979     5.5181667368443472      0.0393266765318080      -0.0109123479284427
-1.0471975511965979     5.6435796172271733      0.0382941356798329      -0.0108575218956972
-1.0471975511965979     5.7689924976099993      0.0373116837763112      -0.0108067540174986
-1.0471975511965979     5.8944053779928254      0.0363756575624972      -0.0107596503879355
-1.0471975511965979     6.0198182583756514      0.0354827564238344      -0.0107158722247047
-1.0471975511965979     6.1452311387584775      0.0346299844361933      -0.0106751065707880
-1.0471975511965979     6.2706440191413035      0.0338146161801921      -0.0106370813920591
-1.0471975511965979     6.3960568995241296      0.0330341645793880      -0.0106015552931087
-1.0471975511965979     6.5214697799069556      0.0322863660414504      -0.0105683165721389
-1.0471975511965979     6.6468826602897817      0.0315691479482617      -0.0105371705134420
-1.0471975511965979     6.7722955406726077      0.0308806091060807      -0.0105079437043731
-1.0471975511965979     6.8977084210554338      0.0302190032781610      -0.0104804834781345
-1.0471975511965979     7.0231213014382599      0.0295827258596648      -0.0104546462811680
-1.0471975511965979     7.1485341818210859      0.0289702932155227      -0.0104303072313191
-1.0471975511965979     7.2739470622039120      0.0283803389174392      -0.0104073514616974
-1.0471975511965979     7.3993599425867380      0.0278115959128969      -0.0103856748529697
-1.0471975511965979     7.5247728229695641      0.0272628906377227      -0.0103651888441318
-1.0471975511965979     7.6501857033523901      0.0267331451752362      -0.0103458091644914
-1.0471975511965979     7.7755985837352162      0.0262213482567393      -0.0103274528928357
-1.0471975511965979     7.9010114641180422      0.0257265623544642      -0.0103100501226641
-1.0471975511965979     8.0264243445008692      0.0252479121322739      -0.0102935333742709
-1.0471975511965979     8.1518372248836961      0.0247845828271239      -0.0102778434418854
-1.0471975511965979     8.2772501052665231      0.0243358106204741      -0.0102629233223243
-1.0471975511965979     8.4026629856493500      0.0239008823350108      -0.0102487256348853
-1.0471975511965979     8.5280758660321769      0.0234791327378645      -0.0102352046700542
-1.0471975511965979     8.6534887464150039      0.0230699378527230      -0.0102223180630630
-1.0471975511965979     8.7789016267978308      0.0226727112856656      -0.0102100273742301
-1.0471975511965979     8.9043145071806578      0.0222869039689987      -0.0101982984943506
-1.0471975511965979     9.0297273875634847      0.0219120022806694      -0.0101870997499299
-1.0471975511965979     9.1551402679463116      0.0215475225564028      -0.0101763973270118
-1.0471975511965979     9.2805531483291386      0.0211930067418919      -0.0101661628561854
-1.0471975511965979     9.4059660287119655      0.0208480258523803      -0.0101563675351493
-1.0471975511965979     9.5313789090947925      0.0205121709837885      -0.0101469849404106
-1.0471975511965979     9.6567917894776194      0.0201850566133098      -0.0101379922229453
-1.0471975511965979     9.7822046698604463      0.0198663190848011      -0.0101293703055217
-1.0471975511965979     9.9076175502432733      0.0195556173844360      -0.0101210998031827
-1.0471975511965979     10.0330304306261002      0.0192526268550467      -0.0101131618204244
-1.0471975511965979     10.1584433110089272      0.0189570408156149      -0.0101055396864258
-1.0471975511965979     10.2838561913917541      0.0186685697117303      -0.0100982164885666
-1.0471975511965979     10.4092690717745811      0.0183869367695186      -0.0100911747750978
-1.0471975511965979     10.5346819521574080      0.0181118779686334      -0.0100844008941177
-1.0471975511965979     10.6600948325402349      0.0178431446201830      -0.0100778822545505
-1.0471975511965979     10.7855077129230619      0.0175805006589749      -0.0100716067433946
-1.0471975511965979     10.9109205933058888      0.0173237212492655      -0.0100655611259744
-1.0471975511965979     11.0363334736887158      0.0170725908001649      -0.0100597353834734
-1.0471975511965979     11.1617463540715427      0.0168269070081440      -0.0100541192011170
-1.0471975511965979     11.2871592344543696      0.0165864747863884      -0.0100487017125964
-1.0471975511965979     11.4125721148371966      0.0163511078830656      -0.0100434741213851
-1.0471975511965979     11.5379849952200235      0.0161206301457084      -0.0100384294852406
-1.0471975511965979     11.6633978756028505      0.0158948746252708      -0.0100335584141294
-1.0471975511965979     11.7888107559856774      0.0156736794037353      -0.0100288521997485
-1.0471975511965979     11.9142236363685043      0.0154568897864917      -0.0100243035959828
-1.0471975511965979     12.0396365167513313      0.0152443586645841      -0.0100199063555447
-1.0471975511965979     12.1650493971341582      0.0150359452823225      -0.0100156537096260
-1.0471975511965979     12.2904622775169852      0.0148315151433940      -0.0100115400658077
-1.0471975511965979     12.4158751578998121      0.0146309394881577      -0.0100075593499510
-1.0471975511965979     12.5412880382826391      0.0144340954353006      -0.0100037059963459
-1.0471975511965979     12.6667009186654660      0.0142408642174100      -0.0099999735850174
-1.0471975511965979     12.7921137990482929      0.0140511316010941      -0.0099963576048796
-1.0471975511965979     12.9175266794311199      0.0138647887113927      -0.0099928533916096
-1.0471975511965979     13.0429395598139468      0.0136817305812635      -0.0099894569201823
-1.0471975511965979     13.1683524401967738      0.0135018576016561      -0.0099861647482778
-1.0471975511965979     13.2937653205796007      0.0133250742224079      -0.0099829720943008
-1.0471975511965979     13.4191782009624276      0.0131512874686739      -0.0099798747548957
-1.0471975511965979     13.5445910813452546      0.0129804083715864      -0.0099768691219428
-1.0471975511965979     13.6700039617280815      0.0128123514421005      -0.0099739515567231
-1.0471975511965979     13.7954168421109085      0.0126470341970144      -0.0099711183246825
-1.0471975511965979     13.9208297224937354      0.0124843769152508      -0.0099683663721788
-1.0471975511965979     14.0462426028765623      0.0123243034366790      -0.0099656929457843
-1.0471975511965979     14.1716554832593893      0.0121667401877578      -0.0099630950488004
-1.0471975511965979     14.2970683636422162      0.0120116164111845      -0.0099605699909173
-1.0471975511965979     14.4224812440250432      0.0118588633275218      -0.0099581150764514
-1.0471975511965979     14.5478941244078701      0.0117084154574525      -0.0099557287973231
-1.0471975511965979     14.6733070047906971      0.0115602099147257      -0.0099534082572412
-1.0471975511965979     14.7987198851735240      0.0114141854664960      -0.0099511513265697
-1.0471975511965979     14.9241327655563509      0.0112702833095862      -0.0099489553209688
-1.0471975511965979     15.0495456459391779      0.0111284461417844      -0.0099468180249282
-1.0471975511965979     15.1749585263220048      0.0109886187223140      -0.0099447371579601
-1.0471975511965979     15.3003714067048318      0.0108507474224644      -0.0099427110172455
-1.0471975511965979     15.4257842870876587      0.0107147808178616      -0.0099407379488815
-1.0471975511965979     15.5511971674704856      0.0105806691779966      -0.0099388163400151
-1.0471975511965979     15.6766100478533126      0.0104483646054886      -0.0099369446608624
    
-0.6981317007977319     0.0000000000000000      -0.3211048995723767      -0.1618169700334962
-0.6981317007977319     0.1254128803828261      -0.2985395849559226      -0.2892955688854217
-0.6981317007977319     0.2508257607656522      -0.2392988006346901      -0.3882969822837613
-0.6981317007977319     0.3762386411484783      -0.1024224478949813      -0.3953083944320558
-0.6981317007977319     0.5016515215313043      -0.0306593069790421      -0.4099224484873417
-0.6981317007977319     0.6270644019141304      0.0163593884367132      -0.3276513468798071
-0.6981317007977319     0.7524772822969564      0.0042342816041494      -0.3280981077557141
-0.6981317007977319     0.8778901626797825      0.0027919516598860      -0.3973647472279133
-0.6981317007977319     1.0033030430626086      0.1690644133894513      -0.4015541168593167
-0.6981317007977319     1.1287159234454347      0.1806576695743966      -0.3419126516267874
-0.6981317007977319     1.2541288038282608      0.3086655326981035      -0.3080959212276020
-0.6981317007977319     1.3795416842110868      0.3138212340744154      -0.1532998282745358
-0.6981317007977319     1.5049545645939129      0.2582862928733063      -0.0874617597647523
-0.6981317007977319     1.6303674449767389      0.2153231852677110      -0.0592485295414131
-0.6981317007977319     1.7557803253595650      0.1869485790607786      -0.0462818456585163
-0.6981317007977319     1.8811932057423910      0.1650163470666661      -0.0356186101522620
-0.6981317007977319     2.0066060861252173      0.1470926574062240      -0.0297125749582613
-0.6981317007977319     2.1320189665080433      0.1335069999521306      -0.0255516264355375
-0.6981317007977319     2.2574318468908694      0.1217787896159300      -0.0218816103814783
-0.6981317007977319     2.3828447272736955      0.1117900017931159      -0.0195268579251359
-0.6981317007977319     2.5082576076565215      0.1033495372324474      -0.0177376832659290
-0.6981317007977319     2.6336704880393476      0.0960949070864553      -0.0163790907462598
-0.6981317007977319     2.7590833684221736      0.0897658298537131      -0.0153310217914699
-0.6981317007977319     2.8844962488049997      0.0842377264715731      -0.0145186588558782
-0.6981317007977319     3.0099091291878257      0.0793634998167299      -0.0138641016432658
-0.6981317007977319     3.1353220095706518      0.0750306964953542      -0.0133267618812378
-0.6981317007977319     3.2607348899534778      0.0711537044429590      -0.0128787252625048
-0.6981317007977319     3.3861477703363039      0.0676607986510244      -0.0124992105936959
-0.6981317007977319     3.5115606507191299      0.0644965480494206      -0.0121749930946675
-0.6981317007977319     3.6369735311019560      0.0616156122972296      -0.0118951637324084
-0.6981317007977319     3.7623864114847820      0.0589806132726528      -0.0116516790509011
-0.6981317007977319     3.8877992918676081      0.0565605891237493      -0.0114383104332981
-0.6981317007977319     4.0132121722504346      0.0543296608734866      -0.0112502045297815
-0.6981317007977319     4.1386250526332606      0.0522660473494604      -0.0110834465876624
-0.6981317007977319     4.2640379330160867      0.0503511967835312      -0.0109348735146230
-0.6981317007977319     4.3894508133989127      0.0485692680975888      -0.0108018995755626
-0.6981317007977319     4.5148636937817388      0.0469066026434108      -0.0106823964106412
-0.6981317007977319     4.6402765741645648      0.0453513839880432      -0.0105745668573002
-0.6981317007977319     4.7656894545473909      0.0438932968773772      -0.0104769393548412
-0.6981317007977319     4.8911023349302170      0.0425233538966680      -0.0103882487963597
-0.6981317007977319     5.0165152153130430      0.0412336208171340      -0.0103074242351581
-0.6981317007977319     5.1419280956958691      0.0400171121856386      -0.0102335530505911
-0.6981317007977319     5.2673409760786951      0.0388676210906914      -0.0101658535352146
-0.6981317007977319     5.3927538564615212      0.0377796431565162      -0.0101036558656343
-0.6981317007977319     5.5181667368443472      0.0367482528270257      -0.0100463712761203
-0.6981317007977319     5.6435796172271733      0.0357690437949385      -0.0099934968497629
-0.6981317007977319     5.7689924976099993      0.0348380622860565      -0.0099445950721159
-0.6981317007977319     5.8944053779928254      0.0339517522821260      -0.0098992693239654
-0.6981317007977319     6.0198182583756514      0.0331068844761003      -0.0098571703737122
-0.6981317007977319     6.1452311387584775      0.0323005385479217      -0.0098180015925496
-0.6981317007977319     6.2706440191413035      0.0315300687729802      -0.0097814979926184
-0.6981317007977319     6.3960568995241296      0.0307930642199174      -0.0097474166873278
-0.6981317007977319     6.5214697799069556      0.0300873227216983      -0.0097155523665452
-0.6981317007977319     6.6468826602897817      0.0294108386273915      -0.0096857152508722
-0.6981317007977319     6.7722955406726077      0.0287617707152987      -0.0096577394240011
-0.6981317007977319     6.8977084210554338      0.0281384341206164      -0.0096314694451055
-0.6981317007977319     7.0231213014382599      0.0275392727229011      -0.0096067713183815
-0.6981317007977319     7.1485341818210859      0.0269628601411047      -0.0095835218199682
-0.6981317007977319     7.2739470622039120      0.0264078784774270      -0.0095616101207733
-0.6981317007977319     7.3993599425867380      0.0258731093240663      -0.0095409312584215
-0.6981317007977319     7.5247728229695641      0.0253574227645057      -0.0095213960995551
-0.6981317007977319     7.6501857033523901      0.0248597749253231      -0.0095029193994543
-0.6981317007977319     7.7755985837352162      0.0243791916412339      -0.0094854248990951
-0.6981317007977319     7.9010114641180422      0.0239147702491727      -0.0094688480752640
-0.6981317007977319     8.0264243445008692      0.0234656751140880      -0.0094531259929140
-0.6981317007977319     8.1518372248836961      0.0230311234111116      -0.0094381995679460
-0.6981317007977319     8.2772501052665231      0.0226103847870852      -0.0094240163620025
-0.6981317007977319     8.4026629856493500      0.0222027783777006      -0.0094105291713654
-0.6981317007977319     8.5280758660321769      0.0218076679684592      -0.0093976913451442
-0.6981317007977319     8.6534887464150039      0.0214244543036283      -0.0093854618058004
-0.6981317007977319     8.7789016267978308      0.0210525789956607      -0.0093738035465781
-0.6981317007977319     8.9043145071806578      0.0206915170187253      -0.0093626810829013
-0.6981317007977319     9.0297273875634847      0.0203407750951038      -0.0093520605248255
-0.6981317007977319     9.1551402679463116      0.0199998873217023      -0.0093419133733279
-0.6981317007977319     9.2805531483291386      0.0196684187220831      -0.0093322122493463
-0.6981317007977319     9.4059660287119655      0.0193459571502322      -0.0093229323814749
-0.6981317007977319     9.5313789090947925      0.0190321171284603      -0.0093140503697010
-0.6981317007977319     9.6567917894776194      0.0187265330406028      -0.0093055439588234
-0.6981317007977319     9.7822046698604463      0.0184288614786749      -0.0092973912236029
-0.6981317007977319     9.9076175502432733      0.0181387742873401      -0.0092895715705970
-0.6981317007977319     10.0330304306261002      0.0178559626604068      -0.0092820674842718
-0.6981317007977319     10.1584433110089272      0.0175801336156725      -0.0092748618035996
-0.6981317007977319     10.2838561913917541      0.0173110095457154      -0.0092679397637843
-0.6981317007977319     10.4092690717745811      0.0170483290544297      -0.0092612875505525
-0.6981317007977319     10.5346819521574080      0.0167918433669294      -0.0092548900723105
-0.6981317007977319     10.6600948325402349      0.0165413151558965      -0.0092487350383993
-0.6981317007977319     10.7855077129230619      0.0162965199266212      -0.0092428100946176
-0.6981317007977319     10.9109205933058888      0.0160572438561099      -0.0092371049830035
-0.6981317007977319     11.0363334736887158      0.0158232844248553      -0.0092316082674242
-0.6981317007977319     11.1617463540715427      0.0155944474526679      -0.0092263111310653
-0.6981317007977319     11.2871592344543696      0.0153705505356770      -0.0092212039355399
-0.6981317007977319     11.4125721148371966      0.0151514177242714      -0.0092162770379267
-0.6981317007977319     11.5379849952200235      0.0149368814737752      -0.0092115215924574
-0.6981317007977319     11.6633978756028505      0.0147267811884213      -0.0092069301975410
-0.6981317007977319     11.7888107559856774      0.0145209648658714      -0.0092024960213721
-0.6981317007977319     11.9142236363685043      0.0143192873809795      -0.0091982118393449
-0.6981317007977319     12.0396365167513313      0.0141216092168240      -0.0091940707176724
-0.6981317007977319     12.1650493971341582      0.0139277977982171      -0.0091900665719240
-0.6981317007977319     12.2904622775169852      0.0137377251612364      -0.0091861925665990
-0.6981317007977319     12.4158751578998121      0.0135512690131587      -0.0091824438585349
-0.6981317007977319     12.5412880382826391      0.0133683124855499      -0.0091788153417460
-0.6981317007977319     12.6667009186654660      0.0131887442184000      -0.0091753027193656
-0.6981317007977319     12.7921137990482929      0.0130124573807500      -0.0091719008542670
-0.6981317007977319     12.9175266794311199      0.0128393494598843      -0.0091686056354804
-0.6981317007977319     13.0429395598139468      0.0126693225773294      -0.0091654118282173
-0.6981317007977319     13.1683524401967738      0.0125022809816151      -0.0091623147865895
-0.6981317007977319     13.2937653205796007      0.0123381333521815      -0.0091593114800844
-0.6981317007977319     13.4191782009624276      0.0121767929695342      -0.0091563987406099
-0.6981317007977319     13.5445910813452546      0.0120181765134829      -0.0091535724705749
-0.6981317007977319     13.6700039617280815      0.0118622024652683      -0.0091508289310364
-0.6981317007977319     13.7954168421109085      0.0117087931437944      -0.0091481659304203
-0.6981317007977319     13.9208297224937354      0.0115578747544571      -0.0091455803018016
-0.6981317007977319     14.0462426028765623      0.0114093750241653      -0.0091430685863493
-0.6981317007977319     14.1716554832593893      0.0112632243883742      -0.0091406286545938
-0.6981317007977319     14.2970683636422162      0.0111193567639516      -0.0091382584555239
-0.6981317007977319     14.4224812440250432      0.0109777089161142      -0.0091359549550858
-0.6981317007977319     14.5478941244078701      0.0108382182607863      -0.0091337148231182
-0.6981317007977319     14.6733070047906971      0.0107008248114678      -0.0091315363436303
-0.6981317007977319     14.7987198851735240      0.0105654710259947      -0.0091294171508760
-0.6981317007977319     14.9241327655563509      0.0104321011790765      -0.0091273553670800
-0.6981317007977319     15.0495456459391779      0.0103006615854622      -0.0091253491425412
-0.6981317007977319     15.1749585263220048      0.0101711007606535      -0.0091233968503632
-0.6981317007977319     15.3003714067048318      0.0100433689264579      -0.0091214963563820
-0.6981317007977319     15.4257842870876587      0.0099174176054844      -0.0091196457401023
-0.6981317007977319     15.5511971674704856      0.0097931999765748      -0.0091178434374562
-0.6981317007977319     15.6766100478533126      0.0096706710339215      -0.0091160876584701
    
-0.3490658503988660     0.0000000000000000      -0.2590275534811711      -0.0900032442747104
-0.3490658503988660     0.1254128803828261      -0.3002578952496129      -0.1603478063096354
-0.3490658503988660     0.2508257607656522      -0.3074397074708137      -0.2897236146861223
-0.3490658503988660     0.3762386411484783      -0.2199516283407880      -0.3701313445327303
-0.3490658503988660     0.5016515215313043      -0.0805914035446800      -0.4715837151814856
-0.3490658503988660     0.6270644019141304      0.0354424111291888      -0.3436717026785945
-0.3490658503988660     0.7524772822969564      0.0208019572530510      -0.3002868541507811
-0.3490658503988660     0.8778901626797825      -0.0167776113537536      -0.3256090453393183
-0.3490658503988660     1.0033030430626086      0.0686932417118810      -0.3854878999956935
-0.3490658503988660     1.1287159234454347      0.1310726906574402      -0.3967939805407666
-0.3490658503988660     1.2541288038282608      0.3099813460702276      -0.3454975164377342
-0.3490658503988660     1.3795416842110868      0.3193304963743927      -0.1664701121154253
-0.3490658503988660     1.5049545645939129      0.2600014254535873      -0.0922331189956201
-0.3490658503988660     1.6303674449767389      0.2145444593740136      -0.0609031087103516
-0.3490658503988660     1.7557803253595650      0.1845068320972660      -0.0465898491235611
-0.3490658503988660     1.8811932057423910      0.1617776974025397      -0.0355750822897210
-0.3490658503988660     2.0066060861252173      0.1435442409190729      -0.0293469360381918
-0.3490658503988660     2.1320189665080433      0.1296934701621164      -0.0250307656396742
-0.3490658503988660     2.2574318468908694      0.1180122485522111      -0.0212833874031820
-0.3490658503988660     2.3828447272736955      0.1079506301333508      -0.0187549983015572
-0.3490658503988660     2.5082576076565215      0.0994709265838471      -0.0169754265156562
-0.3490658503988660     2.6336704880393476      0.0922746641912821      -0.0156366324410978
-0.3490658503988660     2.7590833684221736      0.0860312821947967      -0.0145927763408486
-0.3490658503988660     2.8844962488049997      0.0805957475960069      -0.0137817861237359
-0.3490658503988660     3.0099091291878257      0.0758178001964242      -0.0131266604182557
-0.3490658503988660     3.1353220095706518      0.0715794281732332      -0.0125877831119491
-0.3490658503988660     3.2607348899534778      0.0677947460173258      -0.0121402275962493
-0.3490658503988660     3.3861477703363039      0.0643924021998335      -0.0117623240870411
-0.3490658503988660     3.5115606507191299      0.0613163412745920      -0.0114403074482044
-0.3490658503988660     3.6369735311019560      0.0585209061377329      -0.0111630787784808
-0.3490658503988660     3.7623864114847820      0.0559685125493575      -0.0109223788124538
-0.3490658503988660     3.8877992918676081      0.0536280971935754      -0.0107119100983619
-0.3490658503988660     4.0132121722504346      0.0514737907950101      -0.0105267065197721
-0.3490658503988660     4.1386250526332606      0.0494838003463516      -0.0103628179772403
-0.3490658503988660     4.2640379330160867      0.0476396835430211      -0.0102170423581224
-0.3490658503988660     4.3894508133989127      0.0459256484822982      -0.0100867684612779
-0.3490658503988660     4.5148636937817388      0.0443281509453135      -0.0099698534188337
-0.3490658503988660     4.6402765741645648      0.0428354755467111      -0.0098645299907493
-0.3490658503988660     4.7656894545473909      0.0414374581792435      -0.0097692867940444
-0.3490658503988660     4.8911023349302170      0.0401251849494921      -0.0096828721606161
-0.3490658503988660     5.0165152153130430      0.0388908618634235      -0.0096042240035597
-0.3490658503988660     5.1419280956958691      0.0377276064306252      -0.0095324361127456
-0.3490658503988660     5.2673409760786951      0.0366293398964811      -0.0094667246649725
-0.3490658503988660     5.3927538564615212      0.0355906478874925      -0.0094064169071860
-0.3490658503988660     5.5181667368443472      0.0346067123412605      -0.0093509315499605
-0.3490658503988660     5.6435796172271733      0.0336732179988039      -0.0092997640908791
-0.3490658503988660     5.7689924976099993      0.0327862955432957      -0.0092524703897814
-0.3490658503988660     5.8944053779928254      0.0319424548987736      -0.0092086692651607
-0.3490658503988660     6.0198182583756514      0.0311385585084901      -0.0091680306538923
-0.3490658503988660     6.1452311387584775      0.0303717698510742      -0.0091302541649514
-0.3490658503988660     6.2706440191413035      0.0296395093041575      -0.0090950720488593
-0.3490658503988660     6.3960568995241296      0.0289394318193545      -0.0090622533628265
-0.3490658503988660     6.5214697799069556      0.0282694041237711      -0.0090315865327883
-0.3490658503988660     6.6468826602897817      0.0276274712246218      -0.0090028865703468
-0.3490658503988660     6.7722955406726077      0.0270118483667548      -0.0089759872579464
-0.3490658503988660     6.8977084210554338      0.0264208969972859      -0.0089507449907751
-0.3490658503988660     7.0231213014382599      0.0258531194079262      -0.0089270238375286
-0.3490658503988660     7.1485341818210859      0.0253071281872839      -0.0089047023135467
-0.3490658503988660     7.2739470622039120      0.0247816480123279      -0.0088836742801462
-0.3490658503988660     7.3993599425867380      0.0242755042236619      -0.0088638428524805
-0.3490658503988660     7.5247728229695641      0.0237876068480552      -0.0088451157993198
-0.3490658503988660     7.6501857033523901      0.0233169461774749      -0.0088274157228726
-0.3490658503988660     7.7755985837352162      0.0228625904365203      -0.0088106691624150
-0.3490658503988660     7.9010114641180422      0.0224236708291146      -0.0087948057992153
-0.3490658503988660     8.0264243445008692      0.0219993759252610      -0.0087797649387291
-0.3490658503988660     8.1518372248836961      0.0215889543293710      -0.0087654924365094
-0.3490658503988660     8.2772501052665231      0.0211917044668028      -0.0087519366533595
-0.3490658503988660     8.4026629856493500      0.0208069718862415      -0.0087390505265113
-0.3490658503988660     8.5280758660321769      0.0204341436003250      -0.0087267906701961
-0.3490658503988660     8.6534887464150039      0.0200726482829758      -0.0087151172796787
-0.3490658503988660     8.7789016267978308      0.0197219478147210      -0.0087039908106489
-0.3490658503988660     8.9043145071806578      0.0193815371069436      -0.0086933782711937
-0.3490658503988660     9.0297273875634847      0.0190509426963139      -0.0086832491027685
-0.3490658503988660     9.1551402679463116      0.0187297213452455      -0.0086735748566115
-0.3490658503988660     9.2805531483291386      0.0184174544812863      -0.0086643286035589
-0.3490658503988660     9.4059660287119655      0.0181137501067488      -0.0086554850842832
-0.3490658503988660     9.5313789090947925      0.0178182357675697      -0.0086470200771074
-0.3490658503988660     9.6567917894776194      0.0175305616700902      -0.0086389125345702
-0.3490658503988660     9.7822046698604463      0.0172503963358009      -0.0086311425771992
-0.3490658503988660     9.9076175502432733      0.0169774279408801      -0.0086236925924356
-0.3490658503988660     10.0330304306261002      0.0167113615434651      -0.0086165455138641
-0.3490658503988660     10.1584433110089272      0.0164519180597145      -0.0086096853489486
-0.3490658503988660     10.2838561913917541      0.0161988335648957      -0.0086030976079635
-0.3490658503988660     10.4092690717745811      0.0159518573854848      -0.0085967673351095
-0.3490658503988660     10.5346819521574080      0.0157107514397021      -0.0085906827103081
-0.3490658503988660     10.6600948325402349      0.0154752914467048      -0.0085848315300993
-0.3490658503988660     10.7855077129230619      0.0152452644319272      -0.0085792021301390
-0.3490658503988660     10.9109205933058888      0.0150204667648007      -0.0085737815286358
-0.3490658503988660     11.0363334736887158      0.0148007041390214      -0.0085685604360919
-0.3490658503988660     11.1617463540715427      0.0145857930318595      -0.0085635274634584
-0.3490658503988660     11.2871592344543696      0.0143755556156217      -0.0085586738951126
-0.3490658503988660     11.4125721148371966      0.0141698252171802      -0.0085539924548537
-0.3490658503988660     11.5379849952200235      0.0139684425760185      -0.0085494754359949
-0.3490658503988660     11.6633978756028505      0.0137712563147138      -0.0085451154831814
-0.3490658503988660     11.7888107559856774      0.0135781214650510      -0.0085409051507949
-0.3490658503988660     11.9142236363685043      0.0133888994750254      -0.0085368378671846
-0.3490658503988660     12.0396365167513313      0.0132034585576123      -0.0085329070976852
-0.3490658503988660     12.1650493971341582      0.0130216714291663      -0.0085291064429470
-0.3490658503988660     12.2904622775169852      0.0128434173688991      -0.0085254310237699
-0.3490658503988660     12.4158751578998121      0.0126685808591279      -0.0085218749890356
-0.3490658503988660     12.5412880382826391      0.0124970510489711      -0.0085184332311508
-0.3490658503988660     12.6667009186654660      0.0123287213616690      -0.0085151006650997
-0.3490658503988660     12.7921137990482929      0.0121634899786619      -0.0085118733587388
-0.3490658503988660     12.9175266794311199      0.0120012594770081      -0.0085087466092078
-0.3490658503988660     13.0429395598139468      0.0118419359790028      -0.0085057170860856
-0.3490658503988660     13.1683524401967738      0.0116854306221139      -0.0085027808032532
-0.3490658503988660     13.2937653205796007      0.0115316571588913      -0.0084999337468254
-0.3490658503988660     13.4191782009624276      0.0113805327440474      -0.0084971720064100
-0.3490658503988660     13.5445910813452546      0.0112319772011617      -0.0084944925274713
-0.3490658503988660     13.6700039617280815      0.0110859146839670      -0.0084918927824508
-0.3490658503988660     13.7954168421109085      0.0109422721706080      -0.0084893689854766
-0.3490658503988660     13.9208297224937354      0.0108009781698697      -0.0084869183138752
-0.3490658503988660     14.0462426028765623      0.0106619654254267      -0.0084845384916959
-0.3490658503988660     14.1716554832593893      0.0105251685922562      -0.0084822258017690
-0.3490658503988660     14.2970683636422162      0.0103905238146285      -0.0084799773163003
-0.3490658503988660     14.4224812440250432      0.0102579693193267      -0.0084777911849889
-0.3490658503988660     14.5478941244078701      0.0101274471525169      -0.0084756659976861
-0.3490658503988660     14.6733070047906971      0.0099989008953961      -0.0084735989524206
-0.3490658503988660     14.7987198851735240      0.0098722757523042      -0.0084715882912996
-0.3490658503988660     14.9241327655563509      0.0097475191700650      -0.0084696321999109
-0.3490658503988660     15.0495456459391779      0.0096245806161659      -0.0084677291111030
-0.3490658503988660     15.1749585263220048      0.0095034113101409      -0.0084658769856948
-0.3490658503988660     15.3003714067048318      0.0093839637430326      -0.0084640742522002
-0.3490658503988660     15.4257842870876587      0.0092661926226261      -0.0084623194163812
-0.3490658503988660     15.5511971674704856      0.0091500538103811      -0.0084606105335878
-0.3490658503988660     15.6766100478533126      0.0090355045165502      -0.0084589462656823
    
0.0000000000000000     0.0000000000000000      -0.2124294725153051      -0.0528003602887901
0.0000000000000000     0.1254128803828261      -0.2681946708428353      -0.0878014631425689
0.0000000000000000     0.2508257607656522      -0.3142915523117613      -0.1888835048045291
0.0000000000000000     0.3762386411484783      -0.3048072534445271      -0.3151277974017142
0.0000000000000000     0.5016515215313043      -0.1279313893992246      -0.4919957925761692
0.0000000000000000     0.6270644019141304      0.0348381260330617      -0.3429859045317611
0.0000000000000000     0.7524772822969564      0.0176617675950242      -0.2741838742894115
0.0000000000000000     0.8778901626797825      -0.0422632284584151      -0.2782557032324790
0.0000000000000000     1.0033030430626086      -0.0038886024083872      -0.3783127725305060
0.0000000000000000     1.1287159234454347      0.1000554070204727      -0.4319854929352208
0.0000000000000000     1.2541288038282608      0.3066278064216860      -0.3645713806340132
0.0000000000000000     1.3795416842110868      0.3174356845873025      -0.1726242613831105
0.0000000000000000     1.5049545645939129      0.2563650712765412      -0.0940651875570187
0.0000000000000000     1.6303674449767389      0.2099059996546575      -0.0612156466412082
0.0000000000000000     1.7557803253595650      0.1794080056489910      -0.0462937902349345
0.0000000000000000     1.8811932057423910      0.1566292217345629      -0.0350306499835489
0.0000000000000000     2.0066060861252173      0.1383450466512377      -0.0285719228031843
0.0000000000000000     2.1320189665080433      0.1245475786005816      -0.0243142185030397
0.0000000000000000     2.2574318468908694      0.1131521449337024      -0.0205429088359614
0.0000000000000000     2.3828447272736955      0.1032174526319795      -0.0179234090332579
0.0000000000000000     2.5082576076565215      0.0948729968044730      -0.0161509918978691
0.0000000000000000     2.6336704880393476      0.0878325189034192      -0.0148318494262440
0.0000000000000000     2.7590833684221736      0.0817564658976960      -0.0138043873494255
0.0000000000000000     2.8844962488049997      0.0764795118568574      -0.0130032097074323
0.0000000000000000     3.0099091291878257      0.0718532207094490      -0.0123575421790692
0.0000000000000000     3.1353220095706518      0.0677572229777632      -0.0118256348665062
0.0000000000000000     3.2607348899534778      0.0641059599002087      -0.0113853265311371
0.0000000000000000     3.3861477703363039      0.0608295358336475      -0.0110146163382635
0.0000000000000000     3.5115606507191299      0.0578723138219233      -0.0106994528498032
0.0000000000000000     3.6369735311019560      0.0551890465294698      -0.0104286440094014
0.0000000000000000     3.7623864114847820      0.0527425630377148      -0.0101939677669079
0.0000000000000000     3.8877992918676081      0.0505022497831954      -0.0099891003610196
0.0000000000000000     4.0132121722504346      0.0484426034907653      -0.0098091285676974
0.0000000000000000     4.1386250526332606      0.0465422514473595      -0.0096501141486582
0.0000000000000000     4.2640379330160867      0.0447830724472441      -0.0095089024243430
0.0000000000000000     4.3894508133989127      0.0431496774556495      -0.0093829029536271
0.0000000000000000     4.5148636937817388      0.0416288011349461      -0.0092699606530190
0.0000000000000000     4.6402765741645648      0.0402090070922133      -0.0091683165220109
0.0000000000000000     4.7656894545473909      0.0388803638664211      -0.0090764992160219
0.0000000000000000     4.8911023349302170      0.0376342177946026      -0.0089932724767335
0.0000000000000000     5.0165152153130430      0.0364629803112551      -0.0089175840914071
0.0000000000000000     5.1419280956958691      0.0353599654128387      -0.0088485389031875
0.0000000000000000     5.2673409760786951      0.0343192672351944      -0.0087853832919966
0.0000000000000000     5.3927538564615212      0.0333356454054382      -0.0087274531426334
0.0000000000000000     5.5181667368443472      0.0324044284954175      -0.0086741961916486
0.0000000000000000     5.6435796172271733      0.0315214601759673      -0.0086251173742336
0.0000000000000000     5.7689924976099993      0.0306829959721232      -0.0085797901902219
0.0000000000000000     5.8944053779928254      0.0298856888036901      -0.0085378469649886
0.0000000000000000     6.0198182583756514      0.0291265126690570      -0.0084989465818042
0.0000000000000000     6.1452311387584775      0.0284027230466285      -0.0084627997913812
0.0000000000000000     6.2706440191413035      0.0277118370157838      -0.0084291544500110
0.0000000000000000     6.3960568995241296      0.0270516051886493      -0.0083977885308709
0.0000000000000000     6.5214697799069556      0.0264199757577195      -0.0083684979425307
0.0000000000000000     6.6468826602897817      0.0258150781963560      -0.0083411064321222
0.0000000000000000     6.7722955406726077      0.0252352039078798      -0.0083154534728592
0.0000000000000000     6.8977084210554338      0.0246787865305573      -0.0082913898742355
0.0000000000000000     7.0231213014382599      0.0241443815784632      -0.0082687876996195
0.0000000000000000     7.1485341818210859      0.0236306687565040      -0.0082475308141272
0.0000000000000000     7.2739470622039120      0.0231364258250695      -0.0082275105409829
0.0000000000000000     7.3993599425867380      0.0226605234106205      -0.0082086358071045
0.0000000000000000     7.5247728229695641      0.0222019274484567      -0.0081908209542501
0.0000000000000000     7.6501857033523901      0.0217596702883754      -0.0081739835557710
0.0000000000000000     7.7755985837352162      0.0213328585345776      -0.0081580570133993
0.0000000000000000     7.9010114641180422      0.0209206640785379      -0.0081429755695125
0.0000000000000000     8.0264243445008692      0.0205223172428643      -0.0081286809376723
0.0000000000000000     8.1518372248836961      0.0201370991379037      -0.0081151175037977
0.0000000000000000     8.2772501052665231      0.0197643420212030      -0.0081022378534830
0.0000000000000000     8.4026629856493500      0.0194034209925803      -0.0080899938821507
0.0000000000000000     8.5280758660321769      0.0190537516215136      -0.0080783459575737
0.0000000000000000     8.6534887464150039      0.0187147879351086      -0.0080672554940444
0.0000000000000000     8.7789016267978308      0.0183860194657725      -0.0080566902423444
0.0000000000000000     8.9043145071806578      0.0180669689955631      -0.0080466164824848
0.0000000000000000     9.0297273875634847      0.0177571867837569      -0.0080370044212705
0.0000000000000000     9.1551402679463116      0.0174562510424749      -0.0080278262513342
0.0000000000000000     9.2805531483291386      0.0171637655083937      -0.0080190552052554
0.0000000000000000     9.4059660287119655      0.0168793538356294      -0.0080106680535022
0.0000000000000000     9.5313789090947925      0.0166026662027810      -0.0080026449911198
0.0000000000000000     9.6567917894776194      0.0163333714367474      -0.0079949640240831
0.0000000000000000     9.7822046698604463      0.0160711562972608      -0.0079876062168121
0.0000000000000000     9.9076175502432733      0.0158157254587437      -0.0079805538605025
0.0000000000000000     10.0330304306261002      0.0155667999768226      -0.0079737899271192
0.0000000000000000     10.1584433110089272      0.0153241156990434      -0.0079672984351797
0.0000000000000000     10.2838561913917541      0.0150874215701958      -0.0079610631571751
0.0000000000000000     10.4092690717745811      0.0148564791781268      -0.0079550720130913
0.0000000000000000     10.5346819521574080      0.0146310649574323      -0.0079493115651868
0.0000000000000000     10.6600948325402349      0.0144109640516400      -0.0079437686110396
0.0000000000000000     10.7855077129230619      0.0141959710964438      -0.0079384328432649
0.0000000000000000     10.9109205933058888      0.0139858944688277      -0.0079332971156223
0.0000000000000000     11.0363334736887158      0.0137805523096608      -0.0079283503516434
0.0000000000000000     11.1617463540715427      0.0135797696918825      -0.0079235849605207
0.0000000000000000     11.2871592344543696      0.0133833830526197      -0.0079189923695771
0.0000000000000000     11.4125721148371966      0.0131912345085732      -0.0079145631551549
0.0000000000000000     11.5379849952200235      0.0130031732024488      -0.0079102893280333
0.0000000000000000     11.6633978756028505      0.0128190551098133      -0.0079061636479178
0.0000000000000000     11.7888107559856774      0.0126387432860857      -0.0079021798086320
0.0000000000000000     11.9142236363685043      0.0124621071141723      -0.0078983312672612
0.0000000000000000     12.0396365167513313      0.0122890212233926      -0.0078946121931500
0.0000000000000000     12.1650493971341582      0.0121193668933165      -0.0078910174172349
0.0000000000000000     12.2904622775169852      0.0119530302044310      -0.0078875410675881
0.0000000000000000     12.4158751578998121      0.0117899018701073      -0.0078841780776546
0.0000000000000000     12.5412880382826391      0.0116298771668649      -0.0078809236722079
0.0000000000000000     12.6667009186654660      0.0114728566404166      -0.0078777736738901
0.0000000000000000     12.7921137990482929      0.0113187446524958      -0.0078747226939407
0.0000000000000000     12.9175266794311199      0.0111674485974662      -0.0078717667083644
0.0000000000000000     13.0429395598139468      0.0110188801221245      -0.0078689016220965
0.0000000000000000     13.1683524401967738      0.0108729542517083      -0.0078661245095191
0.0000000000000000     13.2937653205796007      0.0107295904121660      -0.0078634317489743
0.0000000000000000     13.4191782009624276      0.0105887104050486      -0.0078608201406788
0.0000000000000000     13.5445910813452546      0.0104502399498706      -0.0078582866204147
0.0000000000000000     13.6700039617280815      0.0103141070474779      -0.0078558272844259
0.0000000000000000     13.7954168421109085      0.0101802415268056      -0.0078534394965094
0.0000000000000000     13.9208297224937354      0.0100485772136092      -0.0078511207310098
0.0000000000000000     14.0462426028765623      0.0099190490163332      -0.0078488684411618
0.0000000000000000     14.1716554832593893      0.0097915957819934      -0.0078466817405106
0.0000000000000000     14.2970683636422162      0.0096661591437329      -0.0078445583221181
0.0000000000000000     14.4224812440250432      0.0095426829933343      -0.0078424954585170
0.0000000000000000     14.5478941244078701      0.0094211117186285      -0.0078404899552482
0.0000000000000000     14.6733070047906971      0.0093013921817957      -0.0078385403417103
0.0000000000000000     14.7987198851735240      0.0091834734924473      -0.0078366441854371
0.0000000000000000     14.9241327655563509      0.0090673062040872      -0.0078347994459250
0.0000000000000000     15.0495456459391779      0.0089528425038006      -0.0078330037803315
0.0000000000000000     15.1749585263220048      0.0088400358518894      -0.0078312557029398
0.0000000000000000     15.3003714067048318      0.0087288420976100      -0.0078295535281903
0.0000000000000000     15.4257842870876587      0.0086192177985849      -0.0078278954937198
0.0000000000000000     15.5511971674704856      0.0085111214731516      -0.0078262804925585
0.0000000000000000     15.6766100478533126      0.0084045129206653      -0.0078247070620807
    
0.3490658503988660     0.0000000000000000      -0.2590275534811711      -0.0900032442747104
0.3490658503988660     0.1254128803828261      -0.3002578952496129      -0.1603478063096354
0.3490658503988660     0.2508257607656522      -0.3074397074708137      -0.2897236146861223
0.3490658503988660     0.3762386411484783      -0.2199516283407880      -0.3701313445327303
0.3490658503988660     0.5016515215313043      -0.0805914035446800      -0.4715837151814856
0.3490658503988660     0.6270644019141304      0.0354424111291888      -0.3436717026785945
0.3490658503988660     0.7524772822969564      0.0208019572530510      -0.3002868541507811
0.3490658503988660     0.8778901626797825      -0.0167776113537536      -0.3256090453393183
0.3490658503988660     1.0033030430626086      0.0686932417118810      -0.3854878999956935
0.3490658503988660     1.1287159234454347      0.1310726906574402      -0.3967939805407666
0.3490658503988660     1.2541288038282608      0.3099813460702276      -0.3454975164377342
0.3490658503988660     1.3795416842110868      0.3193304963743927      -0.1664701121154253
0.3490658503988660     1.5049545645939129      0.2600014254535873      -0.0922331189956201
0.3490658503988660     1.6303674449767389      0.2145444593740136      -0.0609031087103516
0.3490658503988660     1.7557803253595650      0.1845068320972660      -0.0465898491235611
0.3490658503988660     1.8811932057423910      0.1617776974025397      -0.0355750822897210
0.3490658503988660     2.0066060861252173      0.1435442409190729      -0.0293469360381918
0.3490658503988660     2.1320189665080433      0.1296934701621164      -0.0250307656396742
0.3490658503988660     2.2574318468908694      0.1180122485522111      -0.0212833874031820
0.3490658503988660     2.3828447272736955      0.1079506301333508      -0.0187549983015572
0.3490658503988660     2.5082576076565215      0.0994709265838471      -0.0169754265156562
0.3490658503988660     2.6336704880393476      0.0922746641912821      -0.0156366324410978
0.3490658503988660     2.7590833684221736      0.0860312821947967      -0.0145927763408486
0.3490658503988660     2.8844962488049997      0.0805957475960069      -0.0137817861237359
0.3490658503988660     3.0099091291878257      0.0758178001964242      -0.0131266604182557
0.3490658503988660     3.1353220095706518      0.0715794281732332      -0.0125877831119491
0.3490658503988660     3.2607348899534778      0.0677947460173258      -0.0121402275962493
0.3490658503988660     3.3861477703363039      0.0643924021998335      -0.0117623240870411
0.3490658503988660     3.5115606507191299      0.0613163412745920      -0.0114403074482044
0.3490658503988660     3.6369735311019560      0.0585209061377329      -0.0111630787784808
0.3490658503988660     3.7623864114847820      0.0559685125493575      -0.0109223788124538
0.3490658503988660     3.8877992918676081      0.0536280971935754      -0.0107119100983619
0.3490658503988660     4.0132121722504346      0.0514737907950101      -0.0105267065197721
0.3490658503988660     4.1386250526332606      0.0494838003463516      -0.0103628179772403
0.3490658503988660     4.2640379330160867      0.0476396835430211      -0.0102170423581224
0.3490658503988660     4.3894508133989127      0.0459256484822982      -0.0100867684612779
0.3490658503988660     4.5148636937817388      0.0443281509453135      -0.0099698534188337
0.3490658503988660     4.6402765741645648      0.0428354755467111      -0.0098645299907493
0.3490658503988660     4.7656894545473909      0.0414374581792435      -0.0097692867940444
0.3490658503988660     4.8911023349302170      0.0401251849494921      -0.0096828721606161
0.3490658503988660     5.0165152153130430      0.0388908618634235      -0.0096042240035597
0.3490658503988660     5.1419280956958691      0.0377276064306252      -0.0095324361127456
0.3490658503988660     5.2673409760786951      0.0366293398964811      -0.0094667246649725
0.3490658503988660     5.3927538564615212      0.0355906478874925      -0.0094064169071860
0.3490658503988660     5.5181667368443472      0.0346067123412605      -0.0093509315499605
0.3490658503988660     5.6435796172271733      0.0336732179988039      -0.0092997640908791
0.3490658503988660     5.7689924976099993      0.0327862955432957      -0.0092524703897814
0.3490658503988660     5.8944053779928254      0.0319424548987736      -0.0092086692651607
0.3490658503988660     6.0198182583756514      0.0311385585084901      -0.0091680306538923
0.3490658503988660     6.1452311387584775      0.0303717698510742      -0.0091302541649514
0.3490658503988660     6.2706440191413035      0.0296395093041575      -0.0090950720488593
0.3490658503988660     6.3960568995241296      0.0289394318193545      -0.0090622533628265
0.3490658503988660     6.5214697799069556      0.0282694041237711      -0.0090315865327883
0.3490658503988660     6.6468826602897817      0.0276274712246218      -0.0090028865703468
0.3490658503988660     6.7722955406726077      0.0270118483667548      -0.0089759872579464
0.3490658503988660     6.8977084210554338      0.0264208969972859      -0.0089507449907751
0.3490658503988660     7.0231213014382599      0.0258531194079262      -0.0089270238375286
0.3490658503988660     7.1485341818210859      0.0253071281872839      -0.0089047023135467
0.3490658503988660     7.2739470622039120      0.0247816480123279      -0.0088836742801462
0.3490658503988660     7.3993599425867380      0.0242755042236619      -0.0088638428524805
0.3490658503988660     7.5247728229695641      0.0237876068480552      -0.0088451157993198
0.3490658503988660     7.6501857033523901      0.0233169461774749      -0.0088274157228726
0.3490658503988660     7.7755985837352162      0.0228625904365203      -0.0088106691624150
0.3490658503988660     7.9010114641180422      0.0224236708291146      -0.0087948057992153
0.3490658503988660     8.0264243445008692      0.0219993759252610      -0.0087797649387291
0.3490658503988660     8.1518372248836961      0.0215889543293710      -0.0087654924365094
0.3490658503988660     8.2772501052665231      0.0211917044668028      -0.0087519366533595
0.3490658503988660     8.4026629856493500      0.0208069718862415      -0.0087390505265113
0.3490658503988660     8.5280758660321769      0.0204341436003250      -0.0087267906701961
0.3490658503988660     8.6534887464150039      0.0200726482829758      -0.0087151172796787
0.3490658503988660     8.7789016267978308      0.0197219478147210      -0.0087039908106489
0.3490658503988660     8.9043145071806578      0.0193815371069436      -0.0086933782711937
0.3490658503988660     9.0297273875634847      0.0190509426963139      -0.0086832491027685
0.3490658503988660     9.1551402679463116      0.0187297213452455      -0.0086735748566115
0.3490658503988660     9.2805531483291386      0.0184174544812863      -0.0086643286035589
0.3490658503988660     9.4059660287119655      0.0181137501067488      -0.0086554850842832
0.3490658503988660     9.5313789090947925      0.0178182357675697      -0.0086470200771074
0.3490658503988660     9.6567917894776194      0.0175305616700902      -0.0086389125345702
0.3490658503988660     9.7822046698604463      0.0172503963358009      -0.0086311425771992
0.3490658503988660     9.9076175502432733      0.0169774279408801      -0.0086236925924356
0.3490658503988660     10.0330304306261002      0.0167113615434651      -0.0086165455138641
0.3490658503988660     10.1584433110089272      0.0164519180597145      -0.0086096853489486
0.3490658503988660     10.2838561913917541      0.0161988335648957      -0.0086030976079635
0.3490658503988660     10.4092690717745811      0.0159518573854848      -0.0085967673351095
0.3490658503988660     10.5346819521574080      0.0157107514397021      -0.0085906827103081
0.3490658503988660     10.6600948325402349      0.0154752914467048      -0.0085848315300993
0.3490658503988660     10.7855077129230619      0.0152452644319272      -0.0085792021301390
0.3490658503988660     10.9109205933058888      0.0150204667648007      -0.0085737815286358
0.3490658503988660     11.0363334736887158      0.0148007041390214      -0.0085685604360919
0.3490658503988660     11.1617463540715427      0.0145857930318595      -0.0085635274634584
0.3490658503988660     11.2871592344543696      0.0143755556156217      -0.0085586738951126
0.3490658503988660     11.4125721148371966      0.0141698252171802      -0.0085539924548537
0.3490658503988660     11.5379849952200235      0.0139684425760185      -0.0085494754359949
0.3490658503988660     11.6633978756028505      0.0137712563147138      -0.0085451154831814
0.3490658503988660     11.7888107559856774      0.0135781214650510      -0.0085409051507949
0.3490658503988660     11.9142236363685043      0.0133888994750254      -0.0085368378671846
0.3490658503988660     12.0396365167513313      0.0132034585576123      -0.0085329070976852
0.3490658503988660     12.1650493971341582      0.0130216714291663      -0.0085291064429470
0.3490658503988660     12.2904622775169852      0.0128434173688991      -0.0085254310237699
0.3490658503988660     12.4158751578998121      0.0126685808591279      -0.0085218749890356
0.3490658503988660     12.5412880382826391      0.0124970510489711      -0.0085184332311508
0.3490658503988660     12.6667009186654660      0.0123287213616690      -0.0085151006650997
0.3490658503988660     12.7921137990482929      0.0121634899786619      -0.0085118733587388
0.3490658503988660     12.9175266794311199      0.0120012594770081      -0.0085087466092078
0.3490658503988660     13.0429395598139468      0.0118419359790028      -0.0085057170860856
0.3490658503988660     13.1683524401967738      0.0116854306221139      -0.0085027808032532
0.3490658503988660     13.2937653205796007      0.0115316571588913      -0.0084999337468254
0.3490658503988660     13.4191782009624276      0.0113805327440474      -0.0084971720064100
0.3490658503988660     13.5445910813452546      0.0112319772011617      -0.0084944925274713
0.3490658503988660     13.6700039617280815      0.0110859146839670      -0.0084918927824508
0.3490658503988660     13.7954168421109085      0.0109422721706080      -0.0084893689854766
0.3490658503988660     13.9208297224937354      0.0108009781698697      -0.0084869183138752
0.3490658503988660     14.0462426028765623      0.0106619654254267      -0.0084845384916959
0.3490658503988660     14.1716554832593893      0.0105251685922562      -0.0084822258017690
0.3490658503988660     14.2970683636422162      0.0103905238146285      -0.0084799773163003
0.3490658503988660     14.4224812440250432      0.0102579693193267      -0.0084777911849889
0.3490658503988660     14.5478941244078701      0.0101274471525169      -0.0084756659976861
0.3490658503988660     14.6733070047906971      0.0099989008953961      -0.0084735989524206
0.3490658503988660     14.7987198851735240      0.0098722757523042      -0.0084715882912996
0.3490658503988660     14.9241327655563509      0.0097475191700650      -0.0084696321999109
0.3490658503988660     15.0495456459391779      0.0096245806161659      -0.0084677291111030
0.3490658503988660     15.1749585263220048      0.0095034113101409      -0.0084658769856948
0.3490658503988660     15.3003714067048318      0.0093839637430326      -0.0084640742522002
0.3490658503988660     15.4257842870876587      0.0092661926226261      -0.0084623194163812
0.3490658503988660     15.5511971674704856      0.0091500538103811      -0.0084606105335878
0.3490658503988660     15.6766100478533126      0.0090355045165502      -0.0084589462656823
    
0.6981317007977315     0.0000000000000000      -0.3211048995723765      -0.1618169700334962
0.6981317007977315     0.1254128803828261      -0.2985395849559227      -0.2892955688854217
0.6981317007977315     0.2508257607656522      -0.2392988006346902      -0.3882969822837612
0.6981317007977315     0.3762386411484783      -0.1024224478949815      -0.3953083944320558
0.6981317007977315     0.5016515215313043      -0.0306593069790422      -0.4099224484873421
0.6981317007977315     0.6270644019141304      0.0163593884367132      -0.3276513468798071
0.6981317007977315     0.7524772822969564      0.0042342816041495      -0.3280981077557142
0.6981317007977315     0.8778901626797825      0.0027919516598860      -0.3973647472279133
0.6981317007977315     1.0033030430626086      0.1690644133894512      -0.4015541168593166
0.6981317007977315     1.1287159234454347      0.1806576695743965      -0.3419126516267875
0.6981317007977315     1.2541288038282608      0.3086655326981035      -0.3080959212276021
0.6981317007977315     1.3795416842110868      0.3138212340744155      -0.1532998282745358
0.6981317007977315     1.5049545645939129      0.2582862928733063      -0.0874617597647523
0.6981317007977315     1.6303674449767389      0.2153231852677109      -0.0592485295414131
0.6981317007977315     1.7557803253595650      0.1869485790607787      -0.0462818456585162
0.6981317007977315     1.8811932057423910      0.1650163470666660      -0.0356186101522619
0.6981317007977315     2.0066060861252173      0.1470926574062240      -0.0297125749582612
0.6981317007977315     2.1320189665080433      0.1335069999521307      -0.0255516264355375
0.6981317007977315     2.2574318468908694      0.1217787896159299      -0.0218816103814783
0.6981317007977315     2.3828447272736955      0.1117900017931159      -0.0195268579251359
0.6981317007977315     2.5082576076565215      0.1033495372324475      -0.0177376832659290
0.6981317007977315     2.6336704880393476      0.0960949070864553      -0.0163790907462598
0.6981317007977315     2.7590833684221736      0.0897658298537131      -0.0153310217914699
0.6981317007977315     2.8844962488049997      0.0842377264715730      -0.0145186588558782
0.6981317007977315     3.0099091291878257      0.0793634998167299      -0.0138641016432658
0.6981317007977315     3.1353220095706518      0.0750306964953541      -0.0133267618812378
0.6981317007977315     3.2607348899534778      0.0711537044429589      -0.0128787252625048
0.6981317007977315     3.3861477703363039      0.0676607986510244      -0.0124992105936959
0.6981317007977315     3.5115606507191299      0.0644965480494206      -0.0121749930946674
0.6981317007977315     3.6369735311019560      0.0616156122972296      -0.0118951637324084
0.6981317007977315     3.7623864114847820      0.0589806132726527      -0.0116516790509010
0.6981317007977315     3.8877992918676081      0.0565605891237493      -0.0114383104332981
0.6981317007977315     4.0132121722504346      0.0543296608734865      -0.0112502045297815
0.6981317007977315     4.1386250526332606      0.0522660473494604      -0.0110834465876624
0.6981317007977315     4.2640379330160867      0.0503511967835312      -0.0109348735146230
0.6981317007977315     4.3894508133989127      0.0485692680975888      -0.0108018995755626
0.6981317007977315     4.5148636937817388      0.0469066026434109      -0.0106823964106412
0.6981317007977315     4.6402765741645648      0.0453513839880431      -0.0105745668573002
0.6981317007977315     4.7656894545473909      0.0438932968773771      -0.0104769393548412
0.6981317007977315     4.8911023349302170      0.0425233538966680      -0.0103882487963598
0.6981317007977315     5.0165152153130430      0.0412336208171341      -0.0103074242351581
0.6981317007977315     5.1419280956958691      0.0400171121856386      -0.0102335530505911
0.6981317007977315     5.2673409760786951      0.0388676210906915      -0.0101658535352146
0.6981317007977315     5.3927538564615212      0.0377796431565162      -0.0101036558656343
0.6981317007977315     5.5181667368443472      0.0367482528270256      -0.0100463712761203
0.6981317007977315     5.6435796172271733      0.0357690437949385      -0.0099934968497629
0.6981317007977315     5.7689924976099993      0.0348380622860565      -0.0099445950721159
0.6981317007977315     5.8944053779928254      0.0339517522821260      -0.0098992693239654
0.6981317007977315     6.0198182583756514      0.0331068844761002      -0.0098571703737122
0.6981317007977315     6.1452311387584775      0.0323005385479216      -0.0098180015925496
0.6981317007977315     6.2706440191413035      0.0315300687729802      -0.0097814979926184
0.6981317007977315     6.3960568995241296      0.0307930642199174      -0.0097474166873279
0.6981317007977315     6.5214697799069556      0.0300873227216983      -0.0097155523665452
0.6981317007977315     6.6468826602897817      0.0294108386273915      -0.0096857152508722
0.6981317007977315     6.7722955406726077      0.0287617707152987      -0.0096577394240011
0.6981317007977315     6.8977084210554338      0.0281384341206164      -0.0096314694451055
0.6981317007977315     7.0231213014382599      0.0275392727229011      -0.0096067713183815
0.6981317007977315     7.1485341818210859      0.0269628601411047      -0.0095835218199682
0.6981317007977315     7.2739470622039120      0.0264078784774270      -0.0095616101207733
0.6981317007977315     7.3993599425867380      0.0258731093240663      -0.0095409312584215
0.6981317007977315     7.5247728229695641      0.0253574227645057      -0.0095213960995551
0.6981317007977315     7.6501857033523901      0.0248597749253231      -0.0095029193994543
0.6981317007977315     7.7755985837352162      0.0243791916412340      -0.0094854248990951
0.6981317007977315     7.9010114641180422      0.0239147702491727      -0.0094688480752640
0.6981317007977315     8.0264243445008692      0.0234656751140881      -0.0094531259929139
0.6981317007977315     8.1518372248836961      0.0230311234111116      -0.0094381995679460
0.6981317007977315     8.2772501052665231      0.0226103847870853      -0.0094240163620025
0.6981317007977315     8.4026629856493500      0.0222027783777006      -0.0094105291713653
0.6981317007977315     8.5280758660321769      0.0218076679684592      -0.0093976913451441
0.6981317007977315     8.6534887464150039      0.0214244543036283      -0.0093854618058003
0.6981317007977315     8.7789016267978308      0.0210525789956607      -0.0093738035465781
0.6981317007977315     8.9043145071806578      0.0206915170187253      -0.0093626810829013
0.6981317007977315     9.0297273875634847      0.0203407750951038      -0.0093520605248255
0.6981317007977315     9.1551402679463116      0.0199998873217022      -0.0093419133733279
0.6981317007977315     9.2805531483291386      0.0196684187220831      -0.0093322122493463
0.6981317007977315     9.4059660287119655      0.0193459571502322      -0.0093229323814749
0.6981317007977315     9.5313789090947925      0.0190321171284602      -0.0093140503697010
0.6981317007977315     9.6567917894776194      0.0187265330406028      -0.0093055439588234
0.6981317007977315     9.7822046698604463      0.0184288614786749      -0.0092973912236029
0.6981317007977315     9.9076175502432733      0.0181387742873401      -0.0092895715705970
0.6981317007977315     10.0330304306261002      0.0178559626604068      -0.0092820674842718
0.6981317007977315     10.1584433110089272      0.0175801336156725      -0.0092748618035995
0.6981317007977315     10.2838561913917541      0.0173110095457154      -0.0092679397637843
0.6981317007977315     10.4092690717745811      0.0170483290544297      -0.0092612875505525
0.6981317007977315     10.5346819521574080      0.0167918433669294      -0.0092548900723105
0.6981317007977315     10.6600948325402349      0.0165413151558965      -0.0092487350383992
0.6981317007977315     10.7855077129230619      0.0162965199266211      -0.0092428100946176
0.6981317007977315     10.9109205933058888      0.0160572438561099      -0.0092371049830035
0.6981317007977315     11.0363334736887158      0.0158232844248552      -0.0092316082674242
0.6981317007977315     11.1617463540715427      0.0155944474526679      -0.0092263111310653
0.6981317007977315     11.2871592344543696      0.0153705505356770      -0.0092212039355399
0.6981317007977315     11.4125721148371966      0.0151514177242713      -0.0092162770379267
0.6981317007977315     11.5379849952200235      0.0149368814737752      -0.0092115215924574
0.6981317007977315     11.6633978756028505      0.0147267811884213      -0.0092069301975410
0.6981317007977315     11.7888107559856774      0.0145209648658714      -0.0092024960213721
0.6981317007977315     11.9142236363685043      0.0143192873809795      -0.0091982118393448
0.6981317007977315     12.0396365167513313      0.0141216092168240      -0.0091940707176724
0.6981317007977315     12.1650493971341582      0.0139277977982170      -0.0091900665719240
0.6981317007977315     12.2904622775169852      0.0137377251612363      -0.0091861925665990
0.6981317007977315     12.4158751578998121      0.0135512690131587      -0.0091824438585349
0.6981317007977315     12.5412880382826391      0.0133683124855499      -0.0091788153417460
0.6981317007977315     12.6667009186654660      0.0131887442184000      -0.0091753027193656
0.6981317007977315     12.7921137990482929      0.0130124573807501      -0.0091719008542670
0.6981317007977315     12.9175266794311199      0.0128393494598843      -0.0091686056354804
0.6981317007977315     13.0429395598139468      0.0126693225773294      -0.0091654118282173
0.6981317007977315     13.1683524401967738      0.0125022809816152      -0.0091623147865895
0.6981317007977315     13.2937653205796007      0.0123381333521815      -0.0091593114800844
0.6981317007977315     13.4191782009624276      0.0121767929695341      -0.0091563987406099
0.6981317007977315     13.5445910813452546      0.0120181765134829      -0.0091535724705749
0.6981317007977315     13.6700039617280815      0.0118622024652683      -0.0091508289310364
0.6981317007977315     13.7954168421109085      0.0117087931437944      -0.0091481659304203
0.6981317007977315     13.9208297224937354      0.0115578747544571      -0.0091455803018015
0.6981317007977315     14.0462426028765623      0.0114093750241653      -0.0091430685863493
0.6981317007977315     14.1716554832593893      0.0112632243883742      -0.0091406286545938
0.6981317007977315     14.2970683636422162      0.0111193567639516      -0.0091382584555239
0.6981317007977315     14.4224812440250432      0.0109777089161142      -0.0091359549550858
0.6981317007977315     14.5478941244078701      0.0108382182607863      -0.0091337148231182
0.6981317007977315     14.6733070047906971      0.0107008248114678      -0.0091315363436303
0.6981317007977315     14.7987198851735240      0.0105654710259947      -0.0091294171508760
0.6981317007977315     14.9241327655563509      0.0104321011790766      -0.0091273553670800
0.6981317007977315     15.0495456459391779      0.0103006615854622      -0.0091253491425412
0.6981317007977315     15.1749585263220048      0.0101711007606535      -0.0091233968503632
0.6981317007977315     15.3003714067048318      0.0100433689264579      -0.0091214963563820
0.6981317007977315     15.4257842870876587      0.0099174176054844      -0.0091196457401023
0.6981317007977315     15.5511971674704856      0.0097931999765748      -0.0091178434374562
0.6981317007977315     15.6766100478533126      0.0096706710339215      -0.0091160876584700
    
1.0471975511965974     0.0000000000000000      -0.4147633861851030      -0.2727162522032011
1.0471975511965974     0.1254128803828261      -0.2957900843317290      -0.4890846425001107
1.0471975511965974     0.2508257607656522      -0.1394617039578336      -0.5459545375029596
1.0471975511965974     0.3762386411484783      0.0697382933073127      -0.4676536742482183
1.0471975511965974     0.5016515215313043      0.1093312410261152      -0.3843758860503766
1.0471975511965974     0.6270644019141304      0.1160487402809090      -0.2702737504597247
1.0471975511965974     0.7524772822969564      0.0358789980287154      -0.2438092234326617
1.0471975511965974     0.8778901626797825      -0.0000428377921842      -0.3504237366877193
1.0471975511965974     1.0033030430626086      0.1541799832266886      -0.3811160370241295
1.0471975511965974     1.1287159234454347      0.1826902198530204      -0.3388726852106838
1.0471975511965974     1.2541288038282608      0.3111441053260332      -0.2995145576843762
1.0471975511965974     1.3795416842110868      0.3144727153940734      -0.1495602674152929
1.0471975511965974     1.5049545645939129      0.2603889512926095      -0.0863276240687967
1.0471975511965974     1.6303674449767389      0.2184533786750711      -0.0592937183162155
1.0471975511965974     1.7557803253595650      0.1909490243150761      -0.0469878417619075
1.0471975511965974     1.8811932057423910      0.1695637194504807      -0.0363930327823800
1.0471975511965974     2.0066060861252173      0.1516514738244070      -0.0305232234659819
1.0471975511965974     2.1320189665080433      0.1382161227754737      -0.0265620655758250
1.0471975511965974     2.2574318468908694      0.1265115584010160      -0.0228529729161259
1.0471975511965974     2.3828447272736955      0.1164993990537238      -0.0205369198029036
1.0471975511965974     2.5082576076565215      0.1080139188883646      -0.0187007522973208
1.0471975511965974     2.6336704880393476      0.1006444632392510      -0.0173157735079685
1.0471975511965974     2.7590833684221736      0.0942001897745104      -0.0162621368559600
1.0471975511965974     2.8844962488049997      0.0885557741333854      -0.0154442001274248
1.0471975511965974     3.0099091291878257      0.0835664485409756      -0.0147876208829528
1.0471975511965974     3.1353220095706518      0.0791221952232532      -0.0142483363361167
1.0471975511965974     3.2607348899534778      0.0751368170591760      -0.0137975532831597
1.0471975511965974     3.3861477703363039      0.0715386820780638      -0.0134149091669863
1.0471975511965974     3.5115606507191299      0.0682725368593413      -0.0130872819389165
1.0471975511965974     3.6369735311019560      0.0652932024647726      -0.0128039621528217
1.0471975511965974     3.7623864114847820      0.0625633324203724      -0.0125569232048505
1.0471975511965974     3.8877992918676081      0.0600519569549179      -0.0123400549967913
1.0471975511965974     4.0132121722504346      0.0577331738486731      -0.0121484926087626
1.0471975511965974     4.1386250526332606      0.0555850630235969      -0.0119783701908241
1.0471975511965974     4.2640379330160867      0.0535890043264762      -0.0118265443201045
1.0471975511965974     4.3894508133989127      0.0517290129795092      -0.0116904456504069
1.0471975511965974     4.5148636937817388      0.0499913308949603      -0.0115679454620527
1.0471975511965974     4.6402765741645648      0.0483639954072894      -0.0114572514500105
1.0471975511965974     4.7656894545473909      0.0468365733631708      -0.0113568772797457
1.0471975511965974     4.8911023349302170      0.0453999248365560      -0.0112655647985248
1.0471975511965974     5.0165152153130430      0.0440460052583963      -0.0111822397778771
1.0471975511965974     5.1419280956958691      0.0427676965082381      -0.0111059910161193
1.0471975511965974     5.2673409760786951      0.0415586894463088      -0.0110360292710058
1.0471975511965974     5.3927538564615212      0.0404133559720749      -0.0109716793171569
1.0471975511965974     5.5181667368443472      0.0393266765318080      -0.0109123479284426
1.0471975511965974     5.6435796172271733      0.0382941356798330      -0.0108575218956972
1.0471975511965974     5.7689924976099993      0.0373116837763112      -0.0108067540174985
1.0471975511965974     5.8944053779928254      0.0363756575624971      -0.0107596503879354
1.0471975511965974     6.0198182583756514      0.0354827564238343      -0.0107158722247046
1.0471975511965974     6.1452311387584775      0.0346299844361932      -0.0106751065707879
1.0471975511965974     6.2706440191413035      0.0338146161801920      -0.0106370813920591
1.0471975511965974     6.3960568995241296      0.0330341645793879      -0.0106015552931087
1.0471975511965974     6.5214697799069556      0.0322863660414504      -0.0105683165721388
1.0471975511965974     6.6468826602897817      0.0315691479482617      -0.0105371705134420
1.0471975511965974     6.7722955406726077      0.0308806091060807      -0.0105079437043731
1.0471975511965974     6.8977084210554338      0.0302190032781610      -0.0104804834781346
1.0471975511965974     7.0231213014382599      0.0295827258596648      -0.0104546462811680
1.0471975511965974     7.1485341818210859      0.0289702932155228      -0.0104303072313191
1.0471975511965974     7.2739470622039120      0.0283803389174392      -0.0104073514616974
1.0471975511965974     7.3993599425867380      0.0278115959128969      -0.0103856748529697
1.0471975511965974     7.5247728229695641      0.0272628906377226      -0.0103651888441318
1.0471975511965974     7.6501857033523901      0.0267331451752361      -0.0103458091644914
1.0471975511965974     7.7755985837352162      0.0262213482567393      -0.0103274528928357
1.0471975511965974     7.9010114641180422      0.0257265623544642      -0.0103100501226641
1.0471975511965974     8.0264243445008692      0.0252479121322739      -0.0102935333742708
1.0471975511965974     8.1518372248836961      0.0247845828271239      -0.0102778434418854
1.0471975511965974     8.2772501052665231      0.0243358106204740      -0.0102629233223243
1.0471975511965974     8.4026629856493500      0.0239008823350108      -0.0102487256348853
1.0471975511965974     8.5280758660321769      0.0234791327378645      -0.0102352046700542
1.0471975511965974     8.6534887464150039      0.0230699378527230      -0.0102223180630630
1.0471975511965974     8.7789016267978308      0.0226727112856655      -0.0102100273742301
1.0471975511965974     8.9043145071806578      0.0222869039689988      -0.0101982984943506
1.0471975511965974     9.0297273875634847      0.0219120022806694      -0.0101870997499299
1.0471975511965974     9.1551402679463116      0.0215475225564028      -0.0101763973270118
1.0471975511965974     9.2805531483291386      0.0211930067418920      -0.0101661628561854
1.0471975511965974     9.4059660287119655      0.0208480258523803      -0.0101563675351493
1.0471975511965974     9.5313789090947925      0.0205121709837885      -0.0101469849404105
1.0471975511965974     9.6567917894776194      0.0201850566133098      -0.0101379922229454
1.0471975511965974     9.7822046698604463      0.0198663190848011      -0.0101293703055217
1.0471975511965974     9.9076175502432733      0.0195556173844360      -0.0101210998031827
1.0471975511965974     10.0330304306261002      0.0192526268550467      -0.0101131618204244
1.0471975511965974     10.1584433110089272      0.0189570408156150      -0.0101055396864258
1.0471975511965974     10.2838561913917541      0.0186685697117303      -0.0100982164885666
1.0471975511965974     10.4092690717745811      0.0183869367695186      -0.0100911747750977
1.0471975511965974     10.5346819521574080      0.0181118779686334      -0.0100844008941176
1.0471975511965974     10.6600948325402349      0.0178431446201830      -0.0100778822545505
1.0471975511965974     10.7855077129230619      0.0175805006589749      -0.0100716067433945
1.0471975511965974     10.9109205933058888      0.0173237212492655      -0.0100655611259744
1.0471975511965974     11.0363334736887158      0.0170725908001649      -0.0100597353834734
1.0471975511965974     11.1617463540715427      0.0168269070081440      -0.0100541192011170
1.0471975511965974     11.2871592344543696      0.0165864747863884      -0.0100487017125964
1.0471975511965974     11.4125721148371966      0.0163511078830655      -0.0100434741213851
1.0471975511965974     11.5379849952200235      0.0161206301457084      -0.0100384294852406
1.0471975511965974     11.6633978756028505      0.0158948746252708      -0.0100335584141294
1.0471975511965974     11.7888107559856774      0.0156736794037353      -0.0100288521997485
1.0471975511965974     11.9142236363685043      0.0154568897864917      -0.0100243035959828
1.0471975511965974     12.0396365167513313      0.0152443586645841      -0.0100199063555447
1.0471975511965974     12.1650493971341582      0.0150359452823226      -0.0100156537096260
1.0471975511965974     12.2904622775169852      0.0148315151433940      -0.0100115400658077
1.0471975511965974     12.4158751578998121      0.0146309394881577      -0.0100075593499510
1.0471975511965974     12.5412880382826391      0.0144340954353006      -0.0100037059963459
1.0471975511965974     12.6667009186654660      0.0142408642174100      -0.0099999735850174
1.0471975511965974     12.7921137990482929      0.0140511316010942      -0.0099963576048796
1.0471975511965974     12.9175266794311199      0.0138647887113927      -0.0099928533916096
1.0471975511965974     13.0429395598139468      0.0136817305812635      -0.0099894569201823
1.0471975511965974     13.1683524401967738      0.0135018576016561      -0.0099861647482778
1.0471975511965974     13.2937653205796007      0.0133250742224079      -0.0099829720943008
1.0471975511965974     13.4191782009624276      0.0131512874686739      -0.0099798747548957
1.0471975511965974     13.5445910813452546      0.0129804083715863      -0.0099768691219427
1.0471975511965974     13.6700039617280815      0.0128123514421004      -0.0099739515567231
1.0471975511965974     13.7954168421109085      0.0126470341970143      -0.0099711183246825
1.0471975511965974     13.9208297224937354      0.0124843769152508      -0.0099683663721788
1.0471975511965974     14.0462426028765623      0.0123243034366789      -0.0099656929457843
1.0471975511965974     14.1716554832593893      0.0121667401877577      -0.0099630950488004
1.0471975511965974     14.2970683636422162      0.0120116164111844      -0.0099605699909173
1.0471975511965974     14.4224812440250432      0.0118588633275219      -0.0099581150764514
1.0471975511965974     14.5478941244078701      0.0117084154574526      -0.0099557287973231
1.0471975511965974     14.6733070047906971      0.0115602099147257      -0.0099534082572412
1.0471975511965974     14.7987198851735240      0.0114141854664960      -0.0099511513265697
1.0471975511965974     14.9241327655563509      0.0112702833095861      -0.0099489553209688
1.0471975511965974     15.0495456459391779      0.0111284461417844      -0.0099468180249282
1.0471975511965974     15.1749585263220048      0.0109886187223140      -0.0099447371579602
1.0471975511965974     15.3003714067048318      0.0108507474224644      -0.0099427110172455
1.0471975511965974     15.4257842870876587      0.0107147808178616      -0.0099407379488815
1.0471975511965974     15.5511971674704856      0.0105806691779966      -0.0099388163400151
1.0471975511965974     15.6766100478533126      0.0104483646054886      -0.0099369446608623
    
1.3962634015954638     0.0000000000000000      -0.5420043186345957      -0.4088162322779924
1.3962634015954638     0.1254128803828261      -0.3073119683900478      -0.7290331972578468
1.3962634015954638     0.2508257607656522      -0.0526651759636632      -0.7201290234935446
1.3962634015954638     0.3762386411484783      0.1952388928279166      -0.5770092124773694
1.3962634015954638     0.5016515215313043      0.2302057119379480      -0.4490217265152085
1.3962634015954638     0.6270644019141304      0.2372300541014138      -0.3038254536175498
1.3962634015954638     0.7524772822969564      0.1633749832193699      -0.2413448474269103
1.3962634015954638     0.8778901626797825      0.1006642597665800      -0.2782097498459658
1.3962634015954638     1.0033030430626086      0.1631342537387008      -0.3182610863346380
1.3962634015954638     1.1287159234454347      0.1905819843916659      -0.3201234991025989
1.3962634015954638     1.2541288038282608      0.3196846126634637      -0.2855924893942575
1.3962634015954638     1.3795416842110868      0.3218427574848847      -0.1444178296048423
1.3962634015954638     1.5049545645939129      0.2697929633292163      -0.0853060556236031
1.3962634015954638     1.6303674449767389      0.2289940641653725      -0.0597856767772562
1.3962634015954638     1.7557803253595650      0.2017512660288943      -0.0483134448465748
1.3962634015954638     1.8811932057423910      0.1806021852016561      -0.0383692266173738
1.3962634015954638     2.0066060861252173      0.1627915733859241      -0.0327030088669519
1.3962634015954638     2.1320189665080433      0.1493428565884703      -0.0287527050204673
1.3962634015954638     2.2574318468908694      0.1373873233393706      -0.0248858793315454
1.3962634015954638     2.3828447272736955      0.1270211190969716      -0.0224689797950922
1.3962634015954638     2.5082576076565215      0.1181327403544302      -0.0205796941996662
1.3962634015954638     2.6336704880393476      0.1103966968302148      -0.0191739951375372
1.3962634015954638     2.7590833684221736      0.1036022154140779      -0.0180974422539608
1.3962634015954638     2.8844962488049997      0.0976277106953231      -0.0172621890627713
1.3962634015954638     3.0099091291878257      0.0923260363453880      -0.0165864513769224
1.3962634015954638     3.1353220095706518      0.0875852799216597      -0.0160289990622014
1.3962634015954638     3.2607348899534778      0.0833191605637664      -0.0155612930420342
1.3962634015954638     3.3861477703363039      0.0794555242827886      -0.0151628164419594
1.3962634015954638     3.5115606507191299      0.0759382106600811      -0.0148202973647009
1.3962634015954638     3.6369735311019560      0.0727210700979767      -0.0145229723221970
1.3962634015954638     3.7623864114847820      0.0697659392626200      -0.0142628743528373
1.3962634015954638     3.8877992918676081      0.0670410408751625      -0.0140337915187171
1.3962634015954638     4.0132121722504346      0.0645196668653572      -0.0138308628161834
1.3962634015954638     4.1386250526332606      0.0621792284850642      -0.0136501341678795
1.3962634015954638     4.2640379330160867      0.0600003804204969      -0.0134884027811864
1.3962634015954638     4.3894508133989127      0.0579665122785828      -0.0133430359371879
1.3962634015954638     4.5148636937817388      0.0560632348110515      -0.0132118557554864
1.3962634015954638     4.6402765741645648      0.0542780420535418      -0.0130930502181063
1.3962634015954638     4.7656894545473909      0.0525999978392371      -0.0129850930070886
1.3962634015954638     4.8911023349302170      0.0510194989209034      -0.0128866878859166
1.3962634015954638     5.0165152153130430      0.0495280675379840      -0.0127967357621609
1.3962634015954638     5.1419280956958691      0.0481182040489121      -0.0127142807155255
1.3962634015954638     5.2673409760786951      0.0467832195427926      -0.0126385018708062
1.3962634015954638     5.3927538564615212      0.0455171530511110      -0.0125686908635614
1.3962634015954638     5.5181667368443472      0.0443146614235423      -0.0125042303893219
1.3962634015954638     5.6435796172271733      0.0431709465360515      -0.0124445804800048
1.3962634015954638     5.7689924976099993      0.0420816803686671      -0.0123892683771796
1.3962634015954638     5.8944053779928254      0.0410429551321708      -0.0123378802878152
1.3962634015954638     6.0198182583756514      0.0400512274296383      -0.0122900515923449
1.3962634015954638     6.1452311387584775      0.0391032854186269      -0.0122454640119345
1.3962634015954638     6.2706440191413035      0.0381962053713553      -0.0122038286577783
1.3962634015954638     6.3960568995241296      0.0373273221313608      -0.0121648875246708
1.3962634015954638     6.5214697799069556      0.0364941916805522      -0.0121284063978081
1.3962634015954638     6.6468826602897817      0.0356945769521902      -0.0120941820035278
1.3962634015954638     6.7722955406726077      0.0349264239198248      -0.0120620275687051
1.3962634015954638     6.8977084210554338      0.0341878399579173      -0.0120317755055633
1.3962634015954638     7.0231213014382599      0.0334770818720965      -0.0120032842157913
1.3962634015954638     7.1485341818210859      0.0327925494835949      -0.0119764204856140
1.3962634015954638     7.2739470622039120      0.0321327587558876      -0.0119510625945098
1.3962634015954638     7.3993599425867380      0.0314963399916774      -0.0119271008537719
1.3962634015954638     7.5247728229695641      0.0308820201904350      -0.0119044303065538
1.3962634015954638     7.6501857033523901      0.0302886125264593      -0.0118829604022066
1.3962634015954638     7.7755985837352162      0.0297150213435107      -0.0118626092961920
1.3962634015954638     7.9010114641180422      0.0291602212136698      -0.0118432988178084
1.3962634015954638     8.0264243445008692      0.0286232581042997      -0.0118249607406349
1.3962634015954638     8.1518372248836961      0.0281032408180615      -0.0118075323740758
1.3962634015954638     8.2772501052665231      0.0275993410236362      -0.0117909567028866
1.3962634015954638     8.4026629856493500      0.0271107813707705      -0.0117751770420750
1.3962634015954638     8.5280758660321769      0.0266368327423366      -0.0117601434860192
1.3962634015954638     8.6534887464150039      0.0261768121808970      -0.0117458099348746
1.3962634015954638     8.7789016267978308      0.0257300806374154      -0.0117321328620999
1.3962634015954638     8.9043145071806578      0.0252960350486022      -0.0117190691462309
1.3962634015954638     9.0297273875634847      0.0248741053009049      -0.0117065802255598
1.3962634015954638     9.1551402679463116      0.0244637547423855      -0.0116946345863174
1.3962634015954638     9.2805531483291386      0.0240644809220750      -0.0116832019960011
1.3962634015954638     9.4059660287119655      0.0236758088889342      -0.0116722549097464
1.3962634015954638     9.5313789090947925      0.0232972923017583      -0.0116617671403768
1.3962634015954638     9.6567917894776194      0.0229285095148033      -0.0116517145310071
1.3962634015954638     9.7822046698604463      0.0225690625546676      -0.0116420721424663
1.3962634015954638     9.9076175502432733      0.0222185723778137      -0.0116328168667931
1.3962634015954638     10.0330304306261002      0.0218766801901583      -0.0116239284736697
1.3962634015954638     10.1584433110089272      0.0215430468839308      -0.0116153876431590
1.3962634015954638     10.2838561913917541      0.0212173491131126      -0.0116071770155521
1.3962634015954638     10.4092690717745811      0.0208992829478426      -0.0115992816733005
1.3962634015954638     10.5346819521574080      0.0205885594872212      -0.0115916846978798
1.3962634015954638     10.6600948325402349      0.0202849030288517      -0.0115843709320275
1.3962634015954638     10.7855077129230619      0.0199880511862322      -0.0115773260112283
1.3962634015954638     10.9109205933058888      0.0196977542317562      -0.0115705380891919
1.3962634015954638     11.0363334736887158      0.0194137764545764      -0.0115639941344436
1.3962634015954638     11.1617463540715427      0.0191358899604506      -0.0115576818766384
1.3962634015954638     11.2871592344543696      0.0188638795804486      -0.0115515917662047
1.3962634015954638     11.4125721148371966      0.0185975405753341      -0.0115457134019982
1.3962634015954638     11.5379849952200235      0.0183366766630469      -0.0115400355719012
1.3962634015954638     11.6633978756028505      0.0180810985981943      -0.0115345498261981
1.3962634015954638     11.7888107559856774      0.0178306278658264      -0.0115292488128271
1.3962634015954638     11.9142236363685043      0.0175850943158900      -0.0115241246067308
1.3962634015954638     12.0396365167513313      0.0173443345304525      -0.0115191687613015
1.3962634015954638     12.1650493971341582      0.0171081915704768      -0.0115143740543973
1.3962634015954638     12.2904622775169852      0.0168765151873184      -0.0115097335458916
1.3962634015954638     12.4158751578998121      0.0166491619567531      -0.0115052414055312
1.3962634015954638     12.5412880382826391      0.0164259943870780      -0.0115008912775774
1.3962634015954638     12.6667009186654660      0.0162068807885750      -0.0114966780945395
1.3962634015954638     12.7921137990482929      0.0159916953560102      -0.0114925959922622
1.3962634015954638     12.9175266794311199      0.0157803170231453      -0.0114886396018069
1.3962634015954638     13.0429395598139468      0.0155726297850996      -0.0114848031315761
1.3962634015954638     13.1683524401967738      0.0153685209318302      -0.0114810807683580
1.3962634015954638     13.2937653205796007      0.0151678817147145      -0.0114774686601703
1.3962634015954638     13.4191782009624276      0.0149706090838574      -0.0114739632565029
1.3962634015954638     13.5445910813452546      0.0147766036958653      -0.0114705605279059
1.3962634015954638     13.6700039617280815      0.0145857700529380      -0.0114672569856815
1.3962634015954638     13.7954168421109085      0.0143980166441727      -0.0114640492909490
1.3962634015954638     13.9208297224937354      0.0142132554518548      -0.0114609336281312
1.3962634015954638     14.0462426028765623      0.0140314012810629      -0.0114579063166720
1.3962634015954638     14.1716554832593893      0.0138523720179894      -0.0114549637717470
1.3962634015954638     14.2970683636422162      0.0136760881304512      -0.0114521027973343
1.3962634015954638     14.4224812440250432      0.0135024734215276      -0.0114493205950627
1.3962634015954638     14.5478941244078701      0.0133314539821627      -0.0114466138599290
1.3962634015954638     14.6733070047906971      0.0131629583178916      -0.0114439803424109
1.3962634015954638     14.7987198851735240      0.0129969178380311      -0.0114414175834369
1.3962634015954638     14.9241327655563509      0.0128332663196666      -0.0114389237659857
1.3962634015954638     15.0495456459391779      0.0126719403488619      -0.0114364966308209
1.3962634015954638     15.1749585263220048      0.0125128784551601      -0.0114341339879347
1.3962634015954638     15.3003714067048318      0.0123560212248706      -0.0114318332383592
1.3962634015954638     15.4257842870876587      0.0122013108090310      -0.0114295922135068
1.3962634015954638     15.5511971674704856      0.0120486913873340      -0.0114274086910239
1.3962634015954638     15.6766100478533126      0.0118981085098906      -0.0114252808135322
    
1.7453292519943293     0.0000000000000000      -0.6329959277117083      -0.5242745720323797
1.7453292519943293     0.1254128803828261      -0.2585645515674202      -0.9122759350499007
1.7453292519943293     0.2508257607656522      0.0470438753150878      -0.7245659323251880
1.7453292519943293     0.3762386411484783      0.1477000472378227      -0.5778944800924619
1.7453292519943293     0.5016515215313043      0.1945473885569522      -0.5517360299998808
1.7453292519943293     0.6270644019141304      0.2508797483166044      -0.4254342745076291
1.7453292519943293     0.7524772822969564      0.2660598212287560      -0.3670395078098272
1.7453292519943293     0.8778901626797825      0.2314447186967302      -0.3086523187394113
1.7453292519943293     1.0033030430626086      0.2577240528123045      -0.3080587324984738
1.7453292519943293     1.1287159234454347      0.2723339615873965      -0.2755812642357289
1.7453292519943293     1.2541288038282608      0.3358754213668237      -0.2368223112161913
1.7453292519943293     1.3795416842110868      0.3260727206098638      -0.1280729666682215
1.7453292519943293     1.5049545645939129      0.2775247333167394      -0.0805019262019951
1.7453292519943293     1.6303674449767389      0.2389625790346508      -0.0588185492723429
1.7453292519943293     1.7557803253595650      0.2124709821655333      -0.0490706164396588
1.7453292519943293     1.8811932057423910      0.1918912526974819      -0.0401612686620772
1.7453292519943293     2.0066060861252173      0.1741749581374185      -0.0347349496091770
1.7453292519943293     2.1320189665080433      0.1606988695250836      -0.0309870939260324
1.7453292519943293     2.2574318468908694      0.1486113589369372      -0.0269549387746865
1.7453292519943293     2.3828447272736955      0.1378120349557858      -0.0243518217629216
1.7453292519943293     2.5082576076565215      0.1284384051947191      -0.0224022717562185
1.7453292519943293     2.6336704880393476      0.1202727187947420      -0.0209803371344967
1.7453292519943293     2.7590833684221736      0.1130861990374045      -0.0198837041104134
1.7453292519943293     2.8844962488049997      0.1067450149336262      -0.0190272227954629
1.7453292519943293     3.0099091291878257      0.1010997855392592      -0.0183274662945877
1.7453292519943293     3.1353220095706518      0.0960340165002776      -0.0177453535908381
1.7453292519943293     3.2607348899534778      0.0914614997838268      -0.0172554881128552
1.7453292519943293     3.3861477703363039      0.0873101690401846      -0.0168367729946185
1.7453292519943293     3.5115606507191299      0.0835224642292779      -0.0164755228188141
1.7453292519943293     3.6369735311019560      0.0800510433685424      -0.0161609156322632
1.7453292519943293     3.7623864114847820      0.0768564852818956      -0.0158847917105653
1.7453292519943293     3.8877992918676081      0.0739058831716701      -0.0156409028416023
1.7453292519943293     4.0132121722504346      0.0711715085574332      -0.0154242449067232
1.7453292519943293     4.1386250526332606      0.0686297466928724      -0.0152308175134642
1.7453292519943293     4.2640379330160867      0.0662604184320129      -0.0150573452247668
1.7453292519943293     4.3894508133989127      0.0640461046092293      -0.0149011243033165
1.7453292519943293     4.5148636937817388      0.0619716995941706      -0.0147598899357917
1.7453292519943293     4.6402765741645648      0.0600240229664069      -0.0146317672701591
1.7453292519943293     4.7656894545473909      0.0581915354110161      -0.0145151414196856
1.7453292519943293     4.8911023349302170      0.0564640522731070      -0.0144086603774508
1.7453292519943293     5.0165152153130430      0.0548325811949695      -0.0143111568307360
1.7453292519943293     5.1419280956958691      0.0532891274047843      -0.0142216461958978
1.7453292519943293     5.2673409760786951      0.0518265884631753      -0.0141392647675224
1.7453292519943293     5.3927538564615212      0.0504385928645485      -0.0140632605424698
1.7453292519943293     5.5181667368443472      0.0491194321750629      -0.0139929919489200
1.7453292519943293     5.6435796172271733      0.0478639773731729      -0.0139278902737861
1.7453292519943293     5.7689924976099993      0.0466675939539920      -0.0138674547375665
1.7453292519943293     5.8944053779928254      0.0455260895100046      -0.0138112495967248
1.7453292519943293     6.0198182583756514      0.0444356697677082      -0.0137588878280172
1.7453292519943293     6.1452311387584775      0.0433928758701410      -0.0137100165667860
1.7453292519943293     6.2706440191413035      0.0423945530932494      -0.0136643351805656
1.7453292519943293     6.3960568995241296      0.0414378286411933      -0.0136215740105667
1.7453292519943293     6.5214697799069556      0.0405200721893747      -0.0135814880665394
1.7453292519943293     6.6468826602897817      0.0396388705957727      -0.0135438592314538
1.7453292519943293     6.7722955406726077      0.0387920093225335      -0.0135084893342591
1.7453292519943293     6.8977084210554338      0.0379774492317240      -0.0134752015607458
1.7453292519943293     7.0231213014382599      0.0371933105574550      -0.0134438285377393
1.7453292519943293     7.1485341818210859      0.0364378491221408      -0.0134142239857054
1.7453292519943293     7.2739470622039120      0.0357094566220345      -0.0133862564994328
1.7453292519943293     7.3993599425867380      0.0350066388337588      -0.0133598109261028
1.7453292519943293     7.5247728229695641      0.0343280209081228      -0.0133347798973303
1.7453292519943293     7.6501857033523901      0.0336723165922326      -0.0133110612819633
1.7453292519943293     7.7755985837352162      0.0330383321762824      -0.0132885670291003
1.7453292519943293     7.9010114641180422      0.0324249566052575      -0.0132672122198076
1.7453292519943293     8.0264243445008692      0.0318311523312314      -0.0132469195875372
1.7453292519943293     8.1518372248836961      0.0312559485044503      -0.0132276173788447
1.7453292519943293     8.2772501052665231      0.0306984373750539      -0.0132092412072850
1.7453292519943293     8.4026629856493500      0.0301577681686398      -0.0131917320055643
1.7453292519943293     8.5280758660321769      0.0296331446892411      -0.0131750373052128
1.7453292519943293     8.6534887464150039      0.0291238214497602      -0.0131591083507470
1.7453292519943293     8.7789016267978308      0.0286290973237239      -0.0131438998720683
1.7453292519943293     8.9043145071806578      0.0281483152546918      -0.0131293709511477
1.7453292519943293     9.0297273875634847      0.0276808576713644      -0.0131154839058028
1.7453292519943293     9.1551402679463116      0.0272261456018488      -0.0131021992983021
1.7453292519943293     9.2805531483291386      0.0267836272111807      -0.0130894806384445
1.7453292519943293     9.4059660287119655      0.0263527837758318      -0.0130772955771714
1.7453292519943293     9.5313789090947925      0.0259331241782613      -0.0130656150716092
1.7453292519943293     9.6567917894776194      0.0255241857595613      -0.0130544104991861
1.7453292519943293     9.7822046698604463      0.0251255284528430      -0.0130436579564921
1.7453292519943293     9.9076175502432733      0.0247367400364678      -0.0130333355136487
1.7453292519943293     10.0330304306261002      0.0243574296133748      -0.0130234201319840
1.7453292519943293     10.1584433110089272      0.0239872256789347      -0.0130138905203142
1.7453292519943293     10.2838561913917541      0.0236257768084649      -0.0130047257005618
1.7453292519943293     10.4092690717745811      0.0232727461201537      -0.0129959054327101
1.7453292519943293     10.5346819521574080      0.0229278149797893      -0.0129874137920738
1.7453292519943293     10.6600948325402349      0.0225906806712722      -0.0129792341296980
1.7453292519943293     10.7855077129230619      0.0222610549845882      -0.0129713519957797
1.7453292519943293     10.9109205933058888      0.0219386644296412      -0.0129637531860045
1.7453292519943293     11.0363334736887158      0.0216232475772114      -0.0129564249453666
1.7453292519943293     11.1617463540715427      0.0213145572010492      -0.0129493556517321
1.7453292519943293     11.2871592344543696      0.0210123570155674      -0.0129425326803885
1.7453292519943293     11.4125721148371966      0.0207164211922292      -0.0129359443222709
1.7453292519943293     11.5379849952200235      0.0204265333478218      -0.0129295799224626
1.7453292519943293     11.6633978756028505      0.0201424881258311      -0.0129234297580861
1.7453292519943293     11.7888107559856774      0.0198640883399854      -0.0129174835981211
1.7453292519943293     11.9142236363685043      0.0195911449164394      -0.0129117327083711
1.7453292519943293     12.0396365167513313      0.0193234774913855      -0.0129061697337337
1.7453292519943293     12.1650493971341582      0.0190609146563178      -0.0129007872868258
1.7453292519943293     12.2904622775169852      0.0188032922402012      -0.0128955779104268
1.7453292519943293     12.4158751578998121      0.0185504528861766      -0.0128905336021400
1.7453292519943293     12.5412880382826391      0.0183022449483800      -0.0128856472640081
1.7453292519943293     12.6667009186654660      0.0180585234472728      -0.0128809114987756
1.7453292519943293     12.7921137990482929      0.0178191481830176      -0.0128763197076673
1.7453292519943293     12.9175266794311199      0.0175839846102547      -0.0128718659357957
1.7453292519943293     13.0429395598139468      0.0173529033236641      -0.0128675454461489
1.7453292519943293     13.1683524401967738      0.0171257812799393      -0.0128633543315924
1.7453292519943293     13.2937653205796007      0.0169025011277095      -0.0128592876443715
1.7453292519943293     13.4191782009624276      0.0166829488818962      -0.0128553400665151
1.7453292519943293     13.5445910813452546      0.0164670151477051      -0.0128515074828123
1.7453292519943293     13.6700039617280815      0.0162545950133577      -0.0128477850611450
1.7453292519943293     13.7954168421109085      0.0160455866801879      -0.0128441680467404
1.7453292519943293     13.9208297224937354      0.0158398918745678      -0.0128406525638447
1.7453292519943293     14.0462426028765623      0.0156374162976755      -0.0128372350776893
1.7453292519943293     14.1716554832593893      0.0154380691062742      -0.0128339123494112
1.7453292519943293     14.2970683636422162      0.0152417628566109      -0.0128306811151980
1.7453292519943293     14.4224812440250432      0.0150484132509364      -0.0128275386687752
1.7453292519943293     14.5478941244078701      0.0148579395273544      -0.0128244820850677
1.7453292519943293     14.6733070047906971      0.0146702636128178      -0.0128215085066442
1.7453292519943293     14.7987198851735240      0.0144853103628403      -0.0128186147692638
1.7453292519943293     14.9241327655563509      0.0143030067484471      -0.0128157976184277
1.7453292519943293     15.0495456459391779      0.0141232820198448      -0.0128130539406115
1.7453292519943293     15.1749585263220048      0.0139460674229754      -0.0128103810538748
1.7453292519943293     15.3003714067048318      0.0137712967831822      -0.0128077767565995
1.7453292519943293     15.4257842870876587      0.0135989060869855      -0.0128052388122293
1.7453292519943293     15.5511971674704856      0.0134288335779276      -0.0128027654772800
1.7453292519943293     15.6766100478533126      0.0132610198940523      -0.0128003547637668
    
2.0943951023931948     0.0000000000000000      -0.6915667810577634      -0.6204677594189724
2.0943951023931948     0.1254128803828261      -0.1777626120074995      -1.0574080055861930
2.0943951023931948     0.2508257607656522      0.1627694116027720      -0.6650139264295222
2.0943951023931948     0.3762386411484783      0.0715844601516603      -0.5315280092733200
2.0943951023931948     0.5016515215313043      0.1455290790703457      -0.6375435519356665
2.0943951023931948     0.6270644019141304      0.2704368715090474      -0.5114703572604489
2.0943951023931948     0.7524772822969564      0.3478522032446842      -0.4342251440409010
2.0943951023931948     0.8778901626797825      0.3143942078611987      -0.2848132600423977
2.0943951023931948     1.0033030430626086      0.2632979342756425      -0.2777512856004712
2.0943951023931948     1.1287159234454347      0.2775410908438709      -0.2834549541698281
2.0943951023931948     1.2541288038282608      0.3525396973559407      -0.2408951761085993
2.0943951023931948     1.3795416842110868      0.3395978608819228      -0.1301271991948589
2.0943951023931948     1.5049545645939129      0.2896843499857943      -0.0825991792037684
2.0943951023931948     1.6303674449767389      0.2500682172195133      -0.0608598265338859
2.0943951023931948     1.7557803253595650      0.2227179717928324      -0.0511954844330968
2.0943951023931948     1.8811932057423910      0.2017082751415344      -0.0422800074243365
2.0943951023931948     2.0066060861252173      0.1833097840156646      -0.0366069325643640
2.0943951023931948     2.1320189665080433      0.1694123623465186      -0.0329229251957873
2.0943951023931948     2.2574318468908694      0.1570048481284246      -0.0286366600818501
2.0943951023931948     2.3828447272736955      0.1457111234621612      -0.0258231719816269
2.0943951023931948     2.5082576076565215      0.1358697099735854      -0.0237526579300966
2.0943951023931948     2.6336704880393476      0.1272840176822848      -0.0222692609084340
2.0943951023931948     2.7590833684221736      0.1197395818885099      -0.0211309754341789
2.0943951023931948     2.8844962488049997      0.1130772951327996      -0.0202373840825113
2.0943951023931948     3.0099091291878257      0.1071428089953444      -0.0195069393041715
2.0943951023931948     3.1353220095706518      0.1018129940070084      -0.0188970354087759
2.0943951023931948     3.2607348899534778      0.0969980219966197      -0.0183836236980229
2.0943951023931948     3.3861477703363039      0.0926239246627458      -0.0179446020446934
2.0943951023931948     3.5115606507191299      0.0886307078993319      -0.0175654112724752
2.0943951023931948     3.6369735311019560      0.0849688697904455      -0.0172348003067955
2.0943951023931948     3.7623864114847820      0.0815973682290008      -0.0169444030071372
2.0943951023931948     3.8877992918676081      0.0784818630021640      -0.0166876605974364
2.0943951023931948     4.0132121722504346      0.0755933774307533      -0.0164594233609176
2.0943951023931948     4.1386250526332606      0.0729072875523803      -0.0162555053222357
2.0943951023931948     4.2640379330160867      0.0704024679747239      -0.0160724938084601
2.0943951023931948     4.3894508133989127      0.0680607027808549      -0.0159075553152208
2.0943951023931948     4.5148636937817388      0.0658661567321998      -0.0157583419108981
2.0943951023931948     4.6402765741645648      0.0638050265678801      -0.0156228871385627
2.0943951023931948     4.7656894545473909      0.0618652102378911      -0.0154995288381240
2.0943951023931948     4.8911023349302170      0.0600360389801604      -0.0153868414612016
2.0943951023931948     5.0165152153130430      0.0583080793654621      -0.0152836193935624
2.0943951023931948     5.1419280956958691      0.0566729435894137      -0.0151888064829985
2.0943951023931948     5.2673409760786951      0.0551231557765209      -0.0151015179317063
2.0943951023931948     5.3927538564615212      0.0536520404018232      -0.0150209656956995
2.0943951023931948     5.5181667368443472      0.0522535981630155      -0.0149464686289735
2.0943951023931948     5.6435796172271733      0.0509224329828052      -0.0148774274141546
2.0943951023931948     5.7689924976099993      0.0496536708789399      -0.0148133157845789
2.0943951023931948     5.8944053779928254      0.0484429047568238      -0.0147536701202052
2.0943951023931948     6.0198182583756514      0.0472861264183758      -0.0146980749163611
2.0943951023931948     6.1452311387584775      0.0461796961286255      -0.0146461755819826
2.0943951023931948     6.2706440191413035      0.0451202984408644      -0.0145976421345477
2.0943951023931948     6.3960568995241296      0.0441048972407651      -0.0145521885540641
2.0943951023931948     6.5214697799069556      0.0431307180102063      -0.0145095555953175
2.0943951023931948     6.6468826602897817      0.0421952112901664      -0.0144695124576493
2.0943951023931948     6.7722955406726077      0.0412960361456548      -0.0144318560276763
2.0943951023931948     6.8977084210554338      0.0404310399966536      -0.0143963993175612
2.0943951023931948     7.0231213014382599      0.0395982371483587      -0.0143629781136838
2.0943951023931948     7.1485341818210859      0.0387957988263651      -0.0143314384313123
2.0943951023931948     7.2739470622039120      0.0380220267924528      -0.0143016399150598
2.0943951023931948     7.3993599425867380      0.0372753518240893      -0.0142734534690871
2.0943951023931948     7.5247728229695641      0.0365543095894900      -0.0142467612365273
2.0943951023931948     7.6501857033523901      0.0358575428884337      -0.0142214602362458
2.0943951023931948     7.7755985837352162      0.0351837891609468      -0.0141974540081209
2.0943951023931948     7.9010114641180422      0.0345318705398412      -0.0141746551670932
2.0943951023931948     8.0264243445008692      0.0339006885947056      -0.0141529857781197
2.0943951023931948     8.1518372248836961      0.0332892200212396      -0.0141323730800986
2.0943951023931948     8.2772501052665231      0.0326965067662887      -0.0141127503770123
2.0943951023931948     8.4026629856493500      0.0321216536197192      -0.0140940550125025
2.0943951023931948     8.5280758660321769      0.0315638204310157      -0.0140762293052375
2.0943951023931948     8.6534887464150039      0.0310222191270624      -0.0140592175622369
2.0943951023931948     8.7789016267978308      0.0304961071504840      -0.0140429702522014
2.0943951023931948     8.9043145071806578      0.0299847874193512      -0.0140274417728789
2.0943951023931948     9.0297273875634847      0.0294876031634722      -0.0140125892349995
2.0943951023931948     9.1551402679463116      0.0290039351202866      -0.0139983764861207
2.0943951023931948     9.2805531483291386      0.0285332039413538      -0.0139847680115477
2.0943951023931948     9.4059660287119655      0.0280748601665829      -0.0139717306174962
2.0943951023931948     9.5313789090947925      0.0276283874856162      -0.0139592324887351
2.0943951023931948     9.6567917894776194      0.0271932962051596      -0.0139472440949981
2.0943951023931948     9.7822046698604463      0.0267691239681181      -0.0139357355682812
2.0943951023931948     9.9076175502432733      0.0263554292867349      -0.0139246803140008
2.0943951023931948     10.0330304306261002      0.0259517958585531      -0.0139140552787514
2.0943951023931948     10.1584433110089272      0.0255578290361625      -0.0139038381178394
2.0943951023931948     10.2838561913917541      0.0251731535898019      -0.0138940084246136
2.0943951023931948     10.4092690717745811      0.0247974146117690      -0.0138845488626392
2.0943951023931948     10.5346819521574080      0.0244302761537422      -0.0138754413383855
2.0943951023931948     10.6600948325402349      0.0240714182526472      -0.0138666684632848
2.0943951023931948     10.7855077129230619      0.0237205360142240      -0.0138582140221832
2.0943951023931948     10.9109205933058888      0.0233773396052549      -0.0138500629761994
2.0943951023931948     11.0363334736887158      0.0230415531708855      -0.0138422006306794
2.0943951023931948     11.1617463540715427      0.0227129127961855      -0.0138346125048646
2.0943951023931948     11.2871592344543696      0.0223911663244556      -0.0138272866644422
2.0943951023931948     11.4125721148371966      0.0220760744212162      -0.0138202117883961
2.0943951023931948     11.5379849952200235      0.0217674088561437      -0.0138133769858313
2.0943951023931948     11.6633978756028505      0.0214649515824624      -0.0138067713120241
2.0943951023931948     11.7888107559856774      0.0211684940627167      -0.0138003844934971
2.0943951023931948     11.9142236363685043      0.0208778369759259      -0.0137942067329785
2.0943951023931948     12.0396365167513313      0.0205927893970943      -0.0137882278157809
2.0943951023931948     12.1650493971341582      0.0203131672021657      -0.0137824391083108
2.0943951023931948     12.2904622775169852      0.0200387952521698      -0.0137768325218653
2.0943951023931948     12.4158751578998121      0.0197695046870693      -0.0137714006434524
2.0943951023931948     12.5412880382826391      0.0195051346596412      -0.0137661367946825
2.0943951023931948     12.6667009186654660      0.0192455304708334      -0.0137610351333990
2.0943951023931948     12.7921137990482929      0.0189905452399720      -0.0137560898633896
2.0943951023931948     12.9175266794311199      0.0187400373814996      -0.0137512947660731
2.0943951023931948     13.0429395598139468      0.0184938713790458      -0.0137466441863158
2.0943951023931948     13.1683524401967738      0.0182519169618631      -0.0137421315704442
2.0943951023931948     13.2937653205796007      0.0180140476287708      -0.0137377510862492
2.0943951023931948     13.4191782009624276      0.0177801424839919      -0.0137334977979589
2.0943951023931948     13.5445910813452546      0.0175500846943537      -0.0137293664244054
2.0943951023931948     13.6700039617280815      0.0173237620773806      -0.0137253529098160
2.0943951023931948     13.7954168421109085      0.0171010668779346      -0.0137214530955802
2.0943951023931948     13.9208297224937354      0.0168818957575830      -0.0137176630819216
2.0943951023931948     14.0462426028765623      0.0166661489016628      -0.0137139786638648
2.0943951023931948     14.1716554832593893      0.0164537303098322      -0.0137103959951854
2.0943951023931948     14.2970683636422162      0.0162445472430835      -0.0137069110239905
2.0943951023931948     14.4224812440250432      0.0160385099966316      -0.0137035199062911
2.0943951023931948     14.5478941244078701      0.0158355319013139      -0.0137002192513553
2.0943951023931948     14.6733070047906971      0.0156355293136123      -0.0136970056289103
2.0943951023931948     14.7987198851735240      0.0154384212252262      -0.0136938763102840
2.0943951023931948     14.9241327655563509      0.0152441298316396      -0.0136908287518086
2.0943951023931948     15.0495456459391779      0.0150525800335941      -0.0136878606675272
2.0943951023931948     15.1749585263220048      0.0148636995795818      -0.0136849697153788
2.0943951023931948     15.3003714067048318      0.0146774186261069      -0.0136821536642176
2.0943951023931948     15.4257842870876587      0.0144936700510967      -0.0136794102346236
2.0943951023931948     15.5511971674704856      0.0143123887959306      -0.0136767366483436
2.0943951023931948     15.6766100478533126      0.0141335115002225      -0.0136741303241066
    
2.4434609527920612     0.0000000000000000      -0.8130948442012067      -0.7457104284752631
2.4434609527920612     0.1254128803828261      -0.2110444874122660      -1.2905647541319283
2.4434609527920612     0.2508257607656522      0.2493308293245857      -0.9042681105883016
2.4434609527920612     0.3762386411484783      0.3127324292732800      -0.6566181591285676
2.4434609527920612     0.5016515215313043      0.3466165288712694      -0.5975712505071236
2.4434609527920612     0.6270644019141304      0.4048486205795731      -0.4090623739721677
2.4434609527920612     0.7524772822969564      0.3480247772634417      -0.2894394557950560
2.4434609527920612     0.8778901626797825      0.2532501712077261      -0.2342436023265908
2.4434609527920612     1.0033030430626086      0.1996363376641592      -0.2758687740124440
2.4434609527920612     1.1287159234454347      0.2294124189783229      -0.3509321083940922
2.4434609527920612     1.2541288038282608      0.3858930634763869      -0.3017776196213745
2.4434609527920612     1.3795416842110868      0.3768998816784225      -0.1534829517135538
2.4434609527920612     1.5049545645939129      0.3194901467027284      -0.0939417093252547
2.4434609527920612     1.6303674449767389      0.2745900449940520      -0.0678070292498968
2.4434609527920612     1.7557803253595650      0.2437762314359057      -0.0562522217909232
2.4434609527920612     1.8811932057423910      0.2203378187870037      -0.0463096933785575
2.4434609527920612     2.0066060861252173      0.2001905671912611      -0.0400994425939747
2.4434609527920612     2.1320189665080433      0.1850047034153336      -0.0359184119976264
2.4434609527920612     2.2574318468908694      0.1713038952125615      -0.0312622027154880
2.4434609527920612     2.3828447272736955      0.1590602222964097      -0.0283020235754162
2.4434609527920612     2.5082576076565215      0.1483992505561995      -0.0260408145447933
2.4434609527920612     2.6336704880393476      0.1390785129370670      -0.0244158176051813
2.4434609527920612     2.7590833684221736      0.1308778858155532      -0.0231735422743443
2.4434609527920612     2.8844962488049997      0.1236372592948642      -0.0222039251894322
2.4434609527920612     3.0099091291878257      0.1171858423620668      -0.0214124317981342
2.4434609527920612     3.1353220095706518      0.1113921856321232      -0.0207542619883793
2.4434609527920612     3.2607348899534778      0.1061579091350902      -0.0201998117877524
2.4434609527920612     3.3861477703363039      0.1014014953860780      -0.0197255916873214
2.4434609527920612     3.5115606507191299      0.0970578576243641      -0.0193160386600122
2.4434609527920612     3.6369735311019560      0.0930733945680222      -0.0189590084457331
2.4434609527920612     3.7623864114847820      0.0894036175755183      -0.0186454005379415
2.4434609527920612     3.8877992918676081      0.0860113474277151      -0.0183681547569147
2.4434609527920612     4.0132121722504346      0.0828652275797136      -0.0181216649338235
2.4434609527920612     4.1386250526332606      0.0799385782601794      -0.0179014237648484
2.4434609527920612     4.2640379330160867      0.0772085469963130      -0.0177037354069031
2.4434609527920612     4.3894508133989127      0.0746553955002170      -0.0175255629116436
2.4434609527920612     4.5148636937817388      0.0722620259060533      -0.0173643820208814
2.4434609527920612     4.6402765741645648      0.0700134986526049      -0.0172180459234519
2.4434609527920612     4.7656894545473909      0.0678967030222789      -0.0170847558001601
2.4434609527920612     4.8911023349302170      0.0659000924269197      -0.0169629786242530
2.4434609527920612     5.0165152153130430      0.0640134398180602      -0.0168514028102194
2.4434609527920612     5.1419280956958691      0.0622276700726394      -0.0167489060475756
2.4434609527920612     5.2673409760786951      0.0605346769848422      -0.0166545080313443
2.4434609527920612     5.3927538564615212      0.0589272179010371      -0.0165673778290608
2.4434609527920612     5.5181667368443472      0.0573987932953533      -0.0164867758438001
2.4434609527920612     5.6435796172271733      0.0559435462832119      -0.0164120640444534
2.4434609527920612     5.7689924976099993      0.0545561996052879      -0.0163426805937466
2.4434609527920612     5.8944053779928254      0.0532319713576656      -0.0162781241228182
2.4434609527920612     6.0198182583756514      0.0519665219440277      -0.0162179524018172
2.4434609527920612     6.1452311387584775      0.0507559007148445      -0.0161617729456628
2.4434609527920612     6.2706440191413035      0.0495965071316057      -0.0161092375595566
2.4434609527920612     6.3960568995241296      0.0484850481966548      -0.0160600335042582
2.4434609527920612     6.5214697799069556      0.0474185106290593      -0.0160138881706375
2.4434609527920612     6.6468826602897817      0.0463941346493621      -0.0159705498042378
2.4434609527920612     6.7722955406726077      0.0454093765578646      -0.0159297905940956
2.4434609527920612     6.8977084210554338      0.0444618960204389      -0.0158914120241697
2.4434609527920612     7.0231213014382599      0.0435495370717093      -0.0158552264360998
2.4434609527920612     7.1485341818210859      0.0426702989534177      -0.0158210688304243
2.4434609527920612     7.2739470622039120      0.0418223382480599      -0.0157887923943125
2.4434609527920612     7.3993599425867380      0.0410039440421249      -0.0157582581425267
2.4434609527920612     7.5247728229695641      0.0402135263707938      -0.0157293432952777
2.4434609527920612     7.6501857033523901      0.0394496097535643      -0.0157019345121715
2.4434609527920612     7.7755985837352162      0.0387108181177119      -0.0156759304465871
2.4434609527920612     7.9010114641180422      0.0379958743356780      -0.0156512385635759
2.4434609527920612     8.0264243445008692      0.0373035840171480      -0.0156277716054153
2.4434609527920612     8.1518372248836961      0.0366328340207035      -0.0156054500927155
2.4434609527920612     8.2772501052665231      0.0359825798273865      -0.0155841988780598
2.4434609527920612     8.4026629856493500      0.0353518458559800      -0.0155639505689936
2.4434609527920612     8.5280758660321769      0.0347397144256884      -0.0155446393039426
2.4434609527920612     8.6534887464150039      0.0341453234376335      -0.0155262098666204
2.4434609527920612     8.7789016267978308      0.0335678662700225      -0.0155086088150991
2.4434609527920612     8.9043145071806578      0.0330065826409640      -0.0154917882319347
2.4434609527920612     9.0297273875634847      0.0324607597302000      -0.0154757022964329
2.4434609527920612     9.1551402679463116      0.0319297232681547      -0.0154603077221953
2.4434609527920612     9.2805531483291386      0.0314128380495852      -0.0154455661974813
2.4434609527920612     9.4059660287119655      0.0309095056908112      -0.0154314410568343
2.4434609527920612     9.5313789090947925      0.0304191599654410      -0.0154178984790632
2.4434609527920612     9.6567917894776194      0.0299412662537997      -0.0154049068169725
2.4434609527920612     9.7822046698604463      0.0294753185851422      -0.0153924370891192
2.4434609527920612     9.9076175502432733      0.0290208387525504      -0.0153804614264204
2.4434609527920612     10.0330304306261002      0.0285773723924283      -0.0153689533496291
2.4434609527920612     10.1584433110089272      0.0281444880191347      -0.0153578891930179
2.4434609527920612     10.2838561913917541      0.0277217775716240      -0.0153472485417851
2.4434609527920612     10.4092690717745811      0.0273088554759289      -0.0153370101922757
2.4434609527920612     10.5346819521574080      0.0269053533534589      -0.0153271535833099
2.4434609527920612     10.6600948325402349      0.0265109217593709      -0.0153176605884336
2.4434609527920612     10.7855077129230619      0.0261252284914655      -0.0153085126711277
2.4434609527920612     10.9109205933058888      0.0257479561479974      -0.0152996922223652
2.4434609527920612     11.0363334736887158      0.0253788015837484      -0.0152911835066687
2.4434609527920612     11.1617463540715427      0.0250174769050632      -0.0152829723287144
2.4434609527920612     11.2871592344543696      0.0246637071818964      -0.0152750444347175
2.4434609527920612     11.4125721148371966      0.0243172296239866      -0.0152673873471135
2.4434609527920612     11.5379849952200235      0.0239777942893259      -0.0152599893801900
2.4434609527920612     11.6633978756028505      0.0236451617292952      -0.0152528391799946
2.4434609527920612     11.7888107559856774      0.0233191041481332      -0.0152459269650664
2.4434609527920612     11.9142236363685043      0.0229994035632199      -0.0152392420295991
2.4434609527920612     12.0396365167513313      0.0226858515524648      -0.0152327754504879
2.4434609527920612     12.1650493971341582      0.0223782491922064      -0.0152265167665602
2.4434609527920612     12.2904622775169852      0.0220764040492980      -0.0152204568419040
2.4434609527920612     12.4158751578998121      0.0217801327057375      -0.0152145871845383
2.4434609527920612     12.5412880382826391      0.0214892583953234      -0.0152089000921570
2.4434609527920612     12.6667009186654660      0.0212036127429904      -0.0152033885552995
2.4434609527920612     12.7921137990482929      0.0209230336557114      -0.0151980456274112
2.4434609527920612     12.9175266794311199      0.0206473663383977      -0.0151928649999571
2.4434609527920612     13.0429395598139468      0.0203764618617808      -0.0151878396870479
2.4434609527920612     13.1683524401967738      0.0201101766185056      -0.0151829637318225
2.4434609527920612     13.2937653205796007      0.0198483733485149      -0.0151782311226191
2.4434609527920612     13.4191782009624276      0.0195909190150355      -0.0151736358403984
2.4434609527920612     13.5445910813452546      0.0193376861496492      -0.0151691729550541
2.4434609527920612     13.6700039617280815      0.0190885518099388      -0.0151648372552373
2.4434609527920612     13.7954168421109085      0.0188433979040342      -0.0151606243539745
2.4434609527920612     13.9208297224937354      0.0186021104381481      -0.0151565296162688
2.4434609527920612     14.0462426028765623      0.0183645798467482      -0.0151525496497768
2.4434609527920612     14.1716554832593893      0.0181307012605306      -0.0151486804127942
2.4434609527920612     14.2970683636422162      0.0179003732786460      -0.0151449180088078
2.4434609527920612     14.4224812440250432      0.0176734981752156      -0.0151412583102624
2.4434609527920612     14.5478941244078701      0.0174499812095625      -0.0151376974874479
2.4434609527920612     14.6733070047906971      0.0172297310651887      -0.0151342319155223
2.4434609527920612     14.7987198851735240      0.0170126593775724      -0.0151308581508849
2.4434609527920612     14.9241327655563509      0.0167986807592027      -0.0151275730911775
2.4434609527920612     15.0495456459391779      0.0165877128793572      -0.0151243740136784
2.4434609527920612     15.1749585263220048      0.0163796764598583      -0.0151212581763604
2.4434609527920612     15.3003714067048318      0.0161744949657692      -0.0151182227917454
2.4434609527920612     15.4257842870876587      0.0159720940869935      -0.0151152647725871
2.4434609527920612     15.5511971674704856      0.0157724015878183      -0.0151123816285994
2.4434609527920612     15.6766100478533126      0.0155753478804385      -0.0151095711217189
    
2.7925268031909276     0.0000000000000000      -0.8546441769936262      -0.8048831444898948
2.7925268031909276     0.1254128803828261      -0.1810941887495457      -1.3892391853035031
2.7925268031909276     0.2508257607656522      0.3257088337434913      -0.9281805173197176
2.7925268031909276     0.3762386411484783      0.3661707026915804      -0.6331110216682243
2.7925268031909276     0.5016515215313043      0.3525585605777922      -0.5418993583230711
2.7925268031909276     0.6270644019141304      0.3667319045878634      -0.3800434075226032
2.7925268031909276     0.7524772822969564      0.2742134051547327      -0.2950009516384039
2.7925268031909276     0.8778901626797825      0.2065698041266671      -0.3372365361587988
2.7925268031909276     1.0033030430626086      0.2696614978510984      -0.3376478025020815
2.7925268031909276     1.1287159234454347      0.2638951601780133      -0.3528233685435679
2.7925268031909276     1.2541288038282608      0.4078200973692833      -0.3065959875501004
2.7925268031909276     1.3795416842110868      0.3938777564981600      -0.1571811758522661
2.7925268031909276     1.5049545645939129      0.3337029522487631      -0.0970410064037519
2.7925268031909276     1.6303674449767389      0.2868829689377498      -0.0704892664831258
2.7925268031909276     1.7557803253595650      0.2548937269919973      -0.0586132668448188
2.7925268031909276     1.8811932057423910      0.2303494840216794      -0.0481248456251541
2.7925268031909276     2.0066060861252173      0.2091783153607233      -0.0417061706401650
2.7925268031909276     2.1320189665080433      0.1932860319653477      -0.0373449592947287
2.7925268031909276     2.2574318468908694      0.1788085764488340      -0.0325427436470102
2.7925268031909276     2.3828447272736955      0.1660748158756722      -0.0296010468424675
2.7925268031909276     2.5082576076565215      0.1550095221451678      -0.0272194834664576
2.7925268031909276     2.6336704880393476      0.1452750566732131      -0.0254931898106483
2.7925268031909276     2.7590833684221736      0.1366990840075057      -0.0241850014224102
2.7925268031909276     2.8844962488049997      0.1291265805375638      -0.0231666930157712
2.7925268031909276     3.0099091291878257      0.1223789359719099      -0.0223388149808629
2.7925268031909276     3.1353220095706518      0.1163221156926059      -0.0216528452313204
2.7925268031909276     3.2607348899534778      0.1108516736964203      -0.0210742281116483
2.7925268031909276     3.3861477703363039      0.1058810663684744      -0.0205791273168808
2.7925268031909276     3.5115606507191299      0.1013421393587622      -0.0201514900254052
2.7925268031909276     3.6369735311019560      0.0971787861888727      -0.0197787177612136
2.7925268031909276     3.7623864114847820      0.0933444788601462      -0.0194513324893259
2.7925268031909276     3.8877992918676081      0.0898003308253525      -0.0191619674354994
2.7925268031909276     4.0132121722504346      0.0865135587293272      -0.0189047651224260
2.7925268031909276     4.1386250526332606      0.0834562533858533      -0.0186749865059490
2.7925268031909276     4.2640379330160867      0.0806044979439128      -0.0184687776782560
2.7925268031909276     4.3894508133989127      0.0779376714075965      -0.0182829463997704
2.7925268031909276     4.5148636937817388      0.0754378510858784      -0.0181148342026862
2.7925268031909276     4.6402765741645648      0.0730894139409929      -0.0179622200162907
2.7925268031909276     4.7656894545473909      0.0708786463401619      -0.0178232202632187
2.7925268031909276     4.8911023349302170      0.0687934696777502      -0.0176962348057793
2.7925268031909276     5.0165152153130430      0.0668231947784463      -0.0175798982994499
2.7925268031909276     5.1419280956958691      0.0649583215670077      -0.0174730338366387
2.7925268031909276     5.2673409760786951      0.0631903886244402      -0.0173746368977063
2.7925268031909276     5.3927538564615212      0.0615118266798917      -0.0172838217843473
2.7925268031909276     5.5181667368443472      0.0599158353946503      -0.0171998232847453
2.7925268031909276     5.6435796172271733      0.0583963041456901      -0.0171219698795106
2.7925268031909276     5.7689924976099993      0.0569477050707762      -0.0170496688500204
2.7925268031909276     5.8944053779928254      0.0555650430691313      -0.0169824008191583
2.7925268031909276     6.0198182583756514      0.0542437761995464      -0.0169197031038312
2.7925268031909276     6.1452311387584775      0.0529797785353412      -0.0168611699978868
2.7925268031909276     6.2706440191413035      0.0517692874771058      -0.0168064386142410
2.7925268031909276     6.3960568995241296      0.0506088645781174      -0.0167551827567457
2.7925268031909276     6.5214697799069556      0.0494953612494424      -0.0167071126792810
2.7925268031909276     6.6468826602897817      0.0484258849481333      -0.0166619671710018
2.7925268031909276     6.7722955406726077      0.0473977843259516      -0.0166195191597615
2.7925268031909276     6.8977084210554338      0.0464086171742052      -0.0165795499260470
2.7925268031909276     7.0231213014382599      0.0454561241489285      -0.0165418737144626
2.7925268031909276     7.1485341818210859      0.0445382273063431      -0.0165063141310242
2.7925268031909276     7.2739470622039120      0.0436529939154504      -0.0164727129185807
2.7925268031909276     7.3993599425867380      0.0427986352587561      -0.0164409284008630
2.7925268031909276     7.5247728229695641      0.0419734921794398      -0.0164108337025160
2.7925268031909276     7.6501857033523901      0.0411760252554936      -0.0163823112981686
2.7925268031909276     7.7755985837352162      0.0404047997475197      -0.0163552510801458
2.7925268031909276     7.9010114641180422      0.0396584769549493      -0.0163295548332066
2.7925268031909276     8.0264243445008692      0.0389358108863381      -0.0163051315060221
2.7925268031909276     8.1518372248836961      0.0382356336106253      -0.0162818973259957
2.7925268031909276     8.2772501052665231      0.0375568550065509      -0.0162597758874101
2.7925268031909276     8.4026629856493500      0.0368984515912818      -0.0162386985229197
2.7925268031909276     8.5280758660321769      0.0362594695899346      -0.0162186028933502
2.7925268031909276     8.6534887464150039      0.0356390122717039      -0.0161994265528842
2.7925268031909276     8.7789016267978308      0.0350362349385772      -0.0161811143410430
2.7925268031909276     8.9043145071806578      0.0344503450354139      -0.0161636147597416
2.7925268031909276     9.0297273875634847      0.0338805954019103      -0.0161468809545590
2.7925268031909276     9.1551402679463116      0.0333262841866889      -0.0161308690549620
2.7925268031909276     9.2805531483291386      0.0327867485242585      -0.0161155374336971
2.7925268031909276     9.4059660287119655      0.0322613624378262      -0.0161008480692301
2.7925268031909276     9.5313789090947925      0.0317495355837528      -0.0160867656274593
2.7925268031909276     9.6567917894776194      0.0312507085544332      -0.0160732564025632
2.7925268031909276     9.7822046698604463      0.0307643527269592      -0.0160602907786471
2.7925268031909276     9.9076175502432733      0.0302899680521998      -0.0160478408212735
2.7925268031909276     10.0330304306261002      0.0298270820272647      -0.0160358806616003
2.7925268031909276     10.1584433110089272      0.0293752469662016      -0.0160243846265688
2.7925268031909276     10.2838561913917541      0.0289340372298979      -0.0160133269473844
2.7925268031909276     10.4092690717745811      0.0285030460793926      -0.0160026849735664
2.7925268031909276     10.5346819521574080      0.0280818893265340      -0.0159924385394199
2.7925268031909276     10.6600948325402349      0.0276702002493691      -0.0159825677604527
2.7925268031909276     10.7855077129230619      0.0272676307133882      -0.0159730550773086
2.7925268031909276     10.9109205933058888      0.0268738494051769      -0.0159638841652508
2.7925268031909276     11.0363334736887158      0.0264885416773168      -0.0159550390535149
2.7925268031909276     11.1617463540715427      0.0261114067688777      -0.0159465048538119
2.7925268031909276     11.2871592344543696      0.0257421588028472      -0.0159382672329244
2.7925268031909276     11.4125721148371966      0.0253805241326862      -0.0159303123343815
2.7925268031909276     11.5379849952200235      0.0250262414698648      -0.0159226276294026
2.7925268031909276     11.6633978756028505      0.0246790624221005      -0.0159152009238431
2.7925268031909276     11.7888107559856774      0.0243387474464257      -0.0159080193965586
2.7925268031909276     11.9142236363685043      0.0240050677548379      -0.0159010734547972
2.7925268031909276     12.0396365167513313      0.0236778048928087      -0.0158943529831875
2.7925268031909276     12.1650493971341582      0.0233567500682150      -0.0158878499469882
2.7925268031909276     12.2904622775169852      0.0230417045123571      -0.0158815553019880
2.7925268031909276     12.4158751578998121      0.0227324769944949      -0.0158754605741573
2.7925268031909276     12.5412880382826391      0.0224288850675441      -0.0158695573004760
2.7925268031909276     12.6667009186654660      0.0221307527361767      -0.0158638362744699
2.7925268031909276     12.7921137990482929      0.0218379103909318      -0.0158582894607646
2.7925268031909276     12.9175266794311199      0.0215501947931179      -0.0158529096128154
2.7925268031909276     13.0429395598139468      0.0212674496292195      -0.0158476909192057
2.7925268031909276     13.1683524401967738      0.0209895254879738      -0.0158426272405207
2.7925268031909276     13.2937653205796007      0.0207162781871004      -0.0158377127965773
2.7925268031909276     13.4191782009624276      0.0204475698272815      -0.0158329424200494
2.7925268031909276     13.5445910813452546      0.0201832675595213      -0.0158283104967719
2.7925268031909276     13.6700039617280815      0.0199232434969815      -0.0158238121712023
2.7925268031909276     13.7954168421109085      0.0196673746947395      -0.0158194422364170
2.7925268031909276     13.9208297224937354      0.0194155426712889      -0.0158151963697264
2.7925268031909276     14.0462426028765623      0.0191676336901377      -0.0158110691657801
2.7925268031909276     14.1716554832593893      0.0189235366294708      -0.0158070563496907
2.7925268031909276     14.2970683636422162      0.0186831455272217      -0.0158031541586429
2.7925268031909276     14.4224812440250432      0.0184463577783179      -0.0157993587283593
2.7925268031909276     14.5478941244078701      0.0182130747924463      -0.0157956667475876
2.7925268031909276     14.6733070047906971      0.0179832017435716      -0.0157920748052062
2.7925268031909276     14.7987198851735240      0.0177566471374215      -0.0157885792055664
2.7925268031909276     14.9241327655563509      0.0175333223616222      -0.0157851758901438
2.7925268031909276     15.0495456459391779      0.0173131408757662      -0.0157818612277265
2.7925268031909276     15.1749585263220048      0.0170960194466613      -0.0157786323963091
2.7925268031909276     15.3003714067048318      0.0168818774770507      -0.0157754865627505
2.7925268031909276     15.4257842870876587      0.0166706374364353      -0.0157724214677663
2.7925268031909276     15.5511971674704856      0.0164622244433851      -0.0157694346835916
2.7925268031909276     15.6766100478533126      0.0162565665005355      -0.0157665237245440
    
3.1415926535897931     0.0000000000000000      -0.8482992282470392      -0.8144920693806746
3.1415926535897931     0.1254128803828261      -0.1424221742055473      -1.3988672096400379
3.1415926535897931     0.2508257607656522      0.3712039769334284      -0.8771054794493258
3.1415926535897931     0.3762386411484783      0.3577880851149048      -0.5650419457847329
3.1415926535897931     0.5016515215313043      0.3014306710091570      -0.4744132994976775
3.1415926535897931     0.6270644019141304      0.2787347099042364      -0.3577629977512931
3.1415926535897931     0.7524772822969564      0.1674886351769635      -0.3252670451342094
3.1415926535897931     0.8778901626797825      0.1441853480392122      -0.4755194831257932
3.1415926535897931     1.0033030430626086      0.3619548440199168      -0.4329022828113778
3.1415926535897931     1.1287159234454347      0.3453389102437338      -0.3332933163245487
3.1415926535897931     1.2541288038282608      0.4187694401435208      -0.2742290985724177
3.1415926535897931     1.3795416842110868      0.3926152075487341      -0.1470851306685359
3.1415926535897931     1.5049545645939129      0.3332982688625427      -0.0938953404245711
3.1415926535897931     1.6303674449767389      0.2872975899902420      -0.0695522847899636
3.1415926535897931     1.7557803253595650      0.2559070460587893      -0.0584688027354235
3.1415926535897931     1.8811932057423910      0.2315601802580190      -0.0480261381245218
3.1415926535897931     2.0066060861252173      0.2102083764729013      -0.0416350108800587
3.1415926535897931     2.1320189665080433      0.1942474798951731      -0.0374176205327311
3.1415926535897931     2.2574318468908694      0.1797066213385097      -0.0326388794184018
3.1415926535897931     2.3828447272736955      0.1669274868572692      -0.0297432851466491
3.1415926535897931     2.5082576076565215      0.1558355949808552      -0.0273330254316785
3.1415926535897931     2.6336704880393476      0.1460313949609111      -0.0255804669610585
3.1415926535897931     2.7590833684221736      0.1373938348060749      -0.0242623552652046
3.1415926535897931     2.8844962488049997      0.1297652898917580      -0.0232341868588772
3.1415926535897931     3.0099091291878257      0.1229676532460103      -0.0224007513474708
3.1415926535897931     3.1353220095706518      0.1168673481642314      -0.0217103871678245
3.1415926535897931     3.2607348899534778      0.1113584228638239      -0.0211277815062399
3.1415926535897931     3.3861477703363039      0.1063534609638382      -0.0206291097004820
3.1415926535897931     3.5115606507191299      0.1017836967955943      -0.0201983159391730
3.1415926535897931     3.6369735311019560      0.0975925957527925      -0.0198227564909174
3.1415926535897931     3.7623864114847820      0.0937332149502383      -0.0194929081741309
3.1415926535897931     3.8877992918676081      0.0901663613986115      -0.0192013674149554
3.1415926535897931     4.0132121722504346      0.0868589396171608      -0.0189422354284425
3.1415926535897931     4.1386250526332606      0.0837828296168679      -0.0187107504576530
3.1415926535897931     4.2640379330160867      0.0809138919737064      -0.0185029975567349
3.1415926535897931     4.3894508133989127      0.0782312910900441      -0.0183157820284737
3.1415926535897931     4.5148636937817388      0.0757169749507112      -0.0181464320313693
3.1415926535897931     4.6402765741645648      0.0733551609145963      -0.0179927056146553
3.1415926535897931     4.7656894545473909      0.0711320272371195      -0.0178527173750237
3.1415926535897931     4.8911023349302170      0.0690353962444842      -0.0177248638025733
3.1415926535897931     5.0165152153130430      0.0670544935345167      -0.0176077651819520
3.1415926535897931     5.1419280956958691      0.0651797595612828      -0.0175002432964096
3.1415926535897931     5.2673409760786951      0.0634026627205278      -0.0174012548349580
3.1415926535897931     5.3927538564615212      0.0617155613671924      -0.0173099142793796
3.1415926535897931     5.5181667368443472      0.0601116143408926      -0.0172254405476219
3.1415926535897931     5.6435796172271733      0.0585846406126682      -0.0171471480788843
3.1415926535897931     5.7689924976099993      0.0571290749370542      -0.0170744426045354
3.1415926535897931     5.8944053779928254      0.0557398645062964      -0.0170067986147458
3.1415926535897931     6.0198182583756514      0.0544124444200272      -0.0169437625489507
3.1415926535897931     6.1452311387584775      0.0531426530324060      -0.0168849164223551
3.1415926535897931     6.2706440191413035      0.0519266974141171      -0.0168298996968262
3.1415926535897931     6.3960568995241296      0.0507611195870273      -0.0167783865170305
3.1415926535897931     6.5214697799069556      0.0496427454120085      -0.0167300786464027
3.1415926535897931     6.6468826602897817      0.0485686695352126      -0.0166847169147321
3.1415926535897931     6.7722955406726077      0.0475362129935668      -0.0166420535714332
3.1415926535897931     6.8977084210554338      0.0465429064460649      -0.0166018850766395
3.1415926535897931     7.0231213014382599      0.0455864809677573      -0.0165640156916130
3.1415926535897931     7.1485341818210859      0.0446648331157083      -0.0165282802789092
3.1415926535897931     7.2739470622039120      0.0437760276430084      -0.0164945207484934
3.1415926535897931     7.3993599425867380      0.0429182664199448      -0.0164625972176262
3.1415926535897931     7.5247728229695641      0.0420898838510660      -0.0164323743823904
3.1415926535897931     7.6501857033523901      0.0412893249081006      -0.0164037324862763
3.1415926535897931     7.7755985837352162      0.0405151470796805      -0.0163765629896105
3.1415926535897931     7.9010114641180422      0.0397660040253482      -0.0163507647818659
3.1415926535897931     8.0264243445008692      0.0390406382298269      -0.0163262463162786
3.1415926535897931     8.1518372248836961      0.0383378763528499      -0.0163029246142324
3.1415926535897931     8.2772501052665231      0.0376566221447931      -0.0162807239999165
3.1415926535897931     8.4026629856493500      0.0369958492700323      -0.0162595707126344
3.1415926535897931     8.5280758660321769      0.0363545909025907      -0.0162394001300661
3.1415926535897931     8.6534887464150039      0.0357319441557126      -0.0162201553783753
3.1415926535897931     8.7789016267978308      0.0351270632376542      -0.0162017815102533
3.1415926535897931     8.9043145071806578      0.0345391514982092      -0.0161842255556480
3.1415926535897931     9.0297273875634847      0.0339674587161611      -0.0161674389658272
3.1415926535897931     9.1551402679463116      0.0334112771059325      -0.0161513760006722
3.1415926535897931     9.2805531483291386      0.0328699388128978      -0.0161359960979278
3.1415926535897931     9.4059660287119655      0.0323428153319398      -0.0161212608972824
3.1415926535897931     9.5313789090947925      0.0318293107628811      -0.0161071348361720
3.1415926535897931     9.6567917894776194      0.0313288651658255      -0.0160935871433431
3.1415926535897931     9.7822046698604463      0.0308409483829842      -0.0160805855899055
3.1415926535897931     9.9076175502432733      0.0303650584028946      -0.0160681002870499
3.1415926535897931     10.0330304306261002      0.0299007169415571      -0.0160561027347619
3.1415926535897931     10.1584433110089272      0.0294474715376800      -0.0160445687337339
3.1415926535897931     10.2838561913917541      0.0290048931952683      -0.0160334758495589
3.1415926535897931     10.4092690717745811      0.0285725766920205      -0.0160228021338332
3.1415926535897931     10.5346819521574080      0.0281501343154111      -0.0160125263326379
3.1415926535897931     10.6600948325402349      0.0277371996159443      -0.0160026296639558
3.1415926535897931     10.7855077129230619      0.0273334227895955      -0.0159930935411033
3.1415926535897931     10.9109205933058888      0.0269384712125661      -0.0159839006674724
3.1415926535897931     11.0363334736887158      0.0265520276856577      -0.0159750352940175
3.1415926535897931     11.1617463540715427      0.0261737905262346      -0.0159664821271343
3.1415926535897931     11.2871592344543696      0.0258034717311038      -0.0159582274513648
3.1415926535897931     11.4125721148371966      0.0254407977614913      -0.0159502574581317
3.1415926535897931     11.5379849952200235      0.0250855062232606      -0.0159425579384176
3.1415926535897931     11.6633978756028505      0.0247373447617677      -0.0159351169726942
3.1415926535897931     11.7888107559856774      0.0243960749153728      -0.0159279245711254
3.1415926535897931     11.9142236363685043      0.0240614682499724      -0.0159209686960008
3.1415926535897931     12.0396365167513313      0.0237333055398111      -0.0159142389808795
3.1415926535897931     12.1650493971341582      0.0234113765558766      -0.0159077246735816
3.1415926535897931     12.2904622775169852      0.0230954794465394      -0.0159014170725518
3.1415926535897931     12.4158751578998121      0.0227854216764579      -0.0158953075806240
3.1415926535897931     12.5412880382826391      0.0224810179045494      -0.0158893879686663
3.1415926535897931     12.6667009186654660      0.0221820906772627      -0.0158836519218545
3.1415926535897931     12.7921137990482929      0.0218884711339180      -0.0158780930456986
3.1415926535897931     12.9175266794311199      0.0215999976747100      -0.0158727044146610
3.1415926535897931     13.0429395598139468      0.0213165143604522      -0.0158674781566264
3.1415926535897931     13.1683524401967738      0.0210378702394638      -0.0158624077195481
3.1415926535897931     13.2937653205796007      0.0207639210412415      -0.0158574872906992
3.1415926535897931     13.4191782009624276      0.0204945278444954      -0.0158527108732154
3.1415926535897931     13.5445910813452546      0.0202295570444403      -0.0158480731786927
3.1415926535897931     13.6700039617280815      0.0199688803985295      -0.0158435687467410
3.1415926535897931     13.7954168421109085      0.0197123741736671      -0.0158391927341497
3.1415926535897931     13.9208297224937354      0.0194599194526167      -0.0158349395988369
3.1415926535897931     14.0462426028765623      0.0192114006639313      -0.0158308051325328
3.1415926535897931     14.1716554832593893      0.0189667078108943      -0.0158267846956784
3.1415926535897931     14.2970683636422162      0.0187257332521481      -0.0158228738420151
3.1415926535897931     14.4224812440250432      0.0184883741450767      -0.0158190693884668
3.1415926535897931     14.5478941244078701      0.0182545313689299      -0.0158153672559607
3.1415926535897931     14.6733070047906971      0.0180241084781015      -0.0158117640060604
3.1415926535897931     14.7987198851735240      0.0177970128554792      -0.0158082568809874
3.1415926535897931     14.9241327655563509      0.0175731553677801      -0.0158048436975708
3.1415926535897931     15.0495456459391779      0.0173524512779905      -0.0158015215304990
3.1415926535897931     15.1749585263220048      0.0171348174327504      -0.0157982866984740
3.1415926535897931     15.3003714067048318      0.0169201736562554      -0.0157951361593409
3.1415926535897931     15.4257842870876587      0.0167084418634526      -0.0157920667718886
3.1415926535897931     15.5511971674704856      0.0164995469980802      -0.0157890757350236
3.1415926535897931     15.6766100478533126      0.0162934153910651      -0.0157861602172064
    
