-3.1415926535897931     0.0000000000000000      -0.0031560533233956      -0.0068729608460096
-3.1415926535897931     0.1254128803828261      -0.0032056300284470      -0.0068686108009715
-3.1415926535897931     0.2508257607656522      -0.0032575111692677      -0.0068645743036958
-3.1415926535897931     0.3762386411484783      -0.0033103739937653      -0.0068609104762661
-3.1415926535897931     0.5016515215313043      -0.0033641581507303      -0.0068573933858462
-3.1415926535897931     0.6270644019141304      -0.0034189421566247      -0.0068540009272009
-3.1415926535897931     0.7524772822969564      -0.0034749215668069      -0.0068510180349142
-3.1415926535897931     0.8778901626797825      -0.0035316130039458      -0.0068486877574192
-3.1415926535897931     1.0033030430626086      -0.0035890411230851      -0.0068467759479026
-3.1415926535897931     1.1287159234454347      -0.0036472187166664      -0.0068454258389908
-3.1415926535897931     1.2541288038282608      -0.0037060396090372      -0.0068447303887213
-3.1415926535897931     1.3795416842110868      -0.0037653813359691      -0.0068447386894146
-3.1415926535897931     1.5049545645939129      -0.0038251168337205      -0.0068454691448470
-3.1415926535897931     1.6303674449767389      -0.0038851194422557      -0.0068469138381627
-3.1415926535897931     1.7557803253595650      -0.0039452659041738      -0.0068490388952024
-3.1415926535897931     1.8811932057423910      -0.0040054419712173      -0.0068517856750921
-3.1415926535897931     2.0066060861252173      -0.0040655465929226      -0.0068550731868432
-3.1415926535897931     2.1320189665080433      -0.0041254958063873      -0.0068588007907895
-3.1415926535897931     2.2574318468908694      -0.0041852262328359      -0.0068628516561856
-3.1415926535897931     2.3828447272736955      -0.0042446978055627      -0.0068670968312570
-3.1415926535897931     2.5082576076565215      -0.0043038957622701      -0.0068713997218684
-3.1415926535897931     2.6336704880393476      -0.0043628317737825      -0.0068756209629514
-3.1415926535897931     2.7590833684221736      -0.0044215440785492      -0.0068796233641750
-3.1415926535897931     2.8844962488049997      -0.0044800967934846      -0.0068832768172184
-3.1415926535897931     3.0099091291878257      -0.0045385782482465      -0.0068864630869141
-3.1415926535897931     3.1353220095706518      -0.0045970984395084      -0.0068890801345215
-3.1415926535897931     3.2607348899534778      -0.0046557857609832      -0.0068910459766797
-3.1415926535897931     3.3861477703363039      -0.0047147829693228      -0.0068923018697691
-3.1415926535897931     3.5115606507191299      -0.0047742426503013      -0.0068928146506804
-3.1415926535897931     3.6369735311019560      -0.0048343223279180      -0.0068925782619435
-3.1415926535897931     3.7623864114847820      -0.0048951792463086      -0.0068916143243854
-3.1415926535897931     3.8877992918676081      -0.0049569651959697      -0.0068899716533326
-3.1415926535897931     4.0132121722504346      -0.0050198214705747      -0.0068877249087972
-3.1415926535897931     4.1386250526332606      -0.0050838741099405      -0.0068849722384205
-3.1415926535897931     4.2640379330160867      -0.0051492296714914      -0.0068818321734391
-3.1415926535897931     4.3894508133989127      -0.0052159713970848      -0.0068784394996179
-3.1415926535897931     4.5148636937817388      -0.0052841567559557      -0.0068749406325423
-3.1415926535897931     4.6402765741645648      -0.0053538153335411      -0.0068714886760487
-3.1415926535897931     4.7656894545473909      -0.0054249478867590      -0.0068682380118642
-3.1415926535897931     4.8911023349302170      -0.0054975260362130      -0.0068653386829167
-3.1415926535897931     5.0165152153130430      -0.0055714943740196      -0.0068629298745448
-3.1415926535897931     5.1419280956958691      -0.0056467726059696      -0.0068611375958319
-3.1415926535897931     5.2673409760786951      -0.0057232564550720      -0.0068600672764103
-3.1415926535897931     5.3927538564615212      -0.0058008241302864      -0.0068597997812576
-3.1415926535897931     5.5181667368443472      -0.0058793407457140      -0.0068603888896536
-3.1415926535897931     5.6435796172271733      -0.0059586646193090      -0.0068618606152184
-3.1415926535897931     5.7689924976099993      -0.0060386447090095      -0.0068642119763288
-3.1415926535897931     5.8944053779928254      -0.0061191344172745      -0.0068674017603780
-3.1415926535897931     6.0198182583756514      -0.0061999948322499      -0.0068713578532260
-3.1415926535897931     6.1452311387584775      -0.0062811030908774      -0.0068759569293186
-3.1415926535897931     6.2706440191413035      -0.0063624294749539      -0.0068810857819922
-3.1415926535897931     6.3960568995241296      -0.0064438418441534      -0.0068866574104193
-3.1415926535897931     6.5214697799069556      -0.0065252893377173      -0.0068924660644460
-3.1415926535897931     6.6468826602897817      -0.0066067699095308      -0.0068983387134627
-3.1415926535897931     6.7722955406726077      -0.0066883050651104      -0.0069040972203639
-3.1415926535897931     6.8977084210554338      -0.0067699515179949      -0.0069095619465451
-3.1415926535897931     7.0231213014382599      -0.0068517954959895      -0.0069145613847396
-3.1415926535897931     7.1485341818210859      -0.0069339696508605      -0.0069189194107104
-3.1415926535897931     7.2739470622039120      -0.0070166416114950      -0.0069225150756486
-3.1415926535897931     7.3993599425867380      -0.0070999845992162      -0.0069252359908965
-3.1415926535897931     7.5247728229695641      -0.0071842027959590      -0.0069269971773464
-3.1415926535897931     7.6501857033523901      -0.0072695161468389      -0.0069277496277317
-3.1415926535897931     7.7755985837352162      -0.0073561518818939      -0.0069274777408939
-3.1415926535897931     7.9010114641180422      -0.0074443478912833      -0.0069262055036675
-3.1415926535897931     8.0264243445008692      -0.0075343257676427      -0.0069239926465152
-3.1415926535897931     8.1518372248836961      -0.0076263172473462      -0.0069209361979299
-3.1415926535897931     8.2772501052665231      -0.0077205173643647      -0.0069171799064786
-3.1415926535897931     8.4026629856493500      -0.0078170939872782      -0.0069128881474755
-3.1415926535897931     8.5280758660321769      -0.0079161902367874      -0.0069082350835589
-3.1415926535897931     8.6534887464150039      -0.0080179346209296      -0.0069034386775457
-3.1415926535897931     8.7789016267978308      -0.0081223894990392      -0.0068987276083698
-3.1415926535897931     8.9043145071806578      -0.0082295853098019      -0.0068943263020313
-3.1415926535897931     9.0297273875634847      -0.0083395133357424      -0.0068904590310169
-3.1415926535897931     9.1551402679463116      -0.0084521241255864      -0.0068873400590205
-3.1415926535897931     9.2805531483291386      -0.0085673300726638      -0.0068851652163147
-3.1415926535897931     9.4059660287119655      -0.0086850088754161      -0.0068841047753587
-3.1415926535897931     9.5313789090947925      -0.0088050084865917      -0.0068842961940322
-3.1415926535897931     9.6567917894776194      -0.0089271536789134      -0.0068858383839578
-3.1415926535897931     9.7822046698604463      -0.0090512533978799      -0.0068887871373310
-3.1415926535897931     9.9076175502432733      -0.0091771089478302      -0.0068931518252680
-3.1415926535897931     10.0330304306261002      -0.0093045228898445      -0.0068988936161588
-3.1415926535897931     10.1584433110089272      -0.0094333081952583      -0.0069059253901584
-3.1415926535897931     10.2838561913917541      -0.0095632974251384      -0.0069141132803935
-3.1415926535897931     10.4092690717745811      -0.0096943516349579      -0.0069232799015774
-3.1415926535897931     10.5346819521574080      -0.0098263687143434      -0.0069332092407365
-3.1415926535897931     10.6600948325402349      -0.0099592907588276      -0.0069436531024589
-3.1415926535897931     10.7855077129230619      -0.0100931102647682      -0.0069543388054480
-3.1415926535897931     10.9109205933058888      -0.0102278749786410      -0.0069649780844837
-3.1415926535897931     11.0363334736887158      -0.0103636909706058      -0.0069752768781460
-3.1415926535897931     11.1617463540715427      -0.0105007240053983      -0.0069849455416584
-3.1415926535897931     11.2871592344543696      -0.0106391990337199      -0.0069937094387400
-3.1415926535897931     11.4125721148371966      -0.0107793976280197      -0.0070013193143643
-3.1415926535897931     11.5379849952200235      -0.0109216536540316      -0.0070075611638968
-3.1415926535897931     11.6633978756028505      -0.0110663470348345      -0.0070122653734894
-3.1415926535897931     11.7888107559856774      -0.0112138958053277      -0.0070153145599884
-3.1415926535897931     11.9142236363685043      -0.0113647468158875      -0.0070166499774582
-3.1415926535897931     12.0396365167513313      -0.0115193651358109      -0.0070162761789855
-3.1415926535897931     12.1650493971341582      -0.0116782226651044      -0.0070142635893384
-3.1415926535897931     12.2904622775169852      -0.0118417862651605      -0.0070107490360771
-3.1415926535897931     12.4158751578998121      -0.0120105057147481      -0.0070059339597827
-3.1415926535897931     12.5412880382826391      -0.0121848020709240      -0.0070000803315821
-3.1415926535897931     12.6667009186654660      -0.0123650566997020      -0.0069935043949455
-3.1415926535897931     12.7921137990482929      -0.0125516014639035      -0.0069865681945496
-3.1415926535897931     12.9175266794311199      -0.0127447105155343      -0.0069796692471917
-3.1415926535897931     13.0429395598139468      -0.0129445939152109      -0.0069732285465105
-3.1415926535897931     13.1683524401967738      -0.0131513935406828      -0.0069676772079509
-3.1415926535897931     13.2937653205796007      -0.0133651814453355      -0.0069634422549572
-3.1415926535897931     13.4191782009624276      -0.0135859608379430      -0.0069609318417786
-3.1415926535897931     13.5445910813452546      -0.0138136699220288      -0.0069605204724748
-3.1415926535897931     13.6700039617280815      -0.0140481884604036      -0.0069625347274432
-3.1415926535897931     13.7954168421109085      -0.0142893471033726      -0.0069672398918244
-3.1415926535897931     13.9208297224937354      -0.0145369393287120      -0.0069748281192010
-3.1415926535897931     14.0462426028765623      -0.0147907356718460      -0.0069854084755617
-3.1415926535897931     14.1716554832593893      -0.0150505000388359      -0.0069989993166122
-3.1415926535897931     14.2970683636422162      -0.0153160076290377      -0.0070155234349476
-3.1415926535897931     14.4224812440250432      -0.0155870640157754      -0.0070348061659826
-3.1415926535897931     14.5478941244078701      -0.0158635249250702      -0.0070565767543001
-3.1415926535897931     14.6733070047906971      -0.0161453160431594      -0.0070804730893877
-3.1415926535897931     14.7987198851735240      -0.0164324523814174      -0.0071060497915621
-3.1415926535897931     14.9241327655563509      -0.0167250565404694      -0.0071327896310573
-3.1415926535897931     15.0495456459391779      -0.0170233753251327      -0.0071601180263459
-3.1415926535897931     15.1749585263220048      -0.0173277941826372      -0.0071874204129912
-3.1415926535897931     15.3003714067048318      -0.0176388488983358      -0.0072140620424147
-3.1415926535897931     15.4257842870876587      -0.0179572342030574      -0.0072394097041368
-3.1415926535897931     15.5511971674704856      -0.0182838088833817      -0.0072628548978504
-3.1415926535897931     15.6766100478533126      -0.0186195971374786      -0.0072838376745792
    
-2.8797932657906435     0.0000000000000000      -0.0007921255563350      -0.0075742034198404
-2.8797932657906435     0.1254128803828261      -0.0018131373825372      -0.0057817458952884
-2.8797932657906435     0.2508257607656522      -0.0028430100818742      -0.0058338803481771
-2.8797932657906435     0.3762386411484783      -0.0032912983754342      -0.0060932313652580
-2.8797932657906435     0.5016515215313043      -0.0035217227621512      -0.0063077083101739
-2.8797932657906435     0.6270644019141304      -0.0036600686718788      -0.0064755621114971
-2.8797932657906435     0.7524772822969564      -0.0037516334725893      -0.0066097687333990
-2.8797932657906435     0.8778901626797825      -0.0038150012699947      -0.0067191978647955
-2.8797932657906435     1.0033030430626086      -0.0038602013766732      -0.0068084474994450
-2.8797932657906435     1.1287159234454347      -0.0038933331165809      -0.0068807336060315
-2.8797932657906435     1.2541288038282608      -0.0039184718474991      -0.0069381421986281
-2.8797932657906435     1.3795416842110868      -0.0039387102369226      -0.0069821904536168
-2.8797932657906435     1.5049545645939129      -0.0039565575940015      -0.0070141569396975
-2.8797932657906435     1.6303674449767389      -0.0039741171292145      -0.0070352637262758
-2.8797932657906435     1.7557803253595650      -0.0039931468763641      -0.0070467621674216
-2.8797932657906435     1.8811932057423910      -0.0040150912842715      -0.0070499624786185
-2.8797932657906435     2.0066060861252173      -0.0040410882508195      -0.0070462353958806
-2.8797932657906435     2.1320189665080433      -0.0040719713232121      -0.0070369898451202
-2.8797932657906435     2.2574318468908694      -0.0041082751582508      -0.0070236378180396
-2.8797932657906435     2.3828447272736955      -0.0041502480087472      -0.0070075525952543
-2.8797932657906435     2.5082576076565215      -0.0041978726886584      -0.0069900259620817
-2.8797932657906435     2.6336704880393476      -0.0042508959227670      -0.0069722277971800
-2.8797932657906435     2.7590833684221736      -0.0043088654100230      -0.0069551712953912
-2.8797932657906435     2.8844962488049997      -0.0043711729092497      -0.0069396862766516
-2.8797932657906435     3.0099091291878257      -0.0044371009825001      -0.0069264020160453
-2.8797932657906435     3.1353220095706518      -0.0045058711820508      -0.0069157402506320
-2.8797932657906435     3.2607348899534778      -0.0045766911838001      -0.0069079185798778
-2.8797932657906435     3.3861477703363039      -0.0046487984636921      -0.0069029635164164
-2.8797932657906435     3.5115606507191299      -0.0047214985532798      -0.0069007320235754
-2.8797932657906435     3.6369735311019560      -0.0047941961984757      -0.0069009399557360
-2.8797932657906435     3.7623864114847820      -0.0048664181355475      -0.0069031954128291
-2.8797932657906435     3.8877992918676081      -0.0049378269591339      -0.0069070347771288
-2.8797932657906435     4.0132121722504346      -0.0050082259092374      -0.0069119593658639
-2.8797932657906435     4.1386250526332606      -0.0050775550007926      -0.0069174704631247
-2.8797932657906435     4.2640379330160867      -0.0051458794155110      -0.0069231010121270
-2.8797932657906435     4.3894508133989127      -0.0052133711973139      -0.0069284419704342
-2.8797932657906435     4.5148636937817388      -0.0052802867298563      -0.0069331625934120
-2.8797932657906435     4.6402765741645648      -0.0053469405668516      -0.0069370239785639
-2.8797932657906435     4.7656894545473909      -0.0054136782391166      -0.0069398851544877
-2.8797932657906435     4.8911023349302170      -0.0054808493711957      -0.0069417021226826
-2.8797932657906435     5.0165152153130430      -0.0055487843228906      -0.0069425196302725
-2.8797932657906435     5.1419280956958691      -0.0056177735320249      -0.0069424612878524
-2.8797932657906435     5.2673409760786951      -0.0056880495919909      -0.0069417104521671
-2.8797932657906435     5.3927538564615212      -0.0057597785751794      -0.0069404909788368
-2.8797932657906435     5.5181667368443472      -0.0058330550247202      -0.0069390468826887
-2.8797932657906435     5.6435796172271733      -0.0059079040555251      -0.0069376242442686
-2.8797932657906435     5.7689924976099993      -0.0059842781646015      -0.0069364525159785
-2.8797932657906435     5.8944053779928254      -0.0060620774599562      -0.0069357195416842
-2.8797932657906435     6.0198182583756514      -0.0061411605155200      -0.0069355707040901
-2.8797932657906435     6.1452311387584775      -0.0062213568765411      -0.0069360916857000
-2.8797932657906435     6.2706440191413035      -0.0063025029784036      -0.0069373183681258
-2.8797932657906435     6.3960568995241296      -0.0063844082560212      -0.0069392389687627
-2.8797932657906435     6.5214697799069556      -0.0064669225045045      -0.0069417699060024
-2.8797932657906435     6.6468826602897817      -0.0065499216162339      -0.0069447979079304
-2.8797932657906435     6.7722955406726077      -0.0066333218945699      -0.0069481736761069
-2.8797932657906435     6.8977084210554338      -0.0067170867636674      -0.0069517299042572
-2.8797932657906435     7.0231213014382599      -0.0068012205864362      -0.0069552924429674
-2.8797932657906435     7.1485341818210859      -0.0068857902467116      -0.0069586745454282
-2.8797932657906435     7.2739470622039120      -0.0069709097333538      -0.0069617442970703
-2.8797932657906435     7.3993599425867380      -0.0070567062547396      -0.0069643812208580
-2.8797932657906435     7.5247728229695641      -0.0071433417558468      -0.0069664961850284
-2.8797932657906435     7.6501857033523901      -0.0072309937505117      -0.0069680410136833
-2.8797932657906435     7.7755985837352162      -0.0073198418189416      -0.0069690047004519
-2.8797932657906435     7.9010114641180422      -0.0074100676539697      -0.0069694159024775
-2.8797932657906435     8.0264243445008692      -0.0075018252547805      -0.0069693345514954
-2.8797932657906435     8.1518372248836961      -0.0075952705052209      -0.0069688465975863
-2.8797932657906435     8.2772501052665231      -0.0076905131464434      -0.0069680733494824
-2.8797932657906435     8.4026629856493500      -0.0077876303145401      -0.0069671357642663
-2.8797932657906435     8.5280758660321769      -0.0078866736681667      -0.0069661439352071
-2.8797932657906435     8.6534887464150039      -0.0079876871775904      -0.0069652227499438
-2.8797932657906435     8.7789016267978308      -0.0080906644161095      -0.0069644874056977
-2.8797932657906435     8.9043145071806578      -0.0081955864515191      -0.0069640257402270
-2.8797932657906435     9.0297273875634847      -0.0083024236024035      -0.0069639076594969
-2.8797932657906435     9.1551402679463116      -0.0084111391795203      -0.0069641820511304
-2.8797932657906435     9.2805531483291386      -0.0085216959165585      -0.0069648764227019
-2.8797932657906435     9.4059660287119655      -0.0086340612895882      -0.0069659990437304
-2.8797932657906435     9.5313789090947925      -0.0087482118476659      -0.0069675416049958
-2.8797932657906435     9.6567917894776194      -0.0088641365288688      -0.0069694832803527
-2.8797932657906435     9.7822046698604463      -0.0089818382471446      -0.0069717951235103
-2.8797932657906435     9.9076175502432733      -0.0091013340620626      -0.0069744443048494
-2.8797932657906435     10.0330304306261002      -0.0092226541495885      -0.0069773978772734
-2.8797932657906435     10.1584433110089272      -0.0093458396751314      -0.0069806257155764
-2.8797932657906435     10.2838561913917541      -0.0094709400653679      -0.0069841023136526
-2.8797932657906435     10.4092690717745811      -0.0095980100051505      -0.0069878074155742
-2.8797932657906435     10.5346819521574080      -0.0097271065983873      -0.0069917254221370
-2.8797932657906435     10.6600948325402349      -0.0098582870583636      -0.0069958437685549
-2.8797932657906435     10.7855077129230619      -0.0099916072252132      -0.0070001504278075
-2.8797932657906435     10.9109205933058888      -0.0101271212388901      -0.0070046309306441
-2.8797932657906435     11.0363334736887158      -0.0102648823441803      -0.0070092653149604
-2.8797932657906435     11.1617463540715427      -0.0104049449337723      -0.0070140252673373
-2.8797932657906435     11.2871592344543696      -0.0105473676969537      -0.0070188720287369
-2.8797932657906435     11.4125721148371966      -0.0106922175299271      -0.0070237552616649
-2.8797932657906435     11.5379849952200235      -0.0108395740330610      -0.0070286131589094
-2.8797932657906435     11.6633978756028505      -0.0109895340681626      -0.0070333740207356
-2.8797932657906435     11.7888107559856774      -0.0111422159488818      -0.0070379591884046
-2.8797932657906435     11.9142236363685043      -0.0112977629327099      -0.0070422873025053
-2.8797932657906435     12.0396365167513313      -0.0114563454975843      -0.0070462796533292
-2.8797932657906435     12.1650493971341582      -0.0116181621944450      -0.0070498661942823
-2.8797932657906435     12.2904622775169852      -0.0117834388473494      -0.0070529919244374
-2.8797932657906435     12.4158751578998121      -0.0119524259583780      -0.0070556230594246
-2.8797932657906435     12.5412880382826391      -0.0121253944621127      -0.0070577525217045
-2.8797932657906435     12.6667009186654660      -0.0123026299419864      -0.0070594043249927
-2.8797932657906435     12.7921137990482929      -0.0124844256523058      -0.0070606363442076
-2.8797932657906435     12.9175266794311199      -0.0126710748205565      -0.0070615412352487
-2.8797932657906435     13.0429395598139468      -0.0128628626449210      -0.0070622452794772
-2.8797932657906435     13.1683524401967738      -0.0130600586180667      -0.0070629050565015
-2.8797932657906435     13.2937653205796007      -0.0132629096924411      -0.0070637020970674
-2.8797932657906435     13.4191782009624276      -0.0134716347892362      -0.0070648356638168
-2.8797932657906435     13.5445910813452546      -0.0136864211920778      -0.0070665140489898
-2.8797932657906435     13.6700039617280815      -0.0139074231084268      -0.0070689449009793
-2.8797932657906435     13.7954168421109085      -0.0141347626267459      -0.0070723250433737
-2.8797932657906435     13.9208297224937354      -0.0143685332243954      -0.0070768304440647
-2.8797932657906435     14.0462426028765623      -0.0146088056688921      -0.0070826069087541
-2.8797932657906435     14.1716554832593893      -0.0148556361575990      -0.0070897620315673
-2.8797932657906435     14.2970683636422162      -0.0151090763836540      -0.0070983588974368
-2.8797932657906435     14.4224812440250432      -0.0153691850291390      -0.0071084121102297
-2.8797932657906435     14.5478941244078701      -0.0156360400127799      -0.0071198860431582
-2.8797932657906435     14.6733070047906971      -0.0159097512495781      -0.0071326957363110
-2.8797932657906435     14.7987198851735240      -0.0161904730267644      -0.0071467103469660
-2.8797932657906435     14.9241327655563509      -0.0164784154568142      -0.0071617588223110
-2.8797932657906435     15.0495456459391779      -0.0167738552855297      -0.0071776375587241
-2.8797932657906435     15.1749585263220048      -0.0170771439556809      -0.0071941206916740
-2.8797932657906435     15.3003714067048318      -0.0173887141510650      -0.0072109698413496
-2.8797932657906435     15.4257842870876587      -0.0177090846040610      -0.0072279457673194
-2.8797932657906435     15.5511971674704856      -0.0180388621512269      -0.0072448198128118
-2.8797932657906435     15.6766100478533126      -0.0183787420395515      -0.0072613838122899
    
-2.6179938779914944     0.0000000000000000      -0.0043770970083242      -0.0070111804273752
-2.6179938779914944     0.1254128803828261      -0.0036814850485724      -0.0077760005027563
-2.6179938779914944     0.2508257607656522      -0.0032484369697897      -0.0076119877196889
-2.6179938779914944     0.3762386411484783      -0.0031377185313241      -0.0074276312893862
-2.6179938779914944     0.5016515215313043      -0.0031300409942513      -0.0072968793990261
-2.6179938779914944     0.6270644019141304      -0.0031621420866739      -0.0072022052277191
-2.6179938779914944     0.7524772822969564      -0.0032136219977529      -0.0071308887002795
-2.6179938779914944     0.8778901626797825      -0.0032756786901397      -0.0070759234051243
-2.6179938779914944     1.0033030430626086      -0.0033443418226189      -0.0070329338574908
-2.6179938779914944     1.1287159234454347      -0.0034173308245300      -0.0069996005139023
-2.6179938779914944     1.2541288038282608      -0.0034930120386919      -0.0069744023648195
-2.6179938779914944     1.3795416842110868      -0.0035701438641550      -0.0069562211293248
-2.6179938779914944     1.5049545645939129      -0.0036477268112846      -0.0069441535858253
-2.6179938779914944     1.6303674449767389      -0.0037249297036685      -0.0069373775429643
-2.6179938779914944     1.7557803253595650      -0.0038010919318828      -0.0069351090430377
-2.6179938779914944     1.8811932057423910      -0.0038756964625467      -0.0069365825785471
-2.6179938779914944     2.0066060861252173      -0.0039483703663936      -0.0069410407198071
-2.6179938779914944     2.1320189665080433      -0.0040188835383312      -0.0069477425036007
-2.6179938779914944     2.2574318468908694      -0.0040871438317989      -0.0069559780199760
-2.6179938779914944     2.3828447272736955      -0.0041531875771131      -0.0069650865495256
-2.6179938779914944     2.5082576076565215      -0.0042171657023260      -0.0069744738449015
-2.6179938779914944     2.6336704880393476      -0.0042793262111328      -0.0069836281984711
-2.6179938779914944     2.7590833684221736      -0.0043399930546608      -0.0069921331457860
-2.6179938779914944     2.8844962488049997      -0.0043995426742795      -0.0069996755551734
-2.6179938779914944     3.0099091291878257      -0.0044583797550076      -0.0070060486948128
-2.6179938779914944     3.1353220095706518      -0.0045169131559789      -0.0070111501786696
-2.6179938779914944     3.2607348899534778      -0.0045755334362422      -0.0070149747498148
-2.6179938779914944     3.3861477703363039      -0.0046345931394327      -0.0070176026109349
-2.6179938779914944     3.5115606507191299      -0.0046943907502475      -0.0070191840157399
-2.6179938779914944     3.6369735311019560      -0.0047551590954217      -0.0070199211580148
-2.6179938779914944     3.7623864114847820      -0.0048170585624703      -0.0070200485395049
-2.6179938779914944     3.8877992918676081      -0.0048801753287692      -0.0070198129424447
-2.6179938779914944     4.0132121722504346      -0.0049445244263744      -0.0070194542984160
-2.6179938779914944     4.1386250526332606      -0.0050100571742251      -0.0070191884943145
-2.6179938779914944     4.2640379330160867      -0.0050766722883658      -0.0070191931813825
-2.6179938779914944     4.3894508133989127      -0.0051442295354836      -0.0070195969092256
-2.6179938779914944     4.5148636937817388      -0.0052125658179343      -0.0070204725155190
-2.6179938779914944     4.6402765741645648      -0.0052815112809176      -0.0070218351206473
-2.6179938779914944     4.7656894545473909      -0.0053509051419474      -0.0070236439617435
-2.6179938779914944     4.8911023349302170      -0.0054206099613006      -0.0070258081410556
-2.6179938779914944     5.0165152153130430      -0.0054905247015265      -0.0070281949607712
-2.6179938779914944     5.1419280956958691      -0.0055605938987152      -0.0070306442308498
-2.6179938779914944     5.2673409760786951      -0.0056308117719610      -0.0070329798269664
-2.6179938779914944     5.3927538564615212      -0.0057012251782160      -0.0070350242084282
-2.6179938779914944     5.5181667368443472      -0.0057719320680153      -0.0070366118557489
-2.6179938779914944     5.6435796172271733      -0.0058430784165307      -0.0070376050690867
-2.6179938779914944     5.7689924976099993      -0.0059148400336704      -0.0070379044064396
-2.6179938779914944     5.8944053779928254      -0.0059874257282662      -0.0070374474310032
-2.6179938779914944     6.0198182583756514      -0.0060610627634884      -0.0070362323641784
-2.6179938779914944     6.1452311387584775      -0.0061359724068169      -0.0070343298799850
-2.6179938779914944     6.2706440191413035      -0.0062122972851377      -0.0070318262602440
-2.6179938779914944     6.3960568995241296      -0.0062902675816939      -0.0070288027630674
-2.6179938779914944     6.5214697799069556      -0.0063700506211571      -0.0070254816486411
-2.6179938779914944     6.6468826602897817      -0.0064517296771628      -0.0070220791554581
-2.6179938779914944     6.7722955406726077      -0.0065353528078248      -0.0070188166597008
-2.6179938779914944     6.8977084210554338      -0.0066209164653232      -0.0070159257375135
-2.6179938779914944     7.0231213014382599      -0.0067083535562335      -0.0070136254201138
-2.6179938779914944     7.1485341818210859      -0.0067975672131864      -0.0070120922477089
-2.6179938779914944     7.2739470622039120      -0.0068884234468313      -0.0070115085023504
-2.6179938779914944     7.3993599425867380      -0.0069807318242521      -0.0070119990379334
-2.6179938779914944     7.5247728229695641      -0.0070742876721470      -0.0070136358063049
-2.6179938779914944     7.6501857033523901      -0.0071688760817555      -0.0070164405631743
-2.6179938779914944     7.7755985837352162      -0.0072642802069267      -0.0070203793400424
-2.6179938779914944     7.9010114641180422      -0.0073603035724153      -0.0070253675899488
-2.6179938779914944     8.0264243445008692      -0.0074567585237370      -0.0070312699971970
-2.6179938779914944     8.1518372248836961      -0.0075535192715836      -0.0070379043592205
-2.6179938779914944     8.2772501052665231      -0.0076504814876330      -0.0070450770408240
-2.6179938779914944     8.4026629856493500      -0.0077475850842660      -0.0070525555715218
-2.6179938779914944     8.5280758660321769      -0.0078448241914761      -0.0070600846924088
-2.6179938779914944     8.6534887464150039      -0.0079422665445201      -0.0070674176823088
-2.6179938779914944     8.7789016267978308      -0.0080400093401275      -0.0070743262579894
-2.6179938779914944     8.9043145071806578      -0.0081382012011547      -0.0070805882096701
-2.6179938779914944     9.0297273875634847      -0.0082370370385359      -0.0070860107479180
-2.6179938779914944     9.1551402679463116      -0.0083367479739228      -0.0070904369429794
-2.6179938779914944     9.2805531483291386      -0.0084375934591599      -0.0070937506682309
-2.6179938779914944     9.4059660287119655      -0.0085398525227642      -0.0070958806932359
-2.6179938779914944     9.5313789090947925      -0.0086438147092908      -0.0070968023435153
-2.6179938779914944     9.6567917894776194      -0.0087497712656848      -0.0070965378791944
-2.6179938779914944     9.7822046698604463      -0.0088580064336679      -0.0070951550735740
-2.6179938779914944     9.9076175502432733      -0.0089687894870045      -0.0070927642344044
-2.6179938779914944     10.0330304306261002      -0.0090823676496797      -0.0070895140270735
-2.6179938779914944     10.1584433110089272      -0.0091989599263829      -0.0070855861605464
-2.6179938779914944     10.2838561913917541      -0.0093187522302936      -0.0070811892156066
-2.6179938779914944     10.4092690717745811      -0.0094418936195967      -0.0070765520014496
-2.6179938779914944     10.5346819521574080      -0.0095684937052807      -0.0070719163983139
-2.6179938779914944     10.6600948325402349      -0.0096986213473333      -0.0070675300466656
-2.6179938779914944     10.7855077129230619      -0.0098323044033205      -0.0070636390311834
-2.6179938779914944     10.9109205933058888      -0.0099695306250490      -0.0070604805532290
-2.6179938779914944     11.0363334736887158      -0.0101102496614873      -0.0070582758925272
-2.6179938779914944     11.1617463540715427      -0.0102543760297871      -0.0070572236499060
-2.6179938779914944     11.2871592344543696      -0.0104017931361614      -0.0070574933877554
-2.6179938779914944     11.4125721148371966      -0.0105523582785550      -0.0070592198355955
-2.6179938779914944     11.5379849952200235      -0.0107059085652799      -0.0070624977472873
-2.6179938779914944     11.6633978756028505      -0.0108622677616514      -0.0070673775477978
-2.6179938779914944     11.7888107559856774      -0.0110212539541155      -0.0070738619767705
-2.6179938779914944     11.9142236363685043      -0.0111826879383385      -0.0070819038170603
-2.6179938779914944     12.0396365167513313      -0.0113464022299314      -0.0070914049342137
-2.6179938779914944     12.1650493971341582      -0.0115122504862821      -0.0071022167782184
-2.6179938779914944     12.2904622775169852      -0.0116801171298758      -0.0071141424856744
-2.6179938779914944     12.4158751578998121      -0.0118499268969360      -0.0071269407165764
-2.6179938779914944     12.5412880382826391      -0.0120216539509679      -0.0071403312722509
-2.6179938779914944     12.6667009186654660      -0.0121953302588939      -0.0071540024808999
-2.6179938779914944     12.7921137990482929      -0.0123710528164067      -0.0071676202964031
-2.6179938779914944     12.9175266794311199      -0.0125489893683635      -0.0071808389088413
-2.6179938779914944     13.0429395598139468      -0.0127293822835369      -0.0071933126522163
-2.6179938779914944     13.1683524401967738      -0.0129125502288158      -0.0072047088689070
-2.6179938779914944     13.2937653205796007      -0.0130988874235104      -0.0072147212725269
-2.6179938779914944     13.4191782009624276      -0.0132888603023920      -0.0072230833700759
-2.6179938779914944     13.5445910813452546      -0.0134830015010324      -0.0072295813738085
-2.6179938779914944     13.6700039617280815      -0.0136819012260862      -0.0072340660282417
-2.6179938779914944     13.7954168421109085      -0.0138861962644511      -0.0072364628229869
-2.6179938779914944     13.9208297224937354      -0.0140965567723475      -0.0072367800796374
-2.6179938779914944     14.0462426028765623      -0.0143136713838736      -0.0072351143504943
-2.6179938779914944     14.1716554832593893      -0.0145382311602129      -0.0072316528102959
-2.6179938779914944     14.2970683636422162      -0.0147709128321569      -0.0072266724904723
-2.6179938779914944     14.4224812440250432      -0.0150123620806896      -0.0072205354355084
-2.6179938779914944     14.5478941244078701      -0.0152631782187205      -0.0072136810533955
-2.6179938779914944     14.6733070047906971      -0.0155238996350534      -0.0072066148525833
-2.6179938779914944     14.7987198851735240      -0.0157949918980287      -0.0071998938712233
-2.6179938779914944     14.9241327655563509      -0.0160768390683167      -0.0071941099266809
-2.6179938779914944     15.0495456459391779      -0.0163697361977018      -0.0071898709033274
-2.6179938779914944     15.1749585263220048      -0.0166738891978684      -0.0071877772755064
-2.6179938779914944     15.3003714067048318      -0.0169894174569600      -0.0071884035967682
-2.6179938779914944     15.4257842870876587      -0.0173163593364244      -0.0071922758208201
-2.6179938779914944     15.5511971674704856      -0.0176546841804941      -0.0071998502174737
-2.6179938779914944     15.6766100478533126      -0.0180043080188308      -0.0072114976003400
    
-2.3561944901923448     0.0000000000000000      -0.0092834338523078      -0.0040568665065939
-2.3561944901923448     0.1254128803828261      -0.0074989701444897      -0.0095095999894692
-2.3561944901923448     0.2508257607656522      -0.0048041615854438      -0.0098339837892467
-2.3561944901923448     0.3762386411484783      -0.0036290698257687      -0.0093018720796701
-2.3561944901923448     0.5016515215313043      -0.0030830442592857      -0.0087894344179653
-2.3561944901923448     0.6270644019141304      -0.0028170479865150      -0.0083619044176515
-2.3561944901923448     0.7524772822969564      -0.0026993224630624      -0.0080051131017567
-2.3561944901923448     0.8778901626797825      -0.0026732963299022      -0.0077038772503492
-2.3561944901923448     1.0033030430626086      -0.0027087884349254      -0.0074495631635209
-2.3561944901923448     1.1287159234454347      -0.0027875681704814      -0.0072361360179639
-2.3561944901923448     1.2541288038282608      -0.0028974080337993      -0.0070597711462771
-2.3561944901923448     1.3795416842110868      -0.0030290767567137      -0.0069177404896999
-2.3561944901923448     1.5049545645939129      -0.0031751004009180      -0.0068076841516246
-2.3561944901923448     1.6303674449767389      -0.0033292037090311      -0.0067272684478412
-2.3561944901923448     1.7557803253595650      -0.0034860156690419      -0.0066739416697978
-2.3561944901923448     1.8811932057423910      -0.0036410107521314      -0.0066448573194676
-2.3561944901923448     2.0066060861252173      -0.0037904696992326      -0.0066368878753786
-2.3561944901923448     2.1320189665080433      -0.0039314714605761      -0.0066466812083009
-2.3561944901923448     2.2574318468908694      -0.0040618857271193      -0.0066707529639463
-2.3561944901923448     2.3828447272736955      -0.0041803525623086      -0.0067055971008399
-2.3561944901923448     2.5082576076565215      -0.0042862417222585      -0.0067478044922385
-2.3561944901923448     2.6336704880393476      -0.0043795894613450      -0.0067941764405419
-2.3561944901923448     2.7590833684221736      -0.0044610152638339      -0.0068418261582911
-2.3561944901923448     2.8844962488049997      -0.0045316214492103      -0.0068882617170396
-2.3561944901923448     3.0099091291878257      -0.0045928807532709      -0.0069314460257345
-2.3561944901923448     3.1353220095706518      -0.0046465177471431      -0.0069698313556748
-2.3561944901923448     3.2607348899534778      -0.0046943902153302      -0.0070023677149328
-2.3561944901923448     3.3861477703363039      -0.0047383765404289      -0.0070284861805585
-2.3561944901923448     3.5115606507191299      -0.0047802743521150      -0.0070480596857311
-2.3561944901923448     3.6369735311019560      -0.0048217151227606      -0.0070613449945706
-2.3561944901923448     3.7623864114847820      -0.0048640978227168      -0.0070689107078716
-2.3561944901923448     3.8877992918676081      -0.0049085437439109      -0.0070715562391683
-2.3561944901923448     4.0132121722504346      -0.0049558732135224      -0.0070702274669815
-2.3561944901923448     4.1386250526332606      -0.0050066033294088      -0.0070659341968501
-2.3561944901923448     4.2640379330160867      -0.0050609649149563      -0.0070596743155535
-2.3561944901923448     4.3894508133989127      -0.0051189354517040      -0.0070523683331899
-2.3561944901923448     4.5148636937817388      -0.0051802851260182      -0.0070448077603573
-2.3561944901923448     4.6402765741645648      -0.0052446305175549      -0.0070376194206986
-2.3561944901923448     4.7656894545473909      -0.0053114922042276      -0.0070312458356686
-2.3561944901923448     4.8911023349302170      -0.0053803517432612      -0.0070259416644916
-2.3561944901923448     5.0165152153130430      -0.0054507053113087      -0.0070217841219091
-2.3561944901923448     5.1419280956958691      -0.0055221086627116      -0.0070186991662165
-2.3561944901923448     5.2673409760786951      -0.0055942102325492      -0.0070164926295363
-2.3561944901923448     5.3927538564615212      -0.0056667750548258      -0.0070148897028931
-2.3561944901923448     5.5181667368443472      -0.0057396952377432      -0.0070135761689238
-2.3561944901923448     5.6435796172271733      -0.0058129901566150      -0.0070122420370683
-2.3561944901923448     5.7689924976099993      -0.0058867836968851      -0.0070106177164299
-2.3561944901923448     5.8944053779928254      -0.0059612958651437      -0.0070084945775488
-2.3561944901923448     6.0198182583756514      -0.0060368116079275      -0.0070057638644802
-2.3561944901923448     6.1452311387584775      -0.0061136383701235      -0.0070024353277420
-2.3561944901923448     6.2706440191413035      -0.0061920243682687      -0.0069985931351388
-2.3561944901923448     6.3960568995241296      -0.0062722733151224      -0.0069943741698742
-2.3561944901923448     6.5214697799069556      -0.0063546048251389      -0.0069900794210599
-2.3561944901923448     6.6468826602897817      -0.0064391187765989      -0.0069860374297344
-2.3561944901923448     6.7722955406726077      -0.0065258302661992      -0.0069825937396424
-2.3561944901923448     6.8977084210554338      -0.0066146536238111      -0.0069800967622730
-2.3561944901923448     7.0231213014382599      -0.0067053951476257      -0.0069788594119939
-2.3561944901923448     7.1485341818210859      -0.0067977949261968      -0.0069791145128989
-2.3561944901923448     7.2739470622039120      -0.0068915329809689      -0.0069810515410344
-2.3561944901923448     7.3993599425867380      -0.0069862260911727      -0.0069847471010718
-2.3561944901923448     7.5247728229695641      -0.0070814871586560      -0.0069901683546545
-2.3561944901923448     7.6501857033523901      -0.0071769460435376      -0.0069971794617150
-2.3561944901923448     7.7755985837352162      -0.0072722732643262      -0.0070055447804401
-2.3561944901923448     7.9010114641180422      -0.0073672145147609      -0.0070149472543094
-2.3561944901923448     8.0264243445008692      -0.0074615859707866      -0.0070250042767281
-2.3561944901923448     8.1518372248836961      -0.0075553332072837      -0.0070352873878376
-2.3561944901923448     8.2772501052665231      -0.0076484866679864      -0.0070453808965200
-2.3561944901923448     8.4026629856493500      -0.0077411772456862      -0.0070548670507937
-2.3561944901923448     8.5280758660321769      -0.0078336339758770      -0.0070633602322264
-2.3561944901923448     8.6534887464150039      -0.0079261890541759      -0.0070705423845140
-2.3561944901923448     8.7789016267978308      -0.0080192179987088      -0.0070761876881323
-2.3561944901923448     8.9043145071806578      -0.0081131386531362      -0.0070801466600137
-2.3561944901923448     9.0297273875634847      -0.0082083895607244      -0.0070823661774982
-2.3561944901923448     9.1551402679463116      -0.0083054026393330      -0.0070828872977971
-2.3561944901923448     9.2805531483291386      -0.0084045812564110      -0.0070818369867583
-2.3561944901923448     9.4059660287119655      -0.0085062815857843      -0.0070794157479475
-2.3561944901923448     9.5313789090947925      -0.0086107984093665      -0.0070758808438188
-2.3561944901923448     9.6567917894776194      -0.0087183562217194      -0.0070715275585050
-2.3561944901923448     9.7822046698604463      -0.0088291055312904      -0.0070666693280136
-2.3561944901923448     9.9076175502432733      -0.0089431246442054      -0.0070616184017266
-2.3561944901923448     10.0330304306261002      -0.0090604262109913      -0.0070566685706922
-2.3561944901923448     10.1584433110089272      -0.0091809675816826      -0.0070520808439964
-2.3561944901923448     10.2838561913917541      -0.0093046641839013      -0.0070480730322879
-2.3561944901923448     10.4092690717745811      -0.0094314042973201      -0.0070448138764209
-2.3561944901923448     10.5346819521574080      -0.0095610639841449      -0.0070424214600599
-2.3561944901923448     10.6600948325402349      -0.0096935210948477      -0.0070409658580148
-2.3561944901923448     10.7855077129230619      -0.0098286669732209      -0.0070404753680199
-2.3561944901923448     10.9109205933058888      -0.0099664151893898      -0.0070409452161880
-2.3561944901923448     11.0363334736887158      -0.0101067068207477      -0.0070423478709391
-2.3561944901923448     11.1617463540715427      -0.0102495119414388      -0.0070446436883809
-2.3561944901923448     11.2871592344543696      -0.0103948276544886      -0.0070477906769226
-2.3561944901923448     11.4125721148371966      -0.0105426731726240      -0.0070517524724031
-2.3561944901923448     11.5379849952200235      -0.0106930826485452      -0.0070565036567257
-2.3561944901923448     11.6633978756028505      -0.0108460968473397      -0.0070620318428691
-2.3561944901923448     11.7888107559856774      -0.0110017547371554      -0.0070683364262128
-2.3561944901923448     11.9142236363685043      -0.0111600860588758      -0.0070754240426875
-2.3561944901923448     12.0396365167513313      -0.0113211059891705      -0.0070833012343105
-2.3561944901923448     12.1650493971341582      -0.0114848126891546      -0.0070919651228159
-2.3561944901923448     12.2904622775169852      -0.0116511883165366      -0.0071013930298194
-2.3561944901923448     12.4158751578998121      -0.0118202038044056      -0.0071115322159926
-2.3561944901923448     12.5412880382826391      -0.0119918272567595      -0.0071222909238985
-2.3561944901923448     12.6667009186654660      -0.0121660355787773      -0.0071335317992937
-2.3561944901923448     12.7921137990482929      -0.0123428285700146      -0.0071450687194280
-2.3561944901923448     12.9175266794311199      -0.0125222444427522      -0.0071566677119178
-2.3561944901923448     13.0429395598139468      -0.0127043755829869      -0.0071680524112558
-2.3561944901923448     13.1683524401967738      -0.0128893831900236      -0.0071789141106073
-2.3561944901923448     13.2937653205796007      -0.0130775095142746      -0.0071889260673624
-2.3561944901923448     13.4191782009624276      -0.0132690864840232      -0.0071977614243184
-2.3561944901923448     13.5445910813452546      -0.0134645396819195      -0.0072051136727120
-2.3561944901923448     13.6700039617280815      -0.0136643870984330      -0.0072107184706566
-2.3561944901923448     13.7954168421109085      -0.0138692320529765      -0.0072143753572868
-2.3561944901923448     13.9208297224937354      -0.0140797505924307      -0.0072159676994919
-2.3561944901923448     14.0462426028765623      -0.0142966736891964      -0.0072154795972891
-2.3561944901923448     14.1716554832593893      -0.0145207649969826      -0.0072130082524677
-2.3561944901923448     14.2970683636422162      -0.0147527956788226      -0.0072087704072453
-2.3561944901923448     14.4224812440250432      -0.0149935176025116      -0.0072031033648440
-2.3561944901923448     14.5478941244078701      -0.0152436355484640      -0.0071964580608747
-2.3561944901923448     14.6733070047906971      -0.0155037822711503      -0.0071893857680856
-2.3561944901923448     14.7987198851735240      -0.0157744961245056      -0.0071825187180335
-2.3561944901923448     14.9241327655563509      -0.0160562030431282      -0.0071765444057489
-2.3561944901923448     15.0495456459391779      -0.0163492081770229      -0.0071721753839335
-2.3561944901923448     15.1749585263220048      -0.0166536890044946      -0.0071701213862535
-2.3561944901923448     15.3003714067048318      -0.0169696983449348      -0.0071710512966864
-2.3561944901923448     15.4257842870876587      -0.0172971775050091      -0.0071755623010765
-2.3561944901923448     15.5511971674704856      -0.0176359736289328      -0.0071841504506634
-2.3561944901923448     15.6766100478533126      -0.0179858642478037      -0.0071971793900801
    
-2.0943951023931957     0.0000000000000000      -0.0017098596395811      -0.0238608236671873
-2.0943951023931957     0.1254128803828261      0.0068717825905907      -0.0135349500528237
-2.0943951023931957     0.2508257607656522      0.0042453983219786      -0.0077636414447944
-2.0943951023931957     0.3762386411484783      0.0018274409614968      -0.0060071467103452
-2.0943951023931957     0.5016515215313043      0.0002237217340324      -0.0054240134324183
-2.0943951023931957     0.6270644019141304      -0.0008796195356264      -0.0052500093467374
-2.0943951023931957     0.7524772822969564      -0.0016785533840621      -0.0052475809372778
-2.0943951023931957     0.8778901626797825      -0.0022812912296759      -0.0053260201222022
-2.0943951023931957     1.0033030430626086      -0.0027479424149880      -0.0054458258891666
-2.0943951023931957     1.1287159234454347      -0.0031148253404798      -0.0055856086736500
-2.0943951023931957     1.2541288038282608      -0.0034058666171422      -0.0057329578085441
-2.0943951023931957     1.3795416842110868      -0.0036377383221150      -0.0058801055932071
-2.0943951023931957     1.5049545645939129      -0.0038227818649106      -0.0060218900307812
-2.0943951023931957     1.6303674449767389      -0.0039706348898136      -0.0061549757458984
-2.0943951023931957     1.7557803253595650      -0.0040889734138375      -0.0062772297304181
-2.0943951023931957     1.8811932057423910      -0.0041841549894830      -0.0063874218021550
-2.0943951023931957     2.0066060861252173      -0.0042614932935968      -0.0064850583990159
-2.0943951023931957     2.1320189665080433      -0.0043254338101275      -0.0065702220651426
-2.0943951023931957     2.2574318468908694      -0.0043796677616440      -0.0066434384027877
-2.0943951023931957     2.3828447272736955      -0.0044272150478103      -0.0067055546054198
-2.0943951023931957     2.5082576076565215      -0.0044704916533288      -0.0067576332651794
-2.0943951023931957     2.6336704880393476      -0.0045113712667521      -0.0068008538483122
-2.0943951023931957     2.7590833684221736      -0.0045512494005496      -0.0068364266060424
-2.0943951023931957     2.8844962488049997      -0.0045911107167272      -0.0068655205932964
-2.0943951023931957     3.0099091291878257      -0.0046315993091813      -0.0068892071560839
-2.0943951023931957     3.1353220095706518      -0.0046730903663722      -0.0069084196321214
-2.0943951023931957     3.2607348899534778      -0.0047157609844021      -0.0069239295826046
-2.0943951023931957     3.3861477703363039      -0.0047596569786097      -0.0069363389350290
-2.0943951023931957     3.5115606507191299      -0.0048047530273913      -0.0069460861855948
-2.0943951023931957     3.6369735311019560      -0.0048510039397591      -0.0069534646108206
-2.0943951023931957     3.7623864114847820      -0.0048983848933654      -0.0069586497208171
-2.0943951023931957     3.8877992918676081      -0.0049469197294620      -0.0069617325225891
-2.0943951023931957     4.0132121722504346      -0.0049966970178419      -0.0069627556521873
-2.0943951023931957     4.1386250526332606      -0.0050478741407171      -0.0069617490237462
-2.0943951023931957     4.2640379330160867      -0.0051006707937401      -0.0069587621800558
-2.0943951023931957     4.3894508133989127      -0.0051553533816988      -0.0069538907170293
-2.0943951023931957     4.5148636937817388      -0.0052122134212881      -0.0069472952602979
-2.0943951023931957     4.6402765741645648      -0.0052715414324602      -0.0069392120052754
-2.0943951023931957     4.7656894545473909      -0.0053335996767383      -0.0069299540215064
-2.0943951023931957     4.8911023349302170      -0.0053985958895693      -0.0069199038123872
-2.0943951023931957     5.0165152153130430      -0.0054666619190006      -0.0069094973192111
-2.0943951023931957     5.1419280956958691      -0.0055378369090306      -0.0068992054979989
-2.0943951023931957     5.2673409760786951      -0.0056120554186882      -0.0068895064584703
-2.0943951023931957     5.3927538564615212      -0.0056891473116462      -0.0068808582214278
-2.0943951023931957     5.5181667368443472      -0.0057688432493674      -0.0068736719159500
-2.0943951023931957     5.6435796172271733      -0.0058507890141110      -0.0068682890457061
-2.0943951023931957     5.7689924976099993      -0.0059345560364574      -0.0068649607327571
-2.0943951023931957     5.8944053779928254      -0.0060196755686938      -0.0068638239853585
-2.0943951023931957     6.0198182583756514      -0.0061056629007227      -0.0068649036221165
-2.0943951023931957     6.1452311387584775      -0.0061920449952222      -0.0068680978131488
-2.0943951023931957     6.2706440191413035      -0.0062784246213232      -0.0068732128504700
-2.0943951023931957     6.3960568995241296      -0.0063644063420436      -0.0068799811401217
-2.0943951023931957     6.5214697799069556      -0.0064497111896105      -0.0068880123180082
-2.0943951023931957     6.6468826602897817      -0.0065341615718673      -0.0068968864446385
-2.0943951023931957     6.7722955406726077      -0.0066176844983218      -0.0069061545508628
-2.0943951023931957     6.8977084210554338      -0.0067003167897815      -0.0069153680672635
-2.0943951023931957     7.0231213014382599      -0.0067821925470693      -0.0069241044228711
-2.0943951023931957     7.1485341818210859      -0.0068635532226216      -0.0069319717368565
-2.0943951023931957     7.2739470622039120      -0.0069447207350147      -0.0069386832305809
-2.0943951023931957     7.3993599425867380      -0.0070260507411926      -0.0069440185649560
-2.0943951023931957     7.5247728229695641      -0.0071079405032020      -0.0069478454222791
-2.0943951023931957     7.6501857033523901      -0.0071907963170279      -0.0069501269589635
-2.0943951023931957     7.7755985837352162      -0.0072750083115179      -0.0069509129785802
-2.0943951023931957     7.9010114641180422      -0.0073609405435458      -0.0069503354119559
-2.0943951023931957     8.0264243445008692      -0.0074488912852547      -0.0069485904653712
-2.0943951023931957     8.1518372248836961      -0.0075391232019817      -0.0069459186661312
-2.0943951023931957     8.2772501052665231      -0.0076318090511022      -0.0069426130262909
-2.0943951023931957     8.4026629856493500      -0.0077270458482520      -0.0069389635027983
-2.0943951023931957     8.5280758660321769      -0.0078248640559338      -0.0069352438434317
-2.0943951023931957     8.6534887464150039      -0.0079252527442444      -0.0069317154431650
-2.0943951023931957     8.7789016267978308      -0.0080281281486192      -0.0069286134536955
-2.0943951023931957     8.9043145071806578      -0.0081333716434698      -0.0069261154864898
-2.0943951023931957     9.0297273875634847      -0.0082408442442476      -0.0069243505884604
-2.0943951023931957     9.1551402679463116      -0.0083503978631200      -0.0069233971645220
-2.0943951023931957     9.2805531483291386      -0.0084618888573170      -0.0069232849381271
-2.0943951023931957     9.4059660287119655      -0.0085751894288799      -0.0069240010958581
-2.0943951023931957     9.5313789090947925      -0.0086901963988840      -0.0069254982586340
-2.0943951023931957     9.6567917894776194      -0.0088068370536701      -0.0069277044847529
-2.0943951023931957     9.7822046698604463      -0.0089250714240431      -0.0069305335986166
-2.0943951023931957     9.9076175502432733      -0.0090448915475043      -0.0069338949715155
-2.0943951023931957     10.0330304306261002      -0.0091663179792881      -0.0069377020333962
-2.0943951023931957     10.1584433110089272      -0.0092893941139112      -0.0069418786110795
-2.0943951023931957     10.2838561913917541      -0.0094141793830238      -0.0069463627348796
-2.0943951023931957     10.4092690717745811      -0.0095407419375105      -0.0069511078395138
-2.0943951023931957     10.5346819521574080      -0.0096691517923595      -0.0069560811980521
-2.0943951023931957     10.6600948325402349      -0.0097994753321524      -0.0069612601288027
-2.0943951023931957     10.7855077129230619      -0.0099317716455120      -0.0069666264701754
-2.0943951023931957     10.9109205933058888      -0.0100660912962758      -0.0069721599709835
-2.0943951023931957     11.0363334736887158      -0.0102024776948408      -0.0069778315685585
-2.0943951023931957     11.1617463540715427      -0.0103409709841406      -0.0069835972955012
-2.0943951023931957     11.2871592344543696      -0.0104816141899132      -0.0069893936702981
-2.0943951023931957     11.4125721148371966      -0.0106244610599766      -0.0069951352506894
-2.0943951023931957     11.5379849952200235      -0.0107695848757179      -0.0070007148496284
-2.0943951023931957     11.6633978756028505      -0.0109170873612280      -0.0070060066665934
-2.0943951023931957     11.7888107559856774      -0.0110671067948298      -0.0070108723278686
-2.0943951023931957     11.9142236363685043      -0.0112198244256640      -0.0070151695797588
-2.0943951023931957     12.0396365167513313      -0.0113754683886180      -0.0070187630793250
-2.0943951023931957     12.1650493971341582      -0.0115343145523063      -0.0070215365367446
-2.0943951023931957     12.2904622775169852      -0.0116966838515977      -0.0070234053392930
-2.0943951023931957     12.4158751578998121      -0.0118629359922725      -0.0070243285797190
-2.0943951023931957     12.5412880382826391      -0.0120334597201182      -0.0070243195111570
-2.0943951023931957     12.6667009186654660      -0.0122086600427795      -0.0070234534337143
-2.0943951023931957     12.7921137990482929      -0.0123889431639449      -0.0070218721436552
-2.0943951023931957     12.9175266794311199      -0.0125747000730783      -0.0070197843784464
-2.0943951023931957     13.0429395598139468      -0.0127662898074548      -0.0070174618653226
-2.0943951023931957     13.1683524401967738      -0.0129640236334530      -0.0070152308482709
-2.0943951023931957     13.2937653205796007      -0.0131681512857481      -0.0070134594301235
-2.0943951023931957     13.4191782009624276      -0.0133788503408151      -0.0070125411907620
-2.0943951023931957     13.5445910813452546      -0.0135962196969400      -0.0070128758736839
-2.0943951023931957     13.6700039617280815      -0.0138202780280619      -0.0070148483927502
-2.0943951023931957     13.7954168421109085      -0.0140509670401087      -0.0070188072235210
-2.0943951023931957     13.9208297224937354      -0.0142881604461111      -0.0070250432427625
-2.0943951023931957     14.0462426028765623      -0.0145316779175097      -0.0070337708223607
-2.0943951023931957     14.1716554832593893      -0.0147813033859790      -0.0070451119928576
-2.0943951023931957     14.2970683636422162      -0.0150368077591177      -0.0070590839623488
-2.0943951023931957     14.4224812440250432      -0.0152979745699716      -0.0070755946655925
-2.0943951023931957     14.5478941244078701      -0.0155646242370913      -0.0070944404538538
-2.0943951023931957     14.6733070047906971      -0.0158366421562385      -0.0071153108504822
-2.0943951023931957     14.7987198851735240      -0.0161140033381829      -0.0071377998644957
-2.0943951023931957     14.9241327655563509      -0.0163967929398736      -0.0071614200292551
-2.0943951023931957     15.0495456459391779      -0.0166852340525231      -0.0071856201334826
-2.0943951023931957     15.1749585263220048      -0.0169796937134609      -0.0072098222962667
-2.0943951023931957     15.3003714067048318      -0.0172806905867867      -0.0072334334054138
-2.0943951023931957     15.4257842870876587      -0.0175889043438737      -0.0072558775742017
-2.0943951023931957     15.5511971674704856      -0.0179051692935019      -0.0072766250199821
-2.0943951023931957     15.6766100478533126      -0.0182304641978504      -0.0072952011821513
    
-1.8325957145940459     0.0000000000000000      0.0059806399681245      -0.0074470110475621
-1.8325957145940459     0.1254128803828261      0.0010150186253589      -0.0016349556343027
-1.8325957145940459     0.2508257607656522      -0.0025710841753365      -0.0025692465456557
-1.8325957145940459     0.3762386411484783      -0.0038736035512615      -0.0038163812021529
-1.8325957145940459     0.5016515215313043      -0.0044138882612928      -0.0047339905116844
-1.8325957145940459     0.6270644019141304      -0.0046520033244082      -0.0054122917900767
-1.8325957145940459     0.7524772822969564      -0.0047419193332967      -0.0059315918607388
-1.8325957145940459     0.8778901626797825      -0.0047478580847619      -0.0063378606871806
-1.8325957145940459     1.0033030430626086      -0.0047016335514147      -0.0066576084785799
-1.8325957145940459     1.1287159234454347      -0.0046222726516706      -0.0069063808005279
-1.8325957145940459     1.2541288038282608      -0.0045230703266544      -0.0070943898651902
-1.8325957145940459     1.3795416842110868      -0.0044142615261775      -0.0072291925366858
-1.8325957145940459     1.5049545645939129      -0.0043041861821221      -0.0073171062913756
-1.8325957145940459     1.6303674449767389      -0.0041997943869389      -0.0073639849976056
-1.8325957145940459     1.7557803253595650      -0.0041068024864209      -0.0073756009886343
-1.8325957145940459     1.8811932057423910      -0.0040297571353233      -0.0073577820584257
-1.8325957145940459     2.0066060861252173      -0.0039720425630371      -0.0073164237480898
-1.8325957145940459     2.1320189665080433      -0.0039358851980996      -0.0072574085038026
-1.8325957145940459     2.2574318468908694      -0.0039223802117025      -0.0071864748316805
-1.8325957145940459     2.3828447272736955      -0.0039315508558236      -0.0071090624958242
-1.8325957145940459     2.5082576076565215      -0.0039624434459384      -0.0070301556904991
-1.8325957145940459     2.6336704880393476      -0.0040132560434053      -0.0069541386347250
-1.8325957145940459     2.7590833684221736      -0.0040814959763422      -0.0068846760344399
-1.8325957145940459     2.8844962488049997      -0.0041641585044518      -0.0068246268006319
-1.8325957145940459     3.0099091291878257      -0.0042579174375943      -0.0067759965184506
-1.8325957145940459     3.1353220095706518      -0.0043593179197532      -0.0067399306120366
-1.8325957145940459     3.2607348899534778      -0.0044649618441017      -0.0067167479560126
-1.8325957145940459     3.3861477703363039      -0.0045716764872451      -0.0067060118136662
-1.8325957145940459     3.5115606507191299      -0.0046766587313918      -0.0067066326873686
-1.8325957145940459     3.6369735311019560      -0.0047775886872316      -0.0067169963813701
-1.8325957145940459     3.7623864114847820      -0.0048727082583547      -0.0067351090546961
-1.8325957145940459     3.8877992918676081      -0.0049608628096977      -0.0067587503521249
-1.8325957145940459     4.0132121722504346      -0.0050415059668334      -0.0067856260207799
-1.8325957145940459     4.1386250526332606      -0.0051146696681516      -0.0068135114220674
-1.8325957145940459     4.2640379330160867      -0.0051809036619987      -0.0068403786674446
-1.8325957145940459     4.3894508133989127      -0.0052411897548296      -0.0068645009684714
-1.8325957145940459     4.5148636937817388      -0.0052968383678097      -0.0068845301164086
-1.8325957145940459     4.6402765741645648      -0.0053493737424820      -0.0068995445270940
-1.8325957145940459     4.7656894545473909      -0.0054004161407119      -0.0069090668848188
-1.8325957145940459     4.8911023349302170      -0.0054515677720033      -0.0069130526187696
-1.8325957145940459     5.0165152153130430      -0.0055043108646629      -0.0069118511522394
-1.8325957145940459     5.1419280956958691      -0.0055599210893965      -0.0069061491262240
-1.8325957145940459     5.2673409760786951      -0.0056193992860145      -0.0068968914809409
-1.8325957145940459     5.3927538564615212      -0.0056834310682707      -0.0068851947071497
-1.8325957145940459     5.5181667368443472      -0.0057523678570999      -0.0068722565386522
-1.8325957145940459     5.6435796172271733      -0.0058262327820586      -0.0068592684946005
-1.8325957145940459     5.7689924976099993      -0.0059047388482960      -0.0068473342248912
-1.8325957145940459     5.8944053779928254      -0.0059873418795945      -0.0068373913010811
-1.8325957145940459     6.0198182583756514      -0.0060732962844926      -0.0068301644502684
-1.8325957145940459     6.1452311387584775      -0.0061617256996354      -0.0068261086902538
-1.8325957145940459     6.2706440191413035      -0.0062517642330625      -0.0068254500861255
-1.8325957145940459     6.3960568995241296      -0.0063424338129603      -0.0068282005461038
-1.8325957145940459     6.5214697799069556      -0.0064328833570127      -0.0068340345148976
-1.8325957145940459     6.6468826602897817      -0.0065224090134937      -0.0068424652058763
-1.8325957145940459     6.7722955406726077      -0.0066104711949560      -0.0068528494743367
-1.8325957145940459     6.8977084210554338      -0.0066967324768035      -0.0068644397326963
-1.8325957145940459     7.0231213014382599      -0.0067810646056798      -0.0068764445139803
-1.8325957145940459     7.1485341818210859      -0.0068635641595833      -0.0068880665293145
-1.8325957145940459     7.2739470622039120      -0.0069445263896937      -0.0068986086783049
-1.8325957145940459     7.3993599425867380      -0.0070243905210011      -0.0069074661013387
-1.8325957145940459     7.5247728229695641      -0.0071037318912267      -0.0069141741069219
-1.8325957145940459     7.6501857033523901      -0.0071832084307559      -0.0069184349809964
-1.8325957145940459     7.7755985837352162      -0.0072635120516222      -0.0069201220671097
-1.8325957145940459     7.9010114641180422      -0.0073453334431066      -0.0069192815636650
-1.8325957145940459     8.0264243445008692      -0.0074292996455785      -0.0069161142853279
-1.8325957145940459     8.1518372248836961      -0.0075159754820593      -0.0069109528769089
-1.8325957145940459     8.2772501052665231      -0.0076057948319112      -0.0069042481153609
-1.8325957145940459     8.4026629856493500      -0.0076990596472468      -0.0068965071550388
-1.8325957145940459     8.5280758660321769      -0.0077959404557614      -0.0068882548131498
-1.8325957145940459     8.6534887464150039      -0.0078964948279108      -0.0068800315838299
-1.8325957145940459     8.7789016267978308      -0.0080006326097166      -0.0068723439248691
-1.8325957145940459     8.9043145071806578      -0.0081081667214657      -0.0068656255142763
-1.8325957145940459     9.0297273875634847      -0.0082188321852980      -0.0068602301646759
-1.8325957145940459     9.1551402679463116      -0.0083323097407439      -0.0068564179726769
-1.8325957145940459     9.2805531483291386      -0.0084482530535453      -0.0068543499790281
-1.8325957145940459     9.4059660287119655      -0.0085663141444218      -0.0068540908494611
-1.8325957145940459     9.5313789090947925      -0.0086861658341418      -0.0068556169059043
-1.8325957145940459     9.6567917894776194      -0.0088075201223119      -0.0068588294594573
-1.8325957145940459     9.7822046698604463      -0.0089301410372305      -0.0068635712028081
-1.8325957145940459     9.9076175502432733      -0.0090538519566701      -0.0068696439016464
-1.8325957145940459     10.0330304306261002      -0.0091785376262260      -0.0068768258452205
-1.8325957145940459     10.1584433110089272      -0.0093041413701953      -0.0068848875616967
-1.8325957145940459     10.2838561913917541      -0.0094306586419914      -0.0068936045815360
-1.8325957145940459     10.4092690717745811      -0.0095581280916488      -0.0069027665839623
-1.8325957145940459     10.5346819521574080      -0.0096866215532339      -0.0069121825266563
-1.8325957145940459     10.6600948325402349      -0.0098162342786135      -0.0069216819402076
-1.8325957145940459     10.7855077129230619      -0.0099470766122898      -0.0069311127918075
-1.8325957145940459     10.9109205933058888      -0.0100792681586801      -0.0069403368514680
-1.8325957145940459     11.0363334736887158      -0.0102129349077405      -0.0069492236451907
-1.8325957145940459     11.1617463540715427      -0.0103482096962735      -0.0069576440653121
-1.8325957145940459     11.2871592344543696      -0.0104852358041206      -0.0069654650427669
-1.8325957145940459     11.4125721148371966      -0.0106241730384058      -0.0069725461934963
-1.8325957145940459     11.5379849952200235      -0.0107652056267631      -0.0069787393286879
-1.8325957145940459     11.6633978756028505      -0.0109085506578104      -0.0069838914431378
-1.8325957145940459     11.7888107559856774      -0.0110544658854849      -0.0069878511676591
-1.8325957145940459     11.9142236363685043      -0.0112032557536282      -0.0069904785781606
-1.8325957145940459     12.0396365167513313      -0.0113552743630171      -0.0069916576898837
-1.8325957145940459     12.1650493971341582      -0.0115109246182980      -0.0069913105842924
-1.8325957145940459     12.2904622775169852      -0.0116706529311089      -0.0069894121002167
-1.8325957145940459     12.4158751578998121      -0.0118349392074352      -0.0069860035572151
-1.8325957145940459     12.5412880382826391      -0.0120042824860580      -0.0069812041285297
-1.8325957145940459     12.6667009186654660      -0.0121791827326475      -0.0069752185697564
-1.8325957145940459     12.7921137990482929      -0.0123601198930888      -0.0069683400257529
-1.8325957145940459     12.9175266794311199      -0.0125475316031140      -0.0069609472130535
-1.8325957145940459     13.0429395598139468      -0.0127417910115371      -0.0069534954703825
-1.8325957145940459     13.1683524401967738      -0.0129431865333037      -0.0069465016360997
-1.8325957145940459     13.2937653205796007      -0.0131519051402149      -0.0069405233357082
-1.8325957145940459     13.4191782009624276      -0.0133680206914574      -0.0069361334768118
-1.8325957145940459     13.5445910813452546      -0.0135914886678505      -0.0069338913327560
-1.8325957145940459     13.6700039617280815      -0.0138221481138402      -0.0069343119100109
-1.8325957145940459     13.7954168421109085      -0.0140597311898689      -0.0069378353526335
-1.8325957145940459     13.9208297224937354      -0.0143038804437930      -0.0069447983885006
-1.8325957145940459     14.0462426028765623      -0.0145541730686852      -0.0069554097354658
-1.8325957145940459     14.1716554832593893      -0.0148101511737872      -0.0069697311216549
-1.8325957145940459     14.2970683636422162      -0.0150713567450273      -0.0069876652202515
-1.8325957145940459     14.4224812440250432      -0.0153373694330067      -0.0070089522595672
-1.8325957145940459     14.5478941244078701      -0.0156078445326230      -0.0070331745498837
-1.8325957145940459     14.6733070047906971      -0.0158825503838914      -0.0070597698872318
-1.8325957145940459     14.7987198851735240      -0.0161614020302561      -0.0070880532531518
-1.8325957145940459     14.9241327655563509      -0.0164444892955334      -0.0071172451700928
-1.8325957145940459     15.0495456459391779      -0.0167321003965825      -0.0071465054854546
-1.8325957145940459     15.1749585263220048      -0.0170247340882949      -0.0071749744396970
-1.8325957145940459     15.3003714067048318      -0.0173231048119592      -0.0072018097550585
-1.8325957145940459     15.4257842870876587      -0.0176281404889968      -0.0072262279821509
-1.8325957145940459     15.5511971674704856      -0.0179409697287341      -0.0072475425584730
-1.8325957145940459     15.6766100478533126      -0.0182629024529115      -0.0072651939691527
    
-1.5707963267948966     0.0000000000000000      -0.0125928175757826      -0.0069745121636595
-1.5707963267948966     0.1254128803828261      -0.0070629663813236      -0.0126572851928646
-1.5707963267948966     0.2508257607656522      -0.0034979901494281      -0.0114062871879922
-1.5707963267948966     0.3762386411484783      -0.0023413535351175      -0.0100059171244541
-1.5707963267948966     0.5016515215313043      -0.0019556959554831      -0.0090083245647333
-1.5707963267948966     0.6270644019141304      -0.0018680012060342      -0.0082838287350355
-1.5707963267948966     0.7524772822969564      -0.0019236447445437      -0.0077365236285436
-1.5707963267948966     0.8778901626797825      -0.0020599155697412      -0.0073134649665006
-1.5707963267948966     1.0033030430626086      -0.0022455120461579      -0.0069851999107529
-1.5707963267948966     1.1287159234454347      -0.0024616032026091      -0.0067341163874689
-1.5707963267948966     1.2541288038282608      -0.0026950328329156      -0.0065486586507140
-1.5707963267948966     1.3795416842110868      -0.0029355905147080      -0.0064202909490277
-1.5707963267948966     1.5049545645939129      -0.0031749122210699      -0.0063418772101909
-1.5707963267948966     1.6303674449767389      -0.0034060360340992      -0.0063068605673177
-1.5707963267948966     1.7557803253595650      -0.0036232353408987      -0.0063088153106122
-1.5707963267948966     1.8811932057423910      -0.0038220083241142      -0.0063412901233892
-1.5707963267948966     2.0066060861252173      -0.0039990774646231      -0.0063978031367879
-1.5707963267948966     2.1320189665080433      -0.0041523890658907      -0.0064719260006513
-1.5707963267948966     2.2574318468908694      -0.0042810869105059      -0.0065574225459133
-1.5707963267948966     2.3828447272736955      -0.0043854488203385      -0.0066484122452338
-1.5707963267948966     2.5082576076565215      -0.0044667840866664      -0.0067395360671416
-1.5707963267948966     2.6336704880393476      -0.0045272941781775      -0.0068261083090313
-1.5707963267948966     2.7590833684221736      -0.0045699025539612      -0.0069042415393401
-1.5707963267948966     2.8844962488049997      -0.0045980621767175      -0.0069709356815065
-1.5707963267948966     3.0099091291878257      -0.0046155504264049      -0.0070241258069522
-1.5707963267948966     3.1353220095706518      -0.0046262619956392      -0.0070626862227909
-1.5707963267948966     3.2607348899534778      -0.0046340100901755      -0.0070863915663001
-1.5707963267948966     3.3861477703363039      -0.0046423456403261      -0.0070958381814585
-1.5707963267948966     3.5115606507191299      -0.0046544028806823      -0.0070923313906340
-1.5707963267948966     3.6369735311019560      -0.0046727778821117      -0.0070777461501778
-1.5707963267948966     3.7623864114847820      -0.0046994443785790      -0.0070543696738916
-1.5707963267948966     3.8877992918676081      -0.0047357092754452      -0.0070247352923758
-1.5707963267948966     4.0132121722504346      -0.0047822076159626      -0.0069914571189624
-1.5707963267948966     4.1386250526332606      -0.0048389346649536      -0.0069570742639471
-1.5707963267948966     4.2640379330160867      -0.0049053108570437      -0.0069239127081326
-1.5707963267948966     4.3894508133989127      -0.0049802733760957      -0.0068939709085718
-1.5707963267948966     4.5148636937817388      -0.0050623880926373      -0.0068688342759256
-1.5707963267948966     4.6402765741645648      -0.0051499728098428      -0.0068496213911395
-1.5707963267948966     4.7656894545473909      -0.0052412245013498      -0.0068369622751972
-1.5707963267948966     4.8911023349302170      -0.0053343422927313      -0.0068310077267631
-1.5707963267948966     5.0165152153130430      -0.0054276407067971      -0.0068314659554907
-1.5707963267948966     5.1419280956958691      -0.0055196450425409      -0.0068376666282848
-1.5707963267948966     5.2673409760786951      -0.0056091634105227      -0.0068486380325322
-1.5707963267948966     5.3927538564615212      -0.0056953381371384      -0.0068631984657395
-1.5707963267948966     5.5181667368443472      -0.0057776699723191      -0.0068800527766945
-1.5707963267948966     5.6435796172271733      -0.0058560189014541      -0.0068978897992401
-1.5707963267948966     5.7689924976099993      -0.0059305714698748      -0.0069154700742724
-1.5707963267948966     5.8944053779928254      -0.0060018082976117      -0.0069316921734664
-1.5707963267948966     6.0198182583756514      -0.0060704434063734      -0.0069456645596849
-1.5707963267948966     6.1452311387584775      -0.0061373510534662      -0.0069567412684486
-1.5707963267948966     6.2706440191413035      -0.0062034937073303      -0.0069645401712349
-1.5707963267948966     6.3960568995241296      -0.0062698514880350      -0.0069689408771941
-1.5707963267948966     6.5214697799069556      -0.0063373631548445      -0.0069700798125684
-1.5707963267948966     6.6468826602897817      -0.0064068451747662      -0.0069683118616095
-1.5707963267948966     6.7722955406726077      -0.0064789625285972      -0.0069641575767643
-1.5707963267948966     6.8977084210554338      -0.0065541955130795      -0.0069582582580266
-1.5707963267948966     7.0231213014382599      -0.0066328160023370      -0.0069513151926306
-1.5707963267948966     7.1485341818210859      -0.0067149129766971      -0.0069440156654423
-1.5707963267948966     7.2739470622039120      -0.0068003958777344      -0.0069370380913907
-1.5707963267948966     7.3993599425867380      -0.0068889945926133      -0.0069309551513754
-1.5707963267948966     7.5247728229695641      -0.0069803265834207      -0.0069262128815823
-1.5707963267948966     7.6501857033523901      -0.0070739302772381      -0.0069231151189830
-1.5707963267948966     7.7755985837352162      -0.0071693061042291      -0.0069218097807166
-1.5707963267948966     7.9010114641180422      -0.0072659697865932      -0.0069222959490611
-1.5707963267948966     8.0264243445008692      -0.0073634715509979      -0.0069244340088117
-1.5707963267948966     8.1518372248836961      -0.0074614622691821      -0.0069279720461022
-1.5707963267948966     8.2772501052665231      -0.0075596759639026      -0.0069325876954918
-1.5707963267948966     8.4026629856493500      -0.0076579598747614      -0.0069378990302627
-1.5707963267948966     8.5280758660321769      -0.0077562862612148      -0.0069434935070169
-1.5707963267948966     8.6534887464150039      -0.0078547615254925      -0.0069490012790543
-1.5707963267948966     8.7789016267978308      -0.0079535633826723      -0.0069540975280053
-1.5707963267948966     8.9043145071806578      -0.0080529569431983      -0.0069585174464615
-1.5707963267948966     9.0297273875634847      -0.0081532629792464      -0.0069620836719779
-1.5707963267948966     9.1551402679463116      -0.0082548282357223      -0.0069647116424236
-1.5707963267948966     9.2805531483291386      -0.0083579986242087      -0.0069664082126730
-1.5707963267948966     9.4059660287119655      -0.0084630942291749      -0.0069672637771646
-1.5707963267948966     9.5313789090947925      -0.0085703886145795      -0.0069674374087700
-1.5707963267948966     9.6567917894776194      -0.0086800940870232      -0.0069671379977129
-1.5707963267948966     9.7822046698604463      -0.0087923531133414      -0.0069666027204028
-1.5707963267948966     9.9076175502432733      -0.0089072363861742      -0.0069660747061765
-1.5707963267948966     10.0330304306261002      -0.0090247473985787      -0.0069657819062572
-1.5707963267948966     10.1584433110089272      -0.0091448325171727      -0.0069659189397679
-1.5707963267948966     10.2838561913917541      -0.0092673954068364      -0.0069666331109911
-1.5707963267948966     10.4092690717745811      -0.0093923143246371      -0.0069680155952281
-1.5707963267948966     10.5346819521574080      -0.0095194605877027      -0.0069700982385184
-1.5707963267948966     10.6600948325402349      -0.0096487164773068      -0.0069728558788972
-1.5707963267948966     10.7855077129230619      -0.0097799910974078      -0.0069762135358351
-1.5707963267948966     10.9109205933058888      -0.0099132329867034      -0.0069800576589415
-1.5707963267948966     11.0363334736887158      -0.0100484383677673      -0.0069842501437426
-1.5707963267948966     11.1617463540715427      -0.0101856547393556      -0.0069886435334483
-1.5707963267948966     11.2871592344543696      -0.0103249797203767      -0.0069930961830350
-1.5707963267948966     11.4125721148371966      -0.0104665553871773      -0.0069974857835103
-1.5707963267948966     11.5379849952200235      -0.0106105591072519      -0.0070017200788099
-1.5707963267948966     11.6633978756028505      -0.0107571917732733      -0.0070057440105883
-1.5707963267948966     11.7888107559856774      -0.0109066647148177      -0.0070095425649686
-1.5707963267948966     11.9142236363685043      -0.0110591867917370      -0.0070131393288122
-1.5707963267948966     12.0396365167513313      -0.0112149527869784      -0.0070165910487807
-1.5707963267948966     12.1650493971341582      -0.0113741343841279      -0.0070199787265720
-1.5707963267948966     12.2904622775169852      -0.0115368746213710      -0.0070233963934299
-1.5707963267948966     12.4158751578998121      -0.0117032862809063      -0.0070269386395034
-1.5707963267948966     12.5412880382826391      -0.0118734545089984      -0.0070306881972594
-1.5707963267948966     12.6667009186654660      -0.0120474433653199      -0.0070347049439249
-1.5707963267948966     12.7921137990482929      -0.0122253057133820      -0.0070390173755191
-1.5707963267948966     12.9175266794311199      -0.0124070955912761      -0.0070436175593619
-1.5707963267948966     13.0429395598139468      -0.0125928818052771      -0.0070484601668658
-1.5707963267948966     13.1683524401967738      -0.0127827615292372      -0.0070534657790147
-1.5707963267948966     13.2937653205796007      -0.0129768725620823      -0.0070585283889288
-1.5707963267948966     13.4191782009624276      -0.0131754029656952      -0.0070635264887961
-1.5707963267948966     13.5445910813452546      -0.0133785971436433      -0.0070683368663506
-1.5707963267948966     13.6700039617280815      -0.0135867575439364      -0.0070728499724311
-1.5707963267948966     13.7954168421109085      -0.0138002416685348      -0.0070769854268073
-1.5707963267948966     13.9208297224937354      -0.0140194544465991      -0.0070807063294402
-1.5707963267948966     14.0462426028765623      -0.0142448363644343      -0.0070840309435694
-1.5707963267948966     14.1716554832593893      -0.0144768482734986      -0.0070870405128026
-1.5707963267948966     14.2970683636422162      -0.0147159540213120      -0.0070898823884933
-1.5707963267948966     14.4224812440250432      -0.0149626022781540      -0.0070927676711087
-1.5707963267948966     14.5478941244078701      -0.0152172093209758      -0.0070959634395416
-1.5707963267948966     14.6733070047906971      -0.0154801440534867      -0.0070997797350754
-1.5707963267948966     14.7987198851735240      -0.0157517169260542      -0.0071045519555399
-1.5707963267948966     14.9241327655563509      -0.0160321740274669      -0.0071106198700159
-1.5707963267948966     15.0495456459391779      -0.0163216967876030      -0.0071183047008220
-1.5707963267948966     15.1749585263220048      -0.0166204088234425      -0.0071278852226634
-1.5707963267948966     15.3003714067048318      -0.0169283889638986      -0.0071395763026897
-1.5707963267948966     15.4257842870876587      -0.0172456903118296      -0.0071535095339874
-1.5707963267948966     15.5511971674704856      -0.0175723650559076      -0.0071697190262085
-1.5707963267948966     15.6766100478533126      -0.0179084926590406      -0.0071881337265049
    
-1.3089969389957472     0.0000000000000000      -0.0109996047751438      -0.0004093228339211
-1.3089969389957472     0.1254128803828261      -0.0103563315517576      -0.0090847993086942
-1.3089969389957472     0.2508257607656522      -0.0064935109364408      -0.0105640001681556
-1.3089969389957472     0.3762386411484783      -0.0045490174377605      -0.0102281183335618
-1.3089969389957472     0.5016515215313043      -0.0035359889969115      -0.0096913339692038
-1.3089969389957472     0.6270644019141304      -0.0029654569440661      -0.0091772132002817
-1.3089969389957472     0.7524772822969564      -0.0026395945195955      -0.0087138800948172
-1.3089969389957472     0.8778901626797825      -0.0024673998472550      -0.0083007352741901
-1.3089969389957472     1.0033030430626086      -0.0024013365544240      -0.0079341044044185
-1.3089969389957472     1.1287159234454347      -0.0024129414618474      -0.0076117059358857
-1.3089969389957472     1.2541288038282608      -0.0024829196616036      -0.0073322603472460
-1.3089969389957472     1.3795416842110868      -0.0025968325407361      -0.0070949234911166
-1.3089969389957472     1.5049545645939129      -0.0027430320599649      -0.0068988179276834
-1.3089969389957472     1.6303674449767389      -0.0029116426904183      -0.0067426702088448
-1.3089969389957472     1.7557803253595650      -0.0030941435884523      -0.0066246343306168
-1.3089969389957472     1.8811932057423910      -0.0032831414765328      -0.0065422357714334
-1.3089969389957472     2.0066060861252173      -0.0034723028115101      -0.0064923778243615
-1.3089969389957472     2.1320189665080433      -0.0036563418483909      -0.0064714228925588
-1.3089969389957472     2.2574318468908694      -0.0038310222445441      -0.0064753170320420
-1.3089969389957472     2.3828447272736955      -0.0039931499519571      -0.0064997424149214
-1.3089969389957472     2.5082576076565215      -0.0041405440395541      -0.0065402817278884
-1.3089969389957472     2.6336704880393476      -0.0042719810147066      -0.0065925821708187
-1.3089969389957472     2.7590833684221736      -0.0043871113608644      -0.0066525086287390
-1.3089969389957472     2.8844962488049997      -0.0044863510658259      -0.0067162766648738
-1.3089969389957472     3.0099091291878257      -0.0045707540069906      -0.0067805591635149
-1.3089969389957472     3.1353220095706518      -0.0046418711698318      -0.0068425626692266
-1.3089969389957472     3.2607348899534778      -0.0047016044873830      -0.0069000709288669
-1.3089969389957472     3.3861477703363039      -0.0047520629026061      -0.0069514563267361
-1.3089969389957472     3.5115606507191299      -0.0047954274408022      -0.0069956613195839
-1.3089969389957472     3.6369735311019560      -0.0048338315641627      -0.0070321535922367
-1.3089969389957472     3.7623864114847820      -0.0048692615621039      -0.0070608602798389
-1.3089969389957472     3.8877992918676081      -0.0049034801780668      -0.0070820871089604
-1.3089969389957472     4.0132121722504346      -0.0049379751434008      -0.0070964289712219
-1.3089969389957472     4.1386250526332606      -0.0049739325343699      -0.0071046782476341
-1.3089969389957472     4.2640379330160867      -0.0050122333792855      -0.0071077369513760
-1.3089969389957472     4.3894508133989127      -0.0050534703255986      -0.0071065374044251
-1.3089969389957472     4.5148636937817388      -0.0050979813950578      -0.0071019758943991
-1.3089969389957472     4.6402765741645648      -0.0051458948820478      -0.0070948622861732
-1.3089969389957472     4.7656894545473909      -0.0051971811580500      -0.0070858862492320
-1.3089969389957472     4.8911023349302170      -0.0052517062942735      -0.0070756005474826
-1.3089969389957472     5.0165152153130430      -0.0053092841472937      -0.0070644195168489
-1.3089969389957472     5.1419280956958691      -0.0053697210541546      -0.0070526344938153
-1.3089969389957472     5.2673409760786951      -0.0054328495336367      -0.0070404353809874
-1.3089969389957472     5.3927538564615212      -0.0054985531276262      -0.0070279413102530
-1.3089969389957472     5.5181667368443472      -0.0055667784116944      -0.0070152335350571
-1.3089969389957472     5.6435796172271733      -0.0056375370672713      -0.0070023913088846
-1.3089969389957472     5.7689924976099993      -0.0057108852530787      -0.0069895203817306
-1.3089969389957472     5.8944053779928254      -0.0057869181181863      -0.0069767656025942
-1.3089969389957472     6.0198182583756514      -0.0058657428351652      -0.0069643431025028
-1.3089969389957472     6.1452311387584775      -0.0059474389712075      -0.0069525558718313
-1.3089969389957472     6.2706440191413035      -0.0060319644853978      -0.0069417265490999
-1.3089969389957472     6.3960568995241296      -0.0061193299436899      -0.0069321647993935
-1.3089969389957472     6.5214697799069556      -0.0062094234910834      -0.0069243138770634
-1.3089969389957472     6.6468826602897817      -0.0063019896413958      -0.0069185706859666
-1.3089969389957472     6.7722955406726077      -0.0063966863972003      -0.0069152817239136
-1.3089969389957472     6.8977084210554338      -0.0064930781670658      -0.0069147309223943
-1.3089969389957472     7.0231213014382599      -0.0065906405977055      -0.0069171009099192
-1.3089969389957472     7.1485341818210859      -0.0066888166939516      -0.0069224334982426
-1.3089969389957472     7.2739470622039120      -0.0067870338958671      -0.0069306742950223
-1.3089969389957472     7.3993599425867380      -0.0068847106912061      -0.0069416126852700
-1.3089969389957472     7.5247728229695641      -0.0069813243012205      -0.0069548966006958
-1.3089969389957472     7.6501857033523901      -0.0070764373070670      -0.0069700529459052
-1.3089969389957472     7.7755985837352162      -0.0071697233786139      -0.0069865056233846
-1.3089969389957472     7.9010114641180422      -0.0072610007720368      -0.0070036083381260
-1.3089969389957472     8.0264243445008692      -0.0073502267224669      -0.0070206752907235
-1.3089969389957472     8.1518372248836961      -0.0074375403723566      -0.0070370204322919
-1.3089969389957472     8.2772501052665231      -0.0075232142859276      -0.0070520124964316
-1.3089969389957472     8.4026629856493500      -0.0076076573675827      -0.0070650826162969
-1.3089969389957472     8.5280758660321769      -0.0076914000030735      -0.0070757531649299
-1.3089969389957472     8.6534887464150039      -0.0077750808360775      -0.0070836956264300
-1.3089969389957472     8.7789016267978308      -0.0078593653967275      -0.0070887280920939
-1.3089969389957472     8.9043145071806578      -0.0079449427863386      -0.0070908088032239
-1.3089969389957472     9.0297273875634847      -0.0080324848210852      -0.0070900459785261
-1.3089969389957472     9.1551402679463116      -0.0081226094519971      -0.0070866840116709
-1.3089969389957472     9.2805531483291386      -0.0082158518563830      -0.0070810827426476
-1.3089969389957472     9.4059660287119655      -0.0083126417150737      -0.0070736913545914
-1.3089969389957472     9.5313789090947925      -0.0084132884641346      -0.0070650173642383
-1.3089969389957472     9.6567917894776194      -0.0085179753670282      -0.0070555942550172
-1.3089969389957472     9.7822046698604463      -0.0086267619037071      -0.0070459494584419
-1.3089969389957472     9.9076175502432733      -0.0087395941485920      -0.0070365749459713
-1.3089969389957472     10.0330304306261002      -0.0088563219820957      -0.0070279024242113
-1.3089969389957472     10.1584433110089272      -0.0089767214102868      -0.0070202846559164
-1.3089969389957472     10.2838561913917541      -0.0091005201440932      -0.0070139838581295
-1.3089969389957472     10.4092690717745811      -0.0092274242581981      -0.0070091676540648
-1.3089969389957472     10.5346819521574080      -0.0093571438562552      -0.0070059123361775
-1.3089969389957472     10.6600948325402349      -0.0094894157721146      -0.0070042127568909
-1.3089969389957472     10.7855077129230619      -0.0096240216585217      -0.0070039974837569
-1.3089969389957472     10.9109205933058888      -0.0097608003956183      -0.0070051476529242
-1.3089969389957472     11.0363334736887158      -0.0098996540062145      -0.0070075176864217
-1.3089969389957472     11.1617463540715427      -0.0100405470825547      -0.0070109557643418
-1.3089969389957472     11.2871592344543696      -0.0101835002190711      -0.0070153223482806
-1.3089969389957472     11.4125721148371966      -0.0103285782988840      -0.0070205050201602
-1.3089969389957472     11.5379849952200235      -0.0104758751561616      -0.0070264283250605
-1.3089969389957472     11.6633978756028505      -0.0106254962576136      -0.0070330578936321
-1.3089969389957472     11.7888107559856774      -0.0107775412150006      -0.0070403984639150
-1.3089969389957472     11.9142236363685043      -0.0109320880738320      -0.0070484860736349
-1.3089969389957472     12.0396365167513313      -0.0110891810085262      -0.0070573752589318
-1.3089969389957472     12.1650493971341582      -0.0112488228450060      -0.0070671224247950
-1.3089969389957472     12.2904622775169852      -0.0114109734460628      -0.0070777670503735
-1.3089969389957472     12.4158751578998121      -0.0115755544005591      -0.0070893125612650
-1.3089969389957472     12.5412880382826391      -0.0117424599737116      -0.0071017087592984
-1.3089969389957472     12.6667009186654660      -0.0119115737421560      -0.0071148376756853
-1.3089969389957472     12.7921137990482929      -0.0120827897675599      -0.0071285044715322
-1.3089969389957472     12.9175266794311199      -0.0122560367763329      -0.0071424346176460
-1.3089969389957472     13.0429395598139468      -0.0124313034890608      -0.0071562781784156
-1.3089969389957472     13.1683524401967738      -0.0126086630316763      -0.0071696214318973
-1.3089969389957472     13.2937653205796007      -0.0127882943909573      -0.0071820054871988
-1.3089969389957472     13.4191782009624276      -0.0129704989545137      -0.0071929510377985
-1.3089969389957472     13.5445910813452546      -0.0131557104876098      -0.0072019878159891
-1.3089969389957472     13.6700039617280815      -0.0133444973172628      -0.0072086869282579
-1.3089969389957472     13.7954168421109085      -0.0135375560064855      -0.0072126939387065
-1.3089969389957472     13.9208297224937354      -0.0137356963711818      -0.0072137604275191
-1.3089969389957472     14.0462426028765623      -0.0139398183159877      -0.0072117717479468
-1.3089969389957472     14.1716554832593893      -0.0141508815488765      -0.0072067688409933
-1.3089969389957472     14.2970683636422162      -0.0143698697707151      -0.0071989623899983
-1.3089969389957472     14.4224812440250432      -0.0145977513098204      -0.0071887377808593
-1.3089969389957472     14.5478941244078701      -0.0148354387502468      -0.0071766503134424
-1.3089969389957472     14.6733070047906971      -0.0150837497131355      -0.0071634103542153
-1.3089969389957472     14.7987198851735240      -0.0153433714782828      -0.0071498587722126
-1.3089969389957472     14.9241327655563509      -0.0156148318763362      -0.0071369338816164
-1.3089969389957472     15.0495456459391779      -0.0158984777428572      -0.0071256315220437
-1.3089969389957472     15.1749585263220048      -0.0161944638646536      -0.0071169593404686
-1.3089969389957472     15.3003714067048318      -0.0165027522752338      -0.0071118898470766
-1.3089969389957472     15.4257842870876587      -0.0168231224598627      -0.0071113124115809
-1.3089969389957472     15.5511971674704856      -0.0171551929433931      -0.0071159881676887
-1.3089969389957472     15.6766100478533126      -0.0174984525987870      -0.0071265106363785
    
-1.0471975511965979     0.0000000000000000      0.0011938628562428      -0.0581956657502784
-1.0471975511965979     0.1254128803828261      0.0272073361033797      -0.0270484363076331
-1.0471975511965979     0.2508257607656522      0.0193986754936129      -0.0096349555732530
-1.0471975511965979     0.3762386411484783      0.0122152347599641      -0.0043350968400025
-1.0471975511965979     0.5016515215313043      0.0074885327199922      -0.0025762731504610
-1.0471975511965979     0.6270644019141304      0.0042721619202553      -0.0020511740008857
-1.0471975511965979     0.7524772822969564      0.0019727410167785      -0.0020446369546658
-1.0471975511965979     0.8778901626797825      0.0002688511099964      -0.0022841770360285
-1.0471975511965979     1.0033030430626086      -0.0010220696886104      -0.0026465097737725
-1.0471975511965979     1.1287159234454347      -0.0020109573351473      -0.0030676071677095
-1.0471975511965979     1.2541288038282608      -0.0027702029605290      -0.0035102303354391
-1.0471975511965979     1.3795416842110868      -0.0033503312548147      -0.0039509480215448
-1.0471975511965979     1.5049545645939129      -0.0037887785114213      -0.0043743949966381
-1.0471975511965979     1.6303674449767389      -0.0041146037621669      -0.0047704384450526
-1.0471975511965979     1.7557803253595650      -0.0043512722457576      -0.0051326520349743
-1.0471975511965979     1.8811932057423910      -0.0045181639989702      -0.0054574764879947
-1.0471975511965979     2.0066060861252173      -0.0046314661807713      -0.0057435905096350
-1.0471975511965979     2.1320189665080433      -0.0047047152099106      -0.0059914371146065
-1.0471975511965979     2.2574318468908694      -0.0047491393584473      -0.0062028187618191
-1.0471975511965979     2.3828447272736955      -0.0047739009876395      -0.0063805321978514
-1.0471975511965979     2.5082576076565215      -0.0047862941299624      -0.0065280347415746
-1.0471975511965979     2.6336704880393476      -0.0047919307191907      -0.0066491401736001
-1.0471975511965979     2.7590833684221736      -0.0047949328379173      -0.0067477511871812
-1.0471975511965979     2.8844962488049997      -0.0047981360762338      -0.0068276333450320
-1.0471975511965979     3.0099091291878257      -0.0048033042538491      -0.0068922354663469
-1.0471975511965979     3.1353220095706518      -0.0048113501505385      -0.0069445603321642
-1.0471975511965979     3.2607348899534778      -0.0048225542212059      -0.0069870857029054
-1.0471975511965979     3.3861477703363039      -0.0048367734764943      -0.0070217339591055
-1.0471975511965979     3.5115606507191299      -0.0048536312187410      -0.0070498862577139
-1.0471975511965979     3.6369735311019560      -0.0048726805615384      -0.0070724339940700
-1.0471975511965979     3.7623864114847820      -0.0048935358421221      -0.0070898598897132
-1.0471975511965979     3.8877992918676081      -0.0049159679584328      -0.0071023389300004
-1.0471975511965979     4.0132121722504346      -0.0049399625234866      -0.0071098493771382
-1.0471975511965979     4.1386250526332606      -0.0049657418800258      -0.0071122843109253
-1.0471975511965979     4.2640379330160867      -0.0049937540250400      -0.0071095551058132
-1.0471975511965979     4.3894508133989127      -0.0050246333963865      -0.0071016787701790
-1.0471975511965979     4.5148636937817388      -0.0050591411766109      -0.0070888441319008
-1.0471975511965979     4.6402765741645648      -0.0050980911639482      -0.0070714534011128
-1.0471975511965979     4.7656894545473909      -0.0051422698885159      -0.0070501368608824
-1.0471975511965979     4.8911023349302170      -0.0051923584748748      -0.0070257418109496
-1.0471975511965979     5.0165152153130430      -0.0052488643004418      -0.0069992975898228
-1.0471975511965979     5.1419280956958691      -0.0053120663355095      -0.0069719649329640
-1.0471975511965979     5.2673409760786951      -0.0053819776684833      -0.0069449672451098
-1.0471975511965979     5.3927538564615212      -0.0054583322209635      -0.0069195167776406
-1.0471975511965979     5.5181667368443472      -0.0055405924408944      -0.0068967392603807
-1.0471975511965979     5.6435796172271733      -0.0056279797113729      -0.0068776069845570
-1.0471975511965979     5.7689924976099993      -0.0057195113488826      -0.0068628794141864
-1.0471975511965979     5.8944053779928254      -0.0058140743710929      -0.0068530501584812
-1.0471975511965979     6.0198182583756514      -0.0059104929811842      -0.0068483375511318
-1.0471975511965979     6.1452311387584775      -0.0060075943597456      -0.0068486825581110
-1.0471975511965979     6.2706440191413035      -0.0061042469480273      -0.0068537304238415
-1.0471975511965979     6.3960568995241296      -0.0061995291798310      -0.0068628527733218
-1.0471975511965979     6.5214697799069556      -0.0062927057952501      -0.0068752896554098
-1.0471975511965979     6.6468826602897817      -0.0063832488245623      -0.0068901273399420
-1.0471975511965979     6.7722955406726077      -0.0064708965914702      -0.0069063751289836
-1.0471975511965979     6.8977084210554338      -0.0065556464271277      -0.0069230466532482
-1.0471975511965979     7.0231213014382599      -0.0066377284673762      -0.0069392171583530
-1.0471975511965979     7.1485341818210859      -0.0067176020285468      -0.0069540631984883
-1.0471975511965979     7.2739470622039120      -0.0067958979452130      -0.0069669662483281
-1.0471975511965979     7.3993599425867380      -0.0068733370756063      -0.0069774901317796
-1.0471975511965979     7.5247728229695641      -0.0069507030031289      -0.0069854078798999
-1.0471975511965979     7.6501857033523901      -0.0070287748549841      -0.0069907069079393
-1.0471975511965979     7.7755985837352162      -0.0071082686145597      -0.0069935676348552
-1.0471975511965979     7.9010114641180422      -0.0071898004029628      -0.0069943368089064
-1.0471975511965979     8.0264243445008692      -0.0072738278398096      -0.0069934820424699
-1.0471975511965979     8.1518372248836961      -0.0073606705284214      -0.0069915409811096
-1.0471975511965979     8.2772501052665231      -0.0074504540768015      -0.0069890971191162
-1.0471975511965979     8.4026629856493500      -0.0075431333488912      -0.0069866929598974
-1.0471975511965979     8.5280758660321769      -0.0076385187133996      -0.0069847903869790
-1.0471975511965979     8.6534887464150039      -0.0077363250984417      -0.0069837545310236
-1.0471975511965979     8.7789016267978308      -0.0078361683923000      -0.0069838271459334
-1.0471975511965979     8.9043145071806578      -0.0079376345722731      -0.0069850914193546
-1.0471975511965979     9.0297273875634847      -0.0080403245527190      -0.0069874864081971
-1.0471975511965979     9.1551402679463116      -0.0081438930543052      -0.0069908187530378
-1.0471975511965979     9.2805531483291386      -0.0082480846860073      -0.0069947858423439
-1.0471975511965979     9.4059660287119655      -0.0083527609956578      -0.0069990087313975
-1.0471975511965979     9.5313789090947925      -0.0084579167691400      -0.0070030704120826
-1.0471975511965979     9.6567917894776194      -0.0085636845402900      -0.0070065571862356
-1.0471975511965979     9.7822046698604463      -0.0086703268402455      -0.0070090989111622
-1.0471975511965979     9.9076175502432733      -0.0087782174413368      -0.0070104050054590
-1.0471975511965979     10.0330304306261002      -0.0088878131305430      -0.0070102933613791
-1.0471975511965979     10.1584433110089272      -0.0089996185174560      -0.0070087096611429
-1.0471975511965979     10.2838561913917541      -0.0091141470854555      -0.0070057357819281
-1.0471975511965979     10.4092690717745811      -0.0092318814558893      -0.0070015867456839
-1.0471975511965979     10.5346819521574080      -0.0093532362999141      -0.0069965963568729
-1.0471975511965979     10.6600948325402349      -0.0094785269378386      -0.0069911930046429
-1.0471975511965979     10.7855077129230619      -0.0096079459879244      -0.0069858675162458
-1.0471975511965979     10.9109205933058888      -0.0097415501072424      -0.0069811356421741
-1.0471975511965979     11.0363334736887158      -0.0098792577952561      -0.0069774983539759
-1.0471975511965979     11.1617463540715427      -0.0100208583763198      -0.0069754029851767
-1.0471975511965979     11.2871592344543696      -0.0101660315530559      -0.0069752083542345
-1.0471975511965979     11.4125721148371966      -0.0103143759001888      -0.0069771566646627
-1.0471975511965979     11.5379849952200235      -0.0104654440649930      -0.0069813543132173
-1.0471975511965979     11.6633978756028505      -0.0106187819831709      -0.0069877631345347
-1.0471975511965979     11.7888107559856774      -0.0107739690003222      -0.0069962027770824
-1.0471975511965979     11.9142236363685043      -0.0109306558223202      -0.0070063639408684
-1.0471975511965979     12.0396365167513313      -0.0110885974225348      -0.0070178315055275
-1.0471975511965979     12.1650493971341582      -0.0112476783316146      -0.0070301157418519
-1.0471975511965979     12.2904622775169852      -0.0114079284378797      -0.0070426891457635
-1.0471975511965979     12.4158751578998121      -0.0115695281489696      -0.0070550261286039
-1.0471975511965979     12.5412880382826391      -0.0117328024971920      -0.0070666424945823
-1.0471975511965979     12.6667009186654660      -0.0118982047644223      -0.0070771316618739
-1.0471975511965979     12.7921137990482929      -0.0120662908944621      -0.0070861949437876
-1.0471975511965979     12.9175266794311199      -0.0122376866791865      -0.0070936635467038
-1.0471975511965979     13.0429395598139468      -0.0124130503142137      -0.0070995106640020
-1.0471975511965979     13.1683524401967738      -0.0125930331638953      -0.0071038528062254
-1.0471975511965979     13.2937653205796007      -0.0127782417555628      -0.0071069402537102
-1.0471975511965979     13.4191782009624276      -0.0129692039537743      -0.0071091374284192
-1.0471975511965979     13.5445910813452546      -0.0131663418382746      -0.0071108946989626
-1.0471975511965979     13.6700039617280815      -0.0133699534219195      -0.0071127137757549
-1.0471975511965979     13.7954168421109085      -0.0135802045119024      -0.0071151093361179
-1.0471975511965979     13.9208297224937354      -0.0137971314542094      -0.0071185697449876
-1.0471975511965979     14.0462426028765623      -0.0140206545082085      -0.0071235198981651
-1.0471975511965979     14.1716554832593893      -0.0142506008628796      -0.0071302889463767
-1.0471975511965979     14.2970683636422162      -0.0144867357188026      -0.0071390851500801
-1.0471975511965979     14.4224812440250432      -0.0147287991105524      -0.0071499803998253
-1.0471975511965979     14.5478941244078701      -0.0149765452446856      -0.0071629044171170
-1.0471975511965979     14.6733070047906971      -0.0152297826184451      -0.0071776499302776
-1.0471975511965979     14.7987198851735240      -0.0154884108775882      -0.0071938882350291
-1.0471975511965979     14.9241327655563509      -0.0157524520530367      -0.0072111933161032
-1.0471975511965979     15.0495456459391779      -0.0160220761077160      -0.0072290732088328
-1.0471975511965979     15.1749585263220048      -0.0162976140908224      -0.0072470089833146
-1.0471975511965979     15.3003714067048318      -0.0165795619268275      -0.0072644908500509
-1.0471975511965979     15.4257842870876587      -0.0168685758606098      -0.0072810563637784
-1.0471975511965979     15.5511971674704856      -0.0171654566296185      -0.0072963257640521
-1.0471975511965979     15.6766100478533126      -0.0174711237762789      -0.0073100276475741
    
-0.7853981633974483     0.0000000000000000      0.0042623930697116      -0.0037999335275233
-0.7853981633974483     0.1254128803828261      -0.0018435365062197      -0.0012145147521726
-0.7853981633974483     0.2508257607656522      -0.0042608252010327      -0.0033039285652122
-0.7853981633974483     0.3762386411484783      -0.0047937175987972      -0.0047475030621107
-0.7853981633974483     0.5016515215313043      -0.0048669311801956      -0.0056410355205642
-0.7853981633974483     0.6270644019141304      -0.0048003723940607      -0.0062332887803440
-0.7853981633974483     0.7524772822969564      -0.0046812607855093      -0.0066462794176863
-0.7853981633974483     0.8778901626797825      -0.0045407771795544      -0.0069401319676508
-0.7853981633974483     1.0033030430626086      -0.0043930676368074      -0.0071473828223469
-0.7853981633974483     1.1287159234454347      -0.0042465882853694      -0.0072871416377892
-0.7853981633974483     1.2541288038282608      -0.0041075590693785      -0.0073720767295319
-0.7853981633974483     1.3795416842110868      -0.0039809993450565      -0.0074116100401013
-0.7853981633974483     1.5049545645939129      -0.0038710755032386      -0.0074134798104866
-0.7853981633974483     1.6303674449767389      -0.0037811987318102      -0.0073846275487507
-0.7853981633974483     1.7557803253595650      -0.0037139058542336      -0.0073315499880183
-0.7853981633974483     1.8811932057423910      -0.0036708707409978      -0.0072604374843305
-0.7853981633974483     2.0066060861252173      -0.0036528643940227      -0.0071772132313586
-0.7853981633974483     2.1320189665080433      -0.0036597494259821      -0.0070874734058600
-0.7853981633974483     2.2574318468908694      -0.0036905149193407      -0.0069963867581145
-0.7853981633974483     2.3828447272736955      -0.0037433502477981      -0.0069085805404970
-0.7853981633974483     2.5082576076565215      -0.0038157513718529      -0.0068280307920872
-0.7853981633974483     2.6336704880393476      -0.0039046566108253      -0.0067579675292637
-0.7853981633974483     2.7590833684221736      -0.0040066044664725      -0.0067008071373417
-0.7853981633974483     2.8844962488049997      -0.0041179038063995      -0.0066581161357052
-0.7853981633974483     3.0099091291878257      -0.0042348095049048      -0.0066306099913910
-0.7853981633974483     3.1353220095706518      -0.0043536931787583      -0.0066181884245383
-0.7853981633974483     3.2607348899534778      -0.0044712007826990      -0.0066200040726872
-0.7853981633974483     3.3861477703363039      -0.0045843901363244      -0.0066345614500628
-0.7853981633974483     3.5115606507191299      -0.0046908415232176      -0.0066598406071789
-0.7853981633974483     3.6369735311019560      -0.0047887369951691      -0.0066934382658583
-0.7853981633974483     3.7623864114847820      -0.0048769057847753      -0.0067327191088571
-0.7853981633974483     3.8877992918676081      -0.0049548346827335      -0.0067749691499745
-0.7853981633974483     4.0132121722504346      -0.0050226446478023      -0.0068175431466762
-0.7853981633974483     4.1386250526332606      -0.0050810365848874      -0.0068579990131315
-0.7853981633974483     4.2640379330160867      -0.0051312104232409      -0.0068942130230220
-0.7853981633974483     4.3894508133989127      -0.0051747630697432      -0.0069244701860680
-0.7853981633974483     4.5148636937817388      -0.0052135727871120      -0.0069475270442909
-0.7853981633974483     4.6402765741645648      -0.0052496755179447      -0.0069626451043587
-0.7853981633974483     4.7656894545473909      -0.0052851412476441      -0.0069695941991792
-0.7853981633974483     4.8911023349302170      -0.0053219567015956      -0.0069686278447035
-0.7853981633974483     5.0165152153130430      -0.0053619217491720      -0.0069604326493986
-0.7853981633974483     5.1419280956958691      -0.0054065625558582      -0.0069460606016752
-0.7853981633974483     5.2673409760786951      -0.0054570640632299      -0.0069268406878269
-0.7853981633974483     5.3927538564615212      -0.0055142303588877      -0.0069042833944883
-0.7853981633974483     5.5181667368443472      -0.0055784672870418      -0.0068799819122666
-0.7853981633974483     5.6435796172271733      -0.0056497902724887      -0.0068555171394966
-0.7853981633974483     5.7689924976099993      -0.0057278441891849      -0.0068323679088348
-0.7853981633974483     5.8944053779928254      -0.0058119604523830      -0.0068118250308059
-0.7853981633974483     6.0198182583756514      -0.0059012156801326      -0.0067949384528316
-0.7853981633974483     6.1452311387584775      -0.0059945054594656      -0.0067824565972843
-0.7853981633974483     6.2706440191413035      -0.0060906733517402      -0.0067748439680267
-0.7853981633974483     6.3960568995241296      -0.0061884480723230      -0.0067722848447310
-0.7853981633974483     6.5214697799069556      -0.0062866474564670      -0.0067745962755978
-0.7853981633974483     6.6468826602897817      -0.0063842118999106      -0.0067813597615822
-0.7853981633974483     6.7722955406726077      -0.0064802447161491      -0.0067919331787436
-0.7853981633974483     6.8977084210554338      -0.0065740585038615      -0.0068055043717094
-0.7853981633974483     7.0231213014382599      -0.0066651943372899      -0.0068211516035847
-0.7853981633974483     7.1485341818210859      -0.0067534516865068      -0.0068378866288564
-0.7853981633974483     7.2739470622039120      -0.0068388730833217      -0.0068547685399740
-0.7853981633974483     7.3993599425867380      -0.0069216993547674      -0.0068709051682518
-0.7853981633974483     7.5247728229695641      -0.0070023701848566      -0.0068855125783557
-0.7853981633974483     7.6501857033523901      -0.0070814762511856      -0.0068979558456776
-0.7853981633974483     7.7755985837352162      -0.0071597127435271      -0.0069077680307440
-0.7853981633974483     7.9010114641180422      -0.0072378433315583      -0.0069146671701470
-0.7853981633974483     8.0264243445008692      -0.0073166302649740      -0.0069185524038402
-0.7853981633974483     8.1518372248836961      -0.0073968370110829      -0.0069194886629631
-0.7853981633974483     8.2772501052665231      -0.0074791422814567      -0.0069177192025541
-0.7853981633974483     8.4026629856493500      -0.0075641265961259      -0.0069135986553552
-0.7853981633974483     8.5280758660321769      -0.0076522567379408      -0.0069075708589761
-0.7853981633974483     8.6534887464150039      -0.0077438920870546      -0.0069001489743348
-0.7853981633974483     8.7789016267978308      -0.0078392407083503      -0.0068918896932205
-0.7853981633974483     8.9043145071806578      -0.0079383841536474      -0.0068833352214034
-0.7853981633974483     9.0297273875634847      -0.0080412903591346      -0.0068750002488367
-0.7853981633974483     9.1551402679463116      -0.0081478261061359      -0.0068673482400025
-0.7853981633974483     9.2805531483291386      -0.0082577766281002      -0.0068607732367280
-0.7853981633974483     9.4059660287119655      -0.0083708671794343      -0.0068555885320362
-0.7853981633974483     9.5313789090947925      -0.0084867850937377      -0.0068520206464887
-0.7853981633974483     9.6567917894776194      -0.0086052009857349      -0.0068502091519401
-0.7853981633974483     9.7822046698604463      -0.0087257875817473      -0.0068502107578762
-0.7853981633974483     9.9076175502432733      -0.0088482358274039      -0.0068520069004541
-0.7853981633974483     10.0330304306261002      -0.0089722675077980      -0.0068555138474422
-0.7853981633974483     10.1584433110089272      -0.0090976442883894      -0.0068605939037231
-0.7853981633974483     10.2838561913917541      -0.0092241736621956      -0.0068670669565592
-0.7853981633974483     10.4092690717745811      -0.0093517118330751      -0.0068747216262212
-0.7853981633974483     10.5346819521574080      -0.0094801643189380      -0.0068833251044058
-0.7853981633974483     10.6600948325402349      -0.0096094850528513      -0.0068926316612718
-0.7853981633974483     10.7855077129230619      -0.0097396743759816      -0.0069023895867452
-0.7853981633974483     10.9109205933058888      -0.0098707767852185      -0.0069123465747852
-0.7853981633974483     11.0363334736887158      -0.0100028788550178      -0.0069222540708165
-0.7853981633974483     11.1617463540715427      -0.0101361075441005      -0.0069318708442176
-0.7853981633974483     11.2871592344543696      -0.0102706291405751      -0.0069409662795652
-0.7853981633974483     11.4125721148371966      -0.0104066486811297      -0.0069493239287101
-0.7853981633974483     11.5379849952200235      -0.0105444095621002      -0.0069567456108237
-0.7853981633974483     11.6633978756028505      -0.0106841930057651      -0.0069630563208923
-0.7853981633974483     11.7888107559856774      -0.0108263168596510      -0.0069681100404710
-0.7853981633974483     11.9142236363685043      -0.0109711332305702      -0.0069717962703428
-0.7853981633974483     12.0396365167513313      -0.0111190245473463      -0.0069740469967933
-0.7853981633974483     12.1650493971341582      -0.0112703976825121      -0.0069748436052254
-0.7853981633974483     12.2904622775169852      -0.0114256759623462      -0.0069742230971074
-0.7853981633974483     12.4158751578998121      -0.0115852891314653      -0.0069722829411020
-0.7853981633974483     12.5412880382826391      -0.0117496614951299      -0.0069691838858308
-0.7853981633974483     12.6667009186654660      -0.0119191987202467      -0.0069651500520621
-0.7853981633974483     12.7921137990482929      -0.0120942739965661      -0.0069604658574706
-0.7853981633974483     12.9175266794311199      -0.0122752143479550      -0.0069554694564470
-0.7853981633974483     13.0429395598139468      -0.0124622880593891      -0.0069505425896114
-0.7853981633974483     13.1683524401967738      -0.0126556941831082      -0.0069460970706989
-0.7853981633974483     13.2937653205796007      -0.0128555550013659      -0.0069425583517795
-0.7853981633974483     13.4191782009624276      -0.0130619123185688      -0.0069403468571310
-0.7853981633974483     13.5445910813452546      -0.0132747281225829      -0.0069398580526176
-0.7853981633974483     13.6700039617280815      -0.0134938900476188      -0.0069414423155784
-0.7853981633974483     13.7954168421109085      -0.0137192215669746      -0.0069453858021528
-0.7853981633974483     13.9208297224937354      -0.0139504968700115      -0.0069518934076212
-0.7853981633974483     14.0462426028765623      -0.0141874597702084      -0.0069610750328250
-0.7853981633974483     14.1716554832593893      -0.0144298458169255      -0.0069729361149939
-0.7853981633974483     14.2970683636422162      -0.0146774067700421      -0.0069873727662338
-0.7853981633974483     14.4224812440250432      -0.0149299362184409      -0.0070041734166512
-0.7853981633974483     14.5478941244078701      -0.0151872937993158      -0.0070230247876374
-0.7853981633974483     14.6733070047906971      -0.0154494291237722      -0.0070435236522630
-0.7853981633974483     14.7987198851735240      -0.0157164021125694      -0.0070651937386317
-0.7853981633974483     14.9241327655563509      -0.0159883987741756      -0.0070875058351689
-0.7853981633974483     15.0495456459391779      -0.0162657462986723      -0.0071099004584230
-0.7853981633974483     15.1749585263220048      -0.0165489164142943      -0.0071318182753647
-0.7853981633974483     15.3003714067048318      -0.0168385259560960      -0.0071527203577166
-0.7853981633974483     15.4257842870876587      -0.0171353346260135      -0.0071721153318112
-0.7853981633974483     15.5511971674704856      -0.0174402338539074      -0.0071895827331937
-0.7853981633974483     15.6766100478533126      -0.0177542326042056      -0.0072047862870508
    
-0.5235987755982987     0.0000000000000000      -0.0208003198774477      -0.0069535125234447
-0.5235987755982987     0.1254128803828261      -0.0104374148033307      -0.0175456860282570
-0.5235987755982987     0.2508257607656522      -0.0037423843280032      -0.0152067348563663
-0.5235987755982987     0.3762386411484783      -0.0015405689391382      -0.0125899064944990
-0.5235987755982987     0.5016515215313043      -0.0007773392665463      -0.0107251078077906
-0.5235987755982987     0.6270644019141304      -0.0005702228816060      -0.0093702383152269
-0.5235987755982987     0.7524772822969564      -0.0006310405476898      -0.0083467149273918
-0.5235987755982987     0.8778901626797825      -0.0008419058755299      -0.0075560376747554
-0.5235987755982987     1.0033030430626086      -0.0011444872325834      -0.0069426799861010
-0.5235987755982987     1.1287159234454347      -0.0015037236759241      -0.0064739063577833
-0.5235987755982987     1.2541288038282608      -0.0018949492335232      -0.0061282009022974
-0.5235987755982987     1.3795416842110868      -0.0022990164199475      -0.0058896176703069
-0.5235987755982987     1.5049545645939129      -0.0027002047659868      -0.0057449041894633
-0.5235987755982987     1.6303674449767389      -0.0030853000374264      -0.0056817075289588
-0.5235987755982987     1.7557803253595650      -0.0034435743786354      -0.0056879195617926
-0.5235987755982987     1.8811932057423910      -0.0037665533806966      -0.0057514215847640
-0.5235987755982987     2.0066060861252173      -0.0040480541807248      -0.0058600130377671
-0.5235987755982987     2.1320189665080433      -0.0042841986929107      -0.0060015798103796
-0.5235987755982987     2.2574318468908694      -0.0044733668027255      -0.0061643596543708
-0.5235987755982987     2.3828447272736955      -0.0046160779484671      -0.0063372531095703
-0.5235987755982987     2.5082576076565215      -0.0047147995723365      -0.0065101364661375
-0.5235987755982987     2.6336704880393476      -0.0047736866334903      -0.0066741500144515
-0.5235987755982987     2.7590833684221736      -0.0047982622051568      -0.0068219353060697
-0.5235987755982987     2.8844962488049997      -0.0047950558725126      -0.0069478052973214
-0.5235987755982987     3.0099091291878257      -0.0047712178524965      -0.0070478368266892
-0.5235987755982987     3.1353220095706518      -0.0047341287817084      -0.0071198809083860
-0.5235987755982987     3.2607348899534778      -0.0046910245837854      -0.0071634920766188
-0.5235987755982987     3.3861477703363039      -0.0046486546606849      -0.0071797827974168
-0.5235987755982987     3.5115606507191299      -0.0046129890649944      -0.0071712134936150
-0.5235987755982987     3.6369735311019560      -0.0045889871284164      -0.0071413318733902
-0.5235987755982987     3.7623864114847820      -0.0045804359808380      -0.0070944778456941
-0.5235987755982987     3.8877992918676081      -0.0045898632865784      -0.0070354712913142
-0.5235987755982987     4.0132121722504346      -0.0046185241296221      -0.0069693004752140
-0.5235987755982987     4.1386250526332606      -0.0046664577753431      -0.0069008277359728
-0.5235987755982987     4.2640379330160867      -0.0047326063953141      -0.0068345274121899
-0.5235987755982987     4.3894508133989127      -0.0048149845828303      -0.0067742678657633
-0.5235987755982987     4.5148636937817388      -0.0049108871929472      -0.0067231470669381
-0.5235987755982987     4.6402765741645648      -0.0050171196984037      -0.0066833870861320
-0.5235987755982987     4.7656894545473909      -0.0051302367911436      -0.0066562887162167
-0.5235987755982987     4.8911023349302170      -0.0052467741909351      -0.0066422444205692
-0.5235987755982987     5.0165152153130430      -0.0053634619870890      -0.0066408033595779
-0.5235987755982987     5.1419280956958691      -0.0054774062036948      -0.0066507850491290
-0.5235987755982987     5.2673409760786951      -0.0055862288617688      -0.0066704221745243
-0.5235987755982987     5.3927538564615212      -0.0056881677443706      -0.0066975289192985
-0.5235987755982987     5.5181667368443472      -0.0057821263682271      -0.0067296804942153
-0.5235987755982987     5.6435796172271733      -0.0058676787240811      -0.0067643923912367
-0.5235987755982987     5.7689924976099993      -0.0059450217039675      -0.0067992849590276
-0.5235987755982987     5.8944053779928254      -0.0060149082161772      -0.0068322175363560
-0.5235987755982987     6.0198182583756514      -0.0060785390396868      -0.0068614091561168
-0.5235987755982987     6.1452311387584775      -0.0061374412784445      -0.0068854973837085
-0.5235987755982987     6.2706440191413035      -0.0061933969609923      -0.0069036316670090
-0.5235987755982987     6.3960568995241296      -0.0062481360734310      -0.0069154895546316
-0.5235987755982987     6.5214697799069556      -0.0063033692042531      -0.0069211219690578
-0.5235987755982987     6.6468826602897817      -0.0063606456334172      -0.0069210223621049
-0.5235987755982987     6.7722955406726077      -0.0064212472640986      -0.0069160105196239
-0.5235987755982987     6.8977084210554338      -0.0064861382055799      -0.0069071373691696
-0.5235987755982987     7.0231213014382599      -0.0065559292918343      -0.0068955864789237
-0.5235987755982987     7.1485341818210859      -0.0066308953334277      -0.0068825559409528
-0.5235987755982987     7.2739470622039120      -0.0067109890681371      -0.0068692203665803
-0.5235987755982987     7.3993599425867380      -0.0067958605944909      -0.0068566001790877
-0.5235987755982987     7.5247728229695641      -0.0068849495359339      -0.0068455154709590
-0.5235987755982987     7.6501857033523901      -0.0069775476973130      -0.0068365522022525
-0.5235987755982987     7.7755985837352162      -0.0070728729170278      -0.0068300403512124
-0.5235987755982987     7.9010114641180422      -0.0071701535379085      -0.0068260637031636
-0.5235987755982987     8.0264243445008692      -0.0072686718282652      -0.0068244798633624
-0.5235987755982987     8.1518372248836961      -0.0073678604001595      -0.0068249570889283
-0.5235987755982987     8.2772501052665231      -0.0074672943389188      -0.0068270523343822
-0.5235987755982987     8.4026629856493500      -0.0075667287717165      -0.0068302328155319
-0.5235987755982987     8.5280758660321769      -0.0076661089859843      -0.0068339397262935
-0.5235987755982987     8.6534887464150039      -0.0077655754222287      -0.0068376632146928
-0.5235987755982987     8.7789016267978308      -0.0078653945278188      -0.0068409882494778
-0.5235987755982987     8.9043145071806578      -0.0079659452803475      -0.0068436082316016
-0.5235987755982987     9.0297273875634847      -0.0080676739615306      -0.0068453607636711
-0.5235987755982987     9.1551402679463116      -0.0081710429461283      -0.0068462336903042
-0.5235987755982987     9.2805531483291386      -0.0082764843611043      -0.0068463569724008
-0.5235987755982987     9.4059660287119655      -0.0083843590734914      -0.0068459825759631
-0.5235987755982987     9.5313789090947925      -0.0084949245239360      -0.0068454532596379
-0.5235987755982987     9.6567917894776194      -0.0086083139341123      -0.0068451645992080
-0.5235987755982987     9.7822046698604463      -0.0087245277296408      -0.0068455231997496
-0.5235987755982987     9.9076175502432733      -0.0088434378231382      -0.0068469049640994
-0.5235987755982987     10.0330304306261002      -0.0089648037879032      -0.0068496171940238
-0.5235987755982987     10.1584433110089272      -0.0090882990346888      -0.0068538674452011
-0.5235987755982987     10.2838561913917541      -0.0092135447352700      -0.0068597416908412
-0.5235987755982987     10.4092690717745811      -0.0093401481073253      -0.0068671935286156
-0.5235987755982987     10.5346819521574080      -0.0094677418188995      -0.0068760447963302
-0.5235987755982987     10.6600948325402349      -0.0095960212722301      -0.0068859974870627
-0.5235987755982987     10.7855077129230619      -0.0097247765123610      -0.0068966556118657
-0.5235987755982987     10.9109205933058888      -0.0098539164455727      -0.0069075548851162
-0.5235987755982987     11.0363334736887158      -0.0099834835066142      -0.0069181977835674
-0.5235987755982987     11.1617463540715427      -0.0101136577815989      -0.0069280908460073
-0.5235987755982987     11.2871592344543696      -0.0102447506160209      -0.0069367812213364
-0.5235987755982987     11.4125721148371966      -0.0103771884244235      -0.0069438895462559
-0.5235987755982987     11.5379849952200235      -0.0105114883261937      -0.0069491366001841
-0.5235987755982987     11.6633978756028505      -0.0106482277719937      -0.0069523618242279
-0.5235987755982987     11.7888107559856774      -0.0107880107898260      -0.0069535324575372
-0.5235987755982987     11.9142236363685043      -0.0109314336633401      -0.0069527429195396
-0.5235987755982987     12.0396365167513313      -0.0110790527687275      -0.0069502048168547
-0.5235987755982987     12.1650493971341582      -0.0112313571181007      -0.0069462287197069
-0.5235987755982987     12.2904622775169852      -0.0113887475744707      -0.0069411995604522
-0.5235987755982987     12.4158751578998121      -0.0115515241461626      -0.0069355478386403
-0.5235987755982987     12.5412880382826391      -0.0117198820730941      -0.0069297192303083
-0.5235987755982987     12.6667009186654660      -0.0118939165400790      -0.0069241451442880
-0.5235987755982987     12.7921137990482929      -0.0120736352633735      -0.0069192166088297
-0.5235987755982987     12.9175266794311199      -0.0122589774424728      -0.0069152635741235
-0.5235987755982987     13.0429395598139468      -0.0124498371125188      -0.0069125410126799
-0.5235987755982987     13.1683524401967738      -0.0126460886625560      -0.0069112227274444
-0.5235987755982987     13.2937653205796007      -0.0128476120461904      -0.0069114029562309
-0.5235987755982987     13.4191782009624276      -0.0130543154512137      -0.0069131051215254
-0.5235987755982987     13.5445910813452546      -0.0132661534372071      -0.0069162965959438
-0.5235987755982987     13.6700039617280815      -0.0134831387949135      -0.0069209074964021
-0.5235987755982987     13.7954168421109085      -0.0137053478314035      -0.0069268514442348
-0.5235987755982987     13.9208297224937354      -0.0139329181324587      -0.0069340462550289
-0.5235987755982987     14.0462426028765623      -0.0141660397320743      -0.0069424317405987
-0.5235987755982987     14.1716554832593893      -0.0144049410170282      -0.0069519830217435
-0.5235987755982987     14.2970683636422162      -0.0146498702522578      -0.0069627183711690
-0.5235987755982987     14.4224812440250432      -0.0149010753145645      -0.0069746973370754
-0.5235987755982987     14.5478941244078701      -0.0151587865803948      -0.0069880142046582
-0.5235987755982987     14.6733070047906971      -0.0154231999202561      -0.0070027833030977
-0.5235987755982987     14.7987198851735240      -0.0156944670050352      -0.0070191176026120
-0.5235987755982987     14.9241327655563509      -0.0159726941653173      -0.0070371051740910
-0.5235987755982987     15.0495456459391779      -0.0162579410093351      -0.0070567843952612
-0.5235987755982987     15.1749585263220048      -0.0165502422173521      -0.0070781071030782
-0.5235987755982987     15.3003714067048318      -0.0168496323057187      -0.0071009280097099
-0.5235987755982987     15.4257842870876587      -0.0171561729567841      -0.0071249834250265
-0.5235987755982987     15.5511971674704856      -0.0174699950164376      -0.0071498822115082
-0.5235987755982987     15.6766100478533126      -0.0177913416447225      -0.0071751214859749
    
-0.2617993877991496     0.0000000000000000      -0.0042362911205371      -0.0002652141467222
-0.2617993877991496     0.1254128803828261      -0.0075368635400718      -0.0049339403389097
-0.2617993877991496     0.2508257607656522      -0.0062274084506476      -0.0072972270036266
-0.2617993877991496     0.3762386411484783      -0.0051358040304802      -0.0079498912044056
-0.2617993877991496     0.5016515215313043      -0.0044317701143808      -0.0081166220381398
-0.2617993877991496     0.6270644019141304      -0.0039604236704640      -0.0081130967781233
-0.2617993877991496     0.7524772822969564      -0.0036326457400397      -0.0080349732197624
-0.2617993877991496     0.8778901626797825      -0.0034027362658834      -0.0079188810548501
-0.2617993877991496     1.0033030430626086      -0.0032449742607871      -0.0077828659433915
-0.2617993877991496     1.1287159234454347      -0.0031438728250389      -0.0076370304984361
-0.2617993877991496     1.2541288038282608      -0.0030893424650447      -0.0074882612031403
-0.2617993877991496     1.3795416842110868      -0.0030740223818340      -0.0073417849397873
-0.2617993877991496     1.5049545645939129      -0.0030920717947412      -0.0072016136736561
-0.2617993877991496     1.6303674449767389      -0.0031386261952093      -0.0070711987885385
-0.2617993877991496     1.7557803253595650      -0.0032090273233264      -0.0069532749864899
-0.2617993877991496     1.8811932057423910      -0.0032989646043471      -0.0068498610319343
-0.2617993877991496     2.0066060861252173      -0.0034043496908528      -0.0067623778320184
-0.2617993877991496     2.1320189665080433      -0.0035212897448224      -0.0066916590656970
-0.2617993877991496     2.2574318468908694      -0.0036461083027250      -0.0066379774905858
-0.2617993877991496     2.3828447272736955      -0.0037753852878573      -0.0066010810492352
-0.2617993877991496     2.5082576076565215      -0.0039060031095962      -0.0065802447043001
-0.2617993877991496     2.6336704880393476      -0.0040351891931493      -0.0065743303215668
-0.2617993877991496     2.7590833684221736      -0.0041605529710783      -0.0065818543112874
-0.2617993877991496     2.8844962488049997      -0.0042801136874486      -0.0066010612666988
-0.2617993877991496     3.0099091291878257      -0.0043923161436975      -0.0066300005720278
-0.2617993877991496     3.1353220095706518      -0.0044960345524283      -0.0066666024544581
-0.2617993877991496     3.2607348899534778      -0.0045905648741535      -0.0067087519460754
-0.2617993877991496     3.3861477703363039      -0.0046756056422222      -0.0067543582841845
-0.2617993877991496     3.5115606507191299      -0.0047512289840000      -0.0068014174675349
-0.2617993877991496     3.6369735311019560      -0.0048178436097310      -0.0068480671279409
-0.2617993877991496     3.7623864114847820      -0.0048761508246611      -0.0068926325340455
-0.2617993877991496     3.8877992918676081      -0.0049270959770491      -0.0069336626534394
-0.2617993877991496     4.0132121722504346      -0.0049718171260269      -0.0069699568204971
-0.2617993877991496     4.1386250526332606      -0.0050115921435220      -0.0070005815483850
-0.2617993877991496     4.2640379330160867      -0.0050477865200230      -0.0070248779911736
-0.2617993877991496     4.3894508133989127      -0.0050818026207774      -0.0070424607438695
-0.2617993877991496     4.5148636937817388      -0.0051150324045494      -0.0070532086574430
-0.2617993877991496     4.6402765741645648      -0.0051488137937546      -0.0070572488823709
-0.2617993877991496     4.7656894545473909      -0.0051843918699574      -0.0070549347745036
-0.2617993877991496     4.8911023349302170      -0.0052228852022398      -0.0070468185479238
-0.2617993877991496     5.0165152153130430      -0.0052652594771927      -0.0070336191875131
-0.2617993877991496     5.1419280956958691      -0.0053123062404959      -0.0070161910879245
-0.2617993877991496     5.2673409760786951      -0.0053646261920215      -0.0069954857415961
-0.2617993877991496     5.3927538564615212      -0.0054226223916980      -0.0069725148938216
-0.2617993877991496     5.5181667368443472      -0.0054864982762366      -0.0069483135452407
-0.2617993877991496     5.6435796172271733      -0.0055562634839444      -0.0069239063844359
-0.2617993877991496     5.7689924976099993      -0.0056317346781153      -0.0069002733442970
-0.2617993877991496     5.8944053779928254      -0.0057125627006485      -0.0068783090297353
-0.2617993877991496     6.0198182583756514      -0.0057982505161765      -0.0068588089072330
-0.2617993877991496     6.1452311387584775      -0.0058881717807488      -0.0068424452941621
-0.2617993877991496     6.2706440191413035      -0.0059815821053000      -0.0068297310327607
-0.2617993877991496     6.3960568995241296      -0.0060777045187315      -0.0068209994664810
-0.2617993877991496     6.5214697799069556      -0.0061757262949543      -0.0068164518755449
-0.2617993877991496     6.6468826602897817      -0.0062748121767612      -0.0068161116717672
-0.2617993877991496     6.7722955406726077      -0.0063741642513961      -0.0068198314890286
-0.2617993877991496     6.8977084210554338      -0.0064730460826602      -0.0068273149794385
-0.2617993877991496     7.0231213014382599      -0.0065708006785692      -0.0068381274655750
-0.2617993877991496     7.1485341818210859      -0.0066669007264333      -0.0068517002018219
-0.2617993877991496     7.2739470622039120      -0.0067609549320427      -0.0068674136207620
-0.2617993877991496     7.3993599425867380      -0.0068526937746871      -0.0068845727304793
-0.2617993877991496     7.5247728229695641      -0.0069420078637762      -0.0069024498879237
-0.2617993877991496     7.6501857033523901      -0.0070289402005553      -0.0069203224735843
-0.2617993877991496     7.7755985837352162      -0.0071136767606959      -0.0069374987431549
-0.2617993877991496     7.9010114641180422      -0.0071965447965515      -0.0069533499283171
-0.2617993877991496     8.0264243445008692      -0.0072779745838406      -0.0069673311259200
-0.2617993877991496     8.1518372248836961      -0.0073585141859107      -0.0069790029780448
-0.2617993877991496     8.2772501052665231      -0.0074387603105908      -0.0069880636821204
-0.2617993877991496     8.4026629856493500      -0.0075193466688113      -0.0069943305824648
-0.2617993877991496     8.5280758660321769      -0.0076009224981767      -0.0069977407663342
-0.2617993877991496     8.6534887464150039      -0.0076841400521712      -0.0069983813168478
-0.2617993877991496     8.7789016267978308      -0.0077695811282203      -0.0069964616019611
-0.2617993877991496     8.9043145071806578      -0.0078577666661453      -0.0069922856938410
-0.2617993877991496     9.0297273875634847      -0.0079491331943455      -0.0069862457188426
-0.2617993877991496     9.1551402679463116      -0.0080440160799794      -0.0069787972900409
-0.2617993877991496     9.2805531483291386      -0.0081426414244378      -0.0069704337691741
-0.2617993877991496     9.4059660287119655      -0.0082451234599724      -0.0069616607382602
-0.2617993877991496     9.5313789090947925      -0.0083514678829977      -0.0069529703512517
-0.2617993877991496     9.6567917894776194      -0.0084615810163031      -0.0069448182176386
-0.2617993877991496     9.7822046698604463      -0.0085752834618458      -0.0069376034177004
-0.2617993877991496     9.9076175502432733      -0.0086923275944066      -0.0069316525228968
-0.2617993877991496     10.0330304306261002      -0.0088124178634694      -0.0069272084629913
-0.2617993877991496     10.1584433110089272      -0.0089352324399202      -0.0069244246599408
-0.2617993877991496     10.2838561913917541      -0.0090604450513229      -0.0069233643700019
-0.2617993877991496     10.4092690717745811      -0.0091877457401935      -0.0069240051449243
-0.2617993877991496     10.5346819521574080      -0.0093168593395000      -0.0069262478439733
-0.2617993877991496     10.6600948325402349      -0.0094475607110561      -0.0069299294105563
-0.2617993877991496     10.7855077129230619      -0.0095796860180323      -0.0069348384030147
-0.2617993877991496     10.9109205933058888      -0.0097131396006510      -0.0069407322061530
-0.2617993877991496     11.0363334736887158      -0.0098478962174909      -0.0069473547222250
-0.2617993877991496     11.1617463540715427      -0.0099839989143896      -0.0069544533334219
-0.2617993877991496     11.2871592344543696      -0.0101215528728613      -0.0069617942027265
-0.2617993877991496     11.4125721148371966      -0.0102607158787791      -0.0069691748587531
-0.2617993877991496     11.5379849952200235      -0.0104016863992112      -0.0069764334653707
-0.2617993877991496     11.6633978756028505      -0.0105446901215403      -0.0069834543515704
-0.2617993877991496     11.7888107559856774      -0.0106899660968179      -0.0069901695383164
-0.2617993877991496     11.9142236363685043      -0.0108377535624783      -0.0069965565034060
-0.2617993877991496     12.0396365167513313      -0.0109882803061130      -0.0070026325108653
-0.2617993877991496     12.1650493971341582      -0.0111417535098147      -0.0070084460849582
-0.2617993877991496     12.2904622775169852      -0.0112983536295571      -0.0070140665527704
-0.2617993877991496     12.4158751578998121      -0.0114582316471597      -0.0070195724466886
-0.2617993877991496     12.5412880382826391      -0.0116215099333988      -0.0070250398100973
-0.2617993877991496     12.6667009186654660      -0.0117882864518533      -0.0070305314226088
-0.2617993877991496     12.7921137990482929      -0.0119586419461491      -0.0070360877139151
-0.2617993877991496     12.9175266794311199      -0.0121326495618748      -0.0070417202061787
-0.2617993877991496     13.0429395598139468      -0.0123103859727099      -0.0070474080373329
-0.2617993877991496     13.1683524401967738      -0.0124919432193763      -0.0070530977400897
-0.2617993877991496     13.2937653205796007      -0.0126774403187168      -0.0070587065228214
-0.2617993877991496     13.4191782009624276      -0.0128670335802499      -0.0070641287504121
-0.2617993877991496     13.5445910813452546      -0.0130609249125263      -0.0070692450781736
-0.2617993877991496     13.6700039617280815      -0.0132593676095309      -0.0070739339444510
-0.2617993877991496     13.7954168421109085      -0.0134626682846298      -0.0070780843339958
-0.2617993877991496     13.9208297224937354      -0.0136711858086033      -0.0070816085914965
-0.2617993877991496     14.0462426028765623      -0.0138853265105231      -0.0070844550528718
-0.2617993877991496     14.1716554832593893      -0.0141055357373944      -0.0070866189112096
-0.2617993877991496     14.2970683636422162      -0.0143322874411655      -0.0070881496178383
-0.2617993877991496     14.4224812440250432      -0.0145660718490729      -0.0070891587262212
-0.2617993877991496     14.5478941244078701      -0.0148073784722173      -0.0070898198476119
-0.2617993877991496     14.6733070047906971      -0.0150566833305310      -0.0070903661889582
-0.2617993877991496     14.7987198851735240      -0.0153144341804383      -0.0070910851137458
-0.2617993877991496     14.9241327655563509      -0.0155810356745541      -0.0070923058474972
-0.2617993877991496     15.0495456459391779      -0.0158568501453227      -0.0070943829560734
-0.2617993877991496     15.1749585263220048      -0.0161421813936679      -0.0070976958783933
-0.2617993877991496     15.3003714067048318      -0.0164372709467060      -0.0071026133818402
-0.2617993877991496     15.4257842870876587      -0.0167423072924185      -0.0071094812031424
-0.2617993877991496     15.5511971674704856      -0.0170574275536878      -0.0071186055610270
-0.2617993877991496     15.6766100478533126      -0.0173827260784435      -0.0071302164515875
    
0.0000000000000000     0.0000000000000000      0.0026101858960066      -25.1328076817548158
0.0000000000000000     0.1254128803828261      12.4688237346261133      -13.2514644953208194
0.0000000000000000     0.2508257607656522      10.2714062973060809      -5.5535196024854416
0.0000000000000000     0.3762386411484783      7.7781779077459037      -2.8843882606183797
0.0000000000000000     0.5016515215313043      6.1229727570398644      -1.7701331887351210
0.0000000000000000     0.6270644019141304      5.0119050097967532      -1.2161340181539431
0.0000000000000000     0.7524772822969564      4.2286034143990321      -0.9044042745885683
0.0000000000000000     0.8778901626797825      3.6509585447743866      -0.7127944781285455
0.0000000000000000     1.0033030430626086      3.2090008541870376      -0.5870677489580864
0.0000000000000000     1.1287159234454347      2.8606635809794505      -0.5003414966334955
0.0000000000000000     1.2541288038282608      2.5794025582762865      -0.4381123288657198
0.0000000000000000     1.3795416842110868      2.3477362356513605      -0.3920135330764464
0.0000000000000000     1.5049545645939129      2.1537197824230629      -0.3569500238769101
0.0000000000000000     1.6303674449767389      1.9889298703707010      -0.3296793763411601
0.0000000000000000     1.7557803253595650      1.8472647394146133      -0.3080601341809751
0.0000000000000000     1.8811932057423910      1.7241991682794116      -0.2906332047633469
0.0000000000000000     2.0066060861252173      1.6163084043494989      -0.2763780595157774
0.0000000000000000     2.1320189665080433      1.5209541764471513      -0.2645646155664613
0.0000000000000000     2.2574318468908694      1.4360721503167515      -0.2546602925301497
0.0000000000000000     2.3828447272736955      1.3600246747882840      -0.2462699014091402
0.0000000000000000     2.5082576076565215      1.2914966094156330      -0.2390957308828249
0.0000000000000000     2.6336704880393476      1.2294202218112011      -0.2329103977273102
0.0000000000000000     2.7590833684221736      1.1729200964603299      -0.2275379956531962
0.0000000000000000     2.8844962488049997      1.1212720835200922      -0.2228407650991245
0.0000000000000000     3.0099091291878257      1.0738722653931190      -0.2187095217900134
0.0000000000000000     3.1353220095706518      1.0302131882134262      -0.2150566963464781
0.0000000000000000     3.2607348899534778      0.9898654394056996      -0.2118112232189516
0.0000000000000000     3.3861477703363039      0.9524632186799205      -0.2089147622467649
0.0000000000000000     3.5115606507191299      0.9176929317843273      -0.2063188920840326
0.0000000000000000     3.6369735311019560      0.8852841019044370      -0.2039830214783500
0.0000000000000000     3.7623864114847820      0.8550020809897250      -0.2018728329736155
0.0000000000000000     3.8877992918676081      0.8266421726476076      -0.1999591213324426
0.0000000000000000     4.0132121722504346      0.8000248732656908      -0.1982169244313366
0.0000000000000000     4.1386250526332606      0.7749920060671049      -0.1966248667974491
0.0000000000000000     4.2640379330160867      0.7514035706668342      -0.1951646553046582
0.0000000000000000     4.3894508133989127      0.7291351688816285      -0.1938206807535099
0.0000000000000000     4.5148636937817388      0.7080758934285165      -0.1925796897729660
0.0000000000000000     4.6402765741645648      0.6881265884251105      -0.1914305016146670
0.0000000000000000     4.7656894545473909      0.6691984065477987      -0.1903637514410774
0.0000000000000000     4.8911023349302170      0.6512116013385150      -0.1893716481173265
0.0000000000000000     5.0165152153130430      0.6340945025034211      -0.1884477399509254
0.0000000000000000     5.1419280956958691      0.6177826358180800      -0.1875866905023716
0.0000000000000000     5.2673409760786951      0.6022179555142260      -0.1867840573866249
0.0000000000000000     5.3927538564615212      0.5873481593589621      -0.1860360844464304
0.0000000000000000     5.5181667368443472      0.5731260711606875      -0.1853395090871946
0.0000000000000000     5.6435796172271733      0.5595090744479384      -0.1846913940302365
0.0000000000000000     5.7689924976099993      0.5464586024534589      -0.1840889817558503
0.0000000000000000     5.8944053779928254      0.5339396443382813      -0.1835295696122315
0.0000000000000000     6.0198182583756514      0.5219203043900624      -0.1830104452519758
0.0000000000000000     6.1452311387584775      0.5103714089843994      -0.1825288491171908
0.0000000000000000     6.2706440191413035      0.4992662100592729      -0.1820818933582281
0.0000000000000000     6.3960568995241296      0.4885798556271655      -0.1816665546124478
0.0000000000000000     6.5214697799069556      0.4782892707109573      -0.1812798839155568
0.0000000000000000     6.6468826602897817      0.4683729298208437      -0.1809189037976898
0.0000000000000000     6.7722955406726077      0.4588106033823361      -0.1805807022285590
0.0000000000000000     6.8977084210554338      0.4495832219747621      -0.1802625221440122
0.0000000000000000     7.0231213014382599      0.4406727764496919      -0.1799618186483550
0.0000000000000000     7.1485341818210859      0.4320622091723792      -0.1796763023364656
0.0000000000000000     7.2739470622039120      0.4237353801998099      -0.1794040454518213
0.0000000000000000     7.3993599425867380      0.4156770703434574      -0.1791434566134372
0.0000000000000000     7.5247728229695641      0.4078729395872044      -0.1788933006540492
0.0000000000000000     7.6501857033523901      0.4003095336128789      -0.1786526943443803
0.0000000000000000     7.7755985837352162      0.3929742889624726      -0.1784210711225882
0.0000000000000000     7.9010114641180422      0.3858555194248189      -0.1781981362786228
0.0000000000000000     8.0264243445008692      0.3789424231712837      -0.1779838020636630
0.0000000000000000     8.1518372248836961      0.3722250233095181      -0.1777781220669530
0.0000000000000000     8.2772501052665231      0.3656941702986511      -0.1775812312339422
0.0000000000000000     8.4026629856493500      0.3593414709358428      -0.1773932529924701
0.0000000000000000     8.5280758660321769      0.3531592122353582      -0.1772142315189029
0.0000000000000000     8.6534887464150039      0.3471402672604366      -0.1770441223972777
0.0000000000000000     8.7789016267978308      0.3412780580221697      -0.1768827310157367
0.0000000000000000     8.9043145071806578      0.3355664286446197      -0.1767296869004078
0.0000000000000000     9.0297273875634847      0.3299995640825583      -0.1765844563052577
0.0000000000000000     9.1551402679463116      0.3245719111073764      -0.1764463576625922
0.0000000000000000     9.2805531483291386      0.3192781071979073      -0.1763145934145430
0.0000000000000000     9.4059660287119655      0.3141129242080931      -0.1761882946575123
0.0000000000000000     9.5313789090947925      0.3090712286253499      -0.1760665727379972
0.0000000000000000     9.6567917894776194      0.3041479592939676      -0.1759485746525448
0.0000000000000000     9.7822046698604463      0.2993381232293353      -0.1758335369922519
0.0000000000000000     9.9076175502432733      0.2946368079363814      -0.1757208337489480
0.0000000000000000     10.0330304306261002      0.2900392074551644      -0.1756100141239675
0.0000000000000000     10.1584433110089272      0.2855406588850675      -0.1755008274153580
0.0000000000000000     10.2838561913917541      0.2811366851626635      -0.1753932327012020
0.0000000000000000     10.4092690717745811      0.2768230394014152      -0.1752873926620575
0.0000000000000000     10.5346819521574080      0.2725957463984837      -0.1751836521201980
0.0000000000000000     10.6600948325402349      0.2684511371618141      -0.1750825028262055
0.0000000000000000     10.7855077129230619      0.2643858727739015      -0.1749845372502253
0.0000000000000000     10.9109205933058888      0.2603969550696705      -0.1748903950760257
0.0000000000000000     11.0363334736887158      0.2564817226867663      -0.1748007063568526
0.0000000000000000     11.1617463540715427      0.2526378319598032      -0.1747160356975662
0.0000000000000000     11.2871592344543696      0.2488632237247809      -0.1746368318354419
0.0000000000000000     11.4125721148371966      0.2451560780320543      -0.1745633861654060
0.0000000000000000     11.5379849952200235      0.2415147595660965      -0.1744958034289970
0.0000000000000000     11.6633978756028505      0.2379377576396834      -0.1744339866703415
0.0000000000000000     11.7888107559856774      0.2344236247300889      -0.1743776373317505
0.0000000000000000     11.9142236363685043      0.2309709176968111      -0.1743262704759492
0.0000000000000000     12.0396365167513313      0.2275781457690238      -0.1742792437819818
0.0000000000000000     12.1650493971341582      0.2242437285947169      -0.1742357979222499
0.0000000000000000     12.2904622775169852      0.2209659670484864      -0.1741951053173915
0.0000000000000000     12.4158751578998121      0.2177430285410913      -0.1741563233638196
0.0000000000000000     12.5412880382826391      0.2145729472688175      -0.1741186481537961
0.0000000000000000     12.6667009186654660      0.2114536389826492      -0.1740813647163779
0.0000000000000000     12.7921137990482929      0.2083829286494978      -0.1740438899486205
0.0000000000000000     12.9175266794311199      0.2053585883088330      -0.1740058051754049
0.0000000000000000     13.0429395598139468      0.2023783820847137      -0.1739668762393252
0.0000000000000000     13.1683524401967738      0.1994401144625093      -0.1739270594047038
0.0000000000000000     13.2937653205796007      0.1965416777601343      -0.1738864932825881
0.0000000000000000     13.4191782009624276      0.1936810952701239      -0.1738454774852242
0.0000000000000000     13.5445910813452546      0.1908565564751178      -0.1738044395206809
0.0000000000000000     13.6700039617280815      0.1880664407374353      -0.1737638936023432
0.0000000000000000     13.7954168421109085      0.1853093302962364      -0.1737243941672655
0.0000000000000000     13.9208297224937354      0.1825840081507596      -0.1736864866132209
0.0000000000000000     14.0462426028765623      0.1798894431165298      -0.1736506615052208
0.0000000000000000     14.1716554832593893      0.1772247638292627      -0.1736173139181650
0.0000000000000000     14.2970683636422162      0.1745892199028814      -0.1735867080377818
0.0000000000000000     14.4224812440250432      0.1719821350476795      -0.1735589649924667
0.0000000000000000     14.5478941244078701      0.1694028678429809      -0.1735340493254825
0.0000000000000000     14.6733070047906971      0.1668507572540101      -0.1735117738313980
0.0000000000000000     14.7987198851735240      0.1643250809089931      -0.1734918205289475
0.0000000000000000     14.9241327655563509      0.1618250264152161      -0.1734737623255719
0.0000000000000000     15.0495456459391779      0.1593496286351564      -0.1734570905047834
0.0000000000000000     15.1749585263220048      0.1568977878024940      -0.1734413109678494
0.0000000000000000     15.3003714067048318      0.1544682729226505      -0.1734259304996363
0.0000000000000000     15.4257842870876587      0.1520597087226480      -0.1734105210517332
0.0000000000000000     15.5511971674704856      0.1496706149939477      -0.1733947659975901
0.0000000000000000     15.6766100478533126      0.1472994508257095      -0.1733784254475316
    
0.2617993877991496     0.0000000000000000      -0.0042362911205371      -0.0002652141467222
0.2617993877991496     0.1254128803828261      -0.0075368635400718      -0.0049339403389097
0.2617993877991496     0.2508257607656522      -0.0062274084506476      -0.0072972270036266
0.2617993877991496     0.3762386411484783      -0.0051358040304802      -0.0079498912044056
0.2617993877991496     0.5016515215313043      -0.0044317701143808      -0.0081166220381398
0.2617993877991496     0.6270644019141304      -0.0039604236704640      -0.0081130967781233
0.2617993877991496     0.7524772822969564      -0.0036326457400397      -0.0080349732197624
0.2617993877991496     0.8778901626797825      -0.0034027362658834      -0.0079188810548501
0.2617993877991496     1.0033030430626086      -0.0032449742607871      -0.0077828659433915
0.2617993877991496     1.1287159234454347      -0.0031438728250389      -0.0076370304984361
0.2617993877991496     1.2541288038282608      -0.0030893424650447      -0.0074882612031403
0.2617993877991496     1.3795416842110868      -0.0030740223818340      -0.0073417849397873
0.2617993877991496     1.5049545645939129      -0.0030920717947412      -0.0072016136736561
0.2617993877991496     1.6303674449767389      -0.0031386261952093      -0.0070711987885385
0.2617993877991496     1.7557803253595650      -0.0032090273233264      -0.0069532749864899
0.2617993877991496     1.8811932057423910      -0.0032989646043471      -0.0068498610319343
0.2617993877991496     2.0066060861252173      -0.0034043496908528      -0.0067623778320184
0.2617993877991496     2.1320189665080433      -0.0035212897448224      -0.0066916590656970
0.2617993877991496     2.2574318468908694      -0.0036461083027250      -0.0066379774905858
0.2617993877991496     2.3828447272736955      -0.0037753852878573      -0.0066010810492352
0.2617993877991496     2.5082576076565215      -0.0039060031095962      -0.0065802447043001
0.2617993877991496     2.6336704880393476      -0.0040351891931493      -0.0065743303215668
0.2617993877991496     2.7590833684221736      -0.0041605529710783      -0.0065818543112874
0.2617993877991496     2.8844962488049997      -0.0042801136874486      -0.0066010612666988
0.2617993877991496     3.0099091291878257      -0.0043923161436975      -0.0066300005720278
0.2617993877991496     3.1353220095706518      -0.0044960345524283      -0.0066666024544581
0.2617993877991496     3.2607348899534778      -0.0045905648741535      -0.0067087519460754
0.2617993877991496     3.3861477703363039      -0.0046756056422222      -0.0067543582841845
0.2617993877991496     3.5115606507191299      -0.0047512289840000      -0.0068014174675349
0.2617993877991496     3.6369735311019560      -0.0048178436097310      -0.0068480671279409
0.2617993877991496     3.7623864114847820      -0.0048761508246611      -0.0068926325340455
0.2617993877991496     3.8877992918676081      -0.0049270959770491      -0.0069336626534394
0.2617993877991496     4.0132121722504346      -0.0049718171260269      -0.0069699568204971
0.2617993877991496     4.1386250526332606      -0.0050115921435220      -0.0070005815483850
0.2617993877991496     4.2640379330160867      -0.0050477865200230      -0.0070248779911736
0.2617993877991496     4.3894508133989127      -0.0050818026207774      -0.0070424607438695
0.2617993877991496     4.5148636937817388      -0.0051150324045494      -0.0070532086574430
0.2617993877991496     4.6402765741645648      -0.0051488137937546      -0.0070572488823709
0.2617993877991496     4.7656894545473909      -0.0051843918699574      -0.0070549347745036
0.2617993877991496     4.8911023349302170      -0.0052228852022398      -0.0070468185479238
0.2617993877991496     5.0165152153130430      -0.0052652594771927      -0.0070336191875131
0.2617993877991496     5.1419280956958691      -0.0053123062404959      -0.0070161910879245
0.2617993877991496     5.2673409760786951      -0.0053646261920215      -0.0069954857415961
0.2617993877991496     5.3927538564615212      -0.0054226223916980      -0.0069725148938216
0.2617993877991496     5.5181667368443472      -0.0054864982762366      -0.0069483135452407
0.2617993877991496     5.6435796172271733      -0.0055562634839444      -0.0069239063844359
0.2617993877991496     5.7689924976099993      -0.0056317346781153      -0.0069002733442970
0.2617993877991496     5.8944053779928254      -0.0057125627006485      -0.0068783090297353
0.2617993877991496     6.0198182583756514      -0.0057982505161765      -0.0068588089072330
0.2617993877991496     6.1452311387584775      -0.0058881717807488      -0.0068424452941621
0.2617993877991496     6.2706440191413035      -0.0059815821053000      -0.0068297310327607
0.2617993877991496     6.3960568995241296      -0.0060777045187315      -0.0068209994664810
0.2617993877991496     6.5214697799069556      -0.0061757262949543      -0.0068164518755449
0.2617993877991496     6.6468826602897817      -0.0062748121767612      -0.0068161116717672
0.2617993877991496     6.7722955406726077      -0.0063741642513961      -0.0068198314890286
0.2617993877991496     6.8977084210554338      -0.0064730460826602      -0.0068273149794385
0.2617993877991496     7.0231213014382599      -0.0065708006785692      -0.0068381274655750
0.2617993877991496     7.1485341818210859      -0.0066669007264333      -0.0068517002018219
0.2617993877991496     7.2739470622039120      -0.0067609549320427      -0.0068674136207620
0.2617993877991496     7.3993599425867380      -0.0068526937746871      -0.0068845727304793
0.2617993877991496     7.5247728229695641      -0.0069420078637762      -0.0069024498879237
0.2617993877991496     7.6501857033523901      -0.0070289402005553      -0.0069203224735843
0.2617993877991496     7.7755985837352162      -0.0071136767606959      -0.0069374987431549
0.2617993877991496     7.9010114641180422      -0.0071965447965515      -0.0069533499283171
0.2617993877991496     8.0264243445008692      -0.0072779745838406      -0.0069673311259200
0.2617993877991496     8.1518372248836961      -0.0073585141859107      -0.0069790029780448
0.2617993877991496     8.2772501052665231      -0.0074387603105908      -0.0069880636821204
0.2617993877991496     8.4026629856493500      -0.0075193466688113      -0.0069943305824648
0.2617993877991496     8.5280758660321769      -0.0076009224981767      -0.0069977407663342
0.2617993877991496     8.6534887464150039      -0.0076841400521712      -0.0069983813168478
0.2617993877991496     8.7789016267978308      -0.0077695811282203      -0.0069964616019611
0.2617993877991496     8.9043145071806578      -0.0078577666661453      -0.0069922856938410
0.2617993877991496     9.0297273875634847      -0.0079491331943455      -0.0069862457188426
0.2617993877991496     9.1551402679463116      -0.0080440160799794      -0.0069787972900409
0.2617993877991496     9.2805531483291386      -0.0081426414244378      -0.0069704337691741
0.2617993877991496     9.4059660287119655      -0.0082451234599724      -0.0069616607382602
0.2617993877991496     9.5313789090947925      -0.0083514678829977      -0.0069529703512517
0.2617993877991496     9.6567917894776194      -0.0084615810163031      -0.0069448182176386
0.2617993877991496     9.7822046698604463      -0.0085752834618458      -0.0069376034177004
0.2617993877991496     9.9076175502432733      -0.0086923275944066      -0.0069316525228968
0.2617993877991496     10.0330304306261002      -0.0088124178634694      -0.0069272084629913
0.2617993877991496     10.1584433110089272      -0.0089352324399202      -0.0069244246599408
0.2617993877991496     10.2838561913917541      -0.0090604450513229      -0.0069233643700019
0.2617993877991496     10.4092690717745811      -0.0091877457401935      -0.0069240051449243
0.2617993877991496     10.5346819521574080      -0.0093168593395000      -0.0069262478439733
0.2617993877991496     10.6600948325402349      -0.0094475607110561      -0.0069299294105563
0.2617993877991496     10.7855077129230619      -0.0095796860180323      -0.0069348384030147
0.2617993877991496     10.9109205933058888      -0.0097131396006510      -0.0069407322061530
0.2617993877991496     11.0363334736887158      -0.0098478962174909      -0.0069473547222250
0.2617993877991496     11.1617463540715427      -0.0099839989143896      -0.0069544533334219
0.2617993877991496     11.2871592344543696      -0.0101215528728613      -0.0069617942027265
0.2617993877991496     11.4125721148371966      -0.0102607158787791      -0.0069691748587531
0.2617993877991496     11.5379849952200235      -0.0104016863992112      -0.0069764334653707
0.2617993877991496     11.6633978756028505      -0.0105446901215403      -0.0069834543515704
0.2617993877991496     11.7888107559856774      -0.0106899660968179      -0.0069901695383164
0.2617993877991496     11.9142236363685043      -0.0108377535624783      -0.0069965565034060
0.2617993877991496     12.0396365167513313      -0.0109882803061130      -0.0070026325108653
0.2617993877991496     12.1650493971341582      -0.0111417535098147      -0.0070084460849582
0.2617993877991496     12.2904622775169852      -0.0112983536295571      -0.0070140665527704
0.2617993877991496     12.4158751578998121      -0.0114582316471597      -0.0070195724466886
0.2617993877991496     12.5412880382826391      -0.0116215099333988      -0.0070250398100973
0.2617993877991496     12.6667009186654660      -0.0117882864518533      -0.0070305314226088
0.2617993877991496     12.7921137990482929      -0.0119586419461491      -0.0070360877139151
0.2617993877991496     12.9175266794311199      -0.0121326495618748      -0.0070417202061787
0.2617993877991496     13.0429395598139468      -0.0123103859727099      -0.0070474080373329
0.2617993877991496     13.1683524401967738      -0.0124919432193763      -0.0070530977400897
0.2617993877991496     13.2937653205796007      -0.0126774403187168      -0.0070587065228214
0.2617993877991496     13.4191782009624276      -0.0128670335802499      -0.0070641287504121
0.2617993877991496     13.5445910813452546      -0.0130609249125263      -0.0070692450781736
0.2617993877991496     13.6700039617280815      -0.0132593676095309      -0.0070739339444510
0.2617993877991496     13.7954168421109085      -0.0134626682846298      -0.0070780843339958
0.2617993877991496     13.9208297224937354      -0.0136711858086033      -0.0070816085914965
0.2617993877991496     14.0462426028765623      -0.0138853265105231      -0.0070844550528718
0.2617993877991496     14.1716554832593893      -0.0141055357373944      -0.0070866189112096
0.2617993877991496     14.2970683636422162      -0.0143322874411655      -0.0070881496178383
0.2617993877991496     14.4224812440250432      -0.0145660718490729      -0.0070891587262212
0.2617993877991496     14.5478941244078701      -0.0148073784722173      -0.0070898198476119
0.2617993877991496     14.6733070047906971      -0.0150566833305310      -0.0070903661889582
0.2617993877991496     14.7987198851735240      -0.0153144341804383      -0.0070910851137458
0.2617993877991496     14.9241327655563509      -0.0155810356745541      -0.0070923058474972
0.2617993877991496     15.0495456459391779      -0.0158568501453227      -0.0070943829560734
0.2617993877991496     15.1749585263220048      -0.0161421813936679      -0.0070976958783933
0.2617993877991496     15.3003714067048318      -0.0164372709467060      -0.0071026133818402
0.2617993877991496     15.4257842870876587      -0.0167423072924185      -0.0071094812031424
0.2617993877991496     15.5511971674704856      -0.0170574275536878      -0.0071186055610270
0.2617993877991496     15.6766100478533126      -0.0173827260784435      -0.0071302164515875
    
0.5235987755982987     0.0000000000000000      -0.0208003198774477      -0.0069535125234447
0.5235987755982987     0.1254128803828261      -0.0104374148033307      -0.0175456860282570
0.5235987755982987     0.2508257607656522      -0.0037423843280032      -0.0152067348563663
0.5235987755982987     0.3762386411484783      -0.0015405689391382      -0.0125899064944990
0.5235987755982987     0.5016515215313043      -0.0007773392665463      -0.0107251078077906
0.5235987755982987     0.6270644019141304      -0.0005702228816060      -0.0093702383152269
0.5235987755982987     0.7524772822969564      -0.0006310405476898      -0.0083467149273918
0.5235987755982987     0.8778901626797825      -0.0008419058755299      -0.0075560376747554
0.5235987755982987     1.0033030430626086      -0.0011444872325834      -0.0069426799861010
0.5235987755982987     1.1287159234454347      -0.0015037236759241      -0.0064739063577833
0.5235987755982987     1.2541288038282608      -0.0018949492335232      -0.0061282009022974
0.5235987755982987     1.3795416842110868      -0.0022990164199475      -0.0058896176703069
0.5235987755982987     1.5049545645939129      -0.0027002047659868      -0.0057449041894633
0.5235987755982987     1.6303674449767389      -0.0030853000374264      -0.0056817075289588
0.5235987755982987     1.7557803253595650      -0.0034435743786354      -0.0056879195617926
0.5235987755982987     1.8811932057423910      -0.0037665533806966      -0.0057514215847640
0.5235987755982987     2.0066060861252173      -0.0040480541807248      -0.0058600130377671
0.5235987755982987     2.1320189665080433      -0.0042841986929107      -0.0060015798103796
0.5235987755982987     2.2574318468908694      -0.0044733668027255      -0.0061643596543708
0.5235987755982987     2.3828447272736955      -0.0046160779484671      -0.0063372531095703
0.5235987755982987     2.5082576076565215      -0.0047147995723365      -0.0065101364661375
0.5235987755982987     2.6336704880393476      -0.0047736866334903      -0.0066741500144515
0.5235987755982987     2.7590833684221736      -0.0047982622051568      -0.0068219353060697
0.5235987755982987     2.8844962488049997      -0.0047950558725126      -0.0069478052973214
0.5235987755982987     3.0099091291878257      -0.0047712178524965      -0.0070478368266892
0.5235987755982987     3.1353220095706518      -0.0047341287817084      -0.0071198809083860
0.5235987755982987     3.2607348899534778      -0.0046910245837854      -0.0071634920766188
0.5235987755982987     3.3861477703363039      -0.0046486546606849      -0.0071797827974168
0.5235987755982987     3.5115606507191299      -0.0046129890649944      -0.0071712134936150
0.5235987755982987     3.6369735311019560      -0.0045889871284164      -0.0071413318733902
0.5235987755982987     3.7623864114847820      -0.0045804359808380      -0.0070944778456941
0.5235987755982987     3.8877992918676081      -0.0045898632865784      -0.0070354712913142
0.5235987755982987     4.0132121722504346      -0.0046185241296221      -0.0069693004752140
0.5235987755982987     4.1386250526332606      -0.0046664577753431      -0.0069008277359728
0.5235987755982987     4.2640379330160867      -0.0047326063953141      -0.0068345274121899
0.5235987755982987     4.3894508133989127      -0.0048149845828303      -0.0067742678657633
0.5235987755982987     4.5148636937817388      -0.0049108871929472      -0.0067231470669381
0.5235987755982987     4.6402765741645648      -0.0050171196984037      -0.0066833870861320
0.5235987755982987     4.7656894545473909      -0.0051302367911436      -0.0066562887162167
0.5235987755982987     4.8911023349302170      -0.0052467741909351      -0.0066422444205692
0.5235987755982987     5.0165152153130430      -0.0053634619870890      -0.0066408033595779
0.5235987755982987     5.1419280956958691      -0.0054774062036948      -0.0066507850491290
0.5235987755982987     5.2673409760786951      -0.0055862288617688      -0.0066704221745243
0.5235987755982987     5.3927538564615212      -0.0056881677443706      -0.0066975289192985
0.5235987755982987     5.5181667368443472      -0.0057821263682271      -0.0067296804942153
0.5235987755982987     5.6435796172271733      -0.0058676787240811      -0.0067643923912367
0.5235987755982987     5.7689924976099993      -0.0059450217039675      -0.0067992849590276
0.5235987755982987     5.8944053779928254      -0.0060149082161772      -0.0068322175363560
0.5235987755982987     6.0198182583756514      -0.0060785390396868      -0.0068614091561168
0.5235987755982987     6.1452311387584775      -0.0061374412784445      -0.0068854973837085
0.5235987755982987     6.2706440191413035      -0.0061933969609923      -0.0069036316670090
0.5235987755982987     6.3960568995241296      -0.0062481360734310      -0.0069154895546316
0.5235987755982987     6.5214697799069556      -0.0063033692042531      -0.0069211219690578
0.5235987755982987     6.6468826602897817      -0.0063606456334172      -0.0069210223621049
0.5235987755982987     6.7722955406726077      -0.0064212472640986      -0.0069160105196239
0.5235987755982987     6.8977084210554338      -0.0064861382055799      -0.0069071373691696
0.5235987755982987     7.0231213014382599      -0.0065559292918343      -0.0068955864789237
0.5235987755982987     7.1485341818210859      -0.0066308953334277      -0.0068825559409528
0.5235987755982987     7.2739470622039120      -0.0067109890681371      -0.0068692203665803
0.5235987755982987     7.3993599425867380      -0.0067958605944909      -0.0068566001790877
0.5235987755982987     7.5247728229695641      -0.0068849495359339      -0.0068455154709590
0.5235987755982987     7.6501857033523901      -0.0069775476973130      -0.0068365522022525
0.5235987755982987     7.7755985837352162      -0.0070728729170278      -0.0068300403512124
0.5235987755982987     7.9010114641180422      -0.0071701535379085      -0.0068260637031636
0.5235987755982987     8.0264243445008692      -0.0072686718282652      -0.0068244798633624
0.5235987755982987     8.1518372248836961      -0.0073678604001595      -0.0068249570889283
0.5235987755982987     8.2772501052665231      -0.0074672943389188      -0.0068270523343822
0.5235987755982987     8.4026629856493500      -0.0075667287717165      -0.0068302328155319
0.5235987755982987     8.5280758660321769      -0.0076661089859843      -0.0068339397262935
0.5235987755982987     8.6534887464150039      -0.0077655754222287      -0.0068376632146928
0.5235987755982987     8.7789016267978308      -0.0078653945278188      -0.0068409882494778
0.5235987755982987     8.9043145071806578      -0.0079659452803475      -0.0068436082316016
0.5235987755982987     9.0297273875634847      -0.0080676739615306      -0.0068453607636711
0.5235987755982987     9.1551402679463116      -0.0081710429461283      -0.0068462336903042
0.5235987755982987     9.2805531483291386      -0.0082764843611043      -0.0068463569724008
0.5235987755982987     9.4059660287119655      -0.0083843590734914      -0.0068459825759631
0.5235987755982987     9.5313789090947925      -0.0084949245239360      -0.0068454532596379
0.5235987755982987     9.6567917894776194      -0.0086083139341123      -0.0068451645992080
0.5235987755982987     9.7822046698604463      -0.0087245277296408      -0.0068455231997496
0.5235987755982987     9.9076175502432733      -0.0088434378231382      -0.0068469049640994
0.5235987755982987     10.0330304306261002      -0.0089648037879032      -0.0068496171940238
0.5235987755982987     10.1584433110089272      -0.0090882990346888      -0.0068538674452011
0.5235987755982987     10.2838561913917541      -0.0092135447352700      -0.0068597416908412
0.5235987755982987     10.4092690717745811      -0.0093401481073253      -0.0068671935286156
0.5235987755982987     10.5346819521574080      -0.0094677418188995      -0.0068760447963302
0.5235987755982987     10.6600948325402349      -0.0095960212722301      -0.0068859974870627
0.5235987755982987     10.7855077129230619      -0.0097247765123610      -0.0068966556118657
0.5235987755982987     10.9109205933058888      -0.0098539164455727      -0.0069075548851162
0.5235987755982987     11.0363334736887158      -0.0099834835066142      -0.0069181977835674
0.5235987755982987     11.1617463540715427      -0.0101136577815989      -0.0069280908460073
0.5235987755982987     11.2871592344543696      -0.0102447506160209      -0.0069367812213364
0.5235987755982987     11.4125721148371966      -0.0103771884244235      -0.0069438895462559
0.5235987755982987     11.5379849952200235      -0.0105114883261937      -0.0069491366001841
0.5235987755982987     11.6633978756028505      -0.0106482277719937      -0.0069523618242279
0.5235987755982987     11.7888107559856774      -0.0107880107898260      -0.0069535324575372
0.5235987755982987     11.9142236363685043      -0.0109314336633401      -0.0069527429195396
0.5235987755982987     12.0396365167513313      -0.0110790527687275      -0.0069502048168547
0.5235987755982987     12.1650493971341582      -0.0112313571181007      -0.0069462287197069
0.5235987755982987     12.2904622775169852      -0.0113887475744707      -0.0069411995604522
0.5235987755982987     12.4158751578998121      -0.0115515241461626      -0.0069355478386403
0.5235987755982987     12.5412880382826391      -0.0117198820730941      -0.0069297192303083
0.5235987755982987     12.6667009186654660      -0.0118939165400790      -0.0069241451442880
0.5235987755982987     12.7921137990482929      -0.0120736352633735      -0.0069192166088297
0.5235987755982987     12.9175266794311199      -0.0122589774424728      -0.0069152635741235
0.5235987755982987     13.0429395598139468      -0.0124498371125188      -0.0069125410126799
0.5235987755982987     13.1683524401967738      -0.0126460886625560      -0.0069112227274444
0.5235987755982987     13.2937653205796007      -0.0128476120461904      -0.0069114029562309
0.5235987755982987     13.4191782009624276      -0.0130543154512137      -0.0069131051215254
0.5235987755982987     13.5445910813452546      -0.0132661534372071      -0.0069162965959438
0.5235987755982987     13.6700039617280815      -0.0134831387949135      -0.0069209074964021
0.5235987755982987     13.7954168421109085      -0.0137053478314035      -0.0069268514442348
0.5235987755982987     13.9208297224937354      -0.0139329181324587      -0.0069340462550289
0.5235987755982987     14.0462426028765623      -0.0141660397320743      -0.0069424317405987
0.5235987755982987     14.1716554832593893      -0.0144049410170282      -0.0069519830217435
0.5235987755982987     14.2970683636422162      -0.0146498702522578      -0.0069627183711690
0.5235987755982987     14.4224812440250432      -0.0149010753145645      -0.0069746973370754
0.5235987755982987     14.5478941244078701      -0.0151587865803948      -0.0069880142046582
0.5235987755982987     14.6733070047906971      -0.0154231999202561      -0.0070027833030977
0.5235987755982987     14.7987198851735240      -0.0156944670050352      -0.0070191176026120
0.5235987755982987     14.9241327655563509      -0.0159726941653173      -0.0070371051740910
0.5235987755982987     15.0495456459391779      -0.0162579410093351      -0.0070567843952612
0.5235987755982987     15.1749585263220048      -0.0165502422173521      -0.0070781071030782
0.5235987755982987     15.3003714067048318      -0.0168496323057187      -0.0071009280097099
0.5235987755982987     15.4257842870876587      -0.0171561729567841      -0.0071249834250265
0.5235987755982987     15.5511971674704856      -0.0174699950164376      -0.0071498822115082
0.5235987755982987     15.6766100478533126      -0.0177913416447225      -0.0071751214859749
    
0.7853981633974478     0.0000000000000000      0.0042623930697116      -0.0037999335275364
0.7853981633974478     0.1254128803828261      -0.0018435365062133      -0.0012145147521795
0.7853981633974478     0.2508257607656522      -0.0042608252010273      -0.0033039285652152
0.7853981633974478     0.3762386411484783      -0.0047937175987932      -0.0047475030621123
0.7853981633974478     0.5016515215313043      -0.0048669311801924      -0.0056410355205652
0.7853981633974478     0.6270644019141304      -0.0048003723940581      -0.0062332887803447
0.7853981633974478     0.7524772822969564      -0.0046812607855071      -0.0066462794176868
0.7853981633974478     0.8778901626797825      -0.0045407771795524      -0.0069401319676512
0.7853981633974478     1.0033030430626086      -0.0043930676368057      -0.0071473828223472
0.7853981633974478     1.1287159234454347      -0.0042465882853679      -0.0072871416377895
0.7853981633974478     1.2541288038282608      -0.0041075590693772      -0.0073720767295322
0.7853981633974478     1.3795416842110868      -0.0039809993450553      -0.0074116100401015
0.7853981633974478     1.5049545645939129      -0.0038710755032375      -0.0074134798104868
0.7853981633974478     1.6303674449767389      -0.0037811987318092      -0.0073846275487509
0.7853981633974478     1.7557803253595650      -0.0037139058542326      -0.0073315499880185
0.7853981633974478     1.8811932057423910      -0.0036708707409969      -0.0072604374843306
0.7853981633974478     2.0066060861252173      -0.0036528643940219      -0.0071772132313588
0.7853981633974478     2.1320189665080433      -0.0036597494259813      -0.0070874734058601
0.7853981633974478     2.2574318468908694      -0.0036905149193399      -0.0069963867581147
0.7853981633974478     2.3828447272736955      -0.0037433502477974      -0.0069085805404971
0.7853981633974478     2.5082576076565215      -0.0038157513718523      -0.0068280307920874
0.7853981633974478     2.6336704880393476      -0.0039046566108246      -0.0067579675292638
0.7853981633974478     2.7590833684221736      -0.0040066044664719      -0.0067008071373419
0.7853981633974478     2.8844962488049997      -0.0041179038063989      -0.0066581161357054
0.7853981633974478     3.0099091291878257      -0.0042348095049042      -0.0066306099913911
0.7853981633974478     3.1353220095706518      -0.0043536931787577      -0.0066181884245385
0.7853981633974478     3.2607348899534778      -0.0044712007826985      -0.0066200040726874
0.7853981633974478     3.3861477703363039      -0.0045843901363239      -0.0066345614500628
0.7853981633974478     3.5115606507191299      -0.0046908415232171      -0.0066598406071790
0.7853981633974478     3.6369735311019560      -0.0047887369951686      -0.0066934382658584
0.7853981633974478     3.7623864114847820      -0.0048769057847749      -0.0067327191088573
0.7853981633974478     3.8877992918676081      -0.0049548346827330      -0.0067749691499747
0.7853981633974478     4.0132121722504346      -0.0050226446478019      -0.0068175431466763
0.7853981633974478     4.1386250526332606      -0.0050810365848870      -0.0068579990131317
0.7853981633974478     4.2640379330160867      -0.0051312104232405      -0.0068942130230222
0.7853981633974478     4.3894508133989127      -0.0051747630697429      -0.0069244701860681
0.7853981633974478     4.5148636937817388      -0.0052135727871116      -0.0069475270442910
0.7853981633974478     4.6402765741645648      -0.0052496755179443      -0.0069626451043589
0.7853981633974478     4.7656894545473909      -0.0052851412476438      -0.0069695941991793
0.7853981633974478     4.8911023349302170      -0.0053219567015952      -0.0069686278447037
0.7853981633974478     5.0165152153130430      -0.0053619217491716      -0.0069604326493987
0.7853981633974478     5.1419280956958691      -0.0054065625558578      -0.0069460606016753
0.7853981633974478     5.2673409760786951      -0.0054570640632295      -0.0069268406878270
0.7853981633974478     5.3927538564615212      -0.0055142303588873      -0.0069042833944884
0.7853981633974478     5.5181667368443472      -0.0055784672870415      -0.0068799819122667
0.7853981633974478     5.6435796172271733      -0.0056497902724883      -0.0068555171394967
0.7853981633974478     5.7689924976099993      -0.0057278441891846      -0.0068323679088349
0.7853981633974478     5.8944053779928254      -0.0058119604523827      -0.0068118250308060
0.7853981633974478     6.0198182583756514      -0.0059012156801323      -0.0067949384528317
0.7853981633974478     6.1452311387584775      -0.0059945054594653      -0.0067824565972844
0.7853981633974478     6.2706440191413035      -0.0060906733517399      -0.0067748439680268
0.7853981633974478     6.3960568995241296      -0.0061884480723227      -0.0067722848447311
0.7853981633974478     6.5214697799069556      -0.0062866474564668      -0.0067745962755978
0.7853981633974478     6.6468826602897817      -0.0063842118999103      -0.0067813597615823
0.7853981633974478     6.7722955406726077      -0.0064802447161488      -0.0067919331787437
0.7853981633974478     6.8977084210554338      -0.0065740585038613      -0.0068055043717095
0.7853981633974478     7.0231213014382599      -0.0066651943372897      -0.0068211516035848
0.7853981633974478     7.1485341818210859      -0.0067534516865066      -0.0068378866288564
0.7853981633974478     7.2739470622039120      -0.0068388730833214      -0.0068547685399741
0.7853981633974478     7.3993599425867380      -0.0069216993547672      -0.0068709051682519
0.7853981633974478     7.5247728229695641      -0.0070023701848564      -0.0068855125783558
0.7853981633974478     7.6501857033523901      -0.0070814762511854      -0.0068979558456777
0.7853981633974478     7.7755985837352162      -0.0071597127435269      -0.0069077680307441
0.7853981633974478     7.9010114641180422      -0.0072378433315580      -0.0069146671701471
0.7853981633974478     8.0264243445008692      -0.0073166302649738      -0.0069185524038403
0.7853981633974478     8.1518372248836961      -0.0073968370110827      -0.0069194886629631
0.7853981633974478     8.2772501052665231      -0.0074791422814565      -0.0069177192025542
0.7853981633974478     8.4026629856493500      -0.0075641265961257      -0.0069135986553553
0.7853981633974478     8.5280758660321769      -0.0076522567379406      -0.0069075708589763
0.7853981633974478     8.6534887464150039      -0.0077438920870544      -0.0069001489743350
0.7853981633974478     8.7789016267978308      -0.0078392407083500      -0.0068918896932206
0.7853981633974478     8.9043145071806578      -0.0079383841536472      -0.0068833352214035
0.7853981633974478     9.0297273875634847      -0.0080412903591345      -0.0068750002488368
0.7853981633974478     9.1551402679463116      -0.0081478261061357      -0.0068673482400026
0.7853981633974478     9.2805531483291386      -0.0082577766281000      -0.0068607732367280
0.7853981633974478     9.4059660287119655      -0.0083708671794341      -0.0068555885320363
0.7853981633974478     9.5313789090947925      -0.0084867850937376      -0.0068520206464888
0.7853981633974478     9.6567917894776194      -0.0086052009857347      -0.0068502091519402
0.7853981633974478     9.7822046698604463      -0.0087257875817471      -0.0068502107578764
0.7853981633974478     9.9076175502432733      -0.0088482358274037      -0.0068520069004542
0.7853981633974478     10.0330304306261002      -0.0089722675077978      -0.0068555138474423
0.7853981633974478     10.1584433110089272      -0.0090976442883892      -0.0068605939037232
0.7853981633974478     10.2838561913917541      -0.0092241736621954      -0.0068670669565593
0.7853981633974478     10.4092690717745811      -0.0093517118330749      -0.0068747216262212
0.7853981633974478     10.5346819521574080      -0.0094801643189379      -0.0068833251044059
0.7853981633974478     10.6600948325402349      -0.0096094850528511      -0.0068926316612719
0.7853981633974478     10.7855077129230619      -0.0097396743759815      -0.0069023895867453
0.7853981633974478     10.9109205933058888      -0.0098707767852183      -0.0069123465747852
0.7853981633974478     11.0363334736887158      -0.0100028788550176      -0.0069222540708166
0.7853981633974478     11.1617463540715427      -0.0101361075441004      -0.0069318708442176
0.7853981633974478     11.2871592344543696      -0.0102706291405750      -0.0069409662795652
0.7853981633974478     11.4125721148371966      -0.0104066486811296      -0.0069493239287102
0.7853981633974478     11.5379849952200235      -0.0105444095621000      -0.0069567456108238
0.7853981633974478     11.6633978756028505      -0.0106841930057650      -0.0069630563208924
0.7853981633974478     11.7888107559856774      -0.0108263168596508      -0.0069681100404711
0.7853981633974478     11.9142236363685043      -0.0109711332305700      -0.0069717962703429
0.7853981633974478     12.0396365167513313      -0.0111190245473462      -0.0069740469967934
0.7853981633974478     12.1650493971341582      -0.0112703976825120      -0.0069748436052255
0.7853981633974478     12.2904622775169852      -0.0114256759623461      -0.0069742230971076
0.7853981633974478     12.4158751578998121      -0.0115852891314652      -0.0069722829411021
0.7853981633974478     12.5412880382826391      -0.0117496614951298      -0.0069691838858309
0.7853981633974478     12.6667009186654660      -0.0119191987202465      -0.0069651500520621
0.7853981633974478     12.7921137990482929      -0.0120942739965660      -0.0069604658574707
0.7853981633974478     12.9175266794311199      -0.0122752143479548      -0.0069554694564470
0.7853981633974478     13.0429395598139468      -0.0124622880593890      -0.0069505425896114
0.7853981633974478     13.1683524401967738      -0.0126556941831081      -0.0069460970706990
0.7853981633974478     13.2937653205796007      -0.0128555550013658      -0.0069425583517796
0.7853981633974478     13.4191782009624276      -0.0130619123185686      -0.0069403468571311
0.7853981633974478     13.5445910813452546      -0.0132747281225828      -0.0069398580526177
0.7853981633974478     13.6700039617280815      -0.0134938900476186      -0.0069414423155785
0.7853981633974478     13.7954168421109085      -0.0137192215669745      -0.0069453858021528
0.7853981633974478     13.9208297224937354      -0.0139504968700114      -0.0069518934076212
0.7853981633974478     14.0462426028765623      -0.0141874597702083      -0.0069610750328250
0.7853981633974478     14.1716554832593893      -0.0144298458169254      -0.0069729361149940
0.7853981633974478     14.2970683636422162      -0.0146774067700421      -0.0069873727662339
0.7853981633974478     14.4224812440250432      -0.0149299362184409      -0.0070041734166513
0.7853981633974478     14.5478941244078701      -0.0151872937993156      -0.0070230247876375
0.7853981633974478     14.6733070047906971      -0.0154494291237721      -0.0070435236522631
0.7853981633974478     14.7987198851735240      -0.0157164021125693      -0.0070651937386317
0.7853981633974478     14.9241327655563509      -0.0159883987741755      -0.0070875058351690
0.7853981633974478     15.0495456459391779      -0.0162657462986722      -0.0071099004584231
0.7853981633974478     15.1749585263220048      -0.0165489164142942      -0.0071318182753648
0.7853981633974478     15.3003714067048318      -0.0168385259560959      -0.0071527203577166
0.7853981633974478     15.4257842870876587      -0.0171353346260134      -0.0071721153318113
0.7853981633974478     15.5511971674704856      -0.0174402338539073      -0.0071895827331937
0.7853981633974478     15.6766100478533126      -0.0177542326042055      -0.0072047862870508
    
1.0471975511965974     0.0000000000000000      0.0011938628562428      -0.0581956657502679
1.0471975511965974     0.1254128803828261      0.0272073361033745      -0.0270484363076276
1.0471975511965974     0.2508257607656522      0.0193986754936086      -0.0096349555732508
1.0471975511965974     0.3762386411484783      0.0122152347599609      -0.0043350968400013
1.0471975511965974     0.5016515215313043      0.0074885327199896      -0.0025762731504603
1.0471975511965974     0.6270644019141304      0.0042721619202532      -0.0020511740008853
1.0471975511965974     0.7524772822969564      0.0019727410167767      -0.0020446369546655
1.0471975511965974     0.8778901626797825      0.0002688511099949      -0.0022841770360283
1.0471975511965974     1.0033030430626086      -0.0010220696886118      -0.0026465097737722
1.0471975511965974     1.1287159234454347      -0.0020109573351485      -0.0030676071677093
1.0471975511965974     1.2541288038282608      -0.0027702029605300      -0.0035102303354389
1.0471975511965974     1.3795416842110868      -0.0033503312548157      -0.0039509480215447
1.0471975511965974     1.5049545645939129      -0.0037887785114222      -0.0043743949966380
1.0471975511965974     1.6303674449767389      -0.0041146037621677      -0.0047704384450525
1.0471975511965974     1.7557803253595650      -0.0043512722457584      -0.0051326520349742
1.0471975511965974     1.8811932057423910      -0.0045181639989709      -0.0054574764879945
1.0471975511965974     2.0066060861252173      -0.0046314661807720      -0.0057435905096349
1.0471975511965974     2.1320189665080433      -0.0047047152099112      -0.0059914371146064
1.0471975511965974     2.2574318468908694      -0.0047491393584479      -0.0062028187618189
1.0471975511965974     2.3828447272736955      -0.0047739009876400      -0.0063805321978513
1.0471975511965974     2.5082576076565215      -0.0047862941299629      -0.0065280347415745
1.0471975511965974     2.6336704880393476      -0.0047919307191911      -0.0066491401736001
1.0471975511965974     2.7590833684221736      -0.0047949328379178      -0.0067477511871811
1.0471975511965974     2.8844962488049997      -0.0047981360762343      -0.0068276333450319
1.0471975511965974     3.0099091291878257      -0.0048033042538496      -0.0068922354663468
1.0471975511965974     3.1353220095706518      -0.0048113501505390      -0.0069445603321642
1.0471975511965974     3.2607348899534778      -0.0048225542212063      -0.0069870857029053
1.0471975511965974     3.3861477703363039      -0.0048367734764947      -0.0070217339591054
1.0471975511965974     3.5115606507191299      -0.0048536312187414      -0.0070498862577138
1.0471975511965974     3.6369735311019560      -0.0048726805615388      -0.0070724339940699
1.0471975511965974     3.7623864114847820      -0.0048935358421224      -0.0070898598897131
1.0471975511965974     3.8877992918676081      -0.0049159679584331      -0.0071023389300004
1.0471975511965974     4.0132121722504346      -0.0049399625234868      -0.0071098493771381
1.0471975511965974     4.1386250526332606      -0.0049657418800260      -0.0071122843109252
1.0471975511965974     4.2640379330160867      -0.0049937540250402      -0.0071095551058131
1.0471975511965974     4.3894508133989127      -0.0050246333963867      -0.0071016787701788
1.0471975511965974     4.5148636937817388      -0.0050591411766112      -0.0070888441319007
1.0471975511965974     4.6402765741645648      -0.0050980911639485      -0.0070714534011127
1.0471975511965974     4.7656894545473909      -0.0051422698885162      -0.0070501368608823
1.0471975511965974     4.8911023349302170      -0.0051923584748751      -0.0070257418109496
1.0471975511965974     5.0165152153130430      -0.0052488643004421      -0.0069992975898227
1.0471975511965974     5.1419280956958691      -0.0053120663355097      -0.0069719649329640
1.0471975511965974     5.2673409760786951      -0.0053819776684835      -0.0069449672451097
1.0471975511965974     5.3927538564615212      -0.0054583322209637      -0.0069195167776405
1.0471975511965974     5.5181667368443472      -0.0055405924408946      -0.0068967392603806
1.0471975511965974     5.6435796172271733      -0.0056279797113732      -0.0068776069845569
1.0471975511965974     5.7689924976099993      -0.0057195113488829      -0.0068628794141863
1.0471975511965974     5.8944053779928254      -0.0058140743710932      -0.0068530501584811
1.0471975511965974     6.0198182583756514      -0.0059104929811845      -0.0068483375511317
1.0471975511965974     6.1452311387584775      -0.0060075943597459      -0.0068486825581109
1.0471975511965974     6.2706440191413035      -0.0061042469480276      -0.0068537304238414
1.0471975511965974     6.3960568995241296      -0.0061995291798312      -0.0068628527733217
1.0471975511965974     6.5214697799069556      -0.0062927057952503      -0.0068752896554097
1.0471975511965974     6.6468826602897817      -0.0063832488245625      -0.0068901273399419
1.0471975511965974     6.7722955406726077      -0.0064708965914704      -0.0069063751289835
1.0471975511965974     6.8977084210554338      -0.0065556464271279      -0.0069230466532481
1.0471975511965974     7.0231213014382599      -0.0066377284673764      -0.0069392171583529
1.0471975511965974     7.1485341818210859      -0.0067176020285470      -0.0069540631984883
1.0471975511965974     7.2739470622039120      -0.0067958979452132      -0.0069669662483280
1.0471975511965974     7.3993599425867380      -0.0068733370756064      -0.0069774901317796
1.0471975511965974     7.5247728229695641      -0.0069507030031291      -0.0069854078798998
1.0471975511965974     7.6501857033523901      -0.0070287748549842      -0.0069907069079392
1.0471975511965974     7.7755985837352162      -0.0071082686145598      -0.0069935676348551
1.0471975511965974     7.9010114641180422      -0.0071898004029630      -0.0069943368089063
1.0471975511965974     8.0264243445008692      -0.0072738278398098      -0.0069934820424699
1.0471975511965974     8.1518372248836961      -0.0073606705284216      -0.0069915409811096
1.0471975511965974     8.2772501052665231      -0.0074504540768017      -0.0069890971191161
1.0471975511965974     8.4026629856493500      -0.0075431333488913      -0.0069866929598974
1.0471975511965974     8.5280758660321769      -0.0076385187133998      -0.0069847903869789
1.0471975511965974     8.6534887464150039      -0.0077363250984418      -0.0069837545310236
1.0471975511965974     8.7789016267978308      -0.0078361683923001      -0.0069838271459333
1.0471975511965974     8.9043145071806578      -0.0079376345722732      -0.0069850914193545
1.0471975511965974     9.0297273875634847      -0.0080403245527191      -0.0069874864081971
1.0471975511965974     9.1551402679463116      -0.0081438930543053      -0.0069908187530377
1.0471975511965974     9.2805531483291386      -0.0082480846860075      -0.0069947858423439
1.0471975511965974     9.4059660287119655      -0.0083527609956579      -0.0069990087313974
1.0471975511965974     9.5313789090947925      -0.0084579167691401      -0.0070030704120826
1.0471975511965974     9.6567917894776194      -0.0085636845402901      -0.0070065571862356
1.0471975511965974     9.7822046698604463      -0.0086703268402456      -0.0070090989111622
1.0471975511965974     9.9076175502432733      -0.0087782174413369      -0.0070104050054589
1.0471975511965974     10.0330304306261002      -0.0088878131305431      -0.0070102933613790
1.0471975511965974     10.1584433110089272      -0.0089996185174561      -0.0070087096611428
1.0471975511965974     10.2838561913917541      -0.0091141470854557      -0.0070057357819280
1.0471975511965974     10.4092690717745811      -0.0092318814558894      -0.0070015867456838
1.0471975511965974     10.5346819521574080      -0.0093532362999143      -0.0069965963568728
1.0471975511965974     10.6600948325402349      -0.0094785269378387      -0.0069911930046428
1.0471975511965974     10.7855077129230619      -0.0096079459879245      -0.0069858675162457
1.0471975511965974     10.9109205933058888      -0.0097415501072425      -0.0069811356421741
1.0471975511965974     11.0363334736887158      -0.0098792577952562      -0.0069774983539759
1.0471975511965974     11.1617463540715427      -0.0100208583763199      -0.0069754029851766
1.0471975511965974     11.2871592344543696      -0.0101660315530560      -0.0069752083542344
1.0471975511965974     11.4125721148371966      -0.0103143759001889      -0.0069771566646626
1.0471975511965974     11.5379849952200235      -0.0104654440649931      -0.0069813543132172
1.0471975511965974     11.6633978756028505      -0.0106187819831710      -0.0069877631345346
1.0471975511965974     11.7888107559856774      -0.0107739690003223      -0.0069962027770823
1.0471975511965974     11.9142236363685043      -0.0109306558223203      -0.0070063639408683
1.0471975511965974     12.0396365167513313      -0.0110885974225349      -0.0070178315055275
1.0471975511965974     12.1650493971341582      -0.0112476783316147      -0.0070301157418518
1.0471975511965974     12.2904622775169852      -0.0114079284378797      -0.0070426891457635
1.0471975511965974     12.4158751578998121      -0.0115695281489697      -0.0070550261286039
1.0471975511965974     12.5412880382826391      -0.0117328024971921      -0.0070666424945823
1.0471975511965974     12.6667009186654660      -0.0118982047644223      -0.0070771316618738
1.0471975511965974     12.7921137990482929      -0.0120662908944622      -0.0070861949437876
1.0471975511965974     12.9175266794311199      -0.0122376866791866      -0.0070936635467038
1.0471975511965974     13.0429395598139468      -0.0124130503142139      -0.0070995106640020
1.0471975511965974     13.1683524401967738      -0.0125930331638954      -0.0071038528062253
1.0471975511965974     13.2937653205796007      -0.0127782417555629      -0.0071069402537102
1.0471975511965974     13.4191782009624276      -0.0129692039537744      -0.0071091374284191
1.0471975511965974     13.5445910813452546      -0.0131663418382746      -0.0071108946989625
1.0471975511965974     13.6700039617280815      -0.0133699534219196      -0.0071127137757549
1.0471975511965974     13.7954168421109085      -0.0135802045119026      -0.0071151093361178
1.0471975511965974     13.9208297224937354      -0.0137971314542095      -0.0071185697449875
1.0471975511965974     14.0462426028765623      -0.0140206545082086      -0.0071235198981650
1.0471975511965974     14.1716554832593893      -0.0142506008628797      -0.0071302889463767
1.0471975511965974     14.2970683636422162      -0.0144867357188027      -0.0071390851500800
1.0471975511965974     14.4224812440250432      -0.0147287991105525      -0.0071499803998253
1.0471975511965974     14.5478941244078701      -0.0149765452446857      -0.0071629044171169
1.0471975511965974     14.6733070047906971      -0.0152297826184451      -0.0071776499302775
1.0471975511965974     14.7987198851735240      -0.0154884108775882      -0.0071938882350290
1.0471975511965974     14.9241327655563509      -0.0157524520530368      -0.0072111933161031
1.0471975511965974     15.0495456459391779      -0.0160220761077161      -0.0072290732088327
1.0471975511965974     15.1749585263220048      -0.0162976140908225      -0.0072470089833144
1.0471975511965974     15.3003714067048318      -0.0165795619268277      -0.0072644908500508
1.0471975511965974     15.4257842870876587      -0.0168685758606099      -0.0072810563637783
1.0471975511965974     15.5511971674704856      -0.0171654566296186      -0.0072963257640521
1.0471975511965974     15.6766100478533126      -0.0174711237762790      -0.0073100276475740
    
1.3089969389957474     0.0000000000000000      -0.0109996047751438      -0.0004093228339187
1.3089969389957474     0.1254128803828261      -0.0103563315517588      -0.0090847993086929
1.3089969389957474     0.2508257607656522      -0.0064935109364418      -0.0105640001681551
1.3089969389957474     0.3762386411484783      -0.0045490174377613      -0.0102281183335615
1.3089969389957474     0.5016515215313043      -0.0035359889969120      -0.0096913339692035
1.3089969389957474     0.6270644019141304      -0.0029654569440666      -0.0091772132002816
1.3089969389957474     0.7524772822969564      -0.0026395945195959      -0.0087138800948171
1.3089969389957474     0.8778901626797825      -0.0024673998472554      -0.0083007352741900
1.3089969389957474     1.0033030430626086      -0.0024013365544243      -0.0079341044044184
1.3089969389957474     1.1287159234454347      -0.0024129414618477      -0.0076117059358856
1.3089969389957474     1.2541288038282608      -0.0024829196616038      -0.0073322603472460
1.3089969389957474     1.3795416842110868      -0.0025968325407363      -0.0070949234911166
1.3089969389957474     1.5049545645939129      -0.0027430320599651      -0.0068988179276834
1.3089969389957474     1.6303674449767389      -0.0029116426904184      -0.0067426702088448
1.3089969389957474     1.7557803253595650      -0.0030941435884525      -0.0066246343306168
1.3089969389957474     1.8811932057423910      -0.0032831414765330      -0.0065422357714333
1.3089969389957474     2.0066060861252173      -0.0034723028115103      -0.0064923778243615
1.3089969389957474     2.1320189665080433      -0.0036563418483910      -0.0064714228925587
1.3089969389957474     2.2574318468908694      -0.0038310222445443      -0.0064753170320419
1.3089969389957474     2.3828447272736955      -0.0039931499519573      -0.0064997424149213
1.3089969389957474     2.5082576076565215      -0.0041405440395542      -0.0065402817278884
1.3089969389957474     2.6336704880393476      -0.0042719810147067      -0.0065925821708186
1.3089969389957474     2.7590833684221736      -0.0043871113608646      -0.0066525086287390
1.3089969389957474     2.8844962488049997      -0.0044863510658261      -0.0067162766648737
1.3089969389957474     3.0099091291878257      -0.0045707540069907      -0.0067805591635149
1.3089969389957474     3.1353220095706518      -0.0046418711698318      -0.0068425626692265
1.3089969389957474     3.2607348899534778      -0.0047016044873831      -0.0069000709288669
1.3089969389957474     3.3861477703363039      -0.0047520629026062      -0.0069514563267360
1.3089969389957474     3.5115606507191299      -0.0047954274408023      -0.0069956613195839
1.3089969389957474     3.6369735311019560      -0.0048338315641628      -0.0070321535922366
1.3089969389957474     3.7623864114847820      -0.0048692615621040      -0.0070608602798388
1.3089969389957474     3.8877992918676081      -0.0049034801780669      -0.0070820871089604
1.3089969389957474     4.0132121722504346      -0.0049379751434009      -0.0070964289712219
1.3089969389957474     4.1386250526332606      -0.0049739325343699      -0.0071046782476341
1.3089969389957474     4.2640379330160867      -0.0050122333792855      -0.0071077369513760
1.3089969389957474     4.3894508133989127      -0.0050534703255987      -0.0071065374044251
1.3089969389957474     4.5148636937817388      -0.0050979813950579      -0.0071019758943991
1.3089969389957474     4.6402765741645648      -0.0051458948820478      -0.0070948622861732
1.3089969389957474     4.7656894545473909      -0.0051971811580500      -0.0070858862492320
1.3089969389957474     4.8911023349302170      -0.0052517062942735      -0.0070756005474826
1.3089969389957474     5.0165152153130430      -0.0053092841472937      -0.0070644195168489
1.3089969389957474     5.1419280956958691      -0.0053697210541546      -0.0070526344938153
1.3089969389957474     5.2673409760786951      -0.0054328495336367      -0.0070404353809874
1.3089969389957474     5.3927538564615212      -0.0054985531276262      -0.0070279413102530
1.3089969389957474     5.5181667368443472      -0.0055667784116945      -0.0070152335350571
1.3089969389957474     5.6435796172271733      -0.0056375370672714      -0.0070023913088845
1.3089969389957474     5.7689924976099993      -0.0057108852530787      -0.0069895203817306
1.3089969389957474     5.8944053779928254      -0.0057869181181863      -0.0069767656025941
1.3089969389957474     6.0198182583756514      -0.0058657428351652      -0.0069643431025028
1.3089969389957474     6.1452311387584775      -0.0059474389712075      -0.0069525558718313
1.3089969389957474     6.2706440191413035      -0.0060319644853978      -0.0069417265490998
1.3089969389957474     6.3960568995241296      -0.0061193299436899      -0.0069321647993935
1.3089969389957474     6.5214697799069556      -0.0062094234910835      -0.0069243138770634
1.3089969389957474     6.6468826602897817      -0.0063019896413959      -0.0069185706859666
1.3089969389957474     6.7722955406726077      -0.0063966863972003      -0.0069152817239136
1.3089969389957474     6.8977084210554338      -0.0064930781670659      -0.0069147309223943
1.3089969389957474     7.0231213014382599      -0.0065906405977055      -0.0069171009099192
1.3089969389957474     7.1485341818210859      -0.0066888166939517      -0.0069224334982426
1.3089969389957474     7.2739470622039120      -0.0067870338958672      -0.0069306742950222
1.3089969389957474     7.3993599425867380      -0.0068847106912061      -0.0069416126852700
1.3089969389957474     7.5247728229695641      -0.0069813243012205      -0.0069548966006957
1.3089969389957474     7.6501857033523901      -0.0070764373070670      -0.0069700529459052
1.3089969389957474     7.7755985837352162      -0.0071697233786139      -0.0069865056233845
1.3089969389957474     7.9010114641180422      -0.0072610007720368      -0.0070036083381259
1.3089969389957474     8.0264243445008692      -0.0073502267224669      -0.0070206752907235
1.3089969389957474     8.1518372248836961      -0.0074375403723566      -0.0070370204322919
1.3089969389957474     8.2772501052665231      -0.0075232142859277      -0.0070520124964316
1.3089969389957474     8.4026629856493500      -0.0076076573675827      -0.0070650826162968
1.3089969389957474     8.5280758660321769      -0.0076914000030735      -0.0070757531649299
1.3089969389957474     8.6534887464150039      -0.0077750808360775      -0.0070836956264299
1.3089969389957474     8.7789016267978308      -0.0078593653967276      -0.0070887280920939
1.3089969389957474     8.9043145071806578      -0.0079449427863386      -0.0070908088032238
1.3089969389957474     9.0297273875634847      -0.0080324848210853      -0.0070900459785261
1.3089969389957474     9.1551402679463116      -0.0081226094519972      -0.0070866840116709
1.3089969389957474     9.2805531483291386      -0.0082158518563831      -0.0070810827426475
1.3089969389957474     9.4059660287119655      -0.0083126417150737      -0.0070736913545914
1.3089969389957474     9.5313789090947925      -0.0084132884641346      -0.0070650173642382
1.3089969389957474     9.6567917894776194      -0.0085179753670283      -0.0070555942550172
1.3089969389957474     9.7822046698604463      -0.0086267619037071      -0.0070459494584418
1.3089969389957474     9.9076175502432733      -0.0087395941485921      -0.0070365749459713
1.3089969389957474     10.0330304306261002      -0.0088563219820958      -0.0070279024242113
1.3089969389957474     10.1584433110089272      -0.0089767214102868      -0.0070202846559164
1.3089969389957474     10.2838561913917541      -0.0091005201440933      -0.0070139838581295
1.3089969389957474     10.4092690717745811      -0.0092274242581982      -0.0070091676540647
1.3089969389957474     10.5346819521574080      -0.0093571438562553      -0.0070059123361775
1.3089969389957474     10.6600948325402349      -0.0094894157721146      -0.0070042127568909
1.3089969389957474     10.7855077129230619      -0.0096240216585218      -0.0070039974837569
1.3089969389957474     10.9109205933058888      -0.0097608003956183      -0.0070051476529242
1.3089969389957474     11.0363334736887158      -0.0098996540062146      -0.0070075176864217
1.3089969389957474     11.1617463540715427      -0.0100405470825548      -0.0070109557643418
1.3089969389957474     11.2871592344543696      -0.0101835002190711      -0.0070153223482806
1.3089969389957474     11.4125721148371966      -0.0103285782988840      -0.0070205050201602
1.3089969389957474     11.5379849952200235      -0.0104758751561616      -0.0070264283250604
1.3089969389957474     11.6633978756028505      -0.0106254962576136      -0.0070330578936320
1.3089969389957474     11.7888107559856774      -0.0107775412150006      -0.0070403984639149
1.3089969389957474     11.9142236363685043      -0.0109320880738321      -0.0070484860736349
1.3089969389957474     12.0396365167513313      -0.0110891810085263      -0.0070573752589318
1.3089969389957474     12.1650493971341582      -0.0112488228450060      -0.0070671224247950
1.3089969389957474     12.2904622775169852      -0.0114109734460628      -0.0070777670503735
1.3089969389957474     12.4158751578998121      -0.0115755544005591      -0.0070893125612650
1.3089969389957474     12.5412880382826391      -0.0117424599737116      -0.0071017087592984
1.3089969389957474     12.6667009186654660      -0.0119115737421560      -0.0071148376756853
1.3089969389957474     12.7921137990482929      -0.0120827897675599      -0.0071285044715322
1.3089969389957474     12.9175266794311199      -0.0122560367763329      -0.0071424346176460
1.3089969389957474     13.0429395598139468      -0.0124313034890608      -0.0071562781784156
1.3089969389957474     13.1683524401967738      -0.0126086630316763      -0.0071696214318973
1.3089969389957474     13.2937653205796007      -0.0127882943909573      -0.0071820054871987
1.3089969389957474     13.4191782009624276      -0.0129704989545137      -0.0071929510377985
1.3089969389957474     13.5445910813452546      -0.0131557104876098      -0.0072019878159890
1.3089969389957474     13.6700039617280815      -0.0133444973172628      -0.0072086869282578
1.3089969389957474     13.7954168421109085      -0.0135375560064855      -0.0072126939387065
1.3089969389957474     13.9208297224937354      -0.0137356963711819      -0.0072137604275191
1.3089969389957474     14.0462426028765623      -0.0139398183159877      -0.0072117717479468
1.3089969389957474     14.1716554832593893      -0.0141508815488765      -0.0072067688409933
1.3089969389957474     14.2970683636422162      -0.0143698697707151      -0.0071989623899982
1.3089969389957474     14.4224812440250432      -0.0145977513098205      -0.0071887377808592
1.3089969389957474     14.5478941244078701      -0.0148354387502468      -0.0071766503134424
1.3089969389957474     14.6733070047906971      -0.0150837497131355      -0.0071634103542153
1.3089969389957474     14.7987198851735240      -0.0153433714782829      -0.0071498587722126
1.3089969389957474     14.9241327655563509      -0.0156148318763362      -0.0071369338816164
1.3089969389957474     15.0495456459391779      -0.0158984777428571      -0.0071256315220437
1.3089969389957474     15.1749585263220048      -0.0161944638646536      -0.0071169593404685
1.3089969389957474     15.3003714067048318      -0.0165027522752339      -0.0071118898470765
1.3089969389957474     15.4257842870876587      -0.0168231224598628      -0.0071113124115809
1.3089969389957474     15.5511971674704856      -0.0171551929433931      -0.0071159881676887
1.3089969389957474     15.6766100478533126      -0.0174984525987870      -0.0071265106363784
    
1.5707963267948966     0.0000000000000000      -0.0125928175757826      -0.0069745121636595
1.5707963267948966     0.1254128803828261      -0.0070629663813236      -0.0126572851928646
1.5707963267948966     0.2508257607656522      -0.0034979901494281      -0.0114062871879922
1.5707963267948966     0.3762386411484783      -0.0023413535351175      -0.0100059171244541
1.5707963267948966     0.5016515215313043      -0.0019556959554831      -0.0090083245647333
1.5707963267948966     0.6270644019141304      -0.0018680012060342      -0.0082838287350355
1.5707963267948966     0.7524772822969564      -0.0019236447445437      -0.0077365236285436
1.5707963267948966     0.8778901626797825      -0.0020599155697412      -0.0073134649665006
1.5707963267948966     1.0033030430626086      -0.0022455120461579      -0.0069851999107529
1.5707963267948966     1.1287159234454347      -0.0024616032026091      -0.0067341163874689
1.5707963267948966     1.2541288038282608      -0.0026950328329156      -0.0065486586507140
1.5707963267948966     1.3795416842110868      -0.0029355905147080      -0.0064202909490277
1.5707963267948966     1.5049545645939129      -0.0031749122210699      -0.0063418772101909
1.5707963267948966     1.6303674449767389      -0.0034060360340992      -0.0063068605673177
1.5707963267948966     1.7557803253595650      -0.0036232353408987      -0.0063088153106122
1.5707963267948966     1.8811932057423910      -0.0038220083241142      -0.0063412901233892
1.5707963267948966     2.0066060861252173      -0.0039990774646231      -0.0063978031367879
1.5707963267948966     2.1320189665080433      -0.0041523890658907      -0.0064719260006513
1.5707963267948966     2.2574318468908694      -0.0042810869105059      -0.0065574225459133
1.5707963267948966     2.3828447272736955      -0.0043854488203385      -0.0066484122452338
1.5707963267948966     2.5082576076565215      -0.0044667840866664      -0.0067395360671416
1.5707963267948966     2.6336704880393476      -0.0045272941781775      -0.0068261083090313
1.5707963267948966     2.7590833684221736      -0.0045699025539612      -0.0069042415393401
1.5707963267948966     2.8844962488049997      -0.0045980621767175      -0.0069709356815065
1.5707963267948966     3.0099091291878257      -0.0046155504264049      -0.0070241258069522
1.5707963267948966     3.1353220095706518      -0.0046262619956392      -0.0070626862227909
1.5707963267948966     3.2607348899534778      -0.0046340100901755      -0.0070863915663001
1.5707963267948966     3.3861477703363039      -0.0046423456403261      -0.0070958381814585
1.5707963267948966     3.5115606507191299      -0.0046544028806823      -0.0070923313906340
1.5707963267948966     3.6369735311019560      -0.0046727778821117      -0.0070777461501778
1.5707963267948966     3.7623864114847820      -0.0046994443785790      -0.0070543696738916
1.5707963267948966     3.8877992918676081      -0.0047357092754452      -0.0070247352923758
1.5707963267948966     4.0132121722504346      -0.0047822076159626      -0.0069914571189624
1.5707963267948966     4.1386250526332606      -0.0048389346649536      -0.0069570742639471
1.5707963267948966     4.2640379330160867      -0.0049053108570437      -0.0069239127081326
1.5707963267948966     4.3894508133989127      -0.0049802733760957      -0.0068939709085718
1.5707963267948966     4.5148636937817388      -0.0050623880926373      -0.0068688342759256
1.5707963267948966     4.6402765741645648      -0.0051499728098428      -0.0068496213911395
1.5707963267948966     4.7656894545473909      -0.0052412245013498      -0.0068369622751972
1.5707963267948966     4.8911023349302170      -0.0053343422927313      -0.0068310077267631
1.5707963267948966     5.0165152153130430      -0.0054276407067971      -0.0068314659554907
1.5707963267948966     5.1419280956958691      -0.0055196450425409      -0.0068376666282848
1.5707963267948966     5.2673409760786951      -0.0056091634105227      -0.0068486380325322
1.5707963267948966     5.3927538564615212      -0.0056953381371384      -0.0068631984657395
1.5707963267948966     5.5181667368443472      -0.0057776699723191      -0.0068800527766945
1.5707963267948966     5.6435796172271733      -0.0058560189014541      -0.0068978897992401
1.5707963267948966     5.7689924976099993      -0.0059305714698748      -0.0069154700742724
1.5707963267948966     5.8944053779928254      -0.0060018082976117      -0.0069316921734664
1.5707963267948966     6.0198182583756514      -0.0060704434063734      -0.0069456645596849
1.5707963267948966     6.1452311387584775      -0.0061373510534662      -0.0069567412684486
1.5707963267948966     6.2706440191413035      -0.0062034937073303      -0.0069645401712349
1.5707963267948966     6.3960568995241296      -0.0062698514880350      -0.0069689408771941
1.5707963267948966     6.5214697799069556      -0.0063373631548445      -0.0069700798125684
1.5707963267948966     6.6468826602897817      -0.0064068451747662      -0.0069683118616095
1.5707963267948966     6.7722955406726077      -0.0064789625285972      -0.0069641575767643
1.5707963267948966     6.8977084210554338      -0.0065541955130795      -0.0069582582580266
1.5707963267948966     7.0231213014382599      -0.0066328160023370      -0.0069513151926306
1.5707963267948966     7.1485341818210859      -0.0067149129766971      -0.0069440156654423
1.5707963267948966     7.2739470622039120      -0.0068003958777344      -0.0069370380913907
1.5707963267948966     7.3993599425867380      -0.0068889945926133      -0.0069309551513754
1.5707963267948966     7.5247728229695641      -0.0069803265834207      -0.0069262128815823
1.5707963267948966     7.6501857033523901      -0.0070739302772381      -0.0069231151189830
1.5707963267948966     7.7755985837352162      -0.0071693061042291      -0.0069218097807166
1.5707963267948966     7.9010114641180422      -0.0072659697865932      -0.0069222959490611
1.5707963267948966     8.0264243445008692      -0.0073634715509979      -0.0069244340088117
1.5707963267948966     8.1518372248836961      -0.0074614622691821      -0.0069279720461022
1.5707963267948966     8.2772501052665231      -0.0075596759639026      -0.0069325876954918
1.5707963267948966     8.4026629856493500      -0.0076579598747614      -0.0069378990302627
1.5707963267948966     8.5280758660321769      -0.0077562862612148      -0.0069434935070169
1.5707963267948966     8.6534887464150039      -0.0078547615254925      -0.0069490012790543
1.5707963267948966     8.7789016267978308      -0.0079535633826723      -0.0069540975280053
1.5707963267948966     8.9043145071806578      -0.0080529569431983      -0.0069585174464615
1.5707963267948966     9.0297273875634847      -0.0081532629792464      -0.0069620836719779
1.5707963267948966     9.1551402679463116      -0.0082548282357223      -0.0069647116424236
1.5707963267948966     9.2805531483291386      -0.0083579986242087      -0.0069664082126730
1.5707963267948966     9.4059660287119655      -0.0084630942291749      -0.0069672637771646
1.5707963267948966     9.5313789090947925      -0.0085703886145795      -0.0069674374087700
1.5707963267948966     9.6567917894776194      -0.0086800940870232      -0.0069671379977129
1.5707963267948966     9.7822046698604463      -0.0087923531133414      -0.0069666027204028
1.5707963267948966     9.9076175502432733      -0.0089072363861742      -0.0069660747061765
1.5707963267948966     10.0330304306261002      -0.0090247473985787      -0.0069657819062572
1.5707963267948966     10.1584433110089272      -0.0091448325171727      -0.0069659189397679
1.5707963267948966     10.2838561913917541      -0.0092673954068364      -0.0069666331109911
1.5707963267948966     10.4092690717745811      -0.0093923143246371      -0.0069680155952281
1.5707963267948966     10.5346819521574080      -0.0095194605877027      -0.0069700982385184
1.5707963267948966     10.6600948325402349      -0.0096487164773068      -0.0069728558788972
1.5707963267948966     10.7855077129230619      -0.0097799910974078      -0.0069762135358351
1.5707963267948966     10.9109205933058888      -0.0099132329867034      -0.0069800576589415
1.5707963267948966     11.0363334736887158      -0.0100484383677673      -0.0069842501437426
1.5707963267948966     11.1617463540715427      -0.0101856547393556      -0.0069886435334483
1.5707963267948966     11.2871592344543696      -0.0103249797203767      -0.0069930961830350
1.5707963267948966     11.4125721148371966      -0.0104665553871773      -0.0069974857835103
1.5707963267948966     11.5379849952200235      -0.0106105591072519      -0.0070017200788099
1.5707963267948966     11.6633978756028505      -0.0107571917732733      -0.0070057440105883
1.5707963267948966     11.7888107559856774      -0.0109066647148177      -0.0070095425649686
1.5707963267948966     11.9142236363685043      -0.0110591867917370      -0.0070131393288122
1.5707963267948966     12.0396365167513313      -0.0112149527869784      -0.0070165910487807
1.5707963267948966     12.1650493971341582      -0.0113741343841279      -0.0070199787265720
1.5707963267948966     12.2904622775169852      -0.0115368746213710      -0.0070233963934299
1.5707963267948966     12.4158751578998121      -0.0117032862809063      -0.0070269386395034
1.5707963267948966     12.5412880382826391      -0.0118734545089984      -0.0070306881972594
1.5707963267948966     12.6667009186654660      -0.0120474433653199      -0.0070347049439249
1.5707963267948966     12.7921137990482929      -0.0122253057133820      -0.0070390173755191
1.5707963267948966     12.9175266794311199      -0.0124070955912761      -0.0070436175593619
1.5707963267948966     13.0429395598139468      -0.0125928818052771      -0.0070484601668658
1.5707963267948966     13.1683524401967738      -0.0127827615292372      -0.0070534657790147
1.5707963267948966     13.2937653205796007      -0.0129768725620823      -0.0070585283889288
1.5707963267948966     13.4191782009624276      -0.0131754029656952      -0.0070635264887961
1.5707963267948966     13.5445910813452546      -0.0133785971436433      -0.0070683368663506
1.5707963267948966     13.6700039617280815      -0.0135867575439364      -0.0070728499724311
1.5707963267948966     13.7954168421109085      -0.0138002416685348      -0.0070769854268073
1.5707963267948966     13.9208297224937354      -0.0140194544465991      -0.0070807063294402
1.5707963267948966     14.0462426028765623      -0.0142448363644343      -0.0070840309435694
1.5707963267948966     14.1716554832593893      -0.0144768482734986      -0.0070870405128026
1.5707963267948966     14.2970683636422162      -0.0147159540213120      -0.0070898823884933
1.5707963267948966     14.4224812440250432      -0.0149626022781540      -0.0070927676711087
1.5707963267948966     14.5478941244078701      -0.0152172093209758      -0.0070959634395416
1.5707963267948966     14.6733070047906971      -0.0154801440534867      -0.0070997797350754
1.5707963267948966     14.7987198851735240      -0.0157517169260542      -0.0071045519555399
1.5707963267948966     14.9241327655563509      -0.0160321740274669      -0.0071106198700159
1.5707963267948966     15.0495456459391779      -0.0163216967876030      -0.0071183047008220
1.5707963267948966     15.1749585263220048      -0.0166204088234425      -0.0071278852226634
1.5707963267948966     15.3003714067048318      -0.0169283889638986      -0.0071395763026897
1.5707963267948966     15.4257842870876587      -0.0172456903118296      -0.0071535095339874
1.5707963267948966     15.5511971674704856      -0.0175723650559076      -0.0071697190262085
1.5707963267948966     15.6766100478533126      -0.0179084926590406      -0.0071881337265049
    
1.8325957145940457     0.0000000000000000      0.0059806399681245      -0.0074470110475621
1.8325957145940457     0.1254128803828261      0.0010150186253589      -0.0016349556343027
1.8325957145940457     0.2508257607656522      -0.0025710841753365      -0.0025692465456557
1.8325957145940457     0.3762386411484783      -0.0038736035512615      -0.0038163812021528
1.8325957145940457     0.5016515215313043      -0.0044138882612928      -0.0047339905116844
1.8325957145940457     0.6270644019141304      -0.0046520033244083      -0.0054122917900767
1.8325957145940457     0.7524772822969564      -0.0047419193332968      -0.0059315918607388
1.8325957145940457     0.8778901626797825      -0.0047478580847619      -0.0063378606871807
1.8325957145940457     1.0033030430626086      -0.0047016335514147      -0.0066576084785799
1.8325957145940457     1.1287159234454347      -0.0046222726516707      -0.0069063808005279
1.8325957145940457     1.2541288038282608      -0.0045230703266544      -0.0070943898651902
1.8325957145940457     1.3795416842110868      -0.0044142615261775      -0.0072291925366859
1.8325957145940457     1.5049545645939129      -0.0043041861821221      -0.0073171062913756
1.8325957145940457     1.6303674449767389      -0.0041997943869389      -0.0073639849976056
1.8325957145940457     1.7557803253595650      -0.0041068024864209      -0.0073756009886343
1.8325957145940457     1.8811932057423910      -0.0040297571353233      -0.0073577820584257
1.8325957145940457     2.0066060861252173      -0.0039720425630371      -0.0073164237480898
1.8325957145940457     2.1320189665080433      -0.0039358851980996      -0.0072574085038026
1.8325957145940457     2.2574318468908694      -0.0039223802117025      -0.0071864748316805
1.8325957145940457     2.3828447272736955      -0.0039315508558235      -0.0071090624958242
1.8325957145940457     2.5082576076565215      -0.0039624434459384      -0.0070301556904991
1.8325957145940457     2.6336704880393476      -0.0040132560434053      -0.0069541386347250
1.8325957145940457     2.7590833684221736      -0.0040814959763422      -0.0068846760344399
1.8325957145940457     2.8844962488049997      -0.0041641585044518      -0.0068246268006319
1.8325957145940457     3.0099091291878257      -0.0042579174375944      -0.0067759965184506
1.8325957145940457     3.1353220095706518      -0.0043593179197533      -0.0067399306120366
1.8325957145940457     3.2607348899534778      -0.0044649618441017      -0.0067167479560126
1.8325957145940457     3.3861477703363039      -0.0045716764872451      -0.0067060118136662
1.8325957145940457     3.5115606507191299      -0.0046766587313918      -0.0067066326873686
1.8325957145940457     3.6369735311019560      -0.0047775886872316      -0.0067169963813701
1.8325957145940457     3.7623864114847820      -0.0048727082583546      -0.0067351090546961
1.8325957145940457     3.8877992918676081      -0.0049608628096976      -0.0067587503521250
1.8325957145940457     4.0132121722504346      -0.0050415059668334      -0.0067856260207799
1.8325957145940457     4.1386250526332606      -0.0051146696681516      -0.0068135114220674
1.8325957145940457     4.2640379330160867      -0.0051809036619987      -0.0068403786674446
1.8325957145940457     4.3894508133989127      -0.0052411897548296      -0.0068645009684714
1.8325957145940457     4.5148636937817388      -0.0052968383678097      -0.0068845301164086
1.8325957145940457     4.6402765741645648      -0.0053493737424820      -0.0068995445270941
1.8325957145940457     4.7656894545473909      -0.0054004161407119      -0.0069090668848188
1.8325957145940457     4.8911023349302170      -0.0054515677720033      -0.0069130526187696
1.8325957145940457     5.0165152153130430      -0.0055043108646629      -0.0069118511522394
1.8325957145940457     5.1419280956958691      -0.0055599210893964      -0.0069061491262240
1.8325957145940457     5.2673409760786951      -0.0056193992860145      -0.0068968914809409
1.8325957145940457     5.3927538564615212      -0.0056834310682707      -0.0068851947071496
1.8325957145940457     5.5181667368443472      -0.0057523678570999      -0.0068722565386522
1.8325957145940457     5.6435796172271733      -0.0058262327820586      -0.0068592684946005
1.8325957145940457     5.7689924976099993      -0.0059047388482960      -0.0068473342248912
1.8325957145940457     5.8944053779928254      -0.0059873418795945      -0.0068373913010811
1.8325957145940457     6.0198182583756514      -0.0060732962844926      -0.0068301644502684
1.8325957145940457     6.1452311387584775      -0.0061617256996354      -0.0068261086902538
1.8325957145940457     6.2706440191413035      -0.0062517642330624      -0.0068254500861256
1.8325957145940457     6.3960568995241296      -0.0063424338129603      -0.0068282005461038
1.8325957145940457     6.5214697799069556      -0.0064328833570127      -0.0068340345148976
1.8325957145940457     6.6468826602897817      -0.0065224090134937      -0.0068424652058763
1.8325957145940457     6.7722955406726077      -0.0066104711949560      -0.0068528494743367
1.8325957145940457     6.8977084210554338      -0.0066967324768035      -0.0068644397326963
1.8325957145940457     7.0231213014382599      -0.0067810646056798      -0.0068764445139804
1.8325957145940457     7.1485341818210859      -0.0068635641595833      -0.0068880665293145
1.8325957145940457     7.2739470622039120      -0.0069445263896937      -0.0068986086783049
1.8325957145940457     7.3993599425867380      -0.0070243905210011      -0.0069074661013387
1.8325957145940457     7.5247728229695641      -0.0071037318912266      -0.0069141741069219
1.8325957145940457     7.6501857033523901      -0.0071832084307560      -0.0069184349809964
1.8325957145940457     7.7755985837352162      -0.0072635120516223      -0.0069201220671097
1.8325957145940457     7.9010114641180422      -0.0073453334431067      -0.0069192815636650
1.8325957145940457     8.0264243445008692      -0.0074292996455786      -0.0069161142853279
1.8325957145940457     8.1518372248836961      -0.0075159754820593      -0.0069109528769089
1.8325957145940457     8.2772501052665231      -0.0076057948319112      -0.0069042481153609
1.8325957145940457     8.4026629856493500      -0.0076990596472469      -0.0068965071550388
1.8325957145940457     8.5280758660321769      -0.0077959404557615      -0.0068882548131498
1.8325957145940457     8.6534887464150039      -0.0078964948279108      -0.0068800315838299
1.8325957145940457     8.7789016267978308      -0.0080006326097166      -0.0068723439248691
1.8325957145940457     8.9043145071806578      -0.0081081667214657      -0.0068656255142763
1.8325957145940457     9.0297273875634847      -0.0082188321852980      -0.0068602301646760
1.8325957145940457     9.1551402679463116      -0.0083323097407438      -0.0068564179726770
1.8325957145940457     9.2805531483291386      -0.0084482530535453      -0.0068543499790281
1.8325957145940457     9.4059660287119655      -0.0085663141444218      -0.0068540908494611
1.8325957145940457     9.5313789090947925      -0.0086861658341418      -0.0068556169059043
1.8325957145940457     9.6567917894776194      -0.0088075201223119      -0.0068588294594573
1.8325957145940457     9.7822046698604463      -0.0089301410372306      -0.0068635712028081
1.8325957145940457     9.9076175502432733      -0.0090538519566701      -0.0068696439016464
1.8325957145940457     10.0330304306261002      -0.0091785376262260      -0.0068768258452205
1.8325957145940457     10.1584433110089272      -0.0093041413701953      -0.0068848875616967
1.8325957145940457     10.2838561913917541      -0.0094306586419913      -0.0068936045815360
1.8325957145940457     10.4092690717745811      -0.0095581280916488      -0.0069027665839623
1.8325957145940457     10.5346819521574080      -0.0096866215532339      -0.0069121825266562
1.8325957145940457     10.6600948325402349      -0.0098162342786135      -0.0069216819402075
1.8325957145940457     10.7855077129230619      -0.0099470766122898      -0.0069311127918075
1.8325957145940457     10.9109205933058888      -0.0100792681586801      -0.0069403368514680
1.8325957145940457     11.0363334736887158      -0.0102129349077405      -0.0069492236451907
1.8325957145940457     11.1617463540715427      -0.0103482096962735      -0.0069576440653121
1.8325957145940457     11.2871592344543696      -0.0104852358041206      -0.0069654650427669
1.8325957145940457     11.4125721148371966      -0.0106241730384058      -0.0069725461934963
1.8325957145940457     11.5379849952200235      -0.0107652056267631      -0.0069787393286879
1.8325957145940457     11.6633978756028505      -0.0109085506578104      -0.0069838914431378
1.8325957145940457     11.7888107559856774      -0.0110544658854849      -0.0069878511676591
1.8325957145940457     11.9142236363685043      -0.0112032557536282      -0.0069904785781606
1.8325957145940457     12.0396365167513313      -0.0113552743630171      -0.0069916576898837
1.8325957145940457     12.1650493971341582      -0.0115109246182980      -0.0069913105842924
1.8325957145940457     12.2904622775169852      -0.0116706529311089      -0.0069894121002167
1.8325957145940457     12.4158751578998121      -0.0118349392074352      -0.0069860035572151
1.8325957145940457     12.5412880382826391      -0.0120042824860580      -0.0069812041285297
1.8325957145940457     12.6667009186654660      -0.0121791827326475      -0.0069752185697564
1.8325957145940457     12.7921137990482929      -0.0123601198930887      -0.0069683400257528
1.8325957145940457     12.9175266794311199      -0.0125475316031140      -0.0069609472130535
1.8325957145940457     13.0429395598139468      -0.0127417910115372      -0.0069534954703824
1.8325957145940457     13.1683524401967738      -0.0129431865333037      -0.0069465016360997
1.8325957145940457     13.2937653205796007      -0.0131519051402149      -0.0069405233357082
1.8325957145940457     13.4191782009624276      -0.0133680206914574      -0.0069361334768118
1.8325957145940457     13.5445910813452546      -0.0135914886678505      -0.0069338913327560
1.8325957145940457     13.6700039617280815      -0.0138221481138402      -0.0069343119100109
1.8325957145940457     13.7954168421109085      -0.0140597311898689      -0.0069378353526335
1.8325957145940457     13.9208297224937354      -0.0143038804437929      -0.0069447983885006
1.8325957145940457     14.0462426028765623      -0.0145541730686852      -0.0069554097354658
1.8325957145940457     14.1716554832593893      -0.0148101511737872      -0.0069697311216549
1.8325957145940457     14.2970683636422162      -0.0150713567450273      -0.0069876652202515
1.8325957145940457     14.4224812440250432      -0.0153373694330067      -0.0070089522595672
1.8325957145940457     14.5478941244078701      -0.0156078445326230      -0.0070331745498837
1.8325957145940457     14.6733070047906971      -0.0158825503838914      -0.0070597698872318
1.8325957145940457     14.7987198851735240      -0.0161614020302561      -0.0070880532531518
1.8325957145940457     14.9241327655563509      -0.0164444892955334      -0.0071172451700928
1.8325957145940457     15.0495456459391779      -0.0167321003965826      -0.0071465054854546
1.8325957145940457     15.1749585263220048      -0.0170247340882949      -0.0071749744396970
1.8325957145940457     15.3003714067048318      -0.0173231048119592      -0.0072018097550585
1.8325957145940457     15.4257842870876587      -0.0176281404889968      -0.0072262279821509
1.8325957145940457     15.5511971674704856      -0.0179409697287341      -0.0072475425584730
1.8325957145940457     15.6766100478533126      -0.0182629024529115      -0.0072651939691527
    
2.0943951023931957     0.0000000000000000      -0.0017098596395811      -0.0238608236671873
2.0943951023931957     0.1254128803828261      0.0068717825905907      -0.0135349500528237
2.0943951023931957     0.2508257607656522      0.0042453983219786      -0.0077636414447944
2.0943951023931957     0.3762386411484783      0.0018274409614968      -0.0060071467103452
2.0943951023931957     0.5016515215313043      0.0002237217340324      -0.0054240134324183
2.0943951023931957     0.6270644019141304      -0.0008796195356264      -0.0052500093467374
2.0943951023931957     0.7524772822969564      -0.0016785533840621      -0.0052475809372778
2.0943951023931957     0.8778901626797825      -0.0022812912296759      -0.0053260201222022
2.0943951023931957     1.0033030430626086      -0.0027479424149880      -0.0054458258891666
2.0943951023931957     1.1287159234454347      -0.0031148253404798      -0.0055856086736500
2.0943951023931957     1.2541288038282608      -0.0034058666171422      -0.0057329578085441
2.0943951023931957     1.3795416842110868      -0.0036377383221150      -0.0058801055932071
2.0943951023931957     1.5049545645939129      -0.0038227818649106      -0.0060218900307812
2.0943951023931957     1.6303674449767389      -0.0039706348898136      -0.0061549757458984
2.0943951023931957     1.7557803253595650      -0.0040889734138375      -0.0062772297304181
2.0943951023931957     1.8811932057423910      -0.0041841549894830      -0.0063874218021550
2.0943951023931957     2.0066060861252173      -0.0042614932935968      -0.0064850583990159
2.0943951023931957     2.1320189665080433      -0.0043254338101275      -0.0065702220651426
2.0943951023931957     2.2574318468908694      -0.0043796677616440      -0.0066434384027877
2.0943951023931957     2.3828447272736955      -0.0044272150478103      -0.0067055546054198
2.0943951023931957     2.5082576076565215      -0.0044704916533288      -0.0067576332651794
2.0943951023931957     2.6336704880393476      -0.0045113712667521      -0.0068008538483122
2.0943951023931957     2.7590833684221736      -0.0045512494005496      -0.0068364266060424
2.0943951023931957     2.8844962488049997      -0.0045911107167272      -0.0068655205932964
2.0943951023931957     3.0099091291878257      -0.0046315993091813      -0.0068892071560839
2.0943951023931957     3.1353220095706518      -0.0046730903663722      -0.0069084196321214
2.0943951023931957     3.2607348899534778      -0.0047157609844021      -0.0069239295826046
2.0943951023931957     3.3861477703363039      -0.0047596569786097      -0.0069363389350290
2.0943951023931957     3.5115606507191299      -0.0048047530273913      -0.0069460861855948
2.0943951023931957     3.6369735311019560      -0.0048510039397591      -0.0069534646108206
2.0943951023931957     3.7623864114847820      -0.0048983848933654      -0.0069586497208171
2.0943951023931957     3.8877992918676081      -0.0049469197294620      -0.0069617325225891
2.0943951023931957     4.0132121722504346      -0.0049966970178419      -0.0069627556521873
2.0943951023931957     4.1386250526332606      -0.0050478741407171      -0.0069617490237462
2.0943951023931957     4.2640379330160867      -0.0051006707937401      -0.0069587621800558
2.0943951023931957     4.3894508133989127      -0.0051553533816988      -0.0069538907170293
2.0943951023931957     4.5148636937817388      -0.0052122134212881      -0.0069472952602979
2.0943951023931957     4.6402765741645648      -0.0052715414324602      -0.0069392120052754
2.0943951023931957     4.7656894545473909      -0.0053335996767383      -0.0069299540215064
2.0943951023931957     4.8911023349302170      -0.0053985958895693      -0.0069199038123872
2.0943951023931957     5.0165152153130430      -0.0054666619190006      -0.0069094973192111
2.0943951023931957     5.1419280956958691      -0.0055378369090306      -0.0068992054979989
2.0943951023931957     5.2673409760786951      -0.0056120554186882      -0.0068895064584703
2.0943951023931957     5.3927538564615212      -0.0056891473116462      -0.0068808582214278
2.0943951023931957     5.5181667368443472      -0.0057688432493674      -0.0068736719159500
2.0943951023931957     5.6435796172271733      -0.0058507890141110      -0.0068682890457061
2.0943951023931957     5.7689924976099993      -0.0059345560364574      -0.0068649607327571
2.0943951023931957     5.8944053779928254      -0.0060196755686938      -0.0068638239853585
2.0943951023931957     6.0198182583756514      -0.0061056629007227      -0.0068649036221165
2.0943951023931957     6.1452311387584775      -0.0061920449952222      -0.0068680978131488
2.0943951023931957     6.2706440191413035      -0.0062784246213232      -0.0068732128504700
2.0943951023931957     6.3960568995241296      -0.0063644063420436      -0.0068799811401217
2.0943951023931957     6.5214697799069556      -0.0064497111896105      -0.0068880123180082
2.0943951023931957     6.6468826602897817      -0.0065341615718673      -0.0068968864446385
2.0943951023931957     6.7722955406726077      -0.0066176844983218      -0.0069061545508628
2.0943951023931957     6.8977084210554338      -0.0067003167897815      -0.0069153680672635
2.0943951023931957     7.0231213014382599      -0.0067821925470693      -0.0069241044228711
2.0943951023931957     7.1485341818210859      -0.0068635532226216      -0.0069319717368565
2.0943951023931957     7.2739470622039120      -0.0069447207350147      -0.0069386832305809
2.0943951023931957     7.3993599425867380      -0.0070260507411926      -0.0069440185649560
2.0943951023931957     7.5247728229695641      -0.0071079405032020      -0.0069478454222791
2.0943951023931957     7.6501857033523901      -0.0071907963170279      -0.0069501269589635
2.0943951023931957     7.7755985837352162      -0.0072750083115179      -0.0069509129785802
2.0943951023931957     7.9010114641180422      -0.0073609405435458      -0.0069503354119559
2.0943951023931957     8.0264243445008692      -0.0074488912852547      -0.0069485904653712
2.0943951023931957     8.1518372248836961      -0.0075391232019817      -0.0069459186661312
2.0943951023931957     8.2772501052665231      -0.0076318090511022      -0.0069426130262909
2.0943951023931957     8.4026629856493500      -0.0077270458482520      -0.0069389635027983
2.0943951023931957     8.5280758660321769      -0.0078248640559338      -0.0069352438434317
2.0943951023931957     8.6534887464150039      -0.0079252527442444      -0.0069317154431650
2.0943951023931957     8.7789016267978308      -0.0080281281486192      -0.0069286134536955
2.0943951023931957     8.9043145071806578      -0.0081333716434698      -0.0069261154864898
2.0943951023931957     9.0297273875634847      -0.0082408442442476      -0.0069243505884604
2.0943951023931957     9.1551402679463116      -0.0083503978631200      -0.0069233971645220
2.0943951023931957     9.2805531483291386      -0.0084618888573170      -0.0069232849381271
2.0943951023931957     9.4059660287119655      -0.0085751894288799      -0.0069240010958581
2.0943951023931957     9.5313789090947925      -0.0086901963988840      -0.0069254982586340
2.0943951023931957     9.6567917894776194      -0.0088068370536701      -0.0069277044847529
2.0943951023931957     9.7822046698604463      -0.0089250714240431      -0.0069305335986166
2.0943951023931957     9.9076175502432733      -0.0090448915475043      -0.0069338949715155
2.0943951023931957     10.0330304306261002      -0.0091663179792881      -0.0069377020333962
2.0943951023931957     10.1584433110089272      -0.0092893941139112      -0.0069418786110795
2.0943951023931957     10.2838561913917541      -0.0094141793830238      -0.0069463627348796
2.0943951023931957     10.4092690717745811      -0.0095407419375105      -0.0069511078395138
2.0943951023931957     10.5346819521574080      -0.0096691517923595      -0.0069560811980521
2.0943951023931957     10.6600948325402349      -0.0097994753321524      -0.0069612601288027
2.0943951023931957     10.7855077129230619      -0.0099317716455120      -0.0069666264701754
2.0943951023931957     10.9109205933058888      -0.0100660912962758      -0.0069721599709835
2.0943951023931957     11.0363334736887158      -0.0102024776948408      -0.0069778315685585
2.0943951023931957     11.1617463540715427      -0.0103409709841406      -0.0069835972955012
2.0943951023931957     11.2871592344543696      -0.0104816141899132      -0.0069893936702981
2.0943951023931957     11.4125721148371966      -0.0106244610599766      -0.0069951352506894
2.0943951023931957     11.5379849952200235      -0.0107695848757179      -0.0070007148496284
2.0943951023931957     11.6633978756028505      -0.0109170873612280      -0.0070060066665934
2.0943951023931957     11.7888107559856774      -0.0110671067948298      -0.0070108723278686
2.0943951023931957     11.9142236363685043      -0.0112198244256640      -0.0070151695797588
2.0943951023931957     12.0396365167513313      -0.0113754683886180      -0.0070187630793250
2.0943951023931957     12.1650493971341582      -0.0115343145523063      -0.0070215365367446
2.0943951023931957     12.2904622775169852      -0.0116966838515977      -0.0070234053392930
2.0943951023931957     12.4158751578998121      -0.0118629359922725      -0.0070243285797190
2.0943951023931957     12.5412880382826391      -0.0120334597201182      -0.0070243195111570
2.0943951023931957     12.6667009186654660      -0.0122086600427795      -0.0070234534337143
2.0943951023931957     12.7921137990482929      -0.0123889431639449      -0.0070218721436552
2.0943951023931957     12.9175266794311199      -0.0125747000730783      -0.0070197843784464
2.0943951023931957     13.0429395598139468      -0.0127662898074548      -0.0070174618653226
2.0943951023931957     13.1683524401967738      -0.0129640236334530      -0.0070152308482709
2.0943951023931957     13.2937653205796007      -0.0131681512857481      -0.0070134594301235
2.0943951023931957     13.4191782009624276      -0.0133788503408151      -0.0070125411907620
2.0943951023931957     13.5445910813452546      -0.0135962196969400      -0.0070128758736839
2.0943951023931957     13.6700039617280815      -0.0138202780280619      -0.0070148483927502
2.0943951023931957     13.7954168421109085      -0.0140509670401087      -0.0070188072235210
2.0943951023931957     13.9208297224937354      -0.0142881604461111      -0.0070250432427625
2.0943951023931957     14.0462426028765623      -0.0145316779175097      -0.0070337708223607
2.0943951023931957     14.1716554832593893      -0.0147813033859790      -0.0070451119928576
2.0943951023931957     14.2970683636422162      -0.0150368077591177      -0.0070590839623488
2.0943951023931957     14.4224812440250432      -0.0152979745699716      -0.0070755946655925
2.0943951023931957     14.5478941244078701      -0.0155646242370913      -0.0070944404538538
2.0943951023931957     14.6733070047906971      -0.0158366421562385      -0.0071153108504822
2.0943951023931957     14.7987198851735240      -0.0161140033381829      -0.0071377998644957
2.0943951023931957     14.9241327655563509      -0.0163967929398736      -0.0071614200292551
2.0943951023931957     15.0495456459391779      -0.0166852340525231      -0.0071856201334826
2.0943951023931957     15.1749585263220048      -0.0169796937134609      -0.0072098222962667
2.0943951023931957     15.3003714067048318      -0.0172806905867867      -0.0072334334054138
2.0943951023931957     15.4257842870876587      -0.0175889043438737      -0.0072558775742017
2.0943951023931957     15.5511971674704856      -0.0179051692935019      -0.0072766250199821
2.0943951023931957     15.6766100478533126      -0.0182304641978504      -0.0072952011821513
    
2.3561944901923448     0.0000000000000000      -0.0092834338523078      -0.0040568665065939
2.3561944901923448     0.1254128803828261      -0.0074989701444897      -0.0095095999894692
2.3561944901923448     0.2508257607656522      -0.0048041615854438      -0.0098339837892467
2.3561944901923448     0.3762386411484783      -0.0036290698257687      -0.0093018720796701
2.3561944901923448     0.5016515215313043      -0.0030830442592857      -0.0087894344179653
2.3561944901923448     0.6270644019141304      -0.0028170479865150      -0.0083619044176515
2.3561944901923448     0.7524772822969564      -0.0026993224630624      -0.0080051131017567
2.3561944901923448     0.8778901626797825      -0.0026732963299022      -0.0077038772503492
2.3561944901923448     1.0033030430626086      -0.0027087884349254      -0.0074495631635209
2.3561944901923448     1.1287159234454347      -0.0027875681704814      -0.0072361360179639
2.3561944901923448     1.2541288038282608      -0.0028974080337993      -0.0070597711462771
2.3561944901923448     1.3795416842110868      -0.0030290767567137      -0.0069177404896999
2.3561944901923448     1.5049545645939129      -0.0031751004009180      -0.0068076841516246
2.3561944901923448     1.6303674449767389      -0.0033292037090311      -0.0067272684478412
2.3561944901923448     1.7557803253595650      -0.0034860156690419      -0.0066739416697978
2.3561944901923448     1.8811932057423910      -0.0036410107521314      -0.0066448573194676
2.3561944901923448     2.0066060861252173      -0.0037904696992326      -0.0066368878753786
2.3561944901923448     2.1320189665080433      -0.0039314714605761      -0.0066466812083009
2.3561944901923448     2.2574318468908694      -0.0040618857271193      -0.0066707529639463
2.3561944901923448     2.3828447272736955      -0.0041803525623086      -0.0067055971008399
2.3561944901923448     2.5082576076565215      -0.0042862417222585      -0.0067478044922385
2.3561944901923448     2.6336704880393476      -0.0043795894613450      -0.0067941764405419
2.3561944901923448     2.7590833684221736      -0.0044610152638339      -0.0068418261582911
2.3561944901923448     2.8844962488049997      -0.0045316214492103      -0.0068882617170396
2.3561944901923448     3.0099091291878257      -0.0045928807532709      -0.0069314460257345
2.3561944901923448     3.1353220095706518      -0.0046465177471431      -0.0069698313556748
2.3561944901923448     3.2607348899534778      -0.0046943902153302      -0.0070023677149328
2.3561944901923448     3.3861477703363039      -0.0047383765404289      -0.0070284861805585
2.3561944901923448     3.5115606507191299      -0.0047802743521150      -0.0070480596857311
2.3561944901923448     3.6369735311019560      -0.0048217151227606      -0.0070613449945706
2.3561944901923448     3.7623864114847820      -0.0048640978227168      -0.0070689107078716
2.3561944901923448     3.8877992918676081      -0.0049085437439109      -0.0070715562391683
2.3561944901923448     4.0132121722504346      -0.0049558732135224      -0.0070702274669815
2.3561944901923448     4.1386250526332606      -0.0050066033294088      -0.0070659341968501
2.3561944901923448     4.2640379330160867      -0.0050609649149563      -0.0070596743155535
2.3561944901923448     4.3894508133989127      -0.0051189354517040      -0.0070523683331899
2.3561944901923448     4.5148636937817388      -0.0051802851260182      -0.0070448077603573
2.3561944901923448     4.6402765741645648      -0.0052446305175549      -0.0070376194206986
2.3561944901923448     4.7656894545473909      -0.0053114922042276      -0.0070312458356686
2.3561944901923448     4.8911023349302170      -0.0053803517432612      -0.0070259416644916
2.3561944901923448     5.0165152153130430      -0.0054507053113087      -0.0070217841219091
2.3561944901923448     5.1419280956958691      -0.0055221086627116      -0.0070186991662165
2.3561944901923448     5.2673409760786951      -0.0055942102325492      -0.0070164926295363
2.3561944901923448     5.3927538564615212      -0.0056667750548258      -0.0070148897028931
2.3561944901923448     5.5181667368443472      -0.0057396952377432      -0.0070135761689238
2.3561944901923448     5.6435796172271733      -0.0058129901566150      -0.0070122420370683
2.3561944901923448     5.7689924976099993      -0.0058867836968851      -0.0070106177164299
2.3561944901923448     5.8944053779928254      -0.0059612958651437      -0.0070084945775488
2.3561944901923448     6.0198182583756514      -0.0060368116079275      -0.0070057638644802
2.3561944901923448     6.1452311387584775      -0.0061136383701235      -0.0070024353277420
2.3561944901923448     6.2706440191413035      -0.0061920243682687      -0.0069985931351388
2.3561944901923448     6.3960568995241296      -0.0062722733151224      -0.0069943741698742
2.3561944901923448     6.5214697799069556      -0.0063546048251389      -0.0069900794210599
2.3561944901923448     6.6468826602897817      -0.0064391187765989      -0.0069860374297344
2.3561944901923448     6.7722955406726077      -0.0065258302661992      -0.0069825937396424
2.3561944901923448     6.8977084210554338      -0.0066146536238111      -0.0069800967622730
2.3561944901923448     7.0231213014382599      -0.0067053951476257      -0.0069788594119939
2.3561944901923448     7.1485341818210859      -0.0067977949261968      -0.0069791145128989
2.3561944901923448     7.2739470622039120      -0.0068915329809689      -0.0069810515410344
2.3561944901923448     7.3993599425867380      -0.0069862260911727      -0.0069847471010718
2.3561944901923448     7.5247728229695641      -0.0070814871586560      -0.0069901683546545
2.3561944901923448     7.6501857033523901      -0.0071769460435376      -0.0069971794617150
2.3561944901923448     7.7755985837352162      -0.0072722732643262      -0.0070055447804401
2.3561944901923448     7.9010114641180422      -0.0073672145147609      -0.0070149472543094
2.3561944901923448     8.0264243445008692      -0.0074615859707866      -0.0070250042767281
2.3561944901923448     8.1518372248836961      -0.0075553332072837      -0.0070352873878376
2.3561944901923448     8.2772501052665231      -0.0076484866679864      -0.0070453808965200
2.3561944901923448     8.4026629856493500      -0.0077411772456862      -0.0070548670507937
2.3561944901923448     8.5280758660321769      -0.0078336339758770      -0.0070633602322264
2.3561944901923448     8.6534887464150039      -0.0079261890541759      -0.0070705423845140
2.3561944901923448     8.7789016267978308      -0.0080192179987088      -0.0070761876881323
2.3561944901923448     8.9043145071806578      -0.0081131386531362      -0.0070801466600137
2.3561944901923448     9.0297273875634847      -0.0082083895607244      -0.0070823661774982
2.3561944901923448     9.1551402679463116      -0.0083054026393330      -0.0070828872977971
2.3561944901923448     9.2805531483291386      -0.0084045812564110      -0.0070818369867583
2.3561944901923448     9.4059660287119655      -0.0085062815857843      -0.0070794157479475
2.3561944901923448     9.5313789090947925      -0.0086107984093665      -0.0070758808438188
2.3561944901923448     9.6567917894776194      -0.0087183562217194      -0.0070715275585050
2.3561944901923448     9.7822046698604463      -0.0088291055312904      -0.0070666693280136
2.3561944901923448     9.9076175502432733      -0.0089431246442054      -0.0070616184017266
2.3561944901923448     10.0330304306261002      -0.0090604262109913      -0.0070566685706922
2.3561944901923448     10.1584433110089272      -0.0091809675816826      -0.0070520808439964
2.3561944901923448     10.2838561913917541      -0.0093046641839013      -0.0070480730322879
2.3561944901923448     10.4092690717745811      -0.0094314042973201      -0.0070448138764209
2.3561944901923448     10.5346819521574080      -0.0095610639841449      -0.0070424214600599
2.3561944901923448     10.6600948325402349      -0.0096935210948477      -0.0070409658580148
2.3561944901923448     10.7855077129230619      -0.0098286669732209      -0.0070404753680199
2.3561944901923448     10.9109205933058888      -0.0099664151893898      -0.0070409452161880
2.3561944901923448     11.0363334736887158      -0.0101067068207477      -0.0070423478709391
2.3561944901923448     11.1617463540715427      -0.0102495119414388      -0.0070446436883809
2.3561944901923448     11.2871592344543696      -0.0103948276544886      -0.0070477906769226
2.3561944901923448     11.4125721148371966      -0.0105426731726240      -0.0070517524724031
2.3561944901923448     11.5379849952200235      -0.0106930826485452      -0.0070565036567257
2.3561944901923448     11.6633978756028505      -0.0108460968473397      -0.0070620318428691
2.3561944901923448     11.7888107559856774      -0.0110017547371554      -0.0070683364262128
2.3561944901923448     11.9142236363685043      -0.0111600860588758      -0.0070754240426875
2.3561944901923448     12.0396365167513313      -0.0113211059891705      -0.0070833012343105
2.3561944901923448     12.1650493971341582      -0.0114848126891546      -0.0070919651228159
2.3561944901923448     12.2904622775169852      -0.0116511883165366      -0.0071013930298194
2.3561944901923448     12.4158751578998121      -0.0118202038044056      -0.0071115322159926
2.3561944901923448     12.5412880382826391      -0.0119918272567595      -0.0071222909238985
2.3561944901923448     12.6667009186654660      -0.0121660355787773      -0.0071335317992937
2.3561944901923448     12.7921137990482929      -0.0123428285700146      -0.0071450687194280
2.3561944901923448     12.9175266794311199      -0.0125222444427522      -0.0071566677119178
2.3561944901923448     13.0429395598139468      -0.0127043755829869      -0.0071680524112558
2.3561944901923448     13.1683524401967738      -0.0128893831900236      -0.0071789141106073
2.3561944901923448     13.2937653205796007      -0.0130775095142746      -0.0071889260673624
2.3561944901923448     13.4191782009624276      -0.0132690864840232      -0.0071977614243184
2.3561944901923448     13.5445910813452546      -0.0134645396819195      -0.0072051136727120
2.3561944901923448     13.6700039617280815      -0.0136643870984330      -0.0072107184706566
2.3561944901923448     13.7954168421109085      -0.0138692320529765      -0.0072143753572868
2.3561944901923448     13.9208297224937354      -0.0140797505924307      -0.0072159676994919
2.3561944901923448     14.0462426028765623      -0.0142966736891964      -0.0072154795972891
2.3561944901923448     14.1716554832593893      -0.0145207649969826      -0.0072130082524677
2.3561944901923448     14.2970683636422162      -0.0147527956788226      -0.0072087704072453
2.3561944901923448     14.4224812440250432      -0.0149935176025116      -0.0072031033648440
2.3561944901923448     14.5478941244078701      -0.0152436355484640      -0.0071964580608747
2.3561944901923448     14.6733070047906971      -0.0155037822711503      -0.0071893857680856
2.3561944901923448     14.7987198851735240      -0.0157744961245056      -0.0071825187180335
2.3561944901923448     14.9241327655563509      -0.0160562030431282      -0.0071765444057489
2.3561944901923448     15.0495456459391779      -0.0163492081770229      -0.0071721753839335
2.3561944901923448     15.1749585263220048      -0.0166536890044946      -0.0071701213862535
2.3561944901923448     15.3003714067048318      -0.0169696983449348      -0.0071710512966864
2.3561944901923448     15.4257842870876587      -0.0172971775050091      -0.0071755623010765
2.3561944901923448     15.5511971674704856      -0.0176359736289328      -0.0071841504506634
2.3561944901923448     15.6766100478533126      -0.0179858642478037      -0.0071971793900801
    
2.6179938779914940     0.0000000000000000      -0.0043770970083242      -0.0070111804273689
2.6179938779914940     0.1254128803828261      -0.0036814850485755      -0.0077760005027529
2.6179938779914940     0.2508257607656522      -0.0032484369697922      -0.0076119877196875
2.6179938779914940     0.3762386411484783      -0.0031377185313260      -0.0074276312893854
2.6179938779914940     0.5016515215313043      -0.0031300409942528      -0.0072968793990257
2.6179938779914940     0.6270644019141304      -0.0031621420866752      -0.0072022052277188
2.6179938779914940     0.7524772822969564      -0.0032136219977539      -0.0071308887002792
2.6179938779914940     0.8778901626797825      -0.0032756786901406      -0.0070759234051241
2.6179938779914940     1.0033030430626086      -0.0033443418226197      -0.0070329338574906
2.6179938779914940     1.1287159234454347      -0.0034173308245307      -0.0069996005139022
2.6179938779914940     1.2541288038282608      -0.0034930120386926      -0.0069744023648193
2.6179938779914940     1.3795416842110868      -0.0035701438641556      -0.0069562211293247
2.6179938779914940     1.5049545645939129      -0.0036477268112851      -0.0069441535858252
2.6179938779914940     1.6303674449767389      -0.0037249297036690      -0.0069373775429642
2.6179938779914940     1.7557803253595650      -0.0038010919318832      -0.0069351090430375
2.6179938779914940     1.8811932057423910      -0.0038756964625471      -0.0069365825785470
2.6179938779914940     2.0066060861252173      -0.0039483703663940      -0.0069410407198071
2.6179938779914940     2.1320189665080433      -0.0040188835383317      -0.0069477425036006
2.6179938779914940     2.2574318468908694      -0.0040871438317993      -0.0069559780199759
2.6179938779914940     2.3828447272736955      -0.0041531875771134      -0.0069650865495255
2.6179938779914940     2.5082576076565215      -0.0042171657023263      -0.0069744738449015
2.6179938779914940     2.6336704880393476      -0.0042793262111332      -0.0069836281984710
2.6179938779914940     2.7590833684221736      -0.0043399930546611      -0.0069921331457860
2.6179938779914940     2.8844962488049997      -0.0043995426742797      -0.0069996755551734
2.6179938779914940     3.0099091291878257      -0.0044583797550079      -0.0070060486948127
2.6179938779914940     3.1353220095706518      -0.0045169131559792      -0.0070111501786696
2.6179938779914940     3.2607348899534778      -0.0045755334362425      -0.0070149747498148
2.6179938779914940     3.3861477703363039      -0.0046345931394329      -0.0070176026109348
2.6179938779914940     3.5115606507191299      -0.0046943907502478      -0.0070191840157399
2.6179938779914940     3.6369735311019560      -0.0047551590954219      -0.0070199211580148
2.6179938779914940     3.7623864114847820      -0.0048170585624705      -0.0070200485395048
2.6179938779914940     3.8877992918676081      -0.0048801753287693      -0.0070198129424446
2.6179938779914940     4.0132121722504346      -0.0049445244263746      -0.0070194542984160
2.6179938779914940     4.1386250526332606      -0.0050100571742253      -0.0070191884943145
2.6179938779914940     4.2640379330160867      -0.0050766722883659      -0.0070191931813824
2.6179938779914940     4.3894508133989127      -0.0051442295354837      -0.0070195969092255
2.6179938779914940     4.5148636937817388      -0.0052125658179345      -0.0070204725155189
2.6179938779914940     4.6402765741645648      -0.0052815112809178      -0.0070218351206473
2.6179938779914940     4.7656894545473909      -0.0053509051419476      -0.0070236439617435
2.6179938779914940     4.8911023349302170      -0.0054206099613008      -0.0070258081410556
2.6179938779914940     5.0165152153130430      -0.0054905247015267      -0.0070281949607711
2.6179938779914940     5.1419280956958691      -0.0055605938987153      -0.0070306442308498
2.6179938779914940     5.2673409760786951      -0.0056308117719611      -0.0070329798269663
2.6179938779914940     5.3927538564615212      -0.0057012251782161      -0.0070350242084281
2.6179938779914940     5.5181667368443472      -0.0057719320680154      -0.0070366118557489
2.6179938779914940     5.6435796172271733      -0.0058430784165308      -0.0070376050690867
2.6179938779914940     5.7689924976099993      -0.0059148400336705      -0.0070379044064395
2.6179938779914940     5.8944053779928254      -0.0059874257282664      -0.0070374474310031
2.6179938779914940     6.0198182583756514      -0.0060610627634885      -0.0070362323641783
2.6179938779914940     6.1452311387584775      -0.0061359724068170      -0.0070343298799849
2.6179938779914940     6.2706440191413035      -0.0062122972851378      -0.0070318262602439
2.6179938779914940     6.3960568995241296      -0.0062902675816940      -0.0070288027630673
2.6179938779914940     6.5214697799069556      -0.0063700506211572      -0.0070254816486410
2.6179938779914940     6.6468826602897817      -0.0064517296771629      -0.0070220791554580
2.6179938779914940     6.7722955406726077      -0.0065353528078249      -0.0070188166597007
2.6179938779914940     6.8977084210554338      -0.0066209164653233      -0.0070159257375135
2.6179938779914940     7.0231213014382599      -0.0067083535562336      -0.0070136254201137
2.6179938779914940     7.1485341818210859      -0.0067975672131866      -0.0070120922477088
2.6179938779914940     7.2739470622039120      -0.0068884234468315      -0.0070115085023504
2.6179938779914940     7.3993599425867380      -0.0069807318242523      -0.0070119990379334
2.6179938779914940     7.5247728229695641      -0.0070742876721471      -0.0070136358063048
2.6179938779914940     7.6501857033523901      -0.0071688760817556      -0.0070164405631742
2.6179938779914940     7.7755985837352162      -0.0072642802069268      -0.0070203793400423
2.6179938779914940     7.9010114641180422      -0.0073603035724154      -0.0070253675899487
2.6179938779914940     8.0264243445008692      -0.0074567585237371      -0.0070312699971970
2.6179938779914940     8.1518372248836961      -0.0075535192715837      -0.0070379043592204
2.6179938779914940     8.2772501052665231      -0.0076504814876331      -0.0070450770408240
2.6179938779914940     8.4026629856493500      -0.0077475850842662      -0.0070525555715218
2.6179938779914940     8.5280758660321769      -0.0078448241914763      -0.0070600846924088
2.6179938779914940     8.6534887464150039      -0.0079422665445202      -0.0070674176823088
2.6179938779914940     8.7789016267978308      -0.0080400093401276      -0.0070743262579893
2.6179938779914940     8.9043145071806578      -0.0081382012011548      -0.0070805882096701
2.6179938779914940     9.0297273875634847      -0.0082370370385360      -0.0070860107479180
2.6179938779914940     9.1551402679463116      -0.0083367479739229      -0.0070904369429794
2.6179938779914940     9.2805531483291386      -0.0084375934591600      -0.0070937506682309
2.6179938779914940     9.4059660287119655      -0.0085398525227643      -0.0070958806932359
2.6179938779914940     9.5313789090947925      -0.0086438147092908      -0.0070968023435153
2.6179938779914940     9.6567917894776194      -0.0087497712656849      -0.0070965378791944
2.6179938779914940     9.7822046698604463      -0.0088580064336679      -0.0070951550735739
2.6179938779914940     9.9076175502432733      -0.0089687894870046      -0.0070927642344043
2.6179938779914940     10.0330304306261002      -0.0090823676496798      -0.0070895140270735
2.6179938779914940     10.1584433110089272      -0.0091989599263830      -0.0070855861605463
2.6179938779914940     10.2838561913917541      -0.0093187522302937      -0.0070811892156066
2.6179938779914940     10.4092690717745811      -0.0094418936195967      -0.0070765520014496
2.6179938779914940     10.5346819521574080      -0.0095684937052808      -0.0070719163983139
2.6179938779914940     10.6600948325402349      -0.0096986213473333      -0.0070675300466656
2.6179938779914940     10.7855077129230619      -0.0098323044033206      -0.0070636390311833
2.6179938779914940     10.9109205933058888      -0.0099695306250491      -0.0070604805532290
2.6179938779914940     11.0363334736887158      -0.0101102496614874      -0.0070582758925272
2.6179938779914940     11.1617463540715427      -0.0102543760297872      -0.0070572236499060
2.6179938779914940     11.2871592344543696      -0.0104017931361615      -0.0070574933877553
2.6179938779914940     11.4125721148371966      -0.0105523582785551      -0.0070592198355955
2.6179938779914940     11.5379849952200235      -0.0107059085652800      -0.0070624977472872
2.6179938779914940     11.6633978756028505      -0.0108622677616514      -0.0070673775477978
2.6179938779914940     11.7888107559856774      -0.0110212539541155      -0.0070738619767704
2.6179938779914940     11.9142236363685043      -0.0111826879383385      -0.0070819038170603
2.6179938779914940     12.0396365167513313      -0.0113464022299315      -0.0070914049342136
2.6179938779914940     12.1650493971341582      -0.0115122504862822      -0.0071022167782183
2.6179938779914940     12.2904622775169852      -0.0116801171298759      -0.0071141424856744
2.6179938779914940     12.4158751578998121      -0.0118499268969361      -0.0071269407165763
2.6179938779914940     12.5412880382826391      -0.0120216539509680      -0.0071403312722509
2.6179938779914940     12.6667009186654660      -0.0121953302588940      -0.0071540024808999
2.6179938779914940     12.7921137990482929      -0.0123710528164067      -0.0071676202964031
2.6179938779914940     12.9175266794311199      -0.0125489893683636      -0.0071808389088412
2.6179938779914940     13.0429395598139468      -0.0127293822835370      -0.0071933126522163
2.6179938779914940     13.1683524401967738      -0.0129125502288158      -0.0072047088689070
2.6179938779914940     13.2937653205796007      -0.0130988874235105      -0.0072147212725269
2.6179938779914940     13.4191782009624276      -0.0132888603023920      -0.0072230833700759
2.6179938779914940     13.5445910813452546      -0.0134830015010324      -0.0072295813738085
2.6179938779914940     13.6700039617280815      -0.0136819012260863      -0.0072340660282417
2.6179938779914940     13.7954168421109085      -0.0138861962644511      -0.0072364628229869
2.6179938779914940     13.9208297224937354      -0.0140965567723476      -0.0072367800796374
2.6179938779914940     14.0462426028765623      -0.0143136713838737      -0.0072351143504942
2.6179938779914940     14.1716554832593893      -0.0145382311602130      -0.0072316528102958
2.6179938779914940     14.2970683636422162      -0.0147709128321570      -0.0072266724904723
2.6179938779914940     14.4224812440250432      -0.0150123620806897      -0.0072205354355083
2.6179938779914940     14.5478941244078701      -0.0152631782187206      -0.0072136810533955
2.6179938779914940     14.6733070047906971      -0.0155238996350535      -0.0072066148525833
2.6179938779914940     14.7987198851735240      -0.0157949918980287      -0.0071998938712232
2.6179938779914940     14.9241327655563509      -0.0160768390683166      -0.0071941099266809
2.6179938779914940     15.0495456459391779      -0.0163697361977018      -0.0071898709033274
2.6179938779914940     15.1749585263220048      -0.0166738891978684      -0.0071877772755064
2.6179938779914940     15.3003714067048318      -0.0169894174569600      -0.0071884035967682
2.6179938779914940     15.4257842870876587      -0.0173163593364244      -0.0071922758208200
2.6179938779914940     15.5511971674704856      -0.0176546841804942      -0.0071998502174737
2.6179938779914940     15.6766100478533126      -0.0180043080188308      -0.0072114976003399
    
2.8797932657906431     0.0000000000000000      -0.0007921255563349      -0.0075742034198443
2.8797932657906431     0.1254128803828261      -0.0018131373825352      -0.0057817458952905
2.8797932657906431     0.2508257607656522      -0.0028430100818726      -0.0058338803481780
2.8797932657906431     0.3762386411484783      -0.0032912983754330      -0.0060932313652584
2.8797932657906431     0.5016515215313043      -0.0035217227621502      -0.0063077083101742
2.8797932657906431     0.6270644019141304      -0.0036600686718780      -0.0064755621114973
2.8797932657906431     0.7524772822969564      -0.0037516334725886      -0.0066097687333991
2.8797932657906431     0.8778901626797825      -0.0038150012699942      -0.0067191978647956
2.8797932657906431     1.0033030430626086      -0.0038602013766727      -0.0068084474994451
2.8797932657906431     1.1287159234454347      -0.0038933331165805      -0.0068807336060316
2.8797932657906431     1.2541288038282608      -0.0039184718474988      -0.0069381421986282
2.8797932657906431     1.3795416842110868      -0.0039387102369223      -0.0069821904536168
2.8797932657906431     1.5049545645939129      -0.0039565575940012      -0.0070141569396976
2.8797932657906431     1.6303674449767389      -0.0039741171292141      -0.0070352637262759
2.8797932657906431     1.7557803253595650      -0.0039931468763638      -0.0070467621674216
2.8797932657906431     1.8811932057423910      -0.0040150912842713      -0.0070499624786186
2.8797932657906431     2.0066060861252173      -0.0040410882508192      -0.0070462353958807
2.8797932657906431     2.1320189665080433      -0.0040719713232119      -0.0070369898451203
2.8797932657906431     2.2574318468908694      -0.0041082751582505      -0.0070236378180397
2.8797932657906431     2.3828447272736955      -0.0041502480087470      -0.0070075525952544
2.8797932657906431     2.5082576076565215      -0.0041978726886582      -0.0069900259620818
2.8797932657906431     2.6336704880393476      -0.0042508959227668      -0.0069722277971800
2.8797932657906431     2.7590833684221736      -0.0043088654100227      -0.0069551712953913
2.8797932657906431     2.8844962488049997      -0.0043711729092495      -0.0069396862766516
2.8797932657906431     3.0099091291878257      -0.0044371009824999      -0.0069264020160453
2.8797932657906431     3.1353220095706518      -0.0045058711820506      -0.0069157402506321
2.8797932657906431     3.2607348899534778      -0.0045766911838000      -0.0069079185798779
2.8797932657906431     3.3861477703363039      -0.0046487984636920      -0.0069029635164164
2.8797932657906431     3.5115606507191299      -0.0047214985532796      -0.0069007320235754
2.8797932657906431     3.6369735311019560      -0.0047941961984756      -0.0069009399557360
2.8797932657906431     3.7623864114847820      -0.0048664181355473      -0.0069031954128292
2.8797932657906431     3.8877992918676081      -0.0049378269591338      -0.0069070347771288
2.8797932657906431     4.0132121722504346      -0.0050082259092373      -0.0069119593658639
2.8797932657906431     4.1386250526332606      -0.0050775550007925      -0.0069174704631247
2.8797932657906431     4.2640379330160867      -0.0051458794155109      -0.0069231010121270
2.8797932657906431     4.3894508133989127      -0.0052133711973137      -0.0069284419704342
2.8797932657906431     4.5148636937817388      -0.0052802867298562      -0.0069331625934120
2.8797932657906431     4.6402765741645648      -0.0053469405668515      -0.0069370239785639
2.8797932657906431     4.7656894545473909      -0.0054136782391165      -0.0069398851544877
2.8797932657906431     4.8911023349302170      -0.0054808493711956      -0.0069417021226826
2.8797932657906431     5.0165152153130430      -0.0055487843228905      -0.0069425196302725
2.8797932657906431     5.1419280956958691      -0.0056177735320248      -0.0069424612878524
2.8797932657906431     5.2673409760786951      -0.0056880495919908      -0.0069417104521672
2.8797932657906431     5.3927538564615212      -0.0057597785751794      -0.0069404909788368
2.8797932657906431     5.5181667368443472      -0.0058330550247202      -0.0069390468826887
2.8797932657906431     5.6435796172271733      -0.0059079040555250      -0.0069376242442686
2.8797932657906431     5.7689924976099993      -0.0059842781646014      -0.0069364525159785
2.8797932657906431     5.8944053779928254      -0.0060620774599561      -0.0069357195416842
2.8797932657906431     6.0198182583756514      -0.0061411605155200      -0.0069355707040901
2.8797932657906431     6.1452311387584775      -0.0062213568765410      -0.0069360916857000
2.8797932657906431     6.2706440191413035      -0.0063025029784036      -0.0069373183681258
2.8797932657906431     6.3960568995241296      -0.0063844082560212      -0.0069392389687627
2.8797932657906431     6.5214697799069556      -0.0064669225045044      -0.0069417699060024
2.8797932657906431     6.6468826602897817      -0.0065499216162339      -0.0069447979079304
2.8797932657906431     6.7722955406726077      -0.0066333218945698      -0.0069481736761069
2.8797932657906431     6.8977084210554338      -0.0067170867636673      -0.0069517299042572
2.8797932657906431     7.0231213014382599      -0.0068012205864361      -0.0069552924429674
2.8797932657906431     7.1485341818210859      -0.0068857902467116      -0.0069586745454282
2.8797932657906431     7.2739470622039120      -0.0069709097333538      -0.0069617442970703
2.8797932657906431     7.3993599425867380      -0.0070567062547396      -0.0069643812208580
2.8797932657906431     7.5247728229695641      -0.0071433417558468      -0.0069664961850285
2.8797932657906431     7.6501857033523901      -0.0072309937505117      -0.0069680410136834
2.8797932657906431     7.7755985837352162      -0.0073198418189416      -0.0069690047004520
2.8797932657906431     7.9010114641180422      -0.0074100676539697      -0.0069694159024776
2.8797932657906431     8.0264243445008692      -0.0075018252547804      -0.0069693345514954
2.8797932657906431     8.1518372248836961      -0.0075952705052209      -0.0069688465975864
2.8797932657906431     8.2772501052665231      -0.0076905131464433      -0.0069680733494824
2.8797932657906431     8.4026629856493500      -0.0077876303145400      -0.0069671357642664
2.8797932657906431     8.5280758660321769      -0.0078866736681666      -0.0069661439352071
2.8797932657906431     8.6534887464150039      -0.0079876871775903      -0.0069652227499438
2.8797932657906431     8.7789016267978308      -0.0080906644161094      -0.0069644874056977
2.8797932657906431     8.9043145071806578      -0.0081955864515191      -0.0069640257402270
2.8797932657906431     9.0297273875634847      -0.0083024236024035      -0.0069639076594969
2.8797932657906431     9.1551402679463116      -0.0084111391795202      -0.0069641820511304
2.8797932657906431     9.2805531483291386      -0.0085216959165585      -0.0069648764227018
2.8797932657906431     9.4059660287119655      -0.0086340612895882      -0.0069659990437304
2.8797932657906431     9.5313789090947925      -0.0087482118476659      -0.0069675416049958
2.8797932657906431     9.6567917894776194      -0.0088641365288688      -0.0069694832803527
2.8797932657906431     9.7822046698604463      -0.0089818382471446      -0.0069717951235103
2.8797932657906431     9.9076175502432733      -0.0091013340620625      -0.0069744443048494
2.8797932657906431     10.0330304306261002      -0.0092226541495884      -0.0069773978772734
2.8797932657906431     10.1584433110089272      -0.0093458396751313      -0.0069806257155764
2.8797932657906431     10.2838561913917541      -0.0094709400653678      -0.0069841023136526
2.8797932657906431     10.4092690717745811      -0.0095980100051504      -0.0069878074155742
2.8797932657906431     10.5346819521574080      -0.0097271065983873      -0.0069917254221370
2.8797932657906431     10.6600948325402349      -0.0098582870583636      -0.0069958437685549
2.8797932657906431     10.7855077129230619      -0.0099916072252132      -0.0070001504278075
2.8797932657906431     10.9109205933058888      -0.0101271212388901      -0.0070046309306442
2.8797932657906431     11.0363334736887158      -0.0102648823441802      -0.0070092653149604
2.8797932657906431     11.1617463540715427      -0.0104049449337723      -0.0070140252673373
2.8797932657906431     11.2871592344543696      -0.0105473676969537      -0.0070188720287369
2.8797932657906431     11.4125721148371966      -0.0106922175299270      -0.0070237552616649
2.8797932657906431     11.5379849952200235      -0.0108395740330609      -0.0070286131589095
2.8797932657906431     11.6633978756028505      -0.0109895340681625      -0.0070333740207356
2.8797932657906431     11.7888107559856774      -0.0111422159488818      -0.0070379591884046
2.8797932657906431     11.9142236363685043      -0.0112977629327098      -0.0070422873025053
2.8797932657906431     12.0396365167513313      -0.0114563454975843      -0.0070462796533293
2.8797932657906431     12.1650493971341582      -0.0116181621944449      -0.0070498661942823
2.8797932657906431     12.2904622775169852      -0.0117834388473494      -0.0070529919244374
2.8797932657906431     12.4158751578998121      -0.0119524259583780      -0.0070556230594246
2.8797932657906431     12.5412880382826391      -0.0121253944621127      -0.0070577525217045
2.8797932657906431     12.6667009186654660      -0.0123026299419864      -0.0070594043249928
2.8797932657906431     12.7921137990482929      -0.0124844256523057      -0.0070606363442076
2.8797932657906431     12.9175266794311199      -0.0126710748205565      -0.0070615412352487
2.8797932657906431     13.0429395598139468      -0.0128628626449210      -0.0070622452794772
2.8797932657906431     13.1683524401967738      -0.0130600586180667      -0.0070629050565015
2.8797932657906431     13.2937653205796007      -0.0132629096924410      -0.0070637020970674
2.8797932657906431     13.4191782009624276      -0.0134716347892362      -0.0070648356638169
2.8797932657906431     13.5445910813452546      -0.0136864211920778      -0.0070665140489899
2.8797932657906431     13.6700039617280815      -0.0139074231084268      -0.0070689449009793
2.8797932657906431     13.7954168421109085      -0.0141347626267459      -0.0070723250433738
2.8797932657906431     13.9208297224937354      -0.0143685332243953      -0.0070768304440647
2.8797932657906431     14.0462426028765623      -0.0146088056688920      -0.0070826069087541
2.8797932657906431     14.1716554832593893      -0.0148556361575989      -0.0070897620315674
2.8797932657906431     14.2970683636422162      -0.0151090763836540      -0.0070983588974368
2.8797932657906431     14.4224812440250432      -0.0153691850291390      -0.0071084121102297
2.8797932657906431     14.5478941244078701      -0.0156360400127798      -0.0071198860431582
2.8797932657906431     14.6733070047906971      -0.0159097512495781      -0.0071326957363111
2.8797932657906431     14.7987198851735240      -0.0161904730267643      -0.0071467103469660
2.8797932657906431     14.9241327655563509      -0.0164784154568142      -0.0071617588223110
2.8797932657906431     15.0495456459391779      -0.0167738552855297      -0.0071776375587242
2.8797932657906431     15.1749585263220048      -0.0170771439556809      -0.0071941206916740
2.8797932657906431     15.3003714067048318      -0.0173887141510649      -0.0072109698413497
2.8797932657906431     15.4257842870876587      -0.0177090846040610      -0.0072279457673195
2.8797932657906431     15.5511971674704856      -0.0180388621512269      -0.0072448198128119
2.8797932657906431     15.6766100478533126      -0.0183787420395515      -0.0072613838122899
    
3.1415926535897931     0.0000000000000000      -0.0031560533233956      -0.0068729608460096
3.1415926535897931     0.1254128803828261      -0.0032056300284470      -0.0068686108009715
3.1415926535897931     0.2508257607656522      -0.0032575111692677      -0.0068645743036958
3.1415926535897931     0.3762386411484783      -0.0033103739937653      -0.0068609104762661
3.1415926535897931     0.5016515215313043      -0.0033641581507303      -0.0068573933858462
3.1415926535897931     0.6270644019141304      -0.0034189421566247      -0.0068540009272009
3.1415926535897931     0.7524772822969564      -0.0034749215668069      -0.0068510180349142
3.1415926535897931     0.8778901626797825      -0.0035316130039458      -0.0068486877574192
3.1415926535897931     1.0033030430626086      -0.0035890411230851      -0.0068467759479026
3.1415926535897931     1.1287159234454347      -0.0036472187166664      -0.0068454258389908
3.1415926535897931     1.2541288038282608      -0.0037060396090372      -0.0068447303887213
3.1415926535897931     1.3795416842110868      -0.0037653813359691      -0.0068447386894146
3.1415926535897931     1.5049545645939129      -0.0038251168337205      -0.0068454691448470
3.1415926535897931     1.6303674449767389      -0.0038851194422557      -0.0068469138381627
3.1415926535897931     1.7557803253595650      -0.0039452659041738      -0.0068490388952024
3.1415926535897931     1.8811932057423910      -0.0040054419712173      -0.0068517856750921
3.1415926535897931     2.0066060861252173      -0.0040655465929226      -0.0068550731868432
3.1415926535897931     2.1320189665080433      -0.0041254958063873      -0.0068588007907895
3.1415926535897931     2.2574318468908694      -0.0041852262328359      -0.0068628516561856
3.1415926535897931     2.3828447272736955      -0.0042446978055627      -0.0068670968312570
3.1415926535897931     2.5082576076565215      -0.0043038957622701      -0.0068713997218684
3.1415926535897931     2.6336704880393476      -0.0043628317737825      -0.0068756209629514
3.1415926535897931     2.7590833684221736      -0.0044215440785492      -0.0068796233641750
3.1415926535897931     2.8844962488049997      -0.0044800967934846      -0.0068832768172184
3.1415926535897931     3.0099091291878257      -0.0045385782482465      -0.0068864630869141
3.1415926535897931     3.1353220095706518      -0.0045970984395084      -0.0068890801345215
3.1415926535897931     3.2607348899534778      -0.0046557857609832      -0.0068910459766797
3.1415926535897931     3.3861477703363039      -0.0047147829693228      -0.0068923018697691
3.1415926535897931     3.5115606507191299      -0.0047742426503013      -0.0068928146506804
3.1415926535897931     3.6369735311019560      -0.0048343223279180      -0.0068925782619435
3.1415926535897931     3.7623864114847820      -0.0048951792463086      -0.0068916143243854
3.1415926535897931     3.8877992918676081      -0.0049569651959697      -0.0068899716533326
3.1415926535897931     4.0132121722504346      -0.0050198214705747      -0.0068877249087972
3.1415926535897931     4.1386250526332606      -0.0050838741099405      -0.0068849722384205
3.1415926535897931     4.2640379330160867      -0.0051492296714914      -0.0068818321734391
3.1415926535897931     4.3894508133989127      -0.0052159713970848      -0.0068784394996179
3.1415926535897931     4.5148636937817388      -0.0052841567559557      -0.0068749406325423
3.1415926535897931     4.6402765741645648      -0.0053538153335411      -0.0068714886760487
3.1415926535897931     4.7656894545473909      -0.0054249478867590      -0.0068682380118642
3.1415926535897931     4.8911023349302170      -0.0054975260362130      -0.0068653386829167
3.1415926535897931     5.0165152153130430      -0.0055714943740196      -0.0068629298745448
3.1415926535897931     5.1419280956958691      -0.0056467726059696      -0.0068611375958319
3.1415926535897931     5.2673409760786951      -0.0057232564550720      -0.0068600672764103
3.1415926535897931     5.3927538564615212      -0.0058008241302864      -0.0068597997812576
3.1415926535897931     5.5181667368443472      -0.0058793407457140      -0.0068603888896536
3.1415926535897931     5.6435796172271733      -0.0059586646193090      -0.0068618606152184
3.1415926535897931     5.7689924976099993      -0.0060386447090095      -0.0068642119763288
3.1415926535897931     5.8944053779928254      -0.0061191344172745      -0.0068674017603780
3.1415926535897931     6.0198182583756514      -0.0061999948322499      -0.0068713578532260
3.1415926535897931     6.1452311387584775      -0.0062811030908774      -0.0068759569293186
3.1415926535897931     6.2706440191413035      -0.0063624294749539      -0.0068810857819922
3.1415926535897931     6.3960568995241296      -0.0064438418441534      -0.0068866574104193
3.1415926535897931     6.5214697799069556      -0.0065252893377173      -0.0068924660644460
3.1415926535897931     6.6468826602897817      -0.0066067699095308      -0.0068983387134627
3.1415926535897931     6.7722955406726077      -0.0066883050651104      -0.0069040972203639
3.1415926535897931     6.8977084210554338      -0.0067699515179949      -0.0069095619465451
3.1415926535897931     7.0231213014382599      -0.0068517954959895      -0.0069145613847396
3.1415926535897931     7.1485341818210859      -0.0069339696508605      -0.0069189194107104
3.1415926535897931     7.2739470622039120      -0.0070166416114950      -0.0069225150756486
3.1415926535897931     7.3993599425867380      -0.0070999845992162      -0.0069252359908965
3.1415926535897931     7.5247728229695641      -0.0071842027959590      -0.0069269971773464
3.1415926535897931     7.6501857033523901      -0.0072695161468389      -0.0069277496277317
3.1415926535897931     7.7755985837352162      -0.0073561518818939      -0.0069274777408939
3.1415926535897931     7.9010114641180422      -0.0074443478912833      -0.0069262055036675
3.1415926535897931     8.0264243445008692      -0.0075343257676427      -0.0069239926465152
3.1415926535897931     8.1518372248836961      -0.0076263172473462      -0.0069209361979299
3.1415926535897931     8.2772501052665231      -0.0077205173643647      -0.0069171799064786
3.1415926535897931     8.4026629856493500      -0.0078170939872782      -0.0069128881474755
3.1415926535897931     8.5280758660321769      -0.0079161902367874      -0.0069082350835589
3.1415926535897931     8.6534887464150039      -0.0080179346209296      -0.0069034386775457
3.1415926535897931     8.7789016267978308      -0.0081223894990392      -0.0068987276083698
3.1415926535897931     8.9043145071806578      -0.0082295853098019      -0.0068943263020313
3.1415926535897931     9.0297273875634847      -0.0083395133357424      -0.0068904590310169
3.1415926535897931     9.1551402679463116      -0.0084521241255864      -0.0068873400590205
3.1415926535897931     9.2805531483291386      -0.0085673300726638      -0.0068851652163147
3.1415926535897931     9.4059660287119655      -0.0086850088754161      -0.0068841047753587
3.1415926535897931     9.5313789090947925      -0.0088050084865917      -0.0068842961940322
3.1415926535897931     9.6567917894776194      -0.0089271536789134      -0.0068858383839578
3.1415926535897931     9.7822046698604463      -0.0090512533978799      -0.0068887871373310
3.1415926535897931     9.9076175502432733      -0.0091771089478302      -0.0068931518252680
3.1415926535897931     10.0330304306261002      -0.0093045228898445      -0.0068988936161588
3.1415926535897931     10.1584433110089272      -0.0094333081952583      -0.0069059253901584
3.1415926535897931     10.2838561913917541      -0.0095632974251384      -0.0069141132803935
3.1415926535897931     10.4092690717745811      -0.0096943516349579      -0.0069232799015774
3.1415926535897931     10.5346819521574080      -0.0098263687143434      -0.0069332092407365
3.1415926535897931     10.6600948325402349      -0.0099592907588276      -0.0069436531024589
3.1415926535897931     10.7855077129230619      -0.0100931102647682      -0.0069543388054480
3.1415926535897931     10.9109205933058888      -0.0102278749786410      -0.0069649780844837
3.1415926535897931     11.0363334736887158      -0.0103636909706058      -0.0069752768781460
3.1415926535897931     11.1617463540715427      -0.0105007240053983      -0.0069849455416584
3.1415926535897931     11.2871592344543696      -0.0106391990337199      -0.0069937094387400
3.1415926535897931     11.4125721148371966      -0.0107793976280197      -0.0070013193143643
3.1415926535897931     11.5379849952200235      -0.0109216536540316      -0.0070075611638968
3.1415926535897931     11.6633978756028505      -0.0110663470348345      -0.0070122653734894
3.1415926535897931     11.7888107559856774      -0.0112138958053277      -0.0070153145599884
3.1415926535897931     11.9142236363685043      -0.0113647468158875      -0.0070166499774582
3.1415926535897931     12.0396365167513313      -0.0115193651358109      -0.0070162761789855
3.1415926535897931     12.1650493971341582      -0.0116782226651044      -0.0070142635893384
3.1415926535897931     12.2904622775169852      -0.0118417862651605      -0.0070107490360771
3.1415926535897931     12.4158751578998121      -0.0120105057147481      -0.0070059339597827
3.1415926535897931     12.5412880382826391      -0.0121848020709240      -0.0070000803315821
3.1415926535897931     12.6667009186654660      -0.0123650566997020      -0.0069935043949455
3.1415926535897931     12.7921137990482929      -0.0125516014639035      -0.0069865681945496
3.1415926535897931     12.9175266794311199      -0.0127447105155343      -0.0069796692471917
3.1415926535897931     13.0429395598139468      -0.0129445939152109      -0.0069732285465105
3.1415926535897931     13.1683524401967738      -0.0131513935406828      -0.0069676772079509
3.1415926535897931     13.2937653205796007      -0.0133651814453355      -0.0069634422549572
3.1415926535897931     13.4191782009624276      -0.0135859608379430      -0.0069609318417786
3.1415926535897931     13.5445910813452546      -0.0138136699220288      -0.0069605204724748
3.1415926535897931     13.6700039617280815      -0.0140481884604036      -0.0069625347274432
3.1415926535897931     13.7954168421109085      -0.0142893471033726      -0.0069672398918244
3.1415926535897931     13.9208297224937354      -0.0145369393287120      -0.0069748281192010
3.1415926535897931     14.0462426028765623      -0.0147907356718460      -0.0069854084755617
3.1415926535897931     14.1716554832593893      -0.0150505000388359      -0.0069989993166122
3.1415926535897931     14.2970683636422162      -0.0153160076290377      -0.0070155234349476
3.1415926535897931     14.4224812440250432      -0.0155870640157754      -0.0070348061659826
3.1415926535897931     14.5478941244078701      -0.0158635249250702      -0.0070565767543001
3.1415926535897931     14.6733070047906971      -0.0161453160431594      -0.0070804730893877
3.1415926535897931     14.7987198851735240      -0.0164324523814174      -0.0071060497915621
3.1415926535897931     14.9241327655563509      -0.0167250565404694      -0.0071327896310573
3.1415926535897931     15.0495456459391779      -0.0170233753251327      -0.0071601180263459
3.1415926535897931     15.1749585263220048      -0.0173277941826372      -0.0071874204129912
3.1415926535897931     15.3003714067048318      -0.0176388488983358      -0.0072140620424147
3.1415926535897931     15.4257842870876587      -0.0179572342030574      -0.0072394097041368
3.1415926535897931     15.5511971674704856      -0.0182838088833817      -0.0072628548978504
3.1415926535897931     15.6766100478533126      -0.0186195971374786      -0.0072838376745792
    
