-3.1415926535897931     0.0000000000000000      -0.3335190565177472      -0.9085117010275012
-3.1415926535897931     0.1254128803828261      0.1955313202214227      -0.6088065710786864
-3.1415926535897931     0.2508257607656522      0.0924471754159453      -0.3247656959510823
-3.1415926535897931     0.3762386411484783      -0.0688069741286300      -0.3144860112255479
-3.1415926535897931     0.5016515215313043      -0.0768132864069328      -0.4962373855961661
-3.1415926535897931     0.6270644019141304      0.1175513168420792      -0.4454805149809485
-3.1415926535897931     0.7524772822969564      0.0740391331608754      -0.3712215782873447
-3.1415926535897931     0.8778901626797825      0.0287072849742074      -0.4428082888348449
-3.1415926535897931     1.0033030430626086      0.2291874578055836      -0.5635610508156840
-3.1415926535897931     1.1287159234454347      0.3647143903328619      -0.3375772044720373
-3.1415926535897931     1.2541288038282608      0.3038078676076011      -0.2387359210145241
-3.1415926535897931     1.3795416842110868      0.2600237488372450      -0.1881865641201786
-3.1415926535897931     1.5049545645939129      0.2286619092130612      -0.2017186864784200
-3.1415926535897931     1.6303674449767389      0.2581980495640620      -0.1988180762040506
-3.1415926535897931     1.7557803253595650      0.2833731863574536      -0.1449860590009882
-3.1415926535897931     1.8811932057423910      0.2625573456924209      -0.0917385794357965
-3.1415926535897931     2.0066060861252173      0.2301953390238822      -0.0651189305677104
-3.1415926535897931     2.1320189665080433      0.2045100249192680      -0.0545739350181791
-3.1415926535897931     2.2574318468908694      0.1867476756812975      -0.0488258274746630
-3.1415926535897931     2.3828447272736955      0.1743335224010821      -0.0423062258658444
-3.1415926535897931     2.5082576076565215      0.1620593507111372      -0.0371909572682529
-3.1415926535897931     2.6336704880393476      0.1505894052317618      -0.0327334107567333
-3.1415926535897931     2.7590833684221736      0.1408984378494472      -0.0302748106931119
-3.1415926535897931     2.8844962488049997      0.1327746240467202      -0.0282534158006891
-3.1415926535897931     3.0099091291878257      0.1261736604682656      -0.0262475499153802
-3.1415926535897931     3.1353220095706518      0.1195215219685821      -0.0236509438096299
-3.1415926535897931     3.2607348899534778      0.1129673912833968      -0.0220263732943748
-3.1415926535897931     3.3861477703363039      0.1072016698030843      -0.0207866907225900
-3.1415926535897931     3.5115606507191299      0.1018856004326636      -0.0198257415894360
-3.1415926535897931     3.6369735311019560      0.0970612077258622      -0.0191500030877406
-3.1415926535897931     3.7623864114847820      0.0927175223202512      -0.0186234220710984
-3.1415926535897931     3.8877992918676081      0.0887710266509444      -0.0181871662233173
-3.1415926535897931     4.0132121722504346      0.0851534037203484      -0.0178278831838954
-3.1415926535897931     4.1386250526332606      0.0818330631945198      -0.0175251514869460
-3.1415926535897931     4.2640379330160867      0.0787695123799230      -0.0172646959890722
-3.1415926535897931     4.3894508133989127      0.0759329600411446      -0.0170382257244866
-3.1415926535897931     4.5148636937817388      0.0732969683731829      -0.0168384394263550
-3.1415926535897931     4.6402765741645648      0.0708395121415087      -0.0166609108901464
-3.1415926535897931     4.7656894545473909      0.0685417425534968      -0.0165020430974440
-3.1415926535897931     4.8911023349302170      0.0663877534440487      -0.0163590678323484
-3.1415926535897931     5.0165152153130430      0.0643636112644397      -0.0162297941782173
-3.1415926535897931     5.1419280956958691      0.0624574215725117      -0.0161124580727889
-3.1415926535897931     5.2673409760786951      0.0606586434818381      -0.0160054836946546
-3.1415926535897931     5.3927538564615212      0.0589580146190202      -0.0159076187695391
-3.1415926535897931     5.5181667368443472      0.0573473205013140      -0.0158178241221045
-3.1415926535897931     5.6435796172271733      0.0558193247347334      -0.0157352155391444
-3.1415926535897931     5.7689924976099993      0.0543675424929655      -0.0156589945341881
-3.1415926535897931     5.8944053779928254      0.0529861369782143      -0.0155885032721044
-3.1415926535897931     6.0198182583756514      0.0516699091577937      -0.0155232019925347
-3.1415926535897931     6.1452311387584775      0.0504141822792343      -0.0154625601004165
-3.1415926535897931     6.2706440191413035      0.0492146818715502      -0.0154061417925322
-3.1415926535897931     6.3960568995241296      0.0480675692628991      -0.0153535610086880
-3.1415926535897931     6.5214697799069556      0.0469693344740746      -0.0153044818458999
-3.1415926535897931     6.6468826602897817      0.0459167960020584      -0.0152585984670175
-3.1415926535897931     6.7722955406726077      0.0449070462159439      -0.0152156527458266
-3.1415926535897931     6.8977084210554338      0.0439374357439042      -0.0151753815472337
-3.1415926535897931     7.0231213014382599      0.0430055032975923      -0.0151375587619122
-3.1415926535897931     7.1485341818210859      0.0421090022078183      -0.0151019880525480
-3.1415926535897931     7.2739470622039120      0.0412458535143614      -0.0150684816484206
-3.1415926535897931     7.3993599425867380      0.0404141291048336      -0.0150368899813496
-3.1415926535897931     7.5247728229695641      0.0396120763930184      -0.0150070779000510
-3.1415926535897931     7.6501857033523901      0.0388380593043514      -0.0149789027367178
-3.1415926535897931     7.7755985837352162      0.0380905539167727      -0.0149522455382916
-3.1415926535897931     7.9010114641180422      0.0373681494202490      -0.0149270053730826
-3.1415926535897931     8.0264243445008692      0.0366695462626004      -0.0149030816900562
-3.1415926535897931     8.1518372248836961      0.0359935145571117      -0.0148803741910724
-3.1415926535897931     8.2772501052665231      0.0353389108023710      -0.0148588122860958
-3.1415926535897931     8.4026629856493500      0.0347046786168989      -0.0148383264049441
-3.1415926535897931     8.5280758660321769      0.0340898313668933      -0.0148188457727287
-3.1415926535897931     8.6534887464150039      0.0334934390876484      -0.0148003097766785
-3.1415926535897931     8.7789016267978308      0.0329146458687516      -0.0147826603198724
-3.1415926535897931     8.9043145071806578      0.0323526368604478      -0.0147658280071815
-3.1415926535897931     9.0297273875634847      0.0318066368121143      -0.0147497573978856
-3.1415926535897931     9.1551402679463116      0.0312759210222911      -0.0147344068714373
-3.1415926535897931     9.2805531483291386      0.0307598116215922      -0.0147197318782167
-3.1415926535897931     9.4059660287119655      0.0302576654839084      -0.0147056962897356
-3.1415926535897931     9.5313789090947925      0.0297688849822277      -0.0146922675477181
-3.1415926535897931     9.6567917894776194      0.0292929029647362      -0.0146794116995093
-3.1415926535897931     9.7822046698604463      0.0288291886393279      -0.0146670970136173
-3.1415926535897931     9.9076175502432733      0.0283772352810482      -0.0146552901949948
-3.1415926535897931     10.0330304306261002      0.0279365621249002      -0.0146439629690188
-3.1415926535897931     10.1584433110089272      0.0275067161820291      -0.0146330915352520
-3.1415926535897931     10.2838561913917541      0.0270872691352607      -0.0146226490619870
-3.1415926535897931     10.4092690717745811      0.0266778101754641      -0.0146126135206982
-3.1415926535897931     10.5346819521574080      0.0262779539138822      -0.0146029661013518
-3.1415926535897931     10.6600948325402349      0.0258873325907156      -0.0145936882970372
-3.1415926535897931     10.7855077129230619      0.0255056009392618      -0.0145847640131721
-3.1415926535897931     10.9109205933058888      0.0251324280015517      -0.0145761740799540
-3.1415926535897931     11.0363334736887158      0.0247674989323586      -0.0145679049808823
-3.1415926535897931     11.1617463540715427      0.0244105167594313      -0.0145599421375282
-3.1415926535897931     11.2871592344543696      0.0240611992324883      -0.0145522702487586
-3.1415926535897931     11.4125721148371966      0.0237192752754916      -0.0145448721629203
-3.1415926535897931     11.5379849952200235      0.0233844834589553      -0.0145377337462680
-3.1415926535897931     11.6633978756028505      0.0230565753613627      -0.0145308428228428
-3.1415926535897931     11.7888107559856774      0.0227353142864844      -0.0145241883971467
-3.1415926535897931     11.9142236363685043      0.0224204742283005      -0.0145177589472886
-3.1415926535897931     12.0396365167513313      0.0221118366624938      -0.0145115447571259
-3.1415926535897931     12.1650493971341582      0.0218091955531228      -0.0145055397502889
-3.1415926535897931     12.2904622775169852      0.0215123555543128      -0.0144997354287089
-3.1415926535897931     12.4158751578998121      0.0212211279668508      -0.0144941234433476
-3.1415926535897931     12.5412880382826391      0.0209353336934551      -0.0144886958392520
-3.1415926535897931     12.6667009186654660      0.0206547988874517      -0.0144834441313260
-3.1415926535897931     12.7921137990482929      0.0203793572252911      -0.0144783619582978
-3.1415926535897931     12.9175266794311199      0.0201088501233274      -0.0144734439595828
-3.1415926535897931     13.0429395598139468      0.0198431277146136      -0.0144686842436630
-3.1415926535897931     13.1683524401967738      0.0195820450720467      -0.0144640734541607
-3.1415926535897931     13.2937653205796007      0.0193254597879987      -0.0144596048234352
-3.1415926535897931     13.4191782009624276      0.0190732367640044      -0.0144552725469779
-3.1415926535897931     13.5445910813452546      0.0188252458418918      -0.0144510706790261
-3.1415926535897931     13.6700039617280815      0.0185813618394348      -0.0144469937323261
-3.1415926535897931     13.7954168421109085      0.0183414642359436      -0.0144430359388054
-3.1415926535897931     13.9208297224937354      0.0181054358505149      -0.0144391927060271
-3.1415926535897931     14.0462426028765623      0.0178731649846611      -0.0144354599430740
-3.1415926535897931     14.1716554832593893      0.0176445436129836      -0.0144318341584586
-3.1415926535897931     14.2970683636422162      0.0174194684712693      -0.0144283122316453
-3.1415926535897931     14.4224812440250432      0.0171978407923117      -0.0144248910548986
-3.1415926535897931     14.5478941244078701      0.0169795652494522      -0.0144215662229627
-3.1415926535897931     14.6733070047906971      0.0167645487668344      -0.0144183336762022
-3.1415926535897931     14.7987198851735240      0.0165527007940531      -0.0144151906431976
-3.1415926535897931     14.9241327655563509      0.0163439358792638      -0.0144121351115602
-3.1415926535897931     15.0495456459391779      0.0161381711602067      -0.0144091638209879
-3.1415926535897931     15.1749585263220048      0.0159353261927107      -0.0144062741474791
-3.1415926535897931     15.3003714067048318      0.0157353234578035      -0.0144034637893942
-3.1415926535897931     15.4257842870876587      0.0155380889681022      -0.0144007307686118
-3.1415926535897931     15.5511971674704856      0.0153435509135627      -0.0143980716810812
-3.1415926535897931     15.6766100478533126      0.0151516393339995      -0.0143954842729255
    
-2.8797932657906435     0.0000000000000000      -0.5525126500019154      -1.8834284241643640
-2.8797932657906435     0.1254128803828261      0.6999311381499576      -1.2927192966359153
-2.8797932657906435     0.2508257607656522      0.5697017464367315      -0.5945975425783986
-2.8797932657906435     0.3762386411484783      0.3026483974126861      -0.4321268156406820
-2.8797932657906435     0.5016515215313043      0.2099198383014139      -0.5402515149644159
-2.8797932657906435     0.6270644019141304      0.3449099527842174      -0.4634622855822728
-2.8797932657906435     0.7524772822969564      0.2565794587812423      -0.3589617836586060
-2.8797932657906435     0.8778901626797825      0.1617961095379547      -0.4305542260517485
-2.8797932657906435     1.0033030430626086      0.3281940985840288      -0.5545365148577888
-2.8797932657906435     1.1287159234454347      0.4447936259762797      -0.3498249800039548
-2.8797932657906435     1.2541288038282608      0.3841693824035491      -0.2644501418023915
-2.8797932657906435     1.3795416842110868      0.3442664598955616      -0.2091252009909789
-2.8797932657906435     1.5049545645939129      0.3046847374480643      -0.2181568323030475
-2.8797932657906435     1.6303674449767389      0.3276808261092231      -0.2196900077483615
-2.8797932657906435     1.7557803253595650      0.3568487874442668      -0.1613996766280728
-2.8797932657906435     1.8811932057423910      0.3268498015159572      -0.1052801390603162
-2.8797932657906435     2.0066060861252173      0.2919106290431304      -0.0800438373513218
-2.8797932657906435     2.1320189665080433      0.2637462133537728      -0.0684463982416425
-2.8797932657906435     2.2574318468908694      0.2444520384505180      -0.0612364701458688
-2.8797932657906435     2.3828447272736955      0.2294015122720946      -0.0531570096305615
-2.8797932657906435     2.5082576076565215      0.2140729061343039      -0.0461341517523879
-2.8797932657906435     2.6336704880393476      0.1989067277997149      -0.0409903023239303
-2.8797932657906435     2.7590833684221736      0.1868412662297784      -0.0393759644123505
-2.8797932657906435     2.8844962488049997      0.1773547944834805      -0.0364650659039298
-2.8797932657906435     3.0099091291878257      0.1680570074917776      -0.0338446537433916
-2.8797932657906435     3.1353220095706518      0.1595570189773205      -0.0315661375679700
-2.8797932657906435     3.2607348899534778      0.1514535940231496      -0.0299068145706005
-2.8797932657906435     3.3861477703363039      0.1442962531748873      -0.0285781344129861
-2.8797932657906435     3.5115606507191299      0.1376348711728261      -0.0274919650971020
-2.8797932657906435     3.6369735311019560      0.1315403919256623      -0.0267168595702606
-2.8797932657906435     3.7623864114847820      0.1260136681902744      -0.0261052629173119
-2.8797932657906435     3.8877992918676081      0.1209591560698204      -0.0255929475230256
-2.8797932657906435     4.0132121722504346      0.1163044023498142      -0.0251657030149846
-2.8797932657906435     4.1386250526332606      0.1120093268640473      -0.0248008577444462
-2.8797932657906435     4.2640379330160867      0.1080282629619321      -0.0244840934061549
-2.8797932657906435     4.3894508133989127      0.1043265311392634      -0.0242062557476600
-2.8797932657906435     4.5148636937817388      0.1008731517287378      -0.0239592975205693
-2.8797932657906435     4.6402765741645648      0.0976420259832110      -0.0237383804054545
-2.8797932657906435     4.7656894545473909      0.0946108242023443      -0.0235396014096052
-2.8797932657906435     4.8911023349302170      0.0917605050797533      -0.0233598481333607
-2.8797932657906435     5.0165152153130430      0.0890744382328474      -0.0231966011577754
-2.8797932657906435     5.1419280956958691      0.0865380786831724      -0.0230477204099133
-2.8797932657906435     5.2673409760786951      0.0841385541572213      -0.0229114618653717
-2.8797932657906435     5.3927538564615212      0.0818645299229192      -0.0227864433299770
-2.8797932657906435     5.5181667368443472      0.0797060055724006      -0.0226714254136760
-2.8797932657906435     5.6435796172271733      0.0776540094346999      -0.0225653031935003
-2.8797932657906435     5.7689924976099993      0.0757004798735584      -0.0224671706654089
-2.8797932657906435     5.8944053779928254      0.0738382122543738      -0.0223762137743414
-2.8797932657906435     6.0198182583756514      0.0720606568553012      -0.0222917186699113
-2.8797932657906435     6.1452311387584775      0.0703619101461922      -0.0222131046027880
-2.8797932657906435     6.2706440191413035      0.0687366503684204      -0.0221398253269210
-2.8797932657906435     6.3960568995241296      0.0671800044229769      -0.0220713785036740
-2.8797932657906435     6.5214697799069556      0.0656875122898607      -0.0220073363629330
-2.8797932657906435     6.6468826602897817      0.0642551140306825      -0.0219473297148976
-2.8797932657906435     6.7722955406726077      0.0628790825628311      -0.0218910211010566
-2.8797932657906435     6.8977084210554338      0.0615560096191378      -0.0218381159104179
-2.8797932657906435     7.0231213014382599      0.0602827549156261      -0.0217883392538247
-2.8797932657906435     7.1485341818210859      0.0590564192497766      -0.0217414519219450
-2.8797932657906435     7.2739470622039120      0.0578743390631576      -0.0216972402775472
-2.8797932657906435     7.3993599425867380      0.0567340518256087      -0.0216554978129558
-2.8797932657906435     7.5247728229695641      0.0556332616713532      -0.0216160382075528
-2.8797932657906435     7.6501857033523901      0.0545698439453738      -0.0215787101687483
-2.8797932657906435     7.7755985837352162      0.0535418424311722      -0.0215433634020706
-2.8797932657906435     7.9010114641180422      0.0525474264874954      -0.0215098492817756
-2.8797932657906435     8.0264243445008692      0.0515848750531230      -0.0214780363552426
-2.8797932657906435     8.1518372248836961      0.0506525957410059      -0.0214478224882779
-2.8797932657906435     8.2772501052665231      0.0497491052536791      -0.0214190935585319
-2.8797932657906435     8.4026629856493500      0.0488730039376285      -0.0213917530361894
-2.8797932657906435     8.5280758660321769      0.0480229893523166      -0.0213657157357830
-2.8797932657906435     8.6534887464150039      0.0471978431213670      -0.0213408968302621
-2.8797932657906435     8.7789016267978308      0.0463964102313417      -0.0213172163627104
-2.8797932657906435     8.9043145071806578      0.0456176110087543      -0.0212946143336260
-2.8797932657906435     9.0297273875634847      0.0448604357676724      -0.0212730294479718
-2.8797932657906435     9.1551402679463116      0.0441239331055339      -0.0212524049994442
-2.8797932657906435     9.2805531483291386      0.0434072111818567      -0.0212326891728187
-2.8797932657906435     9.4059660287119655      0.0427094289050531      -0.0212138264003677
-2.8797932657906435     9.5313789090947925      0.0420297865343921      -0.0211957666938735
-2.8797932657906435     9.6567917894776194      0.0413675312219809      -0.0211784640850437
-2.8797932657906435     9.7822046698604463      0.0407219475640385      -0.0211618757078562
-2.8797932657906435     9.9076175502432733      0.0400923603030741      -0.0211459642548591
-2.8797932657906435     10.0330304306261002      0.0394781317951506      -0.0211306947881799
-2.8797932657906435     10.1584433110089272      0.0388786570914101      -0.0211160325600850
-2.8797932657906435     10.2838561913917541      0.0382933622248886      -0.0211019473388023
-2.8797932657906435     10.4092690717745811      0.0377217046054125      -0.0210884094743530
-2.8797932657906435     10.5346819521574080      0.0371631673695913      -0.0210753899370493
-2.8797932657906435     10.6600948325402349      0.0366172587635808      -0.0210628618042425
-2.8797932657906435     10.7855077129230619      0.0360835105363021      -0.0210508010680932
-2.8797932657906435     10.9109205933058888      0.0355614789768165      -0.0210391850853904
-2.8797932657906435     11.0363334736887158      0.0350507404782954      -0.0210279906957722
-2.8797932657906435     11.1617463540715427      0.0345508895923538      -0.0210171970496604
-2.8797932657906435     11.2871592344543696      0.0340615397207998      -0.0210067872734806
-2.8797932657906435     11.4125721148371966      0.0335823246805251      -0.0209967464703151
-2.8797932657906435     11.5379849952200235      0.0331128970794990      -0.0209870582314948
-2.8797932657906435     11.6633978756028505      0.0326529227498299      -0.0209777061109181
-2.8797932657906435     11.7888107559856774      0.0322020828910562      -0.0209686761061706
-2.8797932657906435     11.9142236363685043      0.0317600736512001      -0.0209599544593276
-2.8797932657906435     12.0396365167513313      0.0313266053960053      -0.0209515269832491
-2.8797932657906435     12.1650493971341582      0.0309013983584264      -0.0209433784216739
-2.8797932657906435     12.2904622775169852      0.0304841834291593      -0.0209354972038055
-2.8797932657906435     12.4158751578998121      0.0300747055213158      -0.0209278725819805
-2.8797932657906435     12.5412880382826391      0.0296727192726841      -0.0209204931984278
-2.8797932657906435     12.6667009186654660      0.0292779896482643      -0.0209133480969929
-2.8797932657906435     12.7921137990482929      0.0288902904776187      -0.0209064269017993
-2.8797932657906435     12.9175266794311199      0.0285094043311654      -0.0208997195907889
-2.8797932657906435     13.0429395598139468      0.0281351214018285      -0.0208932172658677
-2.8797932657906435     13.1683524401967738      0.0277672406145760      -0.0208869138686568
-2.8797932657906435     13.2937653205796007      0.0274055712990086      -0.0208808027808547
-2.8797932657906435     13.4191782009624276      0.0270499297486761      -0.0208748764585194
-2.8797932657906435     13.5445910813452546      0.0267001386594523      -0.0208691273043572
-2.8797932657906435     13.6700039617280815      0.0263560264677921      -0.0208635483101334
-2.8797932657906435     13.7954168421109085      0.0260174281180737      -0.0208581345112168
-2.8797932657906435     13.9208297224937354      0.0256841863687456      -0.0208528810542149
-2.8797932657906435     14.0462426028765623      0.0253561497672592      -0.0208477829406883
-2.8797932657906435     14.1716554832593893      0.0250331736387349      -0.0208428347522521
-2.8797932657906435     14.2970683636422162      0.0247151174677718      -0.0208380297294030
-2.8797932657906435     14.4224812440250432      0.0244018450463017      -0.0208333618199561
-2.8797932657906435     14.5478941244078701      0.0240932241736071      -0.0208288251531605
-2.8797932657906435     14.6733070047906971      0.0237891276115863      -0.0208244158258056
-2.8797932657906435     14.7987198851735240      0.0234894333959854      -0.0208201284646293
-2.8797932657906435     14.9241327655563509      0.0231940223406014      -0.0208159587198782
-2.8797932657906435     15.0495456459391779      0.0229027802919497      -0.0208119028155069
-2.8797932657906435     15.1749585263220048      0.0226155969548040      -0.0208079568673078
-2.8797932657906435     15.3003714067048318      0.0223323661641960      -0.0208041164818076
-2.8797932657906435     15.4257842870876587      0.0220529834960412      -0.0208003770882743
-2.8797932657906435     15.5511971674704856      0.0217773481645996      -0.0207967362007045
-2.8797932657906435     15.6766100478533126      0.0215053633673177      -0.0207931911422262
    
-2.6179938779914944     0.0000000000000000      -0.5127293210378427      -1.7066618327612608
-2.6179938779914944     0.1254128803828261      0.6125558749504992      -1.1723305905881021
-2.6179938779914944     0.2508257607656522      0.4883829253949888      -0.5484983517116991
-2.6179938779914944     0.3762386411484783      0.2416011935689277      -0.4176718228307505
-2.6179938779914944     0.5016515215313043      0.1783661686262535      -0.5427566234952317
-2.6179938779914944     0.6270644019141304      0.3307058260554096      -0.4590647501926781
-2.6179938779914944     0.7524772822969564      0.2635103337787444      -0.3562315324389859
-2.6179938779914944     0.8778901626797825      0.1977216378025475      -0.3844213834639273
-2.6179938779914944     1.0033030430626086      0.3082283829070076      -0.4479356324350279
-2.6179938779914944     1.1287159234454347      0.3640839442616602      -0.2918292905792532
-2.6179938779914944     1.2541288038282608      0.3062751251844968      -0.2429878264868879
-2.6179938779914944     1.3795416842110868      0.2699040423324308      -0.2131376620784126
-2.6179938779914944     1.5049545645939129      0.2475338528214557      -0.2458806376918371
-2.6179938779914944     1.6303674449767389      0.2972681713602844      -0.2605892586924423
-2.6179938779914944     1.7557803253595650      0.3562369544493490      -0.1841107589393326
-2.6179938779914944     1.8811932057423910      0.3211960518216374      -0.1115711418673910
-2.6179938779914944     2.0066060861252173      0.2829766153274646      -0.0834950675470039
-2.6179938779914944     2.1320189665080433      0.2521212663458117      -0.0728370832993664
-2.6179938779914944     2.2574318468908694      0.2385800959293371      -0.0673501991630428
-2.6179938779914944     2.3828447272736955      0.2248841768429964      -0.0542560163290917
-2.6179938779914944     2.5082576076565215      0.2079830093559316      -0.0452562620482505
-2.6179938779914944     2.6336704880393476      0.1923788164427779      -0.0397252381792385
-2.6179938779914944     2.7590833684221736      0.1799959747461772      -0.0377607228957316
-2.6179938779914944     2.8844962488049997      0.1704188765037171      -0.0345785978227158
-2.6179938779914944     3.0099091291878257      0.1606497571470164      -0.0318246629274530
-2.6179938779914944     3.1353220095706518      0.1521990257144662      -0.0300122878265992
-2.6179938779914944     3.2607348899534778      0.1444213946064813      -0.0284187435934593
-2.6179938779914944     3.3861477703363039      0.1374586432792332      -0.0270853673738949
-2.6179938779914944     3.5115606507191299      0.1309870521837190      -0.0260155044152675
-2.6179938779914944     3.6369735311019560      0.1250799755045684      -0.0252455024439226
-2.6179938779914944     3.7623864114847820      0.1197290562393877      -0.0246396861952354
-2.6179938779914944     3.8877992918676081      0.1148446106529308      -0.0241352722794485
-2.6179938779914944     4.0132121722504346      0.1103554277111823      -0.0237159584261929
-2.6179938779914944     4.1386250526332606      0.1062193297159272      -0.0233574881659100
-2.6179938779914944     4.2640379330160867      0.1023904633754431      -0.0230472037580641
-2.6179938779914944     4.3894508133989127      0.0988349620110491      -0.0227761354177814
-2.6179938779914944     4.5148636937817388      0.0955222552374802      -0.0225354920372809
-2.6179938779914944     4.6402765741645648      0.0924259382487005      -0.0223205389951427
-2.6179938779914944     4.7656894545473909      0.0895241240132312      -0.0221275099399523
-2.6179938779914944     4.8911023349302170      0.0867979873607597      -0.0219532153572140
-2.6179938779914944     5.0165152153130430      0.0842311270159850      -0.0217950759204778
-2.6179938779914944     5.1419280956958691      0.0818091518016415      -0.0216510272770510
-2.6179938779914944     5.2673409760786951      0.0795195172060735      -0.0215193822201304
-2.6179938779914944     5.3927538564615212      0.0773511179300796      -0.0213986527225225
-2.6179938779914944     5.5181667368443472      0.0752940809262928      -0.0212876429668682
-2.6179938779914944     5.6435796172271733      0.0733396612808012      -0.0211853227829455
-2.6179938779914944     5.7689924976099993      0.0714800326507524      -0.0210907634040589
-2.6179938779914944     5.8944053779928254      0.0697081282228156      -0.0210031802844431
-2.6179938779914944     6.0198182583756514      0.0680176232956014      -0.0209219076713110
-2.6179938779914944     6.1452311387584775      0.0664027971006119      -0.0208463277062955
-2.6179938779914944     6.2706440191413035      0.0648584392896752      -0.0207759177356183
-2.6179938779914944     6.3960568995241296      0.0633798549059412      -0.0207102180001088
-2.6179938779914944     6.5214697799069556      0.0619627355439363      -0.0206487988252906
-2.6179938779914944     6.6468826602897817      0.0606031609081520      -0.0205913027350312
-2.6179938779914944     6.7722955406726077      0.0592975402225119      -0.0205373910451403
-2.6179938779914944     6.8977084210554338      0.0580425782142788      -0.0204867749371350
-2.6179938779914944     7.0231213014382599      0.0568352512795175      -0.0204391815840871
-2.6179938779914944     7.1485341818210859      0.0556727666344842      -0.0203943754000614
-2.6179938779914944     7.2739470622039120      0.0545525558558585      -0.0203521369724231
-2.6179938779914944     7.3993599425867380      0.0534722361409425      -0.0203122704740688
-2.6179938779914944     7.5247728229695641      0.0524296089223826      -0.0202746037572521
-2.6179938779914944     7.6501857033523901      0.0514226357053964      -0.0202389726409055
-2.6179938779914944     7.7755985837352162      0.0504494183710655      -0.0202052292525962
-2.6179938779914944     7.9010114641180422      0.0495081904087953      -0.0201732448387122
-2.6179938779914944     8.0264243445008692      0.0485973173265072      -0.0201429052240040
-2.6179938779914944     8.1518372248836961      0.0477152718960333      -0.0201140923761058
-2.6179938779914944     8.2772501052665231      0.0468606211652351      -0.0200867090206286
-2.6179938779914944     8.4026629856493500      0.0460320357075524      -0.0200606659325869
-2.6179938779914944     8.5280758660321769      0.0452282671907155      -0.0200358753921656
-2.6179938779914944     8.6534887464150039      0.0444481448198471      -0.0200122632876580
-2.6179938779914944     8.7789016267978308      0.0436905789226352      -0.0199897615689527
-2.6179938779914944     8.9043145071806578      0.0429545457366988      -0.0199682984500747
-2.6179938779914944     9.0297273875634847      0.0422390788618454      -0.0199478080963060
-2.6179938779914944     9.1551402679463116      0.0415432670513172      -0.0199282302235433
-2.6179938779914944     9.2805531483291386      0.0408662524676958      -0.0199095094031867
-2.6179938779914944     9.4059660287119655      0.0402072264960835      -0.0198915955457323
-2.6179938779914944     9.5313789090947925      0.0395654260701341      -0.0198744395059899
-2.6179938779914944     9.6567917894776194      0.0389401273808316      -0.0198579978252998
-2.6179938779914944     9.7822046698604463      0.0383306472365223      -0.0198422320759875
-2.6179938779914944     9.9076175502432733      0.0377363406273555      -0.0198271081744624
-2.6179938779914944     10.0330304306261002      0.0371565991012196      -0.0198125942661855
-2.6179938779914944     10.1584433110089272      0.0365908465392041      -0.0197986604008221
-2.6179938779914944     10.2838561913917541      0.0360385399458585      -0.0197852771459767
-2.6179938779914944     10.4092690717745811      0.0354991606357607      -0.0197724136328243
-2.6179938779914944     10.5346819521574080      0.0349722149017805      -0.0197600432211819
-2.6179938779914944     10.6600948325402349      0.0344572328423670      -0.0197481429356914
-2.6179938779914944     10.7855077129230619      0.0339537715051813      -0.0197366924676905
-2.6179938779914944     10.9109205933058888      0.0334614096205897      -0.0197256706759738
-2.6179938779914944     11.0363334736887158      0.0329797474295700      -0.0197150573999944
-2.6179938779914944     11.1617463540715427      0.0325084032757860      -0.0197048308988585
-2.6179938779914944     11.2871592344543696      0.0320470114513861      -0.0196949712416054
-2.6179938779914944     11.4125721148371966      0.0315952229119411      -0.0196854596075143
-2.6179938779914944     11.5379849952200235      0.0311527030196505      -0.0196762794503071
-2.6179938779914944     11.6633978756028505      0.0307191339743219      -0.0196674164848910
-2.6179938779914944     11.7888107559856774      0.0302942126352796      -0.0196588563008147
-2.6179938779914944     11.9142236363685043      0.0298776485609606      -0.0196505846927490
-2.6179938779914944     12.0396365167513313      0.0294691635977013      -0.0196425891403608
-2.6179938779914944     12.1650493971341582      0.0290684917998633      -0.0196348582390861
-2.6179938779914944     12.2904622775169852      0.0286753795703439      -0.0196273811680291
-2.6179938779914944     12.4158751578998121      0.0282895828508117      -0.0196201475429932
-2.6179938779914944     12.5412880382826391      0.0279108692576352      -0.0196131484442358
-2.6179938779914944     12.6667009186654660      0.0275390160641371      -0.0196063744346386
-2.6179938779914944     12.7921137990482929      0.0271738093607248      -0.0195998165013221
-2.6179938779914944     12.9175266794311199      0.0268150435793738      -0.0195934661211746
-2.6179938779914944     13.0429395598139468      0.0264625217272437      -0.0195873165176483
-2.6179938779914944     13.1683524401967738      0.0261160562708881      -0.0195813604446768
-2.6179938779914944     13.2937653205796007      0.0257754670182043      -0.0195755899236921
-2.6179938779914944     13.4191782009624276      0.0254405802452875      -0.0195699963421664
-2.6179938779914944     13.5445910813452546      0.0251112278131246      -0.0195645713963971
-2.6179938779914944     13.6700039617280815      0.0247872478385360      -0.0195593074449686
-2.6179938779914944     13.7954168421109085      0.0244684835644536      -0.0195541972681191
-2.6179938779914944     13.9208297224937354      0.0241547845239202      -0.0195492347944607
-2.6179938779914944     14.0462426028765623      0.0238460055665582      -0.0195444139734817
-2.6179938779914944     14.1716554832593893      0.0235420064737267      -0.0195397291510308
-2.6179938779914944     14.2970683636422162      0.0232426516098060      -0.0195351761788612
-2.6179938779914944     14.4224812440250432      0.0229478116069644      -0.0195307516279938
-2.6179938779914944     14.5478941244078701      0.0226573621328295      -0.0195264520322953
-2.6179938779914944     14.6733070047906971      0.0223711837296227      -0.0195222733798670
-2.6179938779914944     14.7987198851735240      0.0220891607187639      -0.0195182115791875
-2.6179938779914944     14.9241327655563509      0.0218111812134250      -0.0195142628045304
-2.6179938779914944     15.0495456459391779      0.0215371372378294      -0.0195104237802935
-2.6179938779914944     15.1749585263220048      0.0212669252577396      -0.0195066913291530
-2.6179938779914944     15.3003714067048318      0.0210004450957105      -0.0195030615610358
-2.6179938779914944     15.4257842870876587      0.0207375999660847      -0.0194995308931205
-2.6179938779914944     15.5511971674704856      0.0204782958937581      -0.0194960949241921
-2.6179938779914944     15.6766100478533126      0.0202224412529849      -0.0194927498763632
    
-2.3561944901923448     0.0000000000000000      -0.3928877030704167      -1.1979901071856327
-2.3561944901923448     0.1254128803828261      0.3654834828234536      -0.8192303660703556
-2.3561944901923448     0.2508257607656522      0.2608091349969702      -0.4053704054994182
-2.3561944901923448     0.3762386411484783      0.0744147392702557      -0.3496066692134003
-2.3561944901923448     0.5016515215313043      0.0658773290316730      -0.5013363288201725
-2.3561944901923448     0.6270644019141304      0.2475059692037406      -0.4107805432736805
-2.3561944901923448     0.7524772822969564      0.1906261816832004      -0.2951401476399217
-2.3561944901923448     0.8778901626797825      0.1219807343148606      -0.3135744137013242
-2.3561944901923448     1.0033030430626086      0.1938686781687618      -0.3679047814401688
-2.3561944901923448     1.1287159234454347      0.2322217566781646      -0.2666243329726109
-2.3561944901923448     1.2541288038282608      0.2025194321936883      -0.2541094716964959
-2.3561944901923448     1.3795416842110868      0.1884802906048538      -0.2215465226509656
-2.3561944901923448     1.5049545645939129      0.1703670217859058      -0.2657399686224692
-2.3561944901923448     1.6303674449767389      0.2436652615737124      -0.2939019590108005
-2.3561944901923448     1.7557803253595650      0.3291469519690582      -0.2038610628174315
-2.3561944901923448     1.8811932057423910      0.2931708744763759      -0.1172510532151432
-2.3561944901923448     2.0066060861252173      0.2574519299095414      -0.0875978663101462
-2.3561944901923448     2.1320189665080433      0.2278983204647002      -0.0710775640065637
-2.3561944901923448     2.2574318468908694      0.2140107313925904      -0.0635129412657102
-2.3561944901923448     2.3828447272736955      0.1992674069496834      -0.0488269198586204
-2.3561944901923448     2.5082576076565215      0.1819536667435978      -0.0405816744650224
-2.3561944901923448     2.6336704880393476      0.1674505520786734      -0.0358736572939630
-2.3561944901923448     2.7590833684221736      0.1565551292985934      -0.0338683394483618
-2.3561944901923448     2.8844962488049997      0.1478759402735486      -0.0303068716942263
-2.3561944901923448     3.0099091291878257      0.1388083645259051      -0.0273483656762454
-2.3561944901923448     3.1353220095706518      0.1308532739421532      -0.0255795488144676
-2.3561944901923448     3.2607348899534778      0.1238557785154183      -0.0240177516254076
-2.3561944901923448     3.3861477703363039      0.1174460474041687      -0.0227209855062428
-2.3561944901923448     3.5115606507191299      0.1116131253653063      -0.0217572658601514
-2.3561944901923448     3.6369735311019560      0.1063347590931994      -0.0210442108061130
-2.3561944901923448     3.7623864114847820      0.1015744166286088      -0.0204810668020954
-2.3561944901923448     3.8877992918676081      0.0972494373066388      -0.0200131389709189
-2.3561944901923448     4.0132121722504346      0.0932892303297446      -0.0196248188151612
-2.3561944901923448     4.1386250526332606      0.0896537523041209      -0.0192944855043718
-2.3561944901923448     4.2640379330160867      0.0862994320845924      -0.0190099287043255
-2.3561944901923448     4.3894508133989127      0.0831944244310200      -0.0187625825744133
-2.3561944901923448     4.5148636937817388      0.0803098245536459      -0.0185438308626704
-2.3561944901923448     4.6402765741645648      0.0776205933805584      -0.0183491908806983
-2.3561944901923448     4.7656894545473909      0.0751064635176227      -0.0181751739693991
-2.3561944901923448     4.8911023349302170      0.0727499406067886      -0.0180186048642174
-2.3561944901923448     5.0165152153130430      0.0705357360311278      -0.0178770360414070
-2.3561944901923448     5.1419280956958691      0.0684506307750193      -0.0177485710349371
-2.3561944901923448     5.2673409760786951      0.0664831412290561      -0.0176315514012387
-2.3561944901923448     5.3927538564615212      0.0646230724043466      -0.0175245654970580
-2.3561944901923448     5.5181667368443472      0.0628614408907437      -0.0174264855042790
-2.3561944901923448     5.6435796172271733      0.0611902951777707      -0.0173363142903771
-2.3561944901923448     5.7689924976099993      0.0596025227984889      -0.0172531872387043
-2.3561944901923448     5.8944053779928254      0.0580917634482139      -0.0171763696175065
-2.3561944901923448     6.0198182583756514      0.0566522927056934      -0.0171052116909613
-2.3561944901923448     6.1452311387584775      0.0552789598791546      -0.0170391751590161
-2.3561944901923448     6.2706440191413035      0.0539671322303813      -0.0169777544159550
-2.3561944901923448     6.3960568995241296      0.0527125613932346      -0.0169205010105247
-2.3561944901923448     6.5214697799069556      0.0515114046441471      -0.0168670628332800
-2.3561944901923448     6.6468826602897817      0.0503601802813340      -0.0168171032331726
-2.3561944901923448     6.7722955406726077      0.0492557029640998      -0.0167703240469790
-2.3561944901923448     6.8977084210554338      0.0481950476503845      -0.0167264471755500
-2.3561944901923448     7.0231213014382599      0.0471755303355940      -0.0166852486539295
-2.3561944901923448     7.1485341818210859      0.0461947028947267      -0.0166465121842772
-2.3561944901923448     7.2739470622039120      0.0452502969400169      -0.0166100414431398
-2.3561944901923448     7.3993599425867380      0.0443402211719820      -0.0165756632954704
-2.3561944901923448     7.5247728229695641      0.0434625505106698      -0.0165432213875136
-2.3561944901923448     7.6501857033523901      0.0426154931525550      -0.0165125633500290
-2.3561944901923448     7.7755985837352162      0.0417973837787733      -0.0164835697996739
-2.3561944901923448     7.9010114641180422      0.0410066962163951      -0.0164561287545131
-2.3561944901923448     8.0264243445008692      0.0402420051610384      -0.0164301244493309
-2.3561944901923448     8.1518372248836961      0.0395019760131873      -0.0164054547639844
-2.3561944901923448     8.2772501052665231      0.0387853684907760      -0.0163820301396533
-2.3561944901923448     8.4026629856493500      0.0380910242272365      -0.0163597633477498
-2.3561944901923448     8.5280758660321769      0.0374178574382675      -0.0163385744702416
-2.3561944901923448     8.6534887464150039      0.0367648487117371      -0.0163183930419666
-2.3561944901923448     8.7789016267978308      0.0361310461971345      -0.0162991563403636
-2.3561944901923448     8.9043145071806578      0.0355155567161464      -0.0162808066364285
-2.3561944901923448     9.0297273875634847      0.0349175413269475      -0.0162632900556856
-2.3561944901923448     9.1551402679463116      0.0343362126311314      -0.0162465612250483
-2.3561944901923448     9.2805531483291386      0.0337708322657206      -0.0162305744027845
-2.3561944901923448     9.4059660287119655      0.0332207010811577      -0.0162152908344916
-2.3561944901923448     9.5313789090947925      0.0326851685887873      -0.0162006766585943
-2.3561944901923448     9.6567917894776194      0.0321636207826030      -0.0161866937669631
-2.3561944901923448     9.7822046698604463      0.0316554779145689      -0.0161733061394953
-2.3561944901923448     9.9076175502432733      0.0311601884667839      -0.0161604769597255
-2.3561944901923448     10.0330304306261002      0.0306772291576486      -0.0161481752863248
-2.3561944901923448     10.1584433110089272      0.0302061071993890      -0.0161363723896275
-2.3561944901923448     10.2838561913917541      0.0297463534066589      -0.0161250379836285
-2.3561944901923448     10.4092690717745811      0.0292975202267511      -0.0161141484587011
-2.3561944901923448     10.5346819521574080      0.0288591879973223      -0.0161036832314149
-2.3561944901923448     10.6600948325402349      0.0284309585320421      -0.0160936185299737
-2.3561944901923448     10.7855077129230619      0.0280124511067215      -0.0160839319678393
-2.3561944901923448     10.9109205933058888      0.0276033014970430      -0.0160746037258010
-2.3561944901923448     11.0363334736887158      0.0272031641809989      -0.0160656174550577
-2.3561944901923448     11.1617463540715427      0.0268117112740126      -0.0160569588526742
-2.3561944901923448     11.2871592344543696      0.0264286324569344      -0.0160486134239055
-2.3561944901923448     11.4125721148371966      0.0260536308554727      -0.0160405668904057
-2.3561944901923448     11.5379849952200235      0.0256864238114066      -0.0160328067224702
-2.3561944901923448     11.6633978756028505      0.0253267426891721      -0.0160253202576945
-2.3561944901923448     11.7888107559856774      0.0249743302218701      -0.0160180949886122
-2.3561944901923448     11.9142236363685043      0.0246289411286026      -0.0160111193517474
-2.3561944901923448     12.0396365167513313      0.0242903401596502      -0.0160043816612653
-2.3561944901923448     12.1650493971341582      0.0239583029486846      -0.0159978717760609
-2.3561944901923448     12.2904622775169852      0.0236326147350451      -0.0159915788450067
-2.3561944901923448     12.4158751578998121      0.0233130692886275      -0.0159854928140350
-2.3561944901923448     12.5412880382826391      0.0229994685107583      -0.0159796042200509
-2.3561944901923448     12.6667009186654660      0.0226916227380222      -0.0159739053253981
-2.3561944901923448     12.7921137990482929      0.0223893514479036      -0.0159683882604460
-2.3561944901923448     12.9175266794311199      0.0220924809540530      -0.0159630447997107
-2.3561944901923448     13.0429395598139468      0.0218008443488434      -0.0159578665690154
-2.3561944901923448     13.1683524401967738      0.0215142799562233      -0.0159528456800211
-2.3561944901923448     13.2937653205796007      0.0212326317402637      -0.0159479762835977
-2.3561944901923448     13.4191782009624276      0.0209557510228414      -0.0159432536487111
-2.3561944901923448     13.5445910813452546      0.0206834952547472      -0.0159386738437179
-2.3561944901923448     13.6700039617280815      0.0204157287337273      -0.0159342330929486
-2.3561944901923448     13.7954168421109085      0.0201523215643479      -0.0159299266560373
-2.3561944901923448     13.9208297224937354      0.0198931479841147      -0.0159257494278163
-2.3561944901923448     14.0462426028765623      0.0196380868631948      -0.0159216970959063
-2.3561944901923448     14.1716554832593893      0.0193870222392031      -0.0159177652876081
-2.3561944901923448     14.2970683636422162      0.0191398424569614      -0.0159139488375123
-2.3561944901923448     14.4224812440250432      0.0188964388395163      -0.0159102424749553
-2.3561944901923448     14.5478941244078701      0.0186567065019014      -0.0159066414887760
-2.3561944901923448     14.6733070047906971      0.0184205435623483      -0.0159031414276878
-2.3561944901923448     14.7987198851735240      0.0181878520456545      -0.0158997389860603
-2.3561944901923448     14.9241327655563509      0.0179585379973789      -0.0158964307095495
-2.3561944901923448     15.0495456459391779      0.0177325106125766      -0.0158932126154977
-2.3561944901923448     15.1749585263220048      0.0175096811342914      -0.0158900809219876
-2.3561944901923448     15.3003714067048318      0.0172899638350791      -0.0158870332123749
-2.3561944901923448     15.4257842870876587      0.0170732767426724      -0.0158840673044070
-2.3561944901923448     15.5511971674704856      0.0168595408370829      -0.0158811804964004
-2.3561944901923448     15.6766100478533126      0.0166486792961457      -0.0158783703251840
    
-2.0943951023931957     0.0000000000000000      -0.2559867987700761      -0.6021424812115717
-2.0943951023931957     0.1254128803828261      0.0732213799437072      -0.4057848002950501
-2.0943951023931957     0.2508257607656522      -0.0082533829268027      -0.2358216316972684
-2.0943951023931957     0.3762386411484783      -0.1254109287982466      -0.2618259293966156
-2.0943951023931957     0.5016515215313043      -0.0890585619801252      -0.4373661878341937
-2.0943951023931957     0.6270644019141304      0.1062637459455068      -0.3653712450535175
-2.0943951023931957     0.7524772822969564      0.0771660544151658      -0.2743072168551533
-2.0943951023931957     0.8778901626797825      0.0408152445902052      -0.2796380859208313
-2.0943951023931957     1.0033030430626086      0.0967766542446329      -0.3177951428952434
-2.0943951023931957     1.1287159234454347      0.1236428742936776      -0.2409195808473406
-2.0943951023931957     1.2541288038282608      0.1004141985112223      -0.2462802834300160
-2.0943951023931957     1.3795416842110868      0.0921293704683629      -0.2376522543721255
-2.0943951023931957     1.5049545645939129      0.1125764772272590      -0.2983983628785608
-2.0943951023931957     1.6303674449767389      0.2076731427367925      -0.3056107979788281
-2.0943951023931957     1.7557803253595650      0.2913272038320266      -0.2032612049353122
-2.0943951023931957     1.8811932057423910      0.2525979349755278      -0.1172017884990473
-2.0943951023931957     2.0066060861252173      0.2245025852929654      -0.0908534873831849
-2.0943951023931957     2.1320189665080433      0.2007365435976595      -0.0669085334058236
-2.0943951023931957     2.2574318468908694      0.1831911473505408      -0.0543571468775338
-2.0943951023931957     2.3828447272736955      0.1669343467460473      -0.0417430700012888
-2.0943951023931957     2.5082576076565215      0.1509021046285820      -0.0345421116094250
-2.0943951023931957     2.6336704880393476      0.1371475928592498      -0.0305799641693485
-2.0943951023931957     2.7590833684221736      0.1283292302711283      -0.0299267483811479
-2.0943951023931957     2.8844962488049997      0.1217023423974049      -0.0255771737300358
-2.0943951023931957     3.0099091291878257      0.1133723659732274      -0.0221292564588649
-2.0943951023931957     3.1353220095706518      0.1060994895934468      -0.0204248109650459
-2.0943951023931957     3.2607348899534778      0.0999466510220884      -0.0189556683710460
-2.0943951023931957     3.3861477703363039      0.0943110032954428      -0.0177570623842380
-2.0943951023931957     3.5115606507191299      0.0892705412579434      -0.0168858608530202
-2.0943951023931957     3.6369735311019560      0.0847395887721459      -0.0162366228888542
-2.0943951023931957     3.7623864114847820      0.0806845527473263      -0.0157261380397650
-2.0943951023931957     3.8877992918676081      0.0770226654948033      -0.0153022795091599
-2.0943951023931957     4.0132121722504346      0.0736867673548487      -0.0149519652653146
-2.0943951023931957     4.1386250526332606      0.0706399139638398      -0.0146571476578239
-2.0943951023931957     4.2640379330160867      0.0678425483466115      -0.0144048989447918
-2.0943951023931957     4.3894508133989127      0.0652649258470658      -0.0141868900672166
-2.0943951023931957     4.5148636937817388      0.0628801771678665      -0.0139951163769953
-2.0943951023931957     4.6402765741645648      0.0606654226681498      -0.0138254739579695
-2.0943951023931957     4.7656894545473909      0.0586024518748094      -0.0136746520601181
-2.0943951023931957     4.8911023349302170      0.0566753739413469      -0.0135395531677159
-2.0943951023931957     5.0165152153130430      0.0548704331204714      -0.0134179420679505
-2.0943951023931957     5.1419280956958691      0.0531758115276579      -0.0133079785831619
-2.0943951023931957     5.2673409760786951      0.0515812050208651      -0.0132081753076814
-2.0943951023931957     5.3927538564615212      0.0500776565948343      -0.0131172862273459
-2.0943951023931957     5.5181667368443472      0.0486572561172923      -0.0130341968999322
-2.0943951023931957     5.6435796172271733      0.0473129594348790      -0.0129580005645914
-2.0943951023931957     5.7689924976099993      0.0460385432882019      -0.0128879582651613
-2.0943951023931957     5.8944053779928254      0.0448284821500647      -0.0128234210383107
-2.0943951023931957     6.0198182583756514      0.0436778338771673      -0.0127638177171689
-2.0943951023931957     6.1452311387584775      0.0425821514736191      -0.0127086386782726
-2.0943951023931957     6.2706440191413035      0.0415374178298368      -0.0126574553830917
-2.0943951023931957     6.3960568995241296      0.0405400281632122      -0.0126099049695319
-2.0943951023931957     6.5214697799069556      0.0395867202971620      -0.0125656302477651
-2.0943951023931957     6.6468826602897817      0.0386745050472586      -0.0125243347717777
-2.0943951023931957     6.7722955406726077      0.0378006739215100      -0.0124857534486705
-2.0943951023931957     6.8977084210554338      0.0369627576786045      -0.0124496569878733
-2.0943951023931957     7.0231213014382599      0.0361584990786777      -0.0124158223846291
-2.0943951023931957     7.1485341818210859      0.0353858148693678      -0.0123840590434659
-2.0943951023931957     7.2739470622039120      0.0346427954980180      -0.0123541972183402
-2.0943951023931957     7.3993599425867380      0.0339276876008634      -0.0123260865146242
-2.0943951023931957     7.5247728229695641      0.0332388614578478      -0.0122995886236380
-2.0943951023931957     7.6501857033523901      0.0325748290102085      -0.0122745979216461
-2.0943951023931957     7.7755985837352162      0.0319342207638898      -0.0122509960845679
-2.0943951023931957     7.9010114641180422      0.0313157506491781      -0.0122286739301713
-2.0943951023931957     8.0264243445008692      0.0307182241150229      -0.0122075464033710
-2.0943951023931957     8.1518372248836961      0.0301405449515976      -0.0121875376489360
-2.0943951023931957     8.2772501052665231      0.0295816920187023      -0.0121685653451659
-2.0943951023931957     8.4026629856493500      0.0290407037150969      -0.0121505578122865
-2.0943951023931957     8.5280758660321769      0.0285166885877283      -0.0121334591079201
-2.0943951023931957     8.6534887464150039      0.0280088226794808      -0.0121172085139025
-2.0943951023931957     8.7789016267978308      0.0275163254005146      -0.0121017466689767
-2.0943951023931957     8.9043145071806578      0.0270384662917914      -0.0120870235454837
-2.0943951023931957     9.0297273875634847      0.0265745639987201      -0.0120729943855539
-2.0943951023931957     9.1551402679463116      0.0261239783269870      -0.0120596098631913
-2.0943951023931957     9.2805531483291386      0.0256861014140756      -0.0120468305013190
-2.0943951023931957     9.4059660287119655      0.0252603689616153      -0.0120346180671904
-2.0943951023931957     9.5313789090947925      0.0248462396078799      -0.0120229353987126
-2.0943951023931957     9.6567917894776194      0.0244432091756655      -0.0120117568302614
-2.0943951023931957     9.7822046698604463      0.0240508038155612      -0.0120010547843914
-2.0943951023931957     9.9076175502432733      0.0236685779654022      -0.0119908025582905
-2.0943951023931957     10.0330304306261002      0.0232961092718862      -0.0119809739645421
-2.0943951023931957     10.1584433110089272      0.0229329952294631      -0.0119715429521990
-2.0943951023931957     10.2838561913917541      0.0225788550817856      -0.0119624920055722
-2.0943951023931957     10.4092690717745811      0.0222333327253176      -0.0119538017826300
-2.0943951023931957     10.5346819521574080      0.0218960872714231      -0.0119454529213972
-2.0943951023931957     10.6600948325402349      0.0215667967824428      -0.0119374314590593
-2.0943951023931957     10.7855077129230619      0.0212451578201242      -0.0119297221258362
-2.0943951023931957     10.9109205933058888      0.0209308832148877      -0.0119223099167892
-2.0943951023931957     11.0363334736887158      0.0206236980648583      -0.0119151794414837
-2.0943951023931957     11.1617463540715427      0.0203233426126572      -0.0119083170557351
-2.0943951023931957     11.2871592344543696      0.0200295679858883      -0.0119017072198900
-2.0943951023931957     11.4125721148371966      0.0197421361990299      -0.0118953381214977
-2.0943951023931957     11.5379849952200235      0.0194608227927083      -0.0118891964962988
-2.0943951023931957     11.6633978756028505      0.0191854102979548      -0.0118832694344467
-2.0943951023931957     11.7888107559856774      0.0189156907131476      -0.0118775462881756
-2.0943951023931957     11.9142236363685043      0.0186514655154492      -0.0118720193668777
-2.0943951023931957     12.0396365167513313      0.0183925482617084      -0.0118666817754353
-2.0943951023931957     12.1650493971341582      0.0181387604506138      -0.0118615243555899
-2.0943951023931957     12.2904622775169852      0.0178899298882303      -0.0118565393737492
-2.0943951023931957     12.4158751578998121      0.0176458927410482      -0.0118517204136093
-2.0943951023931957     12.5412880382826391      0.0174064926461613      -0.0118470612132810
-2.0943951023931957     12.6667009186654660      0.0171715806114872      -0.0118425554697930
-2.0943951023931957     12.7921137990482929      0.0169410131762851      -0.0118381967449966
-2.0943951023931957     12.9175266794311199      0.0167146534006886      -0.0118339790783407
-2.0943951023931957     13.0429395598139468      0.0164923690911350      -0.0118298967878518
-2.0943951023931957     13.1683524401967738      0.0162740350205942      -0.0118259452500194
-2.0943951023931957     13.2937653205796007      0.0160595309017599      -0.0118221175806760
-2.0943951023931957     13.4191782009624276      0.0158487394700750      -0.0118184080374310
-2.0943951023931957     13.5445910813452546      0.0156415486222107      -0.0118148115241820
-2.0943951023931957     13.6700039617280815      0.0154378503294702      -0.0118113229280662
-2.0943951023931957     13.7954168421109085      0.0152375406544891      -0.0118079380944323
-2.0943951023931957     13.9208297224937354      0.0150405201824985      -0.0118046525562526
-2.0943951023931957     14.0462426028765623      0.0148466926596252      -0.0118014616390675
-2.0943951023931957     14.1716554832593893      0.0146559646427090      -0.0117983613974045
-2.0943951023931957     14.2970683636422162      0.0144682462135764      -0.0117953487965508
-2.0943951023931957     14.4224812440250432      0.0142834511804364      -0.0117924215344146
-2.0943951023931957     14.5478941244078701      0.0141014966895535      -0.0117895778852883
-2.0943951023931957     14.6733070047906971      0.0139223047246157      -0.0117868162148994
-2.0943951023931957     14.7987198851735240      0.0137457998660395      -0.0117841333822254
-2.0943951023931957     14.9241327655563509      0.0135719088235071      -0.0117815259478472
-2.0943951023931957     15.0495456459391779      0.0134005600140155      -0.0117789908884565
-2.0943951023931957     15.1749585263220048      0.0132316846300147      -0.0117765257589775
-2.0943951023931957     15.3003714067048318      0.0130652163741120      -0.0117741280641032
-2.0943951023931957     15.4257842870876587      0.0129010905615718      -0.0117717951935658
-2.0943951023931957     15.5511971674704856      0.0127392448583572      -0.0117695261206434
-2.0943951023931957     15.6766100478533126      0.0125796206495967      -0.0117673193722278
    
-1.8325957145940459     0.0000000000000000      -0.3362464038185100      -0.9482162767467137
-1.8325957145940459     0.1254128803828261      0.2609149942941424      -0.6537738324264740
-1.8325957145940459     0.2508257607656522      0.1750990595487325      -0.3284768393347525
-1.8325957145940459     0.3762386411484783      0.0230230607204323      -0.2897608217188445
-1.8325957145940459     0.5016515215313043      0.0180839858252770      -0.4190528614287893
-1.8325957145940459     0.6270644019141304      0.1636178164122709      -0.3457689318680030
-1.8325957145940459     0.7524772822969564      0.1118815935705426      -0.2613146440698437
-1.8325957145940459     0.8778901626797825      0.0561545376293200      -0.2829096667972146
-1.8325957145940459     1.0033030430626086      0.1194692726340135      -0.3468074208834964
-1.8325957145940459     1.1287159234454347      0.1606205197058741      -0.2618970673736708
-1.8325957145940459     1.2541288038282608      0.1401276185533897      -0.2630033733860563
-1.8325957145940459     1.3795416842110868      0.1332607025656248      -0.2384504865696714
-1.8325957145940459     1.5049545645939129      0.1326273529801206      -0.2957810041605192
-1.8325957145940459     1.6303674449767389      0.2210275823238736      -0.3183536152799663
-1.8325957145940459     1.7557803253595650      0.3202462612659578      -0.2202083039851138
-1.8325957145940459     1.8811932057423910      0.2845106026365512      -0.1229163826796289
-1.8325957145940459     2.0066060861252173      0.2469892561745956      -0.0895133968818296
-1.8325957145940459     2.1320189665080433      0.2166685453032606      -0.0715570868779499
-1.8325957145940459     2.2574318468908694      0.2028214952169946      -0.0629859863126834
-1.8325957145940459     2.3828447272736955      0.1880438231800976      -0.0474885348586104
-1.8325957145940459     2.5082576076565215      0.1707033088652128      -0.0387577091221955
-1.8325957145940459     2.6336704880393476      0.1563042893989638      -0.0337752029295245
-1.8325957145940459     2.7590833684221736      0.1455029316813322      -0.0315533573432445
-1.8325957145940459     2.8844962488049997      0.1369314349278471      -0.0279591529568759
-1.8325957145940459     3.0099091291878257      0.1281042694523271      -0.0250223081744099
-1.8325957145940459     3.1353220095706518      0.1203716137915518      -0.0232568797349685
-1.8325957145940459     3.2607348899534778      0.1136321880807041      -0.0217460077372506
-1.8325957145940459     3.3861477703363039      0.1075045520602204      -0.0205054029160584
-1.8325957145940459     3.5115606507191299      0.1019665677942054      -0.0195773022009557
-1.8325957145940459     3.6369735311019560      0.0969706300757077      -0.0188849989997073
-1.8325957145940459     3.7623864114847820      0.0924798953426493      -0.0183412278947489
-1.8325957145940459     3.8877992918676081      0.0884133991476787      -0.0178908338576511
-1.8325957145940459     4.0132121722504346      0.0847014676837771      -0.0175172595931691
-1.8325957145940459     4.1386250526332606      0.0813030808711367      -0.0171998996891853
-1.8325957145940459     4.2640379330160867      0.0781749880693772      -0.0169268973404247
-1.8325957145940459     4.3894508133989127      0.0752859076575859      -0.0166901329158865
-1.8325957145940459     4.5148636937817388      0.0726075009504917      -0.0164811597538834
-1.8325957145940459     4.6402765741645648      0.0701152251488189      -0.0162956411464295
-1.8325957145940459     4.7656894545473909      0.0677894311534442      -0.0161302588685635
-1.8325957145940459     4.8911023349302170      0.0656131639158442      -0.0159817930517973
-1.8325957145940459     5.0165152153130430      0.0635715873476608      -0.0158478357000392
-1.8325957145940459     5.1419280956958691      0.0616518998521151      -0.0157265036682956
-1.8325957145940459     5.2673409760786951      0.0598430193599697      -0.0156161858980432
-1.8325957145940459     5.3927538564615212      0.0581351275056103      -0.0155155057753355
-1.8325957145940459     5.5181667368443472      0.0565196059200414      -0.0154233776409963
-1.8325957145940459     5.6435796172271733      0.0549888461719859      -0.0153388421229532
-1.8325957145940459     5.7689924976099993      0.0535360784812356      -0.0152610522762100
-1.8325957145940459     5.8944053779928254      0.0521552312232185      -0.0151892871738259
-1.8325957145940459     6.0198182583756514      0.0508408738881653      -0.0151229182630142
-1.8325957145940459     6.1452311387584775      0.0495881058293862      -0.0150613911880982
-1.8325957145940459     6.2706440191413035      0.0483925073320590      -0.0150042366996743
-1.8325957145940459     6.3960568995241296      0.0472500711923384      -0.0149510418539358
-1.8325957145940459     6.5214697799069556      0.0461571889080568      -0.0149014565117912
-1.8325957145940459     6.6468826602897817      0.0451105629979502      -0.0148551400706903
-1.8325957145940459     6.7722955406726077      0.0441071852729180      -0.0148118086952340
-1.8325957145940459     6.8977084210554338      0.0431442960200864      -0.0147712053694378
-1.8325957145940459     7.0231213014382599      0.0422193818009139      -0.0147331240365362
-1.8325957145940459     7.1485341818210859      0.0413301478607052      -0.0146973538523721
-1.8325957145940459     7.2739470622039120      0.0404744711861373      -0.0146637172600056
-1.8325957145940459     7.3993599425867380      0.0396504035535239      -0.0146320471076128
-1.8325957145940459     7.5247728229695641      0.0388561498810893      -0.0146021903768217
-1.8325957145940459     7.6501857033523901      0.0380900400939607      -0.0145739983334289
-1.8325957145940459     7.7755985837352162      0.0373505188481194      -0.0145473475915957
-1.8325957145940459     7.9010114641180422      0.0366361522682795      -0.0145221359400721
-1.8325957145940459     8.0264243445008692      0.0359456194447094      -0.0144982606877557
-1.8325957145940459     8.1518372248836961      0.0352776803245982      -0.0144756222426013
-1.8325957145940459     8.2772501052665231      0.0346311807658645      -0.0144541378827913
-1.8325957145940459     8.4026629856493500      0.0340050496789328      -0.0144337262345754
-1.8325957145940459     8.5280758660321769      0.0333982766577594      -0.0144143089704896
-1.8325957145940459     8.6534887464150039      0.0328099151602102      -0.0143958255756388
-1.8325957145940459     8.7789016267978308      0.0322390888360259      -0.0143782196045260
-1.8325957145940459     8.9043145071806578      0.0316849698571161      -0.0143614358148305
-1.8325957145940459     9.0297273875634847      0.0311467853089405      -0.0143454310014148
-1.8325957145940459     9.1551402679463116      0.0306238177275245      -0.0143301610650383
-1.8325957145940459     9.2805531483291386      0.0301153867159708      -0.0143155776275786
-1.8325957145940459     9.4059660287119655      0.0296208472974505      -0.0143016421718762
-1.8325957145940459     9.5313789090947925      0.0291396009451224      -0.0142883203391670
-1.8325957145940459     9.6567917894776194      0.0286710789665625      -0.0142755725947206
-1.8325957145940459     9.7822046698604463      0.0282147416506244      -0.0142633658100338
-1.8325957145940459     9.9076175502432733      0.0277700808309979      -0.0142516728955664
-1.8325957145940459     10.0330304306261002      0.0273366180262246      -0.0142404655691045
-1.8325957145940459     10.1584433110089272      0.0269139014681111      -0.0142297194180462
-1.8325957145940459     10.2838561913917541      0.0265015022327931      -0.0142194079246901
-1.8325957145940459     10.4092690717745811      0.0260990139543971      -0.0142095092014200
-1.8325957145940459     10.5346819521574080      0.0257060530594699      -0.0142000004233703
-1.8325957145940459     10.6600948325402349      0.0253222533029095      -0.0141908584629882
-1.8325957145940459     10.7855077129230619      0.0249472644643339      -0.0141820634807235
-1.8325957145940459     10.9109205933058888      0.0245807553143926      -0.0141735986193611
-1.8325957145940459     11.0363334736887158      0.0242224114512019      -0.0141654465262458
-1.8325957145940459     11.1617463540715427      0.0238719314486362      -0.0141575920373057
-1.8325957145940459     11.2871592344543696      0.0235290305482335      -0.0141500223967078
-1.8325957145940459     11.4125721148371966      0.0231934370648488      -0.0141427236831194
-1.8325957145940459     11.5379849952200235      0.0228648907630225      -0.0141356861697610
-1.8325957145940459     11.6633978756028505      0.0225431477010543      -0.0141289006578661
-1.8325957145940459     11.7888107559856774      0.0222279757189390      -0.0141223558788465
-1.8325957145940459     11.9142236363685043      0.0219191523614155      -0.0141160397222901
-1.8325957145940459     12.0396365167513313      0.0216164628448396      -0.0141099397693817
-1.8325957145940459     12.1650493971341582      0.0213197014269812      -0.0141040470755873
-1.8325957145940459     12.2904622775169852      0.0210286733726636      -0.0140983521453024
-1.8325957145940459     12.4158751578998121      0.0207431909533302      -0.0140928449344638
-1.8325957145940459     12.5412880382826391      0.0204630736848348      -0.0140875167343454
-1.8325957145940459     12.6667009186654660      0.0201881489692843      -0.0140823597174368
-1.8325957145940459     12.7921137990482929      0.0199182512314471      -0.0140773663149595
-1.8325957145940459     12.9175266794311199      0.0196532216117421      -0.0140725304346578
-1.8325957145940459     13.0429395598139468      0.0193929091370189      -0.0140678456962767
-1.8325957145940459     13.1683524401967738      0.0191371672941153      -0.0140633050793701
-1.8325957145940459     13.2937653205796007      0.0188858554825812      -0.0140589039474814
-1.8325957145940459     13.4191782009624276      0.0186388395596192      -0.0140546375191774
-1.8325957145940459     13.5445910813452546      0.0183959904006078      -0.0140505015221719
-1.8325957145940459     13.6700039617280815      0.0181571852686727      -0.0140464924216091
-1.8325957145940459     13.7954168421109085      0.0179223065181626      -0.0140426050092127
-1.8325957145940459     13.9208297224937354      0.0176912397270933      -0.0140388343818123
-1.8325957145940459     14.0462426028765623      0.0174638751737047      -0.0140351760900295
-1.8325957145940459     14.1716554832593893      0.0172401067294182      -0.0140316254916607
-1.8325957145940459     14.2970683636422162      0.0170198324136521      -0.0140281790551392
-1.8325957145940459     14.4224812440250432      0.0168029540727548      -0.0140248326240898
-1.8325957145940459     14.5478941244078701      0.0165893777554380      -0.0140215823035534
-1.8325957145940459     14.6733070047906971      0.0163790113162247      -0.0140184230288468
-1.8325957145940459     14.7987198851735240      0.0161717656137049      -0.0140153520044873
-1.8325957145940459     14.9241327655563509      0.0159675555496861      -0.0140123660815734
-1.8325957145940459     15.0495456459391779      0.0157662987897918      -0.0140094622683889
-1.8325957145940459     15.1749585263220048      0.0155679158489183      -0.0140066373307734
-1.8325957145940459     15.3003714067048318      0.0153723292544909      -0.0140038889827521
-1.8325957145940459     15.4257842870876587      0.0151794657282382      -0.0140012152054321
-1.8325957145940459     15.5511971674704856      0.0149892542252090      -0.0139986124658942
-1.8325957145940459     15.6766100478533126      0.0148016242814380      -0.0139960775803890
    
-1.5707963267948966     0.0000000000000000      -0.4052871743156413      -1.2176612433788438
-1.5707963267948966     0.1254128803828261      0.4013530631135603      -0.8497472633968889
-1.5707963267948966     0.2508257607656522      0.3116997105031433      -0.4033577920035572
-1.5707963267948966     0.3762386411484783      0.1310778001640236      -0.3159039493582467
-1.5707963267948966     0.5016515215313043      0.0951696537514850      -0.4104167649768199
-1.5707963267948966     0.6270644019141304      0.1962091467143266      -0.3370854149905954
-1.5707963267948966     0.7524772822969564      0.1262066749351960      -0.2696641914973720
-1.5707963267948966     0.8778901626797825      0.0623365179658950      -0.3117602862730112
-1.5707963267948966     1.0033030430626086      0.1560386601970575      -0.4056448834399720
-1.5707963267948966     1.1287159234454347      0.2208647450597097      -0.2855191381624827
-1.5707963267948966     1.2541288038282608      0.1863403718790035      -0.2662289521186843
-1.5707963267948966     1.3795416842110868      0.1684607445535634      -0.2444946838451578
-1.5707963267948966     1.5049545645939129      0.1718608454662106      -0.3023061402989145
-1.5707963267948966     1.6303674449767389      0.2571697426855076      -0.3091764455337660
-1.5707963267948966     1.7557803253595650      0.3391953097071206      -0.2127070783011525
-1.5707963267948966     1.8811932057423910      0.3034876935094994      -0.1213941177513327
-1.5707963267948966     2.0066060861252173      0.2620267176502121      -0.0867505259320755
-1.5707963267948966     2.1320189665080433      0.2298984665727943      -0.0735482705264978
-1.5707963267948966     2.2574318468908694      0.2165703139377221      -0.0662117808466716
-1.5707963267948966     2.3828447272736955      0.2028960536040512      -0.0515952627625394
-1.5707963267948966     2.5082576076565215      0.1860025498852519      -0.0416828872904261
-1.5707963267948966     2.6336704880393476      0.1706429449256820      -0.0356370993636034
-1.5707963267948966     2.7590833684221736      0.1584744197046819      -0.0332640378783724
-1.5707963267948966     2.8844962488049997      0.1491309168052832      -0.0300249818089030
-1.5707963267948966     3.0099091291878257      0.1398459854672803      -0.0273162430763355
-1.5707963267948966     3.1353220095706518      0.1318400217584571      -0.0255132894792672
-1.5707963267948966     3.2607348899534778      0.1245736982155850      -0.0240203671047550
-1.5707963267948966     3.3861477703363039      0.1181664001892346      -0.0227968160059450
-1.5707963267948966     3.5115606507191299      0.1122728972554732      -0.0217967965514106
-1.5707963267948966     3.6369735311019560      0.1069185675362055      -0.0210681260324537
-1.5707963267948966     3.7623864114847820      0.1020947853584459      -0.0205006406184086
-1.5707963267948966     3.8877992918676081      0.0977150589271188      -0.0200308881092844
-1.5707963267948966     4.0132121722504346      0.0937103443298195      -0.0196407317540020
-1.5707963267948966     4.1386250526332606      0.0900364990692867      -0.0193077598966209
-1.5707963267948966     4.2640379330160867      0.0866483845937650      -0.0190202187483736
-1.5707963267948966     4.3894508133989127      0.0835133811712057      -0.0187698563339599
-1.5707963267948966     4.5148636937817388      0.0806019383127540      -0.0185482777788848
-1.5707963267948966     4.6402765741645648      0.0778887305007523      -0.0183511051022559
-1.5707963267948966     4.7656894545473909      0.0753530755934523      -0.0181748066957076
-1.5707963267948966     4.8911023349302170      0.0729771743945545      -0.0180162173604124
-1.5707963267948966     5.0165152153130430      0.0707455544908815      -0.0178728868592712
-1.5707963267948966     5.1419280956958691      0.0686447535897668      -0.0177427898691750
-1.5707963267948966     5.2673409760786951      0.0666630116394921      -0.0176242819460307
-1.5707963267948966     5.3927538564615212      0.0647900214606016      -0.0175159700946156
-1.5707963267948966     5.5181667368443472      0.0630166430149541      -0.0174166381135015
-1.5707963267948966     5.6435796172271733      0.0613347410989071      -0.0173252935457654
-1.5707963267948966     5.7689924976099993      0.0597370920514647      -0.0172410969761203
-1.5707963267948966     5.8944053779928254      0.0582172562651306      -0.0171633114184465
-1.5707963267948966     6.0198182583756514      0.0567694313258671      -0.0170912803841082
-1.5707963267948966     6.1452311387584775      0.0553883971592194      -0.0170244435609293
-1.5707963267948966     6.2706440191413035      0.0540694235865711      -0.0169623017862789
-1.5707963267948966     6.3960568995241296      0.0528082395390862      -0.0169044508330933
-1.5707963267948966     6.5214697799069556      0.0516009972722459      -0.0168504926430444
-1.5707963267948966     6.6468826602897817      0.0504441511976726      -0.0168000653688973
-1.5707963267948966     6.7722955406726077      0.0493344663731982      -0.0167528649911220
-1.5707963267948966     6.8977084210554338      0.0482689940378559      -0.0167086189352209
-1.5707963267948966     7.0231213014382599      0.0472450205458910      -0.0166670698983301
-1.5707963267948966     7.1485341818210859      0.0462600438450477      -0.0166280029466714
-1.5707963267948966     7.2739470622039120      0.0453117708630629      -0.0165912290395442
-1.5707963267948966     7.3993599425867380      0.0443980984840961      -0.0165565739305939
-1.5707963267948966     7.5247728229695641      0.0435170704026035      -0.0165238676310874
-1.5707963267948966     7.6501857033523901      0.0426668796736170      -0.0164929662466524
-1.5707963267948966     7.7755985837352162      0.0418458467131542      -0.0164637365930183
-1.5707963267948966     7.9010114641180422      0.0410524163159653      -0.0164360593490537
-1.5707963267948966     8.0264243445008692      0.0402851378449596      -0.0164098305492947
-1.5707963267948966     8.1518372248836961      0.0395426743356416      -0.0163849527649281
-1.5707963267948966     8.2772501052665231      0.0388237667028047      -0.0163613323494118
-1.5707963267948966     8.4026629856493500      0.0381272449780037      -0.0163388919173889
-1.5707963267948966     8.5280758660321769      0.0374520223256784      -0.0163175604389469
-1.5707963267948966     8.6534887464150039      0.0367970815537534      -0.0162972592219719
-1.5707963267948966     8.7789016267978308      0.0361614565087349      -0.0162779262278497
-1.5707963267948966     8.9043145071806578      0.0355442592947885      -0.0162595079378760
-1.5707963267948966     9.0297273875634847      0.0349446539814225      -0.0162419398783121
-1.5707963267948966     9.1551402679463116      0.0343618413898642      -0.0162251627908819
-1.5707963267948966     9.2805531483291386      0.0337950741605621      -0.0162091353330217
-1.5707963267948966     9.4059660287119655      0.0332436556961865      -0.0161938094649197
-1.5707963267948966     9.5313789090947925      0.0327069194973475      -0.0161791391613164
-1.5707963267948966     9.6567917894776194      0.0321842374030243      -0.0161650888221168
-1.5707963267948966     9.7822046698604463      0.0316750198307867      -0.0161516259614585
-1.5707963267948966     9.9076175502432733      0.0311787104258930      -0.0161387178033418
-1.5707963267948966     10.0330304306261002      0.0306947820895228      -0.0161263348851317
-1.5707963267948966     10.1584433110089272      0.0302227357766140      -0.0161144492779208
-1.5707963267948966     10.2838561913917541      0.0297620992120251      -0.0161030371515643
-1.5707963267948966     10.4092690717745811      0.0293124267854470      -0.0160920745214064
-1.5707963267948966     10.5346819521574080      0.0288732935080148      -0.0160815398317252
-1.5707963267948966     10.6600948325402349      0.0284443000192575      -0.0160714132203484
-1.5707963267948966     10.7855077129230619      0.0280250646811139      -0.0160616728029472
-1.5707963267948966     10.9109205933058888      0.0276152243519745      -0.0160523009760599
-1.5707963267948966     11.0363334736887158      0.0272144357580213      -0.0160432793061060
-1.5707963267948966     11.1617463540715427      0.0268223704189487      -0.0160345898637908
-1.5707963267948966     11.2871592344543696      0.0264387148409022      -0.0160262159877013
-1.5707963267948966     11.4125721148371966      0.0260631714544452      -0.0160181429338527
-1.5707963267948966     11.5379849952200235      0.0256954555666121      -0.0160103541131165
-1.5707963267948966     11.6633978756028505      0.0253352938458018      -0.0160028363447985
-1.5707963267948966     11.7888107559856774      0.0249824265026300      -0.0159955769024145
-1.5707963267948966     11.9142236363685043      0.0246366042774918      -0.0159885641960300
-1.5707963267948966     12.0396365167513313      0.0242975898878701      -0.0159817891312807
-1.5707963267948966     12.1650493971341582      0.0239651580545780      -0.0159752420703569
-1.5707963267948966     12.2904622775169852      0.0236390925453094      -0.0159689128661329
-1.5707963267948966     12.4158751578998121      0.0233191861076415      -0.0159627929573299
-1.5707963267948966     12.5412880382826391      0.0230052407230087      -0.0159568734111963
-1.5707963267948966     12.6667009186654660      0.0226970660764108      -0.0159511466771644
-1.5707963267948966     12.7921137990482929      0.0223944806692159      -0.0159456056653179
-1.5707963267948966     12.9175266794311199      0.0220973116300014      -0.0159402434550081
-1.5707963267948966     13.0429395598139468      0.0218053922979855      -0.0159350513564108
-1.5707963267948966     13.1683524401967738      0.0215185620030865      -0.0159300220110878
-1.5707963267948966     13.2937653205796007      0.0212366659187944      -0.0159251478872177
-1.5707963267948966     13.4191782009624276      0.0209595551308652      -0.0159204233888081
-1.5707963267948966     13.5445910813452546      0.0206870880914673      -0.0159158424125873
-1.5707963267948966     13.6700039617280815      0.0204191274577079      -0.0159113984093111
-1.5707963267948966     13.7954168421109085      0.0201555412622295      -0.0159070856155072
-1.5707963267948966     13.9208297224937354      0.0198962022395593      -0.0159028978913442
-1.5707963267948966     14.0462426028765623      0.0196409865226267      -0.0158988297282275
-1.5707963267948966     14.1716554832593893      0.0193897749295060      -0.0158948775223445
-1.5707963267948966     14.2970683636422162      0.0191424538660270      -0.0158910381775029
-1.5707963267948966     14.4224812440250432      0.0188989141645435      -0.0158873083171993
-1.5707963267948966     14.5478941244078701      0.0186590507771143      -0.0158836849658997
-1.5707963267948966     14.6733070047906971      0.0184227630804793      -0.0158801645025681
-1.5707963267948966     14.7987198851735240      0.0181899534534546      -0.0158767434278709
-1.5707963267948966     14.9241327655563509      0.0179605275632769      -0.0158734180432730
-1.5707963267948966     15.0495456459391779      0.0177343942969709      -0.0158701853803369
-1.5707963267948966     15.1749585263220048      0.0175114660948882      -0.0158670422715277
-1.5707963267948966     15.3003714067048318      0.0172916582875267      -0.0158639852505771
-1.5707963267948966     15.4257842870876587      0.0170748880623617      -0.0158610108297682
-1.5707963267948966     15.5511971674704856      0.0168610757397573      -0.0158581172604019
-1.5707963267948966     15.6766100478533126      0.0166501456528277      -0.0158553016205082
    
-1.3089969389957472     0.0000000000000000      -0.4007237142653008      -1.2116576384724143
-1.3089969389957472     0.1254128803828261      0.4179281677664364      -0.8491460975628645
-1.3089969389957472     0.2508257607656522      0.3377405022235483      -0.3910047175169235
-1.3089969389957472     0.3762386411484783      0.1634145613678178      -0.2807312366534166
-1.3089969389957472     0.5016515215313043      0.0975497916866641      -0.3357235971005562
-1.3089969389957472     0.6270644019141304      0.1499541255884966      -0.2825092800359991
-1.3089969389957472     0.7524772822969564      0.0588857152399128      -0.2337297860586763
-1.3089969389957472     0.8778901626797825      -0.0314153777893542      -0.3265282509067027
-1.3089969389957472     1.0033030430626086      0.1120111047896575      -0.4938215999157239
-1.3089969389957472     1.1287159234454347      0.2416027373464575      -0.3402792959480063
-1.3089969389957472     1.2541288038282608      0.2140426090822635      -0.2969916115526244
-1.3089969389957472     1.3795416842110868      0.2005536456432190      -0.2541210467141365
-1.3089969389957472     1.5049545645939129      0.1996839624564546      -0.2996392622444323
-1.3089969389957472     1.6303674449767389      0.2768634299179478      -0.2852416007103861
-1.3089969389957472     1.7557803253595650      0.3313690163734848      -0.1961586928515076
-1.3089969389957472     1.8811932057423910      0.2993386821852979      -0.1170193207240742
-1.3089969389957472     2.0066060861252173      0.2604515017376960      -0.0837268773626901
-1.3089969389957472     2.1320189665080433      0.2309640978699118      -0.0689688778917334
-1.3089969389957472     2.2574318468908694      0.2122794465288989      -0.0593356074170206
-1.3089969389957472     2.3828447272736955      0.1974678067516308      -0.0492012183732876
-1.3089969389957472     2.5082576076565215      0.1822962203013349      -0.0409440112936988
-1.3089969389957472     2.6336704880393476      0.1675842162966124      -0.0351085898734177
-1.3089969389957472     2.7590833684221736      0.1559059218560535      -0.0329405894824850
-1.3089969389957472     2.8844962488049997      0.1468155053188860      -0.0299650311710806
-1.3089969389957472     3.0099091291878257      0.1382551088528032      -0.0274207725455079
-1.3089969389957472     3.1353220095706518      0.1304279936032658      -0.0251639784651803
-1.3089969389957472     3.2607348899534778      0.1230832670345191      -0.0236528711159134
-1.3089969389957472     3.3861477703363039      0.1167410366128696      -0.0224846762582137
-1.3089969389957472     3.5115606507191299      0.1109227101519724      -0.0215015382515047
-1.3089969389957472     3.6369735311019560      0.1056317996296296      -0.0207883019283607
-1.3089969389957472     3.7623864114847820      0.1008696184420924      -0.0202338782920024
-1.3089969389957472     3.8877992918676081      0.0965456773971638      -0.0197728702085021
-1.3089969389957472     4.0132121722504346      0.0925906600918309      -0.0193887645020375
-1.3089969389957472     4.1386250526332606      0.0889623106290157      -0.0190616746320652
-1.3089969389957472     4.2640379330160867      0.0856161190570493      -0.0187783918063896
-1.3089969389957472     4.3894508133989127      0.0825192664239651      -0.0185310464900976
-1.3089969389957472     4.5148636937817388      0.0796426085881849      -0.0183122024641058
-1.3089969389957472     4.6402765741645648      0.0769617152177406      -0.0181173786796534
-1.3089969389957472     4.7656894545473909      0.0744559536735994      -0.0179430251737143
-1.3089969389957472     4.8911023349302170      0.0721078558040082      -0.0177861555936159
-1.3089969389957472     5.0165152153130430      0.0699021733253917      -0.0176443765527002
-1.3089969389957472     5.1419280956958691      0.0678256860156993      -0.0175157049555622
-1.3089969389957472     5.2673409760786951      0.0658667999628341      -0.0173985159893867
-1.3089969389957472     5.3927538564615212      0.0640153535934977      -0.0172914373533800
-1.3089969389957472     5.5181667368443472      0.0622623565725016      -0.0171932785970412
-1.3089969389957472     5.6435796172271733      0.0605997812803405      -0.0171030411520299
-1.3089969389957472     5.7689924976099993      0.0590205124882047      -0.0170198903868666
-1.3089969389957472     5.8944053779928254      0.0575181862717807      -0.0169430864194488
-1.3089969389957472     6.0198182583756514      0.0560870868950883      -0.0168719632466159
-1.3089969389957472     6.1452311387584775      0.0547220213757050      -0.0168059514808470
-1.3089969389957472     6.2706440191413035      0.0534183330422588      -0.0167445819341773
-1.3089969389957472     6.3960568995241296      0.0521717999779524      -0.0166874122266116
-1.3089969389957472     6.5214697799069556      0.0509785764235568      -0.0166340586671554
-1.3089969389957472     6.6468826602897817      0.0498351588249659      -0.0165841923264630
-1.3089969389957472     6.7722955406726077      0.0487383695167068      -0.0165375072647902
-1.3089969389957472     6.8977084210554338      0.0476852657025339      -0.0164937364699450
-1.3089969389957472     7.0231213014382599      0.0466731855871311      -0.0164526503921599
-1.3089969389957472     7.1485341818210859      0.0456996684562901      -0.0164140235549440
-1.3089969389957472     7.2739470622039120      0.0447624451382070      -0.0163776597608013
-1.3089969389957472     7.3993599425867380      0.0438594236490763      -0.0163433834535519
-1.3089969389957472     7.5247728229695641      0.0429886680072279      -0.0163110426155756
-1.3089969389957472     7.6501857033523901      0.0421484005288005      -0.0162804986655152
-1.3089969389957472     7.7755985837352162      0.0413369709423089      -0.0162516160622333
-1.3089969389957472     7.9010114641180422      0.0405528389000540      -0.0162242730902182
-1.3089969389957472     8.0264243445008692      0.0397945779194226      -0.0161983591156168
-1.3089969389957472     8.1518372248836961      0.0390608487311769      -0.0161737758228403
-1.3089969389957472     8.2772501052665231      0.0383504181499324      -0.0161504420232661
-1.3089969389957472     8.4026629856493500      0.0376621360409553      -0.0161282685740048
-1.3089969389957472     8.5280758660321769      0.0369949177819862      -0.0161071727743755
-1.3089969389957472     8.6534887464150039      0.0363477469904562      -0.0160870858180526
-1.3089969389957472     8.7789016267978308      0.0357196778784208      -0.0160679432108898
-1.3089969389957472     8.9043145071806578      0.0351098149273366      -0.0160496816563956
-1.3089969389957472     9.0297273875634847      0.0345173177746551      -0.0160322564260637
-1.3089969389957472     9.1551402679463116      0.0339414115800007      -0.0160156212111363
-1.3089969389957472     9.2805531483291386      0.0333813568367009      -0.0159997253890960
-1.3089969389957472     9.4059660287119655      0.0328364574814617      -0.0159845316690950
-1.3089969389957472     9.5313789090947925      0.0323060641883313      -0.0159700048026984
-1.3089969389957472     9.6567917894776194      0.0317895664003419      -0.0159561069910258
-1.3089969389957472     9.7822046698604463      0.0312863839832171      -0.0159428009882215
-1.3089969389957472     9.9076175502432733      0.0307959698690956      -0.0159300530177575
-1.3089969389957472     10.0330304306261002      0.0303178034204620      -0.0159178276269620
-1.3089969389957472     10.1584433110089272      0.0298513896336423      -0.0159060957416182
-1.3089969389957472     10.2838561913917541      0.0293962598886381      -0.0158948327810821
-1.3089969389957472     10.4092690717745811      0.0289519740933766      -0.0158840154488299
-1.3089969389957472     10.5346819521574080      0.0285181142143132      -0.0158736201981256
-1.3089969389957472     10.6600948325402349      0.0280942831441849      -0.0158636234272606
-1.3089969389957472     10.7855077129230619      0.0276801010148234      -0.0158540035591591
-1.3089969389957472     10.9109205933058888      0.0272752081281136      -0.0158447410120675
-1.3089969389957472     11.0363334736887158      0.0268792589925458      -0.0158358174467151
-1.3089969389957472     11.1617463540715427      0.0264919271998400      -0.0158272197032380
-1.3089969389957472     11.2871592344543696      0.0261129039028923      -0.0158189337940987
-1.3089969389957472     11.4125721148371966      0.0257418943959286      -0.0158109459054921
-1.3089969389957472     11.5379849952200235      0.0253786192098795      -0.0158032437371237
-1.3089969389957472     11.6633978756028505      0.0250228117591325      -0.0157958123384787
-1.3089969389957472     11.7888107559856774      0.0246742142437026      -0.0157886381047902
-1.3089969389957472     11.9142236363685043      0.0243325817893016      -0.0157817111291700
-1.3089969389957472     12.0396365167513313      0.0239976816535169      -0.0157750196298561
-1.3089969389957472     12.1650493971341582      0.0236692895851675      -0.0157685526375592
-1.3089969389957472     12.2904622775169852      0.0233471915205415      -0.0157623010117841
-1.3089969389957472     12.4158751578998121      0.0230311833071220      -0.0157562547869586
-1.3089969389957472     12.5412880382826391      0.0227210677697634      -0.0157504049809049
-1.3089969389957472     12.6667009186654660      0.0224166575083457      -0.0157447439622580
-1.3089969389957472     12.7921137990482929      0.0221177726232812      -0.0157392633940534
-1.3089969389957472     12.9175266794311199      0.0218242402782145      -0.0157339551419423
-1.3089969389957472     13.0429395598139468      0.0215358941036995      -0.0157288120605664
-1.3089969389957472     13.1683524401967738      0.0212525743226252      -0.0157238274207926
-1.3089969389957472     13.2937653205796007      0.0209741280067619      -0.0157189955174132
-1.3089969389957472     13.4191782009624276      0.0207004080742402      -0.0157143102964012
-1.3089969389957472     13.5445910813452546      0.0204312730573583      -0.0157097670089439
-1.3089969389957472     13.6700039617280815      0.0201665878385596      -0.0157053608755657
-1.3089969389957472     13.7954168421109085      0.0199062222957096      -0.0157010869455352
-1.3089969389957472     13.9208297224937354      0.0196500507780974      -0.0156969412227795
-1.3089969389957472     14.0462426028765623      0.0193979544257970      -0.0156929199692580
-1.3089969389957472     14.1716554832593893      0.0191498180095149      -0.0156890178402479
-1.3089969389957472     14.2970683636422162      0.0189055304464517      -0.0156852298562431
-1.3089969389957472     14.4224812440250432      0.0186649841075315      -0.0156815505477722
-1.3089969389957472     14.5478941244078701      0.0184280742918080      -0.0156779748612079
-1.3089969389957472     14.6733070047906971      0.0181946995343583      -0.0156744988107235
-1.3089969389957472     14.7987198851735240      0.0179647627600706      -0.0156711192901230
-1.3089969389957472     14.9241327655563509      0.0177381704259870      -0.0156678327955431
-1.3089969389957472     15.0495456459391779      0.0175148322524528      -0.0156646361818713
-1.3089969389957472     15.1749585263220048      0.0172946609936813      -0.0156615257628351
-1.3089969389957472     15.3003714067048318      0.0170775715276088      -0.0156584988530838
-1.3089969389957472     15.4257842870876587      0.0168634825714456      -0.0156555533703073
-1.3089969389957472     15.5511971674704856      0.0166523156846632      -0.0156526865224622
-1.3089969389957472     15.6766100478533126      0.0164439946515868      -0.0156498960090629
    
-1.0471975511965979     0.0000000000000000      -0.1482113844585392      -0.1086669938442171
-1.0471975511965979     0.1254128803828261      -0.1311697789267717      -0.0802457002874044
-1.0471975511965979     0.2508257607656522      -0.1717494566715086      -0.0775773380628912
-1.0471975511965979     0.3762386411484783      -0.2207416561664269      -0.1208240124787719
-1.0471975511965979     0.5016515215313043      -0.2103517193197436      -0.2266143170394307
-1.0471975511965979     0.6270644019141304      -0.1295527238540516      -0.2176687630363046
-1.0471975511965979     0.7524772822969564      -0.1705249929329649      -0.2232375931638077
-1.0471975511965979     0.8778901626797825      -0.2000826744164465      -0.3163473638747399
-1.0471975511965979     1.0033030430626086      -0.0308404248783936      -0.4806992358309107
-1.0471975511965979     1.1287159234454347      0.1107919148753309      -0.3213523498240393
-1.0471975511965979     1.2541288038282608      0.0934244160964905      -0.2822377678941897
-1.0471975511965979     1.3795416842110868      0.0885432098905161      -0.2461266308500347
-1.0471975511965979     1.5049545645939129      0.1089581505353818      -0.2984607811887460
-1.0471975511965979     1.6303674449767389      0.1979493291291554      -0.2688081163126371
-1.0471975511965979     1.7557803253595650      0.2481416819737566      -0.1816276052699641
-1.0471975511965979     1.8811932057423910      0.2252811702869977      -0.1037404035660831
-1.0471975511965979     2.0066060861252173      0.1890568831387666      -0.0684876514881563
-1.0471975511965979     2.1320189665080433      0.1624043471360664      -0.0545654484443763
-1.0471975511965979     2.2574318468908694      0.1458183141359388      -0.0460842889568318
-1.0471975511965979     2.3828447272736955      0.1339908493123955      -0.0371773092798233
-1.0471975511965979     2.5082576076565215      0.1221220587736223      -0.0306281288918066
-1.0471975511965979     2.6336704880393476      0.1113667087994608      -0.0253726709004294
-1.0471975511965979     2.7590833684221736      0.1022705592174307      -0.0222702033709926
-1.0471975511965979     2.8844962488049997      0.0947279158026489      -0.0201953003142882
-1.0471975511965979     3.0099091291878257      0.0891076981072213      -0.0183012288066308
-1.0471975511965979     3.1353220095706518      0.0833436267958382      -0.0157462551271537
-1.0471975511965979     3.2607348899534778      0.0777729996179517      -0.0143144031732647
-1.0471975511965979     3.3861477703363039      0.0730511387400044      -0.0132795017952210
-1.0471975511965979     3.5115606507191299      0.0688061839286254      -0.0124512756128735
-1.0471975511965979     3.6369735311019560      0.0649991241935636      -0.0118566088469005
-1.0471975511965979     3.7623864114847820      0.0616204862026904      -0.0114042995474597
-1.0471975511965979     3.8877992918676081      0.0585936804427010      -0.0110344492152413
-1.0471975511965979     4.0132121722504346      0.0558550638991310      -0.0107309759094124
-1.0471975511965979     4.1386250526332606      0.0533705971143574      -0.0104769047911186
-1.0471975511965979     4.2640379330160867      0.0511017295717038      -0.0102596251785844
-1.0471975511965979     4.3894508133989127      0.0490213089799856      -0.0100723296727428
-1.0471975511965979     4.5148636937817388      0.0471053289765774      -0.0099085794314390
-1.0471975511965979     4.6402765741645648      0.0453340806103521      -0.0097644815983541
-1.0471975511965979     4.7656894545473909      0.0436910494956347      -0.0096368367488344
-1.0471975511965979     4.8911023349302170      0.0421623295794934      -0.0095230234570995
-1.0471975511965979     5.0165152153130430      0.0407358746145775      -0.0094210526541818
-1.0471975511965979     5.1419280956958691      0.0394014673868527      -0.0093292650180292
-1.0471975511965979     5.2673409760786951      0.0381501350974597      -0.0092462741581517
-1.0471975511965979     5.3927538564615212      0.0369741187735812      -0.0091709561159267
-1.0471975511965979     5.5181667368443472      0.0358665783134898      -0.0091023504505491
-1.0471975511965979     5.6435796172271733      0.0348215065293494      -0.0090396781281592
-1.0471975511965979     5.7689924976099993      0.0338336087622551      -0.0089822601840950
-1.0471975511965979     5.8944053779928254      0.0328981703462681      -0.0089295034101849
-1.0471975511965979     6.0198182583756514      0.0320109761346390      -0.0088809161116882
-1.0471975511965979     6.1452311387584775      0.0311682889294899      -0.0088360739334781
-1.0471975511965979     6.2706440191413035      0.0303667283498508      -0.0087945787669995
-1.0471975511965979     6.3960568995241296      0.0296032437834268      -0.0087561255226664
-1.0471975511965979     6.5214697799069556      0.0288751252998281      -0.0087204350760169
-1.0471975511965979     6.6468826602897817      0.0281799006075955      -0.0086872359828732
-1.0471975511965979     6.7722955406726077      0.0275153192123733      -0.0086562941642876
-1.0471975511965979     6.8977084210554338      0.0268793295057960      -0.0086273957670440
-1.0471975511965979     7.0231213014382599      0.0262700441565362      -0.0086003663579157
-1.0471975511965979     7.1485341818210859      0.0256857623855307      -0.0085750570403788
-1.0471975511965979     7.2739470622039120      0.0251249224165718      -0.0085513235481556
-1.0471975511965979     7.3993599425867380      0.0245860901139777      -0.0085290412877213
-1.0471975511965979     7.5247728229695641      0.0240679566502407      -0.0085080914232954
-1.0471975511965979     7.6501857033523901      0.0235693023186511      -0.0084883547369284
-1.0471975511965979     7.7755985837352162      0.0230889918919361      -0.0084697415967957
-1.0471975511965979     7.9010114641180422      0.0226259901527662      -0.0084521702367858
-1.0471975511965979     8.0264243445008692      0.0221793349590277      -0.0084355691843027
-1.0471975511965979     8.1518372248836961      0.0217481423869327      -0.0084198653432838
-1.0471975511965979     8.2772501052665231      0.0213315803976914      -0.0084049948038477
-1.0471975511965979     8.4026629856493500      0.0209288792291492      -0.0083909041012498
-1.0471975511965979     8.5280758660321769      0.0205393299150314      -0.0083775450997757
-1.0471975511965979     8.6534887464150039      0.0201622678124119      -0.0083648644795580
-1.0471975511965979     8.7789016267978308      0.0197970700567991      -0.0083528215340275
-1.0471975511965979     8.9043145071806578      0.0194431635923103      -0.0083413751913045
-1.0471975511965979     9.0297273875634847      0.0191000084269912      -0.0083304772544973
-1.0471975511965979     9.1551402679463116      0.0187670849774637      -0.0083200881105751
-1.0471975511965979     9.2805531483291386      0.0184439141633446      -0.0083101807753818
-1.0471975511965979     9.4059660287119655      0.0181300489894213      -0.0083007247466811
-1.0471975511965979     9.5313789090947925      0.0178250671517804      -0.0082916896161306
-1.0471975511965979     9.6567917894776194      0.0175285675051159      -0.0082830506891128
-1.0471975511965979     9.7822046698604463      0.0172401771094681      -0.0082747871802081
-1.0471975511965979     9.9076175502432733      0.0169595430866195      -0.0082668771983072
-1.0471975511965979     10.0330304306261002      0.0166863334395259      -0.0082593036978887
-1.0471975511965979     10.1584433110089272      0.0164202374022404      -0.0082520491850365
-1.0471975511965979     10.2838561913917541      0.0161609605142778      -0.0082450943887192
-1.0471975511965979     10.4092690717745811      0.0159082216109877      -0.0082384232854553
-1.0471975511965979     10.5346819521574080      0.0156617559803461      -0.0082320219629537
-1.0471975511965979     10.6600948325402349      0.0154213149120211      -0.0082258775235447
-1.0471975511965979     10.7855077129230619      0.0151866619187801      -0.0082199744995385
-1.0471975511965979     10.9109205933058888      0.0149575692639308      -0.0082143014628711
-1.0471975511965979     11.0363334736887158      0.0147338252600132      -0.0082088491682237
-1.0471975511965979     11.1617463540715427      0.0145152289344829      -0.0082036063279454
-1.0471975511965979     11.2871592344543696      0.0143015883880988      -0.0081985614931645
-1.0471975511965979     11.4125721148371966      0.0140927211325655      -0.0081937040596212
-1.0471975511965979     11.5379849952200235      0.0138884516142792      -0.0081890231728881
-1.0471975511965979     11.6633978756028505      0.0136886127474174      -0.0081845108830369
-1.0471975511965979     11.7888107559856774      0.0134930467929746      -0.0081801591134676
-1.0471975511965979     11.9142236363685043      0.0133016017786984      -0.0081759589195694
-1.0471975511965979     12.0396365167513313      0.0131141316717426      -0.0081719047554833
-1.0471975511965979     12.1650493971341582      0.0129305003666377      -0.0081679920455577
-1.0471975511965979     12.2904622775169852      0.0127505779852759      -0.0081642136200510
-1.0471975511965979     12.4158751578998121      0.0125742387398640      -0.0081605634815288
-1.0471975511965979     12.5412880382826391      0.0124013633788653      -0.0081570358353033
-1.0471975511965979     12.6667009186654660      0.0122318364564308      -0.0081536251352902
-1.0471975511965979     12.7921137990482929      0.0120655482013371      -0.0081503274231498
-1.0471975511965979     12.9175266794311199      0.0119023946598684      -0.0081471388917319
-1.0471975511965979     13.0429395598139468      0.0117422766730342      -0.0081440543312009
-1.0471975511965979     13.1683524401967738      0.0115850980859649      -0.0081410684036495
-1.0471975511965979     13.2937653205796007      0.0114307657078588      -0.0081381762859871
-1.0471975511965979     13.4191782009624276      0.0112791903569690      -0.0081353751066975
-1.0471975511965979     13.5445910813452546      0.0111302881312867      -0.0081326613617325
-1.0471975511965979     13.6700039617280815      0.0109839778998443      -0.0081300312096244
-1.0471975511965979     13.7954168421109085      0.0108401819196034      -0.0081274799836173
-1.0471975511965979     13.9208297224937354      0.0106988238886486      -0.0081250030446221
-1.0471975511965979     14.0462426028765623      0.0105598294047371      -0.0081225969048523
-1.0471975511965979     14.1716554832593893      0.0104231273396766      -0.0081202602613208
-1.0471975511965979     14.2970683636422162      0.0102886509976369      -0.0081179915398335
-1.0471975511965979     14.4224812440250432      0.0101563358881527      -0.0081157889325101
-1.0471975511965979     14.5478941244078701      0.0100261208432190      -0.0081136507918108
-1.0471975511965979     14.6733070047906971      0.0098979466914058      -0.0081115741617809
-1.0471975511965979     14.7987198851735240      0.0097717555448883      -0.0081095570374430
-1.0471975511965979     14.9241327655563509      0.0096474923780113      -0.0081075974344411
-1.0471975511965979     15.0495456459391779      0.0095251036164474      -0.0081056931171999
-1.0471975511965979     15.1749585263220048      0.0094045377320756      -0.0081038424595228
-1.0471975511965979     15.3003714067048318      0.0092857452595088      -0.0081020440375591
-1.0471975511965979     15.4257842870876587      0.0091686791341303      -0.0081002958640038
-1.0471975511965979     15.5511971674704856      0.0090532932612990      -0.0080985956158177
-1.0471975511965979     15.6766100478533126      0.0089395430235684      -0.0080969408000536
    
-0.7853981633974483     0.0000000000000000      -0.3482367259585816      -0.9999396806573405
-0.7853981633974483     0.1254128803828261      0.3388314715559211      -0.7097261445522129
-0.7853981633974483     0.2508257607656522      0.2773963505399304      -0.3229146497871677
-0.7853981633974483     0.3762386411484783      0.1342968703568363      -0.2218491630856757
-0.7853981633974483     0.5016515215313043      0.0674974311295774      -0.2486684305001634
-0.7853981633974483     0.6270644019141304      0.0808529498660804      -0.2114020465814831
-0.7853981633974483     0.7524772822969564      -0.0089684107794336      -0.1888172238692756
-0.7853981633974483     0.8778901626797825      -0.0932953101714094      -0.2881905550022848
-0.7853981633974483     1.0033030430626086      0.0419559588471381      -0.4680205852181832
-0.7853981633974483     1.1287159234454347      0.1749529846021843      -0.3323070768676978
-0.7853981633974483     1.2541288038282608      0.1591123048439639      -0.3030150653031700
-0.7853981633974483     1.3795416842110868      0.1553288466740685      -0.2647767913431711
-0.7853981633974483     1.5049545645939129      0.1710590758745779      -0.3193583982422494
-0.7853981633974483     1.6303674449767389      0.2612257994162993      -0.2906325473407460
-0.7853981633974483     1.7557803253595650      0.3133427521440640      -0.1959856226789276
-0.7853981633974483     1.8811932057423910      0.2811629107009229      -0.1160476457474466
-0.7853981633974483     2.0066060861252173      0.2429900480701463      -0.0825272051693888
-0.7853981633974483     2.1320189665080433      0.2144937179045459      -0.0677018917618849
-0.7853981633974483     2.2574318468908694      0.1970092364143119      -0.0577074832288014
-0.7853981633974483     2.3828447272736955      0.1829596057320347      -0.0471115352952021
-0.7853981633974483     2.5082576076565215      0.1683336448499289      -0.0385790137352794
-0.7853981633974483     2.6336704880393476      0.1541536293461048      -0.0326041498550723
-0.7853981633974483     2.7590833684221736      0.1428981675220503      -0.0303111244418712
-0.7853981633974483     2.8844962488049997      0.1341748905801088      -0.0273679235579858
-0.7853981633974483     3.0099091291878257      0.1260639509542183      -0.0248928104961674
-0.7853981633974483     3.1353220095706518      0.1186303022362802      -0.0226749008725923
-0.7853981633974483     3.2607348899534778      0.1116855668232641      -0.0212419664249655
-0.7853981633974483     3.3861477703363039      0.1057446895651977      -0.0201513944469467
-0.7853981633974483     3.5115606507191299      0.1003226848959000      -0.0192208357744714
-0.7853981633974483     3.6369735311019560      0.0954010236492149      -0.0185421229916389
-0.7853981633974483     3.7623864114847820      0.0909835378250804      -0.0180184268301067
-0.7853981633974483     3.8877992918676081      0.0869835624240074      -0.0175843905815169
-0.7853981633974483     4.0132121722504346      0.0833343381675096      -0.0172228709926425
-0.7853981633974483     4.1386250526332606      0.0799937373908537      -0.0169153121847495
-0.7853981633974483     4.2640379330160867      0.0769187097376811      -0.0166492457969857
-0.7853981633974483     4.3894508133989127      0.0740779028939318      -0.0164173321118634
-0.7853981633974483     4.5148636937817388      0.0714433981318410      -0.0162124219024861
-0.7853981633974483     4.6402765741645648      0.0689917997509956      -0.0160303084532836
-0.7853981633974483     4.7656894545473909      0.0667035667117475      -0.0158676896932023
-0.7853981633974483     4.8911023349302170      0.0645621514617079      -0.0157216509475325
-0.7853981633974483     5.0165152153130430      0.0625531379682991      -0.0155899052707658
-0.7853981633974483     5.1419280956958691      0.0606640179321968      -0.0154704962152842
-0.7853981633974483     5.2673409760786951      0.0588838069729770      -0.0153618676692037
-0.7853981633974483     5.3927538564615212      0.0572029172909561      -0.0152627586069393
-0.7853981633974483     5.5181667368443472      0.0556129336525596      -0.0151720633111970
-0.7853981633974483     5.6435796172271733      0.0541063584842256      -0.0150888046796093
-0.7853981633974483     5.7689924976099993      0.0526765092334007      -0.0150121766267467
-0.7853981633974483     5.8944053779928254      0.0513174319468003      -0.0149414789158980
-0.7853981633974483     6.0198182583756514      0.0500237842868573      -0.0148760912616715
-0.7853981633974483     6.1452311387584775      0.0487907411844934      -0.0148154839905054
-0.7853981633974483     6.2706440191413035      0.0476139772735838      -0.0147592023910636
-0.7853981633974483     6.3960568995241296      0.0464895655759327      -0.0147068229629209
-0.7853981633974483     6.5214697799069556      0.0454139344066927      -0.0146579808084992
-0.7853981633974483     6.6468826602897817      0.0443838351927937      -0.0146123611527538
-0.7853981633974483     6.7722955406726077      0.0433963058504781      -0.0145696775343112
-0.7853981633974483     6.8977084210554338      0.0424486367446213      -0.0145296913446622
-0.7853981633974483     7.0231213014382599      0.0415383628880828      -0.0144921824555303
-0.7853981633974483     7.1485341818210859      0.0406632121679173      -0.0144569460154457
-0.7853981633974483     7.2739470622039120      0.0398210983579859      -0.0144238058003859
-0.7853981633974483     7.3993599425867380      0.0390101017142916      -0.0143925927862853
-0.7853981633974483     7.5247728229695641      0.0382284391603562      -0.0143631579037219
-0.7853981633974483     7.6501857033523901      0.0374744695348980      -0.0143353766803813
-0.7853981633974483     7.7755985837352162      0.0367466822075513      -0.0143091247163293
-0.7853981633974483     7.9010114641180422      0.0360436642873473      -0.0142842860711023
-0.7853981633974483     8.0264243445008692      0.0353641024869016      -0.0142607593244260
-0.7853981633974483     8.1518372248836961      0.0347067796431347      -0.0142384598790225
-0.7853981633974483     8.2772501052665231      0.0340705679572987      -0.0142172963096320
-0.7853981633974483     8.4026629856493500      0.0334544034852795      -0.0141971873340896
-0.7853981633974483     8.5280758660321769      0.0328572918143496      -0.0141780628874142
-0.7853981633974483     8.6534887464150039      0.0322783101030001      -0.0141598628590102
-0.7853981633974483     8.7789016267978308      0.0317165915910036      -0.0141425224182927
-0.7853981633974483     8.9043145071806578      0.0311713172448274      -0.0141259913685145
-0.7853981633974483     9.0297273875634847      0.0306417277215883      -0.0141102289754391
-0.7853981633974483     9.1551402679463116      0.0301271164658057      -0.0140951901126876
-0.7853981633974483     9.2805531483291386      0.0296268129292552      -0.0140808298001804
-0.7853981633974483     9.4059660287119655      0.0291401865536285      -0.0140671088127763
-0.7853981633974483     9.5313789090947925      0.0286666434327800      -0.0140539908506371
-0.7853981633974483     9.6567917894776194      0.0282056260022719      -0.0140414400790958
-0.7853981633974483     9.7822046698604463      0.0277566021726301      -0.0140294224546584
-0.7853981633974483     9.9076175502432733      0.0273190727759858      -0.0140179114337195
-0.7853981633974483     10.0330304306261002      0.0268925672042302      -0.0140068786930689
-0.7853981633974483     10.1584433110089272      0.0264766389916293      -0.0139962977990964
-0.7853981633974483     10.2838561913917541      0.0260708651468437      -0.0139861457228393
-0.7853981633974483     10.4092690717745811      0.0256748477927642      -0.0139763996892125
-0.7853981633974483     10.5346819521574080      0.0252882076218885      -0.0139670357665862
-0.7853981633974483     10.6600948325402349      0.0249105829749181      -0.0139580325562276
-0.7853981633974483     10.7855077129230619      0.0245416297059167      -0.0139493715211375
-0.7853981633974483     10.9109205933058888      0.0241810230291843      -0.0139410352512086
-0.7853981633974483     11.0363334736887158      0.0238284518789333      -0.0139330062187703
-0.7853981633974483     11.1617463540715427      0.0234836200335929      -0.0139252700754557
-0.7853981633974483     11.2871592344543696      0.0231462464057116      -0.0139178142930154
-0.7853981633974483     11.4125721148371966      0.0228160639477025      -0.0139106272026898
-0.7853981633974483     11.5379849952200235      0.0224928196836261      -0.0139036980120560
-0.7853981633974483     11.6633978756028505      0.0221762723611504      -0.0138970147168143
-0.7853981633974483     11.7888107559856774      0.0218661909496060      -0.0138905663698285
-0.7853981633974483     11.9142236363685043      0.0215623557337358      -0.0138843429663032
-0.7853981633974483     12.0396365167513313      0.0212645574744607      -0.0138783331587223
-0.7853981633974483     12.1650493971341582      0.0209725933977092      -0.0138725255221690
-0.7853981633974483     12.2904622775169852      0.0206862694413410      -0.0138669120156435
-0.7853981633974483     12.4158751578998121      0.0204054020833155      -0.0138614839497567
-0.7853981633974483     12.5412880382826391      0.0201298138214580      -0.0138562328063133
-0.7853981633974483     12.6667009186654660      0.0198593357244700      -0.0138511507678873
-0.7853981633974483     12.7921137990482929      0.0195938050162093      -0.0138462296250271
-0.7853981633974483     12.9175266794311199      0.0193330644463670      -0.0138414620894361
-0.7853981633974483     13.0429395598139468      0.0190769632153159      -0.0138368430166520
-0.7853981633974483     13.1683524401967738      0.0188253579460686      -0.0138323685102838
-0.7853981633974483     13.2937653205796007      0.0185781130382288      -0.0138280336252131
-0.7853981633974483     13.4191782009624276      0.0183350970333562      -0.0138238321578987
-0.7853981633974483     13.5445910813452546      0.0180961827058652      -0.0138197588583936
-0.7853981633974483     13.6700039617280815      0.0178612481652382      -0.0138158091581270
-0.7853981633974483     13.7954168421109085      0.0176301761877205      -0.0138119790712487
-0.7853981633974483     13.9208297224937354      0.0174028548977478      -0.0138082648056259
-0.7853981633974483     14.0462426028765623      0.0171791770302420      -0.0138046622144061
-0.7853981633974483     14.1716554832593893      0.0169590392489549      -0.0138011661876146
-0.7853981633974483     14.2970683636422162      0.0167423409980282      -0.0137977717754153
-0.7853981633974483     14.4224812440250432      0.0165289848483169      -0.0137944743931430
-0.7853981633974483     14.5478941244078701      0.0163188768601422      -0.0137912703273269
-0.7853981633974483     14.6733070047906971      0.0161119266026845      -0.0137881564099693
-0.7853981633974483     14.7987198851735240      0.0159080474406116      -0.0137851290184885
-0.7853981633974483     14.9241327655563509      0.0157071547910874      -0.0137821848068958
-0.7853981633974483     15.0495456459391779      0.0155091673857100      -0.0137793211530044
-0.7853981633974483     15.1749585263220048      0.0153140070100229      -0.0137765355923079
-0.7853981633974483     15.3003714067048318      0.0151215984532922      -0.0137738255401264
-0.7853981633974483     15.4257842870876587      0.0149318687908944      -0.0137711881272492
-0.7853981633974483     15.5511971674704856      0.0147447473214064      -0.0137686207292120
-0.7853981633974483     15.6766100478533126      0.0145601651933945      -0.0137661209707283
    
-0.5235987755982987     0.0000000000000000      -0.3050931958813697      -0.7903525817770892
-0.5235987755982987     0.1254128803828261      0.2306510322112932      -0.5695073344309979
-0.5235987755982987     0.2508257607656522      0.1751153450384722      -0.2728767124348796
-0.5235987755982987     0.3762386411484783      0.0553705605056606      -0.2165828627542402
-0.5235987755982987     0.5016515215313043      0.0397045155121073      -0.2720173616591106
-0.5235987755982987     0.6270644019141304      0.0847372000662672      -0.2071372839119456
-0.5235987755982987     0.7524772822969564      0.0058529033745092      -0.1684249653755389
-0.5235987755982987     0.8778901626797825      -0.0663470920692281      -0.2309655603975784
-0.5235987755982987     1.0033030430626086      0.0150163353641208      -0.3634518883648747
-0.5235987755982987     1.1287159234454347      0.0984472702231419      -0.2745028013909335
-0.5235987755982987     1.2541288038282608      0.0843262146091363      -0.2735083572366844
-0.5235987755982987     1.3795416842110868      0.0790683091014343      -0.2606278080792956
-0.5235987755982987     1.5049545645939129      0.1098711157482280      -0.3410273088429975
-0.5235987755982987     1.6303674449767389      0.2270930353307085      -0.3252202089105946
-0.5235987755982987     1.7557803253595650      0.3061971640237210      -0.2139822433931633
-0.5235987755982987     1.8811932057423910      0.2695737970059365      -0.1201688197356402
-0.5235987755982987     2.0066060861252173      0.2291593734428588      -0.0847757029890279
-0.5235987755982987     2.1320189665080433      0.1987415558173839      -0.0713058645477908
-0.5235987755982987     2.2574318468908694      0.1875963647735262      -0.0632019940838401
-0.5235987755982987     2.3828447272736955      0.1753005428667992      -0.0476541161940135
-0.5235987755982987     2.5082576076565215      0.1593916680288101      -0.0371854426675766
-0.5235987755982987     2.6336704880393476      0.1450072568840532      -0.0308554773015517
-0.5235987755982987     2.7590833684221736      0.1336160959815169      -0.0282303518484484
-0.5235987755982987     2.8844962488049997      0.1249499304660136      -0.0250454316078917
-0.5235987755982987     3.0099091291878257      0.1165068088919784      -0.0224639143346553
-0.5235987755982987     3.1353220095706518      0.1092391259513523      -0.0207313788037622
-0.5235987755982987     3.2607348899534778      0.1027269935109168      -0.0193854117707391
-0.5235987755982987     3.3861477703363039      0.0970789812417268      -0.0183087685071995
-0.5235987755982987     3.5115606507191299      0.0919372927198668      -0.0174080387811597
-0.5235987755982987     3.6369735311019560      0.0872844017396691      -0.0167443060555941
-0.5235987755982987     3.7623864114847820      0.0831163001454813      -0.0162347819043317
-0.5235987755982987     3.8877992918676081      0.0793535372043139      -0.0158158109721664
-0.5235987755982987     4.0132121722504346      0.0759316108687481      -0.0154681430936599
-0.5235987755982987     4.1386250526332606      0.0728066872159406      -0.0151719112317005
-0.5235987755982987     4.2640379330160867      0.0699361557826964      -0.0149166420886451
-0.5235987755982987     4.3894508133989127      0.0672901055429290      -0.0146952185421233
-0.5235987755982987     4.5148636937817388      0.0648413230175207      -0.0144997861351450
-0.5235987755982987     4.6402765741645648      0.0625664268811992      -0.0143264285211427
-0.5235987755982987     4.7656894545473909      0.0604466837156575      -0.0141720788860475
-0.5235987755982987     4.8911023349302170      0.0584660650134970      -0.0140337866808443
-0.5235987755982987     5.0165152153130430      0.0566106056524460      -0.0139092834324549
-0.5235987755982987     5.1419280956958691      0.0548682585876630      -0.0137967148390079
-0.5235987755982987     5.2673409760786951      0.0532285188731931      -0.0136945255965711
-0.5235987755982987     5.3927538564615212      0.0516821846816893      -0.0136014123740659
-0.5235987755982987     5.5181667368443472      0.0502211250587908      -0.0135162926208038
-0.5235987755982987     5.6435796172271733      0.0488381865696579      -0.0134382535196615
-0.5235987755982987     5.7689924976099993      0.0475269942900467      -0.0133664861664186
-0.5235987755982987     5.8944053779928254      0.0462818411366535      -0.0133003323806433
-0.5235987755982987     6.0198182583756514      0.0450976718008494      -0.0132392353884036
-0.5235987755982987     6.1452311387584775      0.0439699367906249      -0.0131826610171535
-0.5235987755982987     6.2706440191413035      0.0428945089354677      -0.0131301783836538
-0.5235987755982987     6.3960568995241296      0.0418676997783399      -0.0130814027860857
-0.5235987755982987     6.5214697799069556      0.0408861424136324      -0.0130359818898589
-0.5235987755982987     6.6468826602897817      0.0399467842023661      -0.0129936133554596
-0.5235987755982987     6.7722955406726077      0.0390468431356878      -0.0129540355447015
-0.5235987755982987     6.8977084210554338      0.0381837974095865      -0.0129170111848046
-0.5235987755982987     7.0231213014382599      0.0373553329661336      -0.0128823095398698
-0.5235987755982987     7.1485341818210859      0.0365593139451056      -0.0128497303793322
-0.5235987755982987     7.2739470622039120      0.0357937784213779      -0.0128190954583313
-0.5235987755982987     7.3993599425867380      0.0350569164792893      -0.0127902548111323
-0.5235987755982987     7.5247728229695641      0.0343470692651528      -0.0127630764294676
-0.5235987755982987     7.6501857033523901      0.0336627093880484      -0.0127374366130777
-0.5235987755982987     7.7755985837352162      0.0330024196015186      -0.0127132172801809
-0.5235987755982987     7.9010114641180422      0.0323648826471703      -0.0126903187122072
-0.5235987755982987     8.0264243445008692      0.0317488862917522      -0.0126686503946569
-0.5235987755982987     8.1518372248836961      0.0311532982992170      -0.0126481213278089
-0.5235987755982987     8.2772501052665231      0.0305770622168243      -0.0126286567165015
-0.5235987755982987     8.4026629856493500      0.0300192003769245      -0.0126101862885200
-0.5235987755982987     8.5280758660321769      0.0294787962254719      -0.0125926442109720
-0.5235987755982987     8.6534887464150039      0.0289549977549366      -0.0125759747347054
-0.5235987755982987     8.7789016267978308      0.0284470140092353      -0.0125601185383894
-0.5235987755982987     8.9043145071806578      0.0279540950269264      -0.0125450149870443
-0.5235987755982987     9.0297273875634847      0.0274755328560390      -0.0125306138545886
-0.5235987755982987     9.1551402679463116      0.0270106667404098      -0.0125168723549541
-0.5235987755982987     9.2805531483291386      0.0265588741913510      -0.0125037478909691
-0.5235987755982987     9.4059660287119655      0.0261195700129483      -0.0124912054024640
-0.5235987755982987     9.5313789090947925      0.0256922046607705      -0.0124792115949169
-0.5235987755982987     9.6567917894776194      0.0252762608789401      -0.0124677374333476
-0.5235987755982987     9.7822046698604463      0.0248712544828421      -0.0124567543551953
-0.5235987755982987     9.9076175502432733      0.0244767264595301      -0.0124462325931330
-0.5235987755982987     10.0330304306261002      0.0240922412340379      -0.0124361454884581
-0.5235987755982987     10.1584433110089272      0.0237173864468551      -0.0124264691617337
-0.5235987755982987     10.2838561913917541      0.0233517735181301      -0.0124171822718672
-0.5235987755982987     10.4092690717745811      0.0229950328088966      -0.0124082633587387
-0.5235987755982987     10.5346819521574080      0.0226468144864063      -0.0123996950766215
-0.5235987755982987     10.6600948325402349      0.0223067874200520      -0.0123914614341164
-0.5235987755982987     10.7855077129230619      0.0219746397864884      -0.0123835474391072
-0.5235987755982987     10.9109205933058888      0.0216500745442472      -0.0123759363435569
-0.5235987755982987     11.0363334736887158      0.0213328084799527      -0.0123686149755400
-0.5235987755982987     11.1617463540715427      0.0210225746750670      -0.0123615698990063
-0.5235987755982987     11.2871592344543696      0.0207191192929016      -0.0123547869932831
-0.5235987755982987     11.4125721148371966      0.0204221991411421      -0.0123482510967672
-0.5235987755982987     11.5379849952200235      0.0201315804362752      -0.0123419489087984
-0.5235987755982987     11.6633978756028505      0.0198470408436217      -0.0123358689806620
-0.5235987755982987     11.7888107559856774      0.0195683678566476      -0.0123300001223707
-0.5235987755982987     11.9142236363685043      0.0192953583335588      -0.0123243323521869
-0.5235987755982987     12.0396365167513313      0.0190278178104903      -0.0123188574705378
-0.5235987755982987     12.1650493971341582      0.0187655622726048      -0.0123135683240784
-0.5235987755982987     12.2904622775169852      0.0185084163535508      -0.0123084569913469
-0.5235987755982987     12.4158751578998121      0.0182562110285162      -0.0123035157784447
-0.5235987755982987     12.5412880382826391      0.0180087856902706      -0.0122987381989452
-0.5235987755982987     12.6667009186654660      0.0177659860185788      -0.0122941173299922
-0.5235987755982987     12.7921137990482929      0.0175276644807339      -0.0122896469964910
-0.5235987755982987     12.9175266794311199      0.0172936794035081      -0.0122853213433042
-0.5235987755982987     13.0429395598139468      0.0170638959671469      -0.0122811355708216
-0.5235987755982987     13.1683524401967738      0.0168381857762109      -0.0122770829974159
-0.5235987755982987     13.2937653205796007      0.0166164234871767      -0.0122731570696016
-0.5235987755982987     13.4191782009624276      0.0163984891361467      -0.0122693520219828
-0.5235987755982987     13.5445910813452546      0.0161842668270208      -0.0122656622370559
-0.5235987755982987     13.6700039617280815      0.0159736450829915      -0.0122620825552003
-0.5235987755982987     13.7954168421109085      0.0157665164293119      -0.0122586088684568
-0.5235987755982987     13.9208297224937354      0.0155627781710861      -0.0122552373131163
-0.5235987755982987     14.0462426028765623      0.0153623317522927      -0.0122519636781021
-0.5235987755982987     14.1716554832593893      0.0151650812889406      -0.0122487839120837
-0.5235987755982987     14.2970683636422162      0.0149709344264936      -0.0122456951911273
-0.5235987755982987     14.4224812440250432      0.0147798033133076      -0.0122426951671919
-0.5235987755982987     14.5478941244078701      0.0145916032406880      -0.0122397808295643
-0.5235987755982987     14.6733070047906971      0.0144062527345390      -0.0122369495928778
-0.5235987755982987     14.7987198851735240      0.0142236730587514      -0.0122341986830753
-0.5235987755982987     14.9241327655563509      0.0140437886095436      -0.0122315255750188
-0.5235987755982987     15.0495456459391779      0.0138665262976459      -0.0122289275347712
-0.5235987755982987     15.1749585263220048      0.0136918155183723      -0.0122264021034151
-0.5235987755982987     15.3003714067048318      0.0135195881072433      -0.0122239464830062
-0.5235987755982987     15.4257842870876587      0.0133497780065447      -0.0122215586792422
-0.5235987755982987     15.5511971674704856      0.0131823217983942      -0.0122192363212044
-0.5235987755982987     15.6766100478533126      0.0130171584256888      -0.0122169775667808
    
-0.2617993877991496     0.0000000000000000      -0.1943943301865199      -0.3241009868854485
-0.2617993877991496     0.1254128803828261      0.0027984566984857      -0.2448075312379178
-0.2617993877991496     0.2508257607656522      -0.0359892980602145      -0.1422782546183790
-0.2617993877991496     0.3762386411484783      -0.1011287365728387      -0.1567719723644352
-0.2617993877991496     0.5016515215313043      -0.0656612906249403      -0.2406912751378925
-0.2617993877991496     0.6270644019141304      0.0106981142159686      -0.1704388402934958
-0.2617993877991496     0.7524772822969564      -0.0548425595126276      -0.1209477949030574
-0.2617993877991496     0.8778901626797825      -0.1241215302264072      -0.1699377036578795
-0.2617993877991496     1.0033030430626086      -0.0790353368417347      -0.2880786506192430
-0.2617993877991496     1.1287159234454347      -0.0118685268497997      -0.2469747724145425
-0.2617993877991496     1.2541288038282608      -0.0036264123693991      -0.2736661485335846
-0.2617993877991496     1.3795416842110868      0.0071065061069885      -0.2606410239240232
-0.2617993877991496     1.5049545645939129      0.0429523229373645      -0.3488750703065163
-0.2617993877991496     1.6303674449767389      0.1726208160833576      -0.3442249538992995
-0.2617993877991496     1.7557803253595650      0.2749772179882626      -0.2276995261537334
-0.2617993877991496     1.8811932057423910      0.2390268047520860      -0.1233390589337408
-0.2617993877991496     2.0066060861252173      0.2023467320605696      -0.0876465864604549
-0.2617993877991496     2.1320189665080433      0.1739682699175795      -0.0688740335015935
-0.2617993877991496     2.2574318468908694      0.1629000452896002      -0.0590250208599578
-0.2617993877991496     2.3828447272736955      0.1498633355391746      -0.0421105490210662
-0.2617993877991496     2.5082576076565215      0.1337674878608300      -0.0325363139228676
-0.2617993877991496     2.6336704880393476      0.1206387792636577      -0.0271157977322042
-0.2617993877991496     2.7590833684221736      0.1108528250912334      -0.0245138364105113
-0.2617993877991496     2.8844962488049997      0.1031739860354311      -0.0209795854200493
-0.2617993877991496     3.0099091291878257      0.0954844723388425      -0.0182101370322772
-0.2617993877991496     3.1353220095706518      0.0887524010936643      -0.0165351105651111
-0.2617993877991496     3.2607348899534778      0.0830435368796934      -0.0152249704037082
-0.2617993877991496     3.3861477703363039      0.0779590658023321      -0.0141863950525393
-0.2617993877991496     3.5115606507191299      0.0734580281329909      -0.0133944509327606
-0.2617993877991496     3.6369735311019560      0.0694317826651258      -0.0127906664549933
-0.2617993877991496     3.7623864114847820      0.0658489408708654      -0.0123258751840350
-0.2617993877991496     3.8877992918676081      0.0626378221633157      -0.0119450091337141
-0.2617993877991496     4.0132121722504346      0.0597351821647366      -0.0116296700312683
-0.2617993877991496     4.1386250526332606      0.0570998833288264      -0.0113626447769621
-0.2617993877991496     4.2640379330160867      0.0546920241472341      -0.0111339602956468
-0.2617993877991496     4.3894508133989127      0.0524839363037867      -0.0109369215872556
-0.2617993877991496     4.5148636937817388      0.0504503344440193      -0.0107639637879155
-0.2617993877991496     4.6402765741645648      0.0485694282694501      -0.0106113790707394
-0.2617993877991496     4.7656894545473909      0.0468242054392797      -0.0104763684347254
-0.2617993877991496     4.8911023349302170      0.0452000449961922      -0.0103560127610102
-0.2617993877991496     5.0165152153130430      0.0436841922837225      -0.0102481569313339
-0.2617993877991496     5.1419280956958691      0.0422657501517802      -0.0101511048224181
-0.2617993877991496     5.2673409760786951      0.0409353072289672      -0.0100633722642129
-0.2617993877991496     5.3927538564615212      0.0396845642195048      -0.0099837625501481
-0.2617993877991496     5.5181667368443472      0.0385063233779604      -0.0099113210831558
-0.2617993877991496     5.6435796172271733      0.0373942658231970      -0.0098451769585045
-0.2617993877991496     5.7689924976099993      0.0363427575559348      -0.0097846033727216
-0.2617993877991496     5.8944053779928254      0.0353468252177283      -0.0097289721091284
-0.2617993877991496     6.0198182583756514      0.0344019954483675      -0.0096777469886887
-0.2617993877991496     6.1452311387584775      0.0335043127292801      -0.0096305027604241
-0.2617993877991496     6.2706440191413035      0.0326502402253043      -0.0095868043519379
-0.2617993877991496     6.3960568995241296      0.0318365374297610      -0.0095462774435478
-0.2617993877991496     6.5214697799069556      0.0310602920389884      -0.0095086378454377
-0.2617993877991496     6.6468826602897817      0.0303188907927073      -0.0094736122099962
-0.2617993877991496     6.7722955406726077      0.0296099478221871      -0.0094409696172781
-0.2617993877991496     6.8977084210554338      0.0289313082430290      -0.0094104852005757
-0.2617993877991496     7.0231213014382599      0.0282809775958711      -0.0093819732470010
-0.2617993877991496     7.1485341818210859      0.0276571576383209      -0.0093552731145634
-0.2617993877991496     7.2739470622039120      0.0270581958734851      -0.0093302333526292
-0.2617993877991496     7.3993599425867380      0.0264825756320272      -0.0093067182906903
-0.2617993877991496     7.5247728229695641      0.0259289061401678      -0.0092846040630984
-0.2617993877991496     7.6501857033523901      0.0253958936823623      -0.0092637742261290
-0.2617993877991496     7.7755985837352162      0.0248823464943643      -0.0092441419847134
-0.2617993877991496     7.9010114641180422      0.0243871835970550      -0.0092256205440822
-0.2617993877991496     8.0264243445008692      0.0239093883096577      -0.0092081161729421
-0.2617993877991496     8.1518372248836961      0.0234480168755402      -0.0091915563781621
-0.2617993877991496     8.2772501052665231      0.0230021946233349      -0.0091758699159741
-0.2617993877991496     8.4026629856493500      0.0225711037782231      -0.0091609966178834
-0.2617993877991496     8.5280758660321769      0.0221539910897602      -0.0091468813381040
-0.2617993877991496     8.6534887464150039      0.0217501484296022      -0.0091334667166644
-0.2617993877991496     8.7789016267978308      0.0213589077820418      -0.0091207071291717
-0.2617993877991496     8.9043145071806578      0.0209796554892294      -0.0091085684043088
-0.2617993877991496     9.0297273875634847      0.0206118174774221      -0.0090970064321284
-0.2617993877991496     9.1551402679463116      0.0202548474337044      -0.0090859892497854
-0.2617993877991496     9.2805531483291386      0.0199082454410405      -0.0090754891409490
-0.2617993877991496     9.4059660287119655      0.0195715378370844      -0.0090654725138411
-0.2617993877991496     9.5313789090947925      0.0192442795996014      -0.0090559131486941
-0.2617993877991496     9.6567917894776194      0.0189260535116134      -0.0090467835463266
-0.2617993877991496     9.7822046698604463      0.0186164662527414      -0.0090380577835954
-0.2617993877991496     9.9076175502432733      0.0183151442102747      -0.0090297105667768
-0.2617993877991496     10.0330304306261002      0.0180217357116941      -0.0090217222631268
-0.2617993877991496     10.1584433110089272      0.0177359117800434      -0.0090140729958474
-0.2617993877991496     10.2838561913917541      0.0174573591423908      -0.0090067399426273
-0.2617993877991496     10.4092690717745811      0.0171857782648449      -0.0089997065788795
-0.2617993877991496     10.5346819521574080      0.0169208897340630      -0.0089929585604991
-0.2617993877991496     10.6600948325402349      0.0166624294222892      -0.0089864788648044
-0.2617993877991496     10.7855077129230619      0.0164101448589271      -0.0089802517892261
-0.2617993877991496     10.9109205933058888      0.0161637949864289      -0.0089742633653541
-0.2617993877991496     11.0363334736887158      0.0159231527277150      -0.0089685015009225
-0.2617993877991496     11.1617463540715427      0.0156880008021647      -0.0089629538623468
-0.2617993877991496     11.2871592344543696      0.0154581326700689      -0.0089576111715533
-0.2617993877991496     11.4125721148371966      0.0152333533914425      -0.0089524651750218
-0.2617993877991496     11.5379849952200235      0.0150134779619259      -0.0089475070535704
-0.2617993877991496     11.6633978756028505      0.0147983295672189      -0.0089427290408602
-0.2617993877991496     11.7888107559856774      0.0145877413541446      -0.0089381247088922
-0.2617993877991496     11.9142236363685043      0.0143815550517752      -0.0089336856354616
-0.2617993877991496     12.0396365167513313      0.0141796182489058      -0.0089294037353656
-0.2617993877991496     12.1650493971341582      0.0139817856529979      -0.0089252713735707
-0.2617993877991496     12.2904622775169852      0.0137879175760355      -0.0089212809755571
-0.2617993877991496     12.4158751578998121      0.0135978809856708      -0.0089174261611534
-0.2617993877991496     12.5412880382826391      0.0134115483114813      -0.0089137002541402
-0.2617993877991496     12.6667009186654660      0.0132287971680691      -0.0089100975912704
-0.2617993877991496     12.7921137990482929      0.0130495113318198      -0.0089066128780361
-0.2617993877991496     12.9175266794311199      0.0128735794843605      -0.0089032404702265
-0.2617993877991496     13.0429395598139468      0.0127008942129266      -0.0088999736599913
-0.2617993877991496     13.1683524401967738      0.0125313505932993      -0.0088968075115252
-0.2617993877991496     13.2937653205796007      0.0123648486360103      -0.0088937391459505
-0.2617993877991496     13.4191782009624276      0.0122012938932661      -0.0088907658503815
-0.2617993877991496     13.5445910813452546      0.0120405960608197      -0.0088878845441673
-0.2617993877991496     13.6700039617280815      0.0118826679320027      -0.0088850924419694
-0.2617993877991496     13.7954168421109085      0.0117274268704016      -0.0088823870459409
-0.2617993877991496     13.9208297224937354      0.0115747934418091      -0.0088797651741356
-0.2617993877991496     14.0462426028765623      0.0114246905395948      -0.0088772240837860
-0.2617993877991496     14.1716554832593893      0.0112770456827689      -0.0088747615338387
-0.2617993877991496     14.2970683636422162      0.0111317889274737      -0.0088723732917654
-0.2617993877991496     14.4224812440250432      0.0109888516175211      -0.0088700552840232
-0.2617993877991496     14.5478941244078701      0.0108481672324664      -0.0088678037270094
-0.2617993877991496     14.6733070047906971      0.0107096710238919      -0.0088656157825951
-0.2617993877991496     14.7987198851735240      0.0105733011433442      -0.0088634889778792
-0.2617993877991496     14.9241327655563509      0.0104389978541823      -0.0088614213063826
-0.2617993877991496     15.0495456459391779      0.0103067042853248      -0.0088594103634343
-0.2617993877991496     15.1749585263220048      0.0101763645001075      -0.0088574539197126
-0.2617993877991496     15.3003714067048318      0.0100479251878043      -0.0088555501393328
-0.2617993877991496     15.4257842870876587      0.0099213342270580      -0.0088536971665997
-0.2617993877991496     15.5511971674704856      0.0097965416499822      -0.0088518940780064
-0.2617993877991496     15.6766100478533126      0.0096734996893459      -0.0088501397031021
    
0.0000000000000000     0.0000000000000000      -0.0793666161118505      0.1668111512970227
0.0000000000000000     0.1254128803828261      -0.2416559443067367      0.0995318267161518
0.0000000000000000     0.2508257607656522      -0.2638155474257415      -0.0023966807473020
0.0000000000000000     0.3762386411484783      -0.2735192512484575      -0.0865130762124583
0.0000000000000000     0.5016515215313043      -0.2042463989814373      -0.1967774787616273
0.0000000000000000     0.6270644019141304      -0.1089438849776855      -0.1487562469513973
0.0000000000000000     0.7524772822969564      -0.1432656579485272      -0.1231257062967728
0.0000000000000000     0.8778901626797825      -0.1751033093327061      -0.1550910869176977
0.0000000000000000     1.0033030430626086      -0.1407112939379087      -0.2499052431799125
0.0000000000000000     1.1287159234454347      -0.0835888849881479      -0.2219111692379964
0.0000000000000000     1.2541288038282608      -0.0770570999536306      -0.2544600367885418
0.0000000000000000     1.3795416842110868      -0.0692466522541069      -0.2662213722567198
0.0000000000000000     1.5049545645939129      0.0007761440289687      -0.3672174877947816
0.0000000000000000     1.6303674449767389      0.1436558395490778      -0.3425164693330301
0.0000000000000000     1.7557803253595650      0.2384920629921162      -0.2193959323969483
0.0000000000000000     1.8811932057423910      0.2003428934958582      -0.1204514433775751
0.0000000000000000     2.0066060861252173      0.1723691313784695      -0.0897895173228486
0.0000000000000000     2.1320189665080433      0.1503202259139030      -0.0642826870220811
0.0000000000000000     2.2574318468908694      0.1357473780718281      -0.0499119277741466
0.0000000000000000     2.3828447272736955      0.1213322622045587      -0.0354278906883987
0.0000000000000000     2.5082576076565215      0.1066170452205169      -0.0271126528248273
0.0000000000000000     2.6336704880393476      0.0942627651845312      -0.0225634847644214
0.0000000000000000     2.7590833684221736      0.0865701032435728      -0.0214117741897935
0.0000000000000000     2.8844962488049997      0.0809436652227905      -0.0171123057456644
0.0000000000000000     3.0099091291878257      0.0739326126885968      -0.0138533225166547
0.0000000000000000     3.1353220095706518      0.0678251072194545      -0.0122480077633299
0.0000000000000000     3.2607348899534778      0.0628851198594945      -0.0110158326885859
0.0000000000000000     3.3861477703363039      0.0584858788126083      -0.0100575648036911
0.0000000000000000     3.5115606507191299      0.0546805689612937      -0.0093475400026198
0.0000000000000000     3.6369735311019560      0.0513074522327142      -0.0088020472702211
0.0000000000000000     3.7623864114847820      0.0483386834641994      -0.0083845416754702
0.0000000000000000     3.8877992918676081      0.0457021200974013      -0.0080425424511094
0.0000000000000000     4.0132121722504346      0.0433376988295877      -0.0077608304708294
0.0000000000000000     4.1386250526332606      0.0412081576031138      -0.0075254400283273
0.0000000000000000     4.2640379330160867      0.0392775787374971      -0.0073254619624571
0.0000000000000000     4.3894508133989127      0.0375202619924575      -0.0071544295280822
0.0000000000000000     4.5148636937817388      0.0359129413761342      -0.0070053748175368
0.0000000000000000     4.6402765741645648      0.0344359181660340      -0.0068748731365268
0.0000000000000000     4.7656894545473909      0.0330740647633928      -0.0067602578258419
0.0000000000000000     4.8911023349302170      0.0318142216744570      -0.0066587141709018
0.0000000000000000     5.0165152153130430      0.0306450616601588      -0.0065682552975438
0.0000000000000000     5.1419280956958691      0.0295569044815185      -0.0064872649613483
0.0000000000000000     5.2673409760786951      0.0285414640657680      -0.0064144752179482
0.0000000000000000     5.3927538564615212      0.0275915555293179      -0.0063487675959873
0.0000000000000000     5.5181667368443472      0.0267009060035850      -0.0062892484778576
0.0000000000000000     5.6435796172271733      0.0258640360725850      -0.0062351666912585
0.0000000000000000     5.7689924976099993      0.0250761489507857      -0.0061858710848726
0.0000000000000000     5.8944053779928254      0.0243329686030386      -0.0061408020776041
0.0000000000000000     6.0198182583756514      0.0236307446678128      -0.0060995041028267
0.0000000000000000     6.1452311387584775      0.0229661149553007      -0.0060615378543192
0.0000000000000000     6.2706440191413035      0.0223360591920347      -0.0060265798492744
0.0000000000000000     6.3960568995241296      0.0217379402543965      -0.0059943182558208
0.0000000000000000     6.5214697799069556      0.0211693114229743      -0.0059644488970595
0.0000000000000000     6.6468826602897817      0.0206279944714731      -0.0059367672020331
0.0000000000000000     6.7722955406726077      0.0201120285941020      -0.0059110543910063
0.0000000000000000     6.8977084210554338      0.0196196293731449      -0.0058871423091140
0.0000000000000000     7.0231213014382599      0.0191491948433591      -0.0058648596028827
0.0000000000000000     7.1485341818210859      0.0186992453635723      -0.0058440623860200
0.0000000000000000     7.2739470622039120      0.0182684449870134      -0.0058246152657783
0.0000000000000000     7.3993599425867380      0.0178555556782695      -0.0058063967278671
0.0000000000000000     7.5247728229695641      0.0174594461733262      -0.0057893093145118
0.0000000000000000     7.6501857033523901      0.0170790838646611      -0.0057732709535800
0.0000000000000000     7.7755985837352162      0.0167135350585426      -0.0057581919757923
0.0000000000000000     7.9010114641180422      0.0163619111665817      -0.0057439869959316
0.0000000000000000     8.0264243445008692      0.0160234041258877      -0.0057305949790664
0.0000000000000000     8.1518372248836961      0.0156972623993087      -0.0057179538693389
0.0000000000000000     8.2772501052665231      0.0153827958236552      -0.0057060157608033
0.0000000000000000     8.4026629856493500      0.0150793699398324      -0.0056947318941162
0.0000000000000000     8.5280758660321769      0.0147863889366391      -0.0056840516800752
0.0000000000000000     8.6534887464150039      0.0145032975746717      -0.0056739404087435
0.0000000000000000     8.7789016267978308      0.0142295925071366      -0.0056643630302187
0.0000000000000000     8.9043145071806578      0.0139647954666523      -0.0056552756945329
0.0000000000000000     9.0297273875634847      0.0137084580752798      -0.0056466498516198
0.0000000000000000     9.1551402679463116      0.0134601693564312      -0.0056384547309631
0.0000000000000000     9.2805531483291386      0.0132195402887228      -0.0056306543767208
0.0000000000000000     9.4059660287119655      0.0129862020746927      -0.0056232205070990
0.0000000000000000     9.5313789090947925      0.0127598080867092      -0.0056161254087161
0.0000000000000000     9.6567917894776194      0.0125400309721957      -0.0056093476578438
0.0000000000000000     9.7822046698604463      0.0123265635121619      -0.0056028692863169
0.0000000000000000     9.9076175502432733      0.0121191203321116      -0.0055966777468065
0.0000000000000000     10.0330304306261002      0.0119174365997932      -0.0055907574162595
0.0000000000000000     10.1584433110089272      0.0117212587952467      -0.0055850929410056
0.0000000000000000     10.2838561913917541      0.0115303517515772      -0.0055796737522224
0.0000000000000000     10.4092690717745811      0.0113444954083767      -0.0055744835753772
0.0000000000000000     10.5346819521574080      0.0111634755709914      -0.0055695052946368
0.0000000000000000     10.6600948325402349      0.0109870863323816      -0.0055647304874991
0.0000000000000000     10.7855077129230619      0.0108151405374759      -0.0055601544674241
0.0000000000000000     10.9109205933058888      0.0106474647337721      -0.0055557677665880
0.0000000000000000     11.0363334736887158      0.0104838918571315      -0.0055515587729300
0.0000000000000000     11.1617463540715427      0.0103242630169950      -0.0055475149182389
0.0000000000000000     11.2871592344543696      0.0101684234871902      -0.0055436251755374
0.0000000000000000     11.4125721148371966      0.0100162261040032      -0.0055398812322560
0.0000000000000000     11.5379849952200235      0.0098675326873017      -0.0055362770407333
0.0000000000000000     11.6633978756028505      0.0097222123056909      -0.0055328055332071
0.0000000000000000     11.7888107559856774      0.0095801402715551      -0.0055294606556924
0.0000000000000000     11.9142236363685043      0.0094411981106626      -0.0055262368533679
0.0000000000000000     12.0396365167513313      0.0093052744596468      -0.0055231280329364
0.0000000000000000     12.1650493971341582      0.0091722607285816      -0.0055201267354757
0.0000000000000000     12.2904622775169852      0.0090420526852684      -0.0055172288181096
0.0000000000000000     12.4158751578998121      0.0089145517793406      -0.0055144304979469
0.0000000000000000     12.5412880382826391      0.0087896656810648      -0.0055117290914946
0.0000000000000000     12.6667009186654660      0.0086673067068742      -0.0055091191667992
0.0000000000000000     12.7921137990482929      0.0085473887740572      -0.0055065961972936
0.0000000000000000     12.9175266794311199      0.0084298292354189      -0.0055041558122305
0.0000000000000000     13.0429395598139468      0.0083145490198277      -0.0055017972053737
0.0000000000000000     13.1683524401967738      0.0082014755546323      -0.0054995187568553
0.0000000000000000     13.2937653205796007      0.0080905401684956      -0.0054973170964487
0.0000000000000000     13.4191782009624276      0.0079816757833712      -0.0054951872848648
0.0000000000000000     13.5445910813452546      0.0078748167874668      -0.0054931247747909
0.0000000000000000     13.6700039617280815      0.0077699000499102      -0.0054911251938786
0.0000000000000000     13.7954168421109085      0.0076668631604214      -0.0054891852448827
0.0000000000000000     13.9208297224937354      0.0075656477052220      -0.0054873033768815
0.0000000000000000     14.0462426028765623      0.0074661983794771      -0.0054854773385878
0.0000000000000000     14.1716554832593893      0.0073684614394317      -0.0054837039076669
0.0000000000000000     14.2970683636422162      0.0072723837055669      -0.0054819811616373
0.0000000000000000     14.4224812440250432      0.0071779157233332      -0.0054803085450535
0.0000000000000000     14.5478941244078701      0.0070850098932963      -0.0054786848948029
0.0000000000000000     14.6733070047906971      0.0069936216242854      -0.0054771094265795
0.0000000000000000     14.7987198851735240      0.0069037075586831      -0.0054755796711896
0.0000000000000000     14.9241327655563509      0.0068152253115588      -0.0054740940614163
0.0000000000000000     15.0495456459391779      0.0067281338904155      -0.0054726513392511
0.0000000000000000     15.1749585263220048      0.0066423949948589      -0.0054712506074877
0.0000000000000000     15.3003714067048318      0.0065579712929767      -0.0054698898316535
0.0000000000000000     15.4257842870876587      0.0064748267225323      -0.0054685674229529
0.0000000000000000     15.5511971674704856      0.0063929261186486      -0.0054672811813728
0.0000000000000000     15.6766100478533126      0.0063122349095315      -0.0054660297464486
    
0.2617993877991496     0.0000000000000000      -0.1943943301865199      -0.3241009868854485
0.2617993877991496     0.1254128803828261      0.0027984566984857      -0.2448075312379178
0.2617993877991496     0.2508257607656522      -0.0359892980602145      -0.1422782546183790
0.2617993877991496     0.3762386411484783      -0.1011287365728387      -0.1567719723644352
0.2617993877991496     0.5016515215313043      -0.0656612906249403      -0.2406912751378925
0.2617993877991496     0.6270644019141304      0.0106981142159686      -0.1704388402934958
0.2617993877991496     0.7524772822969564      -0.0548425595126276      -0.1209477949030574
0.2617993877991496     0.8778901626797825      -0.1241215302264072      -0.1699377036578795
0.2617993877991496     1.0033030430626086      -0.0790353368417347      -0.2880786506192430
0.2617993877991496     1.1287159234454347      -0.0118685268497997      -0.2469747724145425
0.2617993877991496     1.2541288038282608      -0.0036264123693991      -0.2736661485335846
0.2617993877991496     1.3795416842110868      0.0071065061069885      -0.2606410239240232
0.2617993877991496     1.5049545645939129      0.0429523229373645      -0.3488750703065163
0.2617993877991496     1.6303674449767389      0.1726208160833576      -0.3442249538992995
0.2617993877991496     1.7557803253595650      0.2749772179882626      -0.2276995261537334
0.2617993877991496     1.8811932057423910      0.2390268047520860      -0.1233390589337408
0.2617993877991496     2.0066060861252173      0.2023467320605696      -0.0876465864604549
0.2617993877991496     2.1320189665080433      0.1739682699175795      -0.0688740335015935
0.2617993877991496     2.2574318468908694      0.1629000452896002      -0.0590250208599578
0.2617993877991496     2.3828447272736955      0.1498633355391746      -0.0421105490210662
0.2617993877991496     2.5082576076565215      0.1337674878608300      -0.0325363139228676
0.2617993877991496     2.6336704880393476      0.1206387792636577      -0.0271157977322042
0.2617993877991496     2.7590833684221736      0.1108528250912334      -0.0245138364105113
0.2617993877991496     2.8844962488049997      0.1031739860354311      -0.0209795854200493
0.2617993877991496     3.0099091291878257      0.0954844723388425      -0.0182101370322772
0.2617993877991496     3.1353220095706518      0.0887524010936643      -0.0165351105651111
0.2617993877991496     3.2607348899534778      0.0830435368796934      -0.0152249704037082
0.2617993877991496     3.3861477703363039      0.0779590658023321      -0.0141863950525393
0.2617993877991496     3.5115606507191299      0.0734580281329909      -0.0133944509327606
0.2617993877991496     3.6369735311019560      0.0694317826651258      -0.0127906664549933
0.2617993877991496     3.7623864114847820      0.0658489408708654      -0.0123258751840350
0.2617993877991496     3.8877992918676081      0.0626378221633157      -0.0119450091337141
0.2617993877991496     4.0132121722504346      0.0597351821647366      -0.0116296700312683
0.2617993877991496     4.1386250526332606      0.0570998833288264      -0.0113626447769621
0.2617993877991496     4.2640379330160867      0.0546920241472341      -0.0111339602956468
0.2617993877991496     4.3894508133989127      0.0524839363037867      -0.0109369215872556
0.2617993877991496     4.5148636937817388      0.0504503344440193      -0.0107639637879155
0.2617993877991496     4.6402765741645648      0.0485694282694501      -0.0106113790707394
0.2617993877991496     4.7656894545473909      0.0468242054392797      -0.0104763684347254
0.2617993877991496     4.8911023349302170      0.0452000449961922      -0.0103560127610102
0.2617993877991496     5.0165152153130430      0.0436841922837225      -0.0102481569313339
0.2617993877991496     5.1419280956958691      0.0422657501517802      -0.0101511048224181
0.2617993877991496     5.2673409760786951      0.0409353072289672      -0.0100633722642129
0.2617993877991496     5.3927538564615212      0.0396845642195048      -0.0099837625501481
0.2617993877991496     5.5181667368443472      0.0385063233779604      -0.0099113210831558
0.2617993877991496     5.6435796172271733      0.0373942658231970      -0.0098451769585045
0.2617993877991496     5.7689924976099993      0.0363427575559348      -0.0097846033727216
0.2617993877991496     5.8944053779928254      0.0353468252177283      -0.0097289721091284
0.2617993877991496     6.0198182583756514      0.0344019954483675      -0.0096777469886887
0.2617993877991496     6.1452311387584775      0.0335043127292801      -0.0096305027604241
0.2617993877991496     6.2706440191413035      0.0326502402253043      -0.0095868043519379
0.2617993877991496     6.3960568995241296      0.0318365374297610      -0.0095462774435478
0.2617993877991496     6.5214697799069556      0.0310602920389884      -0.0095086378454377
0.2617993877991496     6.6468826602897817      0.0303188907927073      -0.0094736122099962
0.2617993877991496     6.7722955406726077      0.0296099478221871      -0.0094409696172781
0.2617993877991496     6.8977084210554338      0.0289313082430290      -0.0094104852005757
0.2617993877991496     7.0231213014382599      0.0282809775958711      -0.0093819732470010
0.2617993877991496     7.1485341818210859      0.0276571576383209      -0.0093552731145634
0.2617993877991496     7.2739470622039120      0.0270581958734851      -0.0093302333526292
0.2617993877991496     7.3993599425867380      0.0264825756320272      -0.0093067182906903
0.2617993877991496     7.5247728229695641      0.0259289061401678      -0.0092846040630984
0.2617993877991496     7.6501857033523901      0.0253958936823623      -0.0092637742261290
0.2617993877991496     7.7755985837352162      0.0248823464943643      -0.0092441419847134
0.2617993877991496     7.9010114641180422      0.0243871835970550      -0.0092256205440822
0.2617993877991496     8.0264243445008692      0.0239093883096577      -0.0092081161729421
0.2617993877991496     8.1518372248836961      0.0234480168755402      -0.0091915563781621
0.2617993877991496     8.2772501052665231      0.0230021946233349      -0.0091758699159741
0.2617993877991496     8.4026629856493500      0.0225711037782231      -0.0091609966178834
0.2617993877991496     8.5280758660321769      0.0221539910897602      -0.0091468813381040
0.2617993877991496     8.6534887464150039      0.0217501484296022      -0.0091334667166644
0.2617993877991496     8.7789016267978308      0.0213589077820418      -0.0091207071291717
0.2617993877991496     8.9043145071806578      0.0209796554892294      -0.0091085684043088
0.2617993877991496     9.0297273875634847      0.0206118174774221      -0.0090970064321284
0.2617993877991496     9.1551402679463116      0.0202548474337044      -0.0090859892497854
0.2617993877991496     9.2805531483291386      0.0199082454410405      -0.0090754891409490
0.2617993877991496     9.4059660287119655      0.0195715378370844      -0.0090654725138411
0.2617993877991496     9.5313789090947925      0.0192442795996014      -0.0090559131486941
0.2617993877991496     9.6567917894776194      0.0189260535116134      -0.0090467835463266
0.2617993877991496     9.7822046698604463      0.0186164662527414      -0.0090380577835954
0.2617993877991496     9.9076175502432733      0.0183151442102747      -0.0090297105667768
0.2617993877991496     10.0330304306261002      0.0180217357116941      -0.0090217222631268
0.2617993877991496     10.1584433110089272      0.0177359117800434      -0.0090140729958474
0.2617993877991496     10.2838561913917541      0.0174573591423908      -0.0090067399426273
0.2617993877991496     10.4092690717745811      0.0171857782648449      -0.0089997065788795
0.2617993877991496     10.5346819521574080      0.0169208897340630      -0.0089929585604991
0.2617993877991496     10.6600948325402349      0.0166624294222892      -0.0089864788648044
0.2617993877991496     10.7855077129230619      0.0164101448589271      -0.0089802517892261
0.2617993877991496     10.9109205933058888      0.0161637949864289      -0.0089742633653541
0.2617993877991496     11.0363334736887158      0.0159231527277150      -0.0089685015009225
0.2617993877991496     11.1617463540715427      0.0156880008021647      -0.0089629538623468
0.2617993877991496     11.2871592344543696      0.0154581326700689      -0.0089576111715533
0.2617993877991496     11.4125721148371966      0.0152333533914425      -0.0089524651750218
0.2617993877991496     11.5379849952200235      0.0150134779619259      -0.0089475070535704
0.2617993877991496     11.6633978756028505      0.0147983295672189      -0.0089427290408602
0.2617993877991496     11.7888107559856774      0.0145877413541446      -0.0089381247088922
0.2617993877991496     11.9142236363685043      0.0143815550517752      -0.0089336856354616
0.2617993877991496     12.0396365167513313      0.0141796182489058      -0.0089294037353656
0.2617993877991496     12.1650493971341582      0.0139817856529979      -0.0089252713735707
0.2617993877991496     12.2904622775169852      0.0137879175760355      -0.0089212809755571
0.2617993877991496     12.4158751578998121      0.0135978809856708      -0.0089174261611534
0.2617993877991496     12.5412880382826391      0.0134115483114813      -0.0089137002541402
0.2617993877991496     12.6667009186654660      0.0132287971680691      -0.0089100975912704
0.2617993877991496     12.7921137990482929      0.0130495113318198      -0.0089066128780361
0.2617993877991496     12.9175266794311199      0.0128735794843605      -0.0089032404702265
0.2617993877991496     13.0429395598139468      0.0127008942129266      -0.0088999736599913
0.2617993877991496     13.1683524401967738      0.0125313505932993      -0.0088968075115252
0.2617993877991496     13.2937653205796007      0.0123648486360103      -0.0088937391459505
0.2617993877991496     13.4191782009624276      0.0122012938932661      -0.0088907658503815
0.2617993877991496     13.5445910813452546      0.0120405960608197      -0.0088878845441673
0.2617993877991496     13.6700039617280815      0.0118826679320027      -0.0088850924419694
0.2617993877991496     13.7954168421109085      0.0117274268704016      -0.0088823870459409
0.2617993877991496     13.9208297224937354      0.0115747934418091      -0.0088797651741356
0.2617993877991496     14.0462426028765623      0.0114246905395948      -0.0088772240837860
0.2617993877991496     14.1716554832593893      0.0112770456827689      -0.0088747615338387
0.2617993877991496     14.2970683636422162      0.0111317889274737      -0.0088723732917654
0.2617993877991496     14.4224812440250432      0.0109888516175211      -0.0088700552840232
0.2617993877991496     14.5478941244078701      0.0108481672324664      -0.0088678037270094
0.2617993877991496     14.6733070047906971      0.0107096710238919      -0.0088656157825951
0.2617993877991496     14.7987198851735240      0.0105733011433442      -0.0088634889778792
0.2617993877991496     14.9241327655563509      0.0104389978541823      -0.0088614213063826
0.2617993877991496     15.0495456459391779      0.0103067042853248      -0.0088594103634343
0.2617993877991496     15.1749585263220048      0.0101763645001075      -0.0088574539197126
0.2617993877991496     15.3003714067048318      0.0100479251878043      -0.0088555501393328
0.2617993877991496     15.4257842870876587      0.0099213342270580      -0.0088536971665997
0.2617993877991496     15.5511971674704856      0.0097965416499822      -0.0088518940780064
0.2617993877991496     15.6766100478533126      0.0096734996893459      -0.0088501397031021
    
0.5235987755982987     0.0000000000000000      -0.3050931958813697      -0.7903525817770892
0.5235987755982987     0.1254128803828261      0.2306510322112932      -0.5695073344309979
0.5235987755982987     0.2508257607656522      0.1751153450384722      -0.2728767124348796
0.5235987755982987     0.3762386411484783      0.0553705605056606      -0.2165828627542402
0.5235987755982987     0.5016515215313043      0.0397045155121073      -0.2720173616591106
0.5235987755982987     0.6270644019141304      0.0847372000662672      -0.2071372839119456
0.5235987755982987     0.7524772822969564      0.0058529033745092      -0.1684249653755389
0.5235987755982987     0.8778901626797825      -0.0663470920692281      -0.2309655603975784
0.5235987755982987     1.0033030430626086      0.0150163353641208      -0.3634518883648747
0.5235987755982987     1.1287159234454347      0.0984472702231419      -0.2745028013909335
0.5235987755982987     1.2541288038282608      0.0843262146091363      -0.2735083572366844
0.5235987755982987     1.3795416842110868      0.0790683091014343      -0.2606278080792956
0.5235987755982987     1.5049545645939129      0.1098711157482280      -0.3410273088429975
0.5235987755982987     1.6303674449767389      0.2270930353307085      -0.3252202089105946
0.5235987755982987     1.7557803253595650      0.3061971640237210      -0.2139822433931633
0.5235987755982987     1.8811932057423910      0.2695737970059365      -0.1201688197356402
0.5235987755982987     2.0066060861252173      0.2291593734428588      -0.0847757029890279
0.5235987755982987     2.1320189665080433      0.1987415558173839      -0.0713058645477908
0.5235987755982987     2.2574318468908694      0.1875963647735262      -0.0632019940838401
0.5235987755982987     2.3828447272736955      0.1753005428667992      -0.0476541161940135
0.5235987755982987     2.5082576076565215      0.1593916680288101      -0.0371854426675766
0.5235987755982987     2.6336704880393476      0.1450072568840532      -0.0308554773015517
0.5235987755982987     2.7590833684221736      0.1336160959815169      -0.0282303518484484
0.5235987755982987     2.8844962488049997      0.1249499304660136      -0.0250454316078917
0.5235987755982987     3.0099091291878257      0.1165068088919784      -0.0224639143346553
0.5235987755982987     3.1353220095706518      0.1092391259513523      -0.0207313788037622
0.5235987755982987     3.2607348899534778      0.1027269935109168      -0.0193854117707391
0.5235987755982987     3.3861477703363039      0.0970789812417268      -0.0183087685071995
0.5235987755982987     3.5115606507191299      0.0919372927198668      -0.0174080387811597
0.5235987755982987     3.6369735311019560      0.0872844017396691      -0.0167443060555941
0.5235987755982987     3.7623864114847820      0.0831163001454813      -0.0162347819043317
0.5235987755982987     3.8877992918676081      0.0793535372043139      -0.0158158109721664
0.5235987755982987     4.0132121722504346      0.0759316108687481      -0.0154681430936599
0.5235987755982987     4.1386250526332606      0.0728066872159406      -0.0151719112317005
0.5235987755982987     4.2640379330160867      0.0699361557826964      -0.0149166420886451
0.5235987755982987     4.3894508133989127      0.0672901055429290      -0.0146952185421233
0.5235987755982987     4.5148636937817388      0.0648413230175207      -0.0144997861351450
0.5235987755982987     4.6402765741645648      0.0625664268811992      -0.0143264285211427
0.5235987755982987     4.7656894545473909      0.0604466837156575      -0.0141720788860475
0.5235987755982987     4.8911023349302170      0.0584660650134970      -0.0140337866808443
0.5235987755982987     5.0165152153130430      0.0566106056524460      -0.0139092834324549
0.5235987755982987     5.1419280956958691      0.0548682585876630      -0.0137967148390079
0.5235987755982987     5.2673409760786951      0.0532285188731931      -0.0136945255965711
0.5235987755982987     5.3927538564615212      0.0516821846816893      -0.0136014123740659
0.5235987755982987     5.5181667368443472      0.0502211250587908      -0.0135162926208038
0.5235987755982987     5.6435796172271733      0.0488381865696579      -0.0134382535196615
0.5235987755982987     5.7689924976099993      0.0475269942900467      -0.0133664861664186
0.5235987755982987     5.8944053779928254      0.0462818411366535      -0.0133003323806433
0.5235987755982987     6.0198182583756514      0.0450976718008494      -0.0132392353884036
0.5235987755982987     6.1452311387584775      0.0439699367906249      -0.0131826610171535
0.5235987755982987     6.2706440191413035      0.0428945089354677      -0.0131301783836538
0.5235987755982987     6.3960568995241296      0.0418676997783399      -0.0130814027860857
0.5235987755982987     6.5214697799069556      0.0408861424136324      -0.0130359818898589
0.5235987755982987     6.6468826602897817      0.0399467842023661      -0.0129936133554596
0.5235987755982987     6.7722955406726077      0.0390468431356878      -0.0129540355447015
0.5235987755982987     6.8977084210554338      0.0381837974095865      -0.0129170111848046
0.5235987755982987     7.0231213014382599      0.0373553329661336      -0.0128823095398698
0.5235987755982987     7.1485341818210859      0.0365593139451056      -0.0128497303793322
0.5235987755982987     7.2739470622039120      0.0357937784213779      -0.0128190954583313
0.5235987755982987     7.3993599425867380      0.0350569164792893      -0.0127902548111323
0.5235987755982987     7.5247728229695641      0.0343470692651528      -0.0127630764294676
0.5235987755982987     7.6501857033523901      0.0336627093880484      -0.0127374366130777
0.5235987755982987     7.7755985837352162      0.0330024196015186      -0.0127132172801809
0.5235987755982987     7.9010114641180422      0.0323648826471703      -0.0126903187122072
0.5235987755982987     8.0264243445008692      0.0317488862917522      -0.0126686503946569
0.5235987755982987     8.1518372248836961      0.0311532982992170      -0.0126481213278089
0.5235987755982987     8.2772501052665231      0.0305770622168243      -0.0126286567165015
0.5235987755982987     8.4026629856493500      0.0300192003769245      -0.0126101862885200
0.5235987755982987     8.5280758660321769      0.0294787962254719      -0.0125926442109720
0.5235987755982987     8.6534887464150039      0.0289549977549366      -0.0125759747347054
0.5235987755982987     8.7789016267978308      0.0284470140092353      -0.0125601185383894
0.5235987755982987     8.9043145071806578      0.0279540950269264      -0.0125450149870443
0.5235987755982987     9.0297273875634847      0.0274755328560390      -0.0125306138545886
0.5235987755982987     9.1551402679463116      0.0270106667404098      -0.0125168723549541
0.5235987755982987     9.2805531483291386      0.0265588741913510      -0.0125037478909691
0.5235987755982987     9.4059660287119655      0.0261195700129483      -0.0124912054024640
0.5235987755982987     9.5313789090947925      0.0256922046607705      -0.0124792115949169
0.5235987755982987     9.6567917894776194      0.0252762608789401      -0.0124677374333476
0.5235987755982987     9.7822046698604463      0.0248712544828421      -0.0124567543551953
0.5235987755982987     9.9076175502432733      0.0244767264595301      -0.0124462325931330
0.5235987755982987     10.0330304306261002      0.0240922412340379      -0.0124361454884581
0.5235987755982987     10.1584433110089272      0.0237173864468551      -0.0124264691617337
0.5235987755982987     10.2838561913917541      0.0233517735181301      -0.0124171822718672
0.5235987755982987     10.4092690717745811      0.0229950328088966      -0.0124082633587387
0.5235987755982987     10.5346819521574080      0.0226468144864063      -0.0123996950766215
0.5235987755982987     10.6600948325402349      0.0223067874200520      -0.0123914614341164
0.5235987755982987     10.7855077129230619      0.0219746397864884      -0.0123835474391072
0.5235987755982987     10.9109205933058888      0.0216500745442472      -0.0123759363435569
0.5235987755982987     11.0363334736887158      0.0213328084799527      -0.0123686149755400
0.5235987755982987     11.1617463540715427      0.0210225746750670      -0.0123615698990063
0.5235987755982987     11.2871592344543696      0.0207191192929016      -0.0123547869932831
0.5235987755982987     11.4125721148371966      0.0204221991411421      -0.0123482510967672
0.5235987755982987     11.5379849952200235      0.0201315804362752      -0.0123419489087984
0.5235987755982987     11.6633978756028505      0.0198470408436217      -0.0123358689806620
0.5235987755982987     11.7888107559856774      0.0195683678566476      -0.0123300001223707
0.5235987755982987     11.9142236363685043      0.0192953583335588      -0.0123243323521869
0.5235987755982987     12.0396365167513313      0.0190278178104903      -0.0123188574705378
0.5235987755982987     12.1650493971341582      0.0187655622726048      -0.0123135683240784
0.5235987755982987     12.2904622775169852      0.0185084163535508      -0.0123084569913469
0.5235987755982987     12.4158751578998121      0.0182562110285162      -0.0123035157784447
0.5235987755982987     12.5412880382826391      0.0180087856902706      -0.0122987381989452
0.5235987755982987     12.6667009186654660      0.0177659860185788      -0.0122941173299922
0.5235987755982987     12.7921137990482929      0.0175276644807339      -0.0122896469964910
0.5235987755982987     12.9175266794311199      0.0172936794035081      -0.0122853213433042
0.5235987755982987     13.0429395598139468      0.0170638959671469      -0.0122811355708216
0.5235987755982987     13.1683524401967738      0.0168381857762109      -0.0122770829974159
0.5235987755982987     13.2937653205796007      0.0166164234871767      -0.0122731570696016
0.5235987755982987     13.4191782009624276      0.0163984891361467      -0.0122693520219828
0.5235987755982987     13.5445910813452546      0.0161842668270208      -0.0122656622370559
0.5235987755982987     13.6700039617280815      0.0159736450829915      -0.0122620825552003
0.5235987755982987     13.7954168421109085      0.0157665164293119      -0.0122586088684568
0.5235987755982987     13.9208297224937354      0.0155627781710861      -0.0122552373131163
0.5235987755982987     14.0462426028765623      0.0153623317522927      -0.0122519636781021
0.5235987755982987     14.1716554832593893      0.0151650812889406      -0.0122487839120837
0.5235987755982987     14.2970683636422162      0.0149709344264936      -0.0122456951911273
0.5235987755982987     14.4224812440250432      0.0147798033133076      -0.0122426951671919
0.5235987755982987     14.5478941244078701      0.0145916032406880      -0.0122397808295643
0.5235987755982987     14.6733070047906971      0.0144062527345390      -0.0122369495928778
0.5235987755982987     14.7987198851735240      0.0142236730587514      -0.0122341986830753
0.5235987755982987     14.9241327655563509      0.0140437886095436      -0.0122315255750188
0.5235987755982987     15.0495456459391779      0.0138665262976459      -0.0122289275347712
0.5235987755982987     15.1749585263220048      0.0136918155183723      -0.0122264021034151
0.5235987755982987     15.3003714067048318      0.0135195881072433      -0.0122239464830062
0.5235987755982987     15.4257842870876587      0.0133497780065447      -0.0122215586792422
0.5235987755982987     15.5511971674704856      0.0131823217983942      -0.0122192363212044
0.5235987755982987     15.6766100478533126      0.0130171584256888      -0.0122169775667808
    
0.7853981633974478     0.0000000000000000      -0.3482367259585820      -0.9999396806573416
0.7853981633974478     0.1254128803828261      0.3388314715559220      -0.7097261445522141
0.7853981633974478     0.2508257607656522      0.2773963505399308      -0.3229146497871682
0.7853981633974478     0.3762386411484783      0.1342968703568367      -0.2218491630856760
0.7853981633974478     0.5016515215313043      0.0674974311295778      -0.2486684305001638
0.7853981633974478     0.6270644019141304      0.0808529498660807      -0.2114020465814831
0.7853981633974478     0.7524772822969564      -0.0089684107794333      -0.1888172238692754
0.7853981633974478     0.8778901626797825      -0.0932953101714092      -0.2881905550022846
0.7853981633974478     1.0033030430626086      0.0419559588471382      -0.4680205852181833
0.7853981633974478     1.1287159234454347      0.1749529846021844      -0.3323070768676983
0.7853981633974478     1.2541288038282608      0.1591123048439639      -0.3030150653031697
0.7853981633974478     1.3795416842110868      0.1553288466740687      -0.2647767913431712
0.7853981633974478     1.5049545645939129      0.1710590758745781      -0.3193583982422495
0.7853981633974478     1.6303674449767389      0.2612257994162995      -0.2906325473407462
0.7853981633974478     1.7557803253595650      0.3133427521440640      -0.1959856226789276
0.7853981633974478     1.8811932057423910      0.2811629107009232      -0.1160476457474467
0.7853981633974478     2.0066060861252173      0.2429900480701464      -0.0825272051693889
0.7853981633974478     2.1320189665080433      0.2144937179045463      -0.0677018917618850
0.7853981633974478     2.2574318468908694      0.1970092364143121      -0.0577074832288015
0.7853981633974478     2.3828447272736955      0.1829596057320348      -0.0471115352952021
0.7853981633974478     2.5082576076565215      0.1683336448499290      -0.0385790137352794
0.7853981633974478     2.6336704880393476      0.1541536293461049      -0.0326041498550722
0.7853981633974478     2.7590833684221736      0.1428981675220504      -0.0303111244418713
0.7853981633974478     2.8844962488049997      0.1341748905801089      -0.0273679235579857
0.7853981633974478     3.0099091291878257      0.1260639509542184      -0.0248928104961674
0.7853981633974478     3.1353220095706518      0.1186303022362801      -0.0226749008725922
0.7853981633974478     3.2607348899534778      0.1116855668232639      -0.0212419664249655
0.7853981633974478     3.3861477703363039      0.1057446895651978      -0.0201513944469467
0.7853981633974478     3.5115606507191299      0.1003226848959002      -0.0192208357744714
0.7853981633974478     3.6369735311019560      0.0954010236492149      -0.0185421229916390
0.7853981633974478     3.7623864114847820      0.0909835378250806      -0.0180184268301068
0.7853981633974478     3.8877992918676081      0.0869835624240075      -0.0175843905815169
0.7853981633974478     4.0132121722504346      0.0833343381675097      -0.0172228709926425
0.7853981633974478     4.1386250526332606      0.0799937373908538      -0.0169153121847495
0.7853981633974478     4.2640379330160867      0.0769187097376810      -0.0166492457969857
0.7853981633974478     4.3894508133989127      0.0740779028939319      -0.0164173321118634
0.7853981633974478     4.5148636937817388      0.0714433981318409      -0.0162124219024861
0.7853981633974478     4.6402765741645648      0.0689917997509957      -0.0160303084532836
0.7853981633974478     4.7656894545473909      0.0667035667117477      -0.0158676896932022
0.7853981633974478     4.8911023349302170      0.0645621514617080      -0.0157216509475325
0.7853981633974478     5.0165152153130430      0.0625531379682991      -0.0155899052707658
0.7853981633974478     5.1419280956958691      0.0606640179321967      -0.0154704962152842
0.7853981633974478     5.2673409760786951      0.0588838069729770      -0.0153618676692037
0.7853981633974478     5.3927538564615212      0.0572029172909561      -0.0152627586069393
0.7853981633974478     5.5181667368443472      0.0556129336525597      -0.0151720633111969
0.7853981633974478     5.6435796172271733      0.0541063584842257      -0.0150888046796093
0.7853981633974478     5.7689924976099993      0.0526765092334008      -0.0150121766267467
0.7853981633974478     5.8944053779928254      0.0513174319468003      -0.0149414789158980
0.7853981633974478     6.0198182583756514      0.0500237842868573      -0.0148760912616716
0.7853981633974478     6.1452311387584775      0.0487907411844935      -0.0148154839905054
0.7853981633974478     6.2706440191413035      0.0476139772735837      -0.0147592023910636
0.7853981633974478     6.3960568995241296      0.0464895655759327      -0.0147068229629209
0.7853981633974478     6.5214697799069556      0.0454139344066928      -0.0146579808084992
0.7853981633974478     6.6468826602897817      0.0443838351927938      -0.0146123611527539
0.7853981633974478     6.7722955406726077      0.0433963058504782      -0.0145696775343113
0.7853981633974478     6.8977084210554338      0.0424486367446214      -0.0145296913446621
0.7853981633974478     7.0231213014382599      0.0415383628880827      -0.0144921824555303
0.7853981633974478     7.1485341818210859      0.0406632121679173      -0.0144569460154457
0.7853981633974478     7.2739470622039120      0.0398210983579859      -0.0144238058003860
0.7853981633974478     7.3993599425867380      0.0390101017142915      -0.0143925927862853
0.7853981633974478     7.5247728229695641      0.0382284391603563      -0.0143631579037219
0.7853981633974478     7.6501857033523901      0.0374744695348981      -0.0143353766803813
0.7853981633974478     7.7755985837352162      0.0367466822075514      -0.0143091247163293
0.7853981633974478     7.9010114641180422      0.0360436642873473      -0.0142842860711022
0.7853981633974478     8.0264243445008692      0.0353641024869017      -0.0142607593244260
0.7853981633974478     8.1518372248836961      0.0347067796431348      -0.0142384598790225
0.7853981633974478     8.2772501052665231      0.0340705679572987      -0.0142172963096320
0.7853981633974478     8.4026629856493500      0.0334544034852795      -0.0141971873340896
0.7853981633974478     8.5280758660321769      0.0328572918143496      -0.0141780628874142
0.7853981633974478     8.6534887464150039      0.0322783101030001      -0.0141598628590102
0.7853981633974478     8.7789016267978308      0.0317165915910036      -0.0141425224182926
0.7853981633974478     8.9043145071806578      0.0311713172448274      -0.0141259913685145
0.7853981633974478     9.0297273875634847      0.0306417277215883      -0.0141102289754391
0.7853981633974478     9.1551402679463116      0.0301271164658057      -0.0140951901126876
0.7853981633974478     9.2805531483291386      0.0296268129292552      -0.0140808298001804
0.7853981633974478     9.4059660287119655      0.0291401865536284      -0.0140671088127763
0.7853981633974478     9.5313789090947925      0.0286666434327801      -0.0140539908506371
0.7853981633974478     9.6567917894776194      0.0282056260022720      -0.0140414400790958
0.7853981633974478     9.7822046698604463      0.0277566021726301      -0.0140294224546584
0.7853981633974478     9.9076175502432733      0.0273190727759859      -0.0140179114337195
0.7853981633974478     10.0330304306261002      0.0268925672042302      -0.0140068786930690
0.7853981633974478     10.1584433110089272      0.0264766389916294      -0.0139962977990964
0.7853981633974478     10.2838561913917541      0.0260708651468437      -0.0139861457228394
0.7853981633974478     10.4092690717745811      0.0256748477927642      -0.0139763996892125
0.7853981633974478     10.5346819521574080      0.0252882076218884      -0.0139670357665862
0.7853981633974478     10.6600948325402349      0.0249105829749183      -0.0139580325562276
0.7853981633974478     10.7855077129230619      0.0245416297059168      -0.0139493715211375
0.7853981633974478     10.9109205933058888      0.0241810230291844      -0.0139410352512085
0.7853981633974478     11.0363334736887158      0.0238284518789334      -0.0139330062187702
0.7853981633974478     11.1617463540715427      0.0234836200335929      -0.0139252700754557
0.7853981633974478     11.2871592344543696      0.0231462464057116      -0.0139178142930154
0.7853981633974478     11.4125721148371966      0.0228160639477025      -0.0139106272026898
0.7853981633974478     11.5379849952200235      0.0224928196836261      -0.0139036980120559
0.7853981633974478     11.6633978756028505      0.0221762723611504      -0.0138970147168143
0.7853981633974478     11.7888107559856774      0.0218661909496061      -0.0138905663698285
0.7853981633974478     11.9142236363685043      0.0215623557337359      -0.0138843429663032
0.7853981633974478     12.0396365167513313      0.0212645574744607      -0.0138783331587223
0.7853981633974478     12.1650493971341582      0.0209725933977092      -0.0138725255221690
0.7853981633974478     12.2904622775169852      0.0206862694413409      -0.0138669120156435
0.7853981633974478     12.4158751578998121      0.0204054020833156      -0.0138614839497567
0.7853981633974478     12.5412880382826391      0.0201298138214579      -0.0138562328063133
0.7853981633974478     12.6667009186654660      0.0198593357244700      -0.0138511507678873
0.7853981633974478     12.7921137990482929      0.0195938050162093      -0.0138462296250271
0.7853981633974478     12.9175266794311199      0.0193330644463670      -0.0138414620894361
0.7853981633974478     13.0429395598139468      0.0190769632153159      -0.0138368430166520
0.7853981633974478     13.1683524401967738      0.0188253579460686      -0.0138323685102837
0.7853981633974478     13.2937653205796007      0.0185781130382288      -0.0138280336252131
0.7853981633974478     13.4191782009624276      0.0183350970333562      -0.0138238321578988
0.7853981633974478     13.5445910813452546      0.0180961827058652      -0.0138197588583936
0.7853981633974478     13.6700039617280815      0.0178612481652382      -0.0138158091581271
0.7853981633974478     13.7954168421109085      0.0176301761877205      -0.0138119790712487
0.7853981633974478     13.9208297224937354      0.0174028548977478      -0.0138082648056260
0.7853981633974478     14.0462426028765623      0.0171791770302420      -0.0138046622144062
0.7853981633974478     14.1716554832593893      0.0169590392489549      -0.0138011661876147
0.7853981633974478     14.2970683636422162      0.0167423409980282      -0.0137977717754154
0.7853981633974478     14.4224812440250432      0.0165289848483169      -0.0137944743931430
0.7853981633974478     14.5478941244078701      0.0163188768601422      -0.0137912703273269
0.7853981633974478     14.6733070047906971      0.0161119266026846      -0.0137881564099693
0.7853981633974478     14.7987198851735240      0.0159080474406115      -0.0137851290184885
0.7853981633974478     14.9241327655563509      0.0157071547910874      -0.0137821848068958
0.7853981633974478     15.0495456459391779      0.0155091673857099      -0.0137793211530044
0.7853981633974478     15.1749585263220048      0.0153140070100229      -0.0137765355923079
0.7853981633974478     15.3003714067048318      0.0151215984532922      -0.0137738255401265
0.7853981633974478     15.4257842870876587      0.0149318687908943      -0.0137711881272492
0.7853981633974478     15.5511971674704856      0.0147447473214064      -0.0137686207292120
0.7853981633974478     15.6766100478533126      0.0145601651933945      -0.0137661209707283
    
1.0471975511965974     0.0000000000000000      -0.1482113844585391      -0.1086669938442168
1.0471975511965974     0.1254128803828261      -0.1311697789267718      -0.0802457002874043
1.0471975511965974     0.2508257607656522      -0.1717494566715087      -0.0775773380628910
1.0471975511965974     0.3762386411484783      -0.2207416561664270      -0.1208240124787718
1.0471975511965974     0.5016515215313043      -0.2103517193197437      -0.2266143170394307
1.0471975511965974     0.6270644019141304      -0.1295527238540517      -0.2176687630363044
1.0471975511965974     0.7524772822969564      -0.1705249929329650      -0.2232375931638076
1.0471975511965974     0.8778901626797825      -0.2000826744164465      -0.3163473638747398
1.0471975511965974     1.0033030430626086      -0.0308404248783937      -0.4806992358309108
1.0471975511965974     1.1287159234454347      0.1107919148753308      -0.3213523498240393
1.0471975511965974     1.2541288038282608      0.0934244160964904      -0.2822377678941896
1.0471975511965974     1.3795416842110868      0.0885432098905160      -0.2461266308500346
1.0471975511965974     1.5049545645939129      0.1089581505353817      -0.2984607811887459
1.0471975511965974     1.6303674449767389      0.1979493291291553      -0.2688081163126371
1.0471975511965974     1.7557803253595650      0.2481416819737566      -0.1816276052699640
1.0471975511965974     1.8811932057423910      0.2252811702869976      -0.1037404035660831
1.0471975511965974     2.0066060861252173      0.1890568831387666      -0.0684876514881563
1.0471975511965974     2.1320189665080433      0.1624043471360664      -0.0545654484443763
1.0471975511965974     2.2574318468908694      0.1458183141359388      -0.0460842889568319
1.0471975511965974     2.3828447272736955      0.1339908493123955      -0.0371773092798234
1.0471975511965974     2.5082576076565215      0.1221220587736223      -0.0306281288918067
1.0471975511965974     2.6336704880393476      0.1113667087994607      -0.0253726709004294
1.0471975511965974     2.7590833684221736      0.1022705592174307      -0.0222702033709926
1.0471975511965974     2.8844962488049997      0.0947279158026489      -0.0201953003142882
1.0471975511965974     3.0099091291878257      0.0891076981072213      -0.0183012288066308
1.0471975511965974     3.1353220095706518      0.0833436267958382      -0.0157462551271537
1.0471975511965974     3.2607348899534778      0.0777729996179516      -0.0143144031732647
1.0471975511965974     3.3861477703363039      0.0730511387400044      -0.0132795017952211
1.0471975511965974     3.5115606507191299      0.0688061839286254      -0.0124512756128735
1.0471975511965974     3.6369735311019560      0.0649991241935636      -0.0118566088469005
1.0471975511965974     3.7623864114847820      0.0616204862026905      -0.0114042995474597
1.0471975511965974     3.8877992918676081      0.0585936804427009      -0.0110344492152413
1.0471975511965974     4.0132121722504346      0.0558550638991310      -0.0107309759094124
1.0471975511965974     4.1386250526332606      0.0533705971143574      -0.0104769047911185
1.0471975511965974     4.2640379330160867      0.0511017295717038      -0.0102596251785844
1.0471975511965974     4.3894508133989127      0.0490213089799856      -0.0100723296727428
1.0471975511965974     4.5148636937817388      0.0471053289765775      -0.0099085794314390
1.0471975511965974     4.6402765741645648      0.0453340806103521      -0.0097644815983541
1.0471975511965974     4.7656894545473909      0.0436910494956347      -0.0096368367488345
1.0471975511965974     4.8911023349302170      0.0421623295794935      -0.0095230234570995
1.0471975511965974     5.0165152153130430      0.0407358746145775      -0.0094210526541818
1.0471975511965974     5.1419280956958691      0.0394014673868527      -0.0093292650180292
1.0471975511965974     5.2673409760786951      0.0381501350974597      -0.0092462741581517
1.0471975511965974     5.3927538564615212      0.0369741187735812      -0.0091709561159268
1.0471975511965974     5.5181667368443472      0.0358665783134898      -0.0091023504505491
1.0471975511965974     5.6435796172271733      0.0348215065293493      -0.0090396781281592
1.0471975511965974     5.7689924976099993      0.0338336087622550      -0.0089822601840950
1.0471975511965974     5.8944053779928254      0.0328981703462681      -0.0089295034101849
1.0471975511965974     6.0198182583756514      0.0320109761346390      -0.0088809161116882
1.0471975511965974     6.1452311387584775      0.0311682889294899      -0.0088360739334781
1.0471975511965974     6.2706440191413035      0.0303667283498508      -0.0087945787669995
1.0471975511965974     6.3960568995241296      0.0296032437834268      -0.0087561255226664
1.0471975511965974     6.5214697799069556      0.0288751252998281      -0.0087204350760168
1.0471975511965974     6.6468826602897817      0.0281799006075955      -0.0086872359828732
1.0471975511965974     6.7722955406726077      0.0275153192123733      -0.0086562941642876
1.0471975511965974     6.8977084210554338      0.0268793295057960      -0.0086273957670440
1.0471975511965974     7.0231213014382599      0.0262700441565362      -0.0086003663579157
1.0471975511965974     7.1485341818210859      0.0256857623855307      -0.0085750570403788
1.0471975511965974     7.2739470622039120      0.0251249224165718      -0.0085513235481556
1.0471975511965974     7.3993599425867380      0.0245860901139777      -0.0085290412877213
1.0471975511965974     7.5247728229695641      0.0240679566502407      -0.0085080914232954
1.0471975511965974     7.6501857033523901      0.0235693023186511      -0.0084883547369284
1.0471975511965974     7.7755985837352162      0.0230889918919361      -0.0084697415967957
1.0471975511965974     7.9010114641180422      0.0226259901527662      -0.0084521702367858
1.0471975511965974     8.0264243445008692      0.0221793349590277      -0.0084355691843026
1.0471975511965974     8.1518372248836961      0.0217481423869327      -0.0084198653432838
1.0471975511965974     8.2772501052665231      0.0213315803976914      -0.0084049948038477
1.0471975511965974     8.4026629856493500      0.0209288792291491      -0.0083909041012497
1.0471975511965974     8.5280758660321769      0.0205393299150314      -0.0083775450997757
1.0471975511965974     8.6534887464150039      0.0201622678124119      -0.0083648644795580
1.0471975511965974     8.7789016267978308      0.0197970700567991      -0.0083528215340275
1.0471975511965974     8.9043145071806578      0.0194431635923102      -0.0083413751913046
1.0471975511965974     9.0297273875634847      0.0191000084269912      -0.0083304772544973
1.0471975511965974     9.1551402679463116      0.0187670849774637      -0.0083200881105751
1.0471975511965974     9.2805531483291386      0.0184439141633446      -0.0083101807753818
1.0471975511965974     9.4059660287119655      0.0181300489894213      -0.0083007247466811
1.0471975511965974     9.5313789090947925      0.0178250671517804      -0.0082916896161306
1.0471975511965974     9.6567917894776194      0.0175285675051159      -0.0082830506891128
1.0471975511965974     9.7822046698604463      0.0172401771094681      -0.0082747871802081
1.0471975511965974     9.9076175502432733      0.0169595430866195      -0.0082668771983072
1.0471975511965974     10.0330304306261002      0.0166863334395258      -0.0082593036978887
1.0471975511965974     10.1584433110089272      0.0164202374022404      -0.0082520491850365
1.0471975511965974     10.2838561913917541      0.0161609605142778      -0.0082450943887192
1.0471975511965974     10.4092690717745811      0.0159082216109877      -0.0082384232854553
1.0471975511965974     10.5346819521574080      0.0156617559803461      -0.0082320219629537
1.0471975511965974     10.6600948325402349      0.0154213149120211      -0.0082258775235447
1.0471975511965974     10.7855077129230619      0.0151866619187801      -0.0082199744995385
1.0471975511965974     10.9109205933058888      0.0149575692639308      -0.0082143014628711
1.0471975511965974     11.0363334736887158      0.0147338252600132      -0.0082088491682237
1.0471975511965974     11.1617463540715427      0.0145152289344829      -0.0082036063279454
1.0471975511965974     11.2871592344543696      0.0143015883880987      -0.0081985614931645
1.0471975511965974     11.4125721148371966      0.0140927211325655      -0.0081937040596212
1.0471975511965974     11.5379849952200235      0.0138884516142792      -0.0081890231728882
1.0471975511965974     11.6633978756028505      0.0136886127474174      -0.0081845108830369
1.0471975511965974     11.7888107559856774      0.0134930467929746      -0.0081801591134676
1.0471975511965974     11.9142236363685043      0.0133016017786984      -0.0081759589195694
1.0471975511965974     12.0396365167513313      0.0131141316717426      -0.0081719047554833
1.0471975511965974     12.1650493971341582      0.0129305003666377      -0.0081679920455577
1.0471975511965974     12.2904622775169852      0.0127505779852759      -0.0081642136200510
1.0471975511965974     12.4158751578998121      0.0125742387398640      -0.0081605634815288
1.0471975511965974     12.5412880382826391      0.0124013633788653      -0.0081570358353032
1.0471975511965974     12.6667009186654660      0.0122318364564308      -0.0081536251352902
1.0471975511965974     12.7921137990482929      0.0120655482013371      -0.0081503274231498
1.0471975511965974     12.9175266794311199      0.0119023946598684      -0.0081471388917319
1.0471975511965974     13.0429395598139468      0.0117422766730342      -0.0081440543312009
1.0471975511965974     13.1683524401967738      0.0115850980859649      -0.0081410684036495
1.0471975511965974     13.2937653205796007      0.0114307657078588      -0.0081381762859871
1.0471975511965974     13.4191782009624276      0.0112791903569690      -0.0081353751066975
1.0471975511965974     13.5445910813452546      0.0111302881312867      -0.0081326613617326
1.0471975511965974     13.6700039617280815      0.0109839778998443      -0.0081300312096244
1.0471975511965974     13.7954168421109085      0.0108401819196034      -0.0081274799836173
1.0471975511965974     13.9208297224937354      0.0106988238886486      -0.0081250030446221
1.0471975511965974     14.0462426028765623      0.0105598294047371      -0.0081225969048523
1.0471975511965974     14.1716554832593893      0.0104231273396766      -0.0081202602613208
1.0471975511965974     14.2970683636422162      0.0102886509976369      -0.0081179915398335
1.0471975511965974     14.4224812440250432      0.0101563358881527      -0.0081157889325101
1.0471975511965974     14.5478941244078701      0.0100261208432190      -0.0081136507918108
1.0471975511965974     14.6733070047906971      0.0098979466914058      -0.0081115741617809
1.0471975511965974     14.7987198851735240      0.0097717555448882      -0.0081095570374430
1.0471975511965974     14.9241327655563509      0.0096474923780112      -0.0081075974344411
1.0471975511965974     15.0495456459391779      0.0095251036164474      -0.0081056931171999
1.0471975511965974     15.1749585263220048      0.0094045377320756      -0.0081038424595228
1.0471975511965974     15.3003714067048318      0.0092857452595088      -0.0081020440375591
1.0471975511965974     15.4257842870876587      0.0091686791341303      -0.0081002958640038
1.0471975511965974     15.5511971674704856      0.0090532932612991      -0.0080985956158177
1.0471975511965974     15.6766100478533126      0.0089395430235684      -0.0080969408000536
    
1.3089969389957474     0.0000000000000000      -0.4007237142653013      -1.2116576384724151
1.3089969389957474     0.1254128803828261      0.4179281677664369      -0.8491460975628651
1.3089969389957474     0.2508257607656522      0.3377405022235488      -0.3910047175169237
1.3089969389957474     0.3762386411484783      0.1634145613678180      -0.2807312366534170
1.3089969389957474     0.5016515215313043      0.0975497916866644      -0.3357235971005564
1.3089969389957474     0.6270644019141304      0.1499541255884970      -0.2825092800359991
1.3089969389957474     0.7524772822969564      0.0588857152399130      -0.2337297860586764
1.3089969389957474     0.8778901626797825      -0.0314153777893540      -0.3265282509067030
1.3089969389957474     1.0033030430626086      0.1120111047896574      -0.4938215999157238
1.3089969389957474     1.1287159234454347      0.2416027373464577      -0.3402792959480060
1.3089969389957474     1.2541288038282608      0.2140426090822636      -0.2969916115526243
1.3089969389957474     1.3795416842110868      0.2005536456432193      -0.2541210467141364
1.3089969389957474     1.5049545645939129      0.1996839624564547      -0.2996392622444324
1.3089969389957474     1.6303674449767389      0.2768634299179477      -0.2852416007103861
1.3089969389957474     1.7557803253595650      0.3313690163734849      -0.1961586928515077
1.3089969389957474     1.8811932057423910      0.2993386821852978      -0.1170193207240743
1.3089969389957474     2.0066060861252173      0.2604515017376963      -0.0837268773626902
1.3089969389957474     2.1320189665080433      0.2309640978699119      -0.0689688778917334
1.3089969389957474     2.2574318468908694      0.2122794465288989      -0.0593356074170206
1.3089969389957474     2.3828447272736955      0.1974678067516308      -0.0492012183732875
1.3089969389957474     2.5082576076565215      0.1822962203013350      -0.0409440112936987
1.3089969389957474     2.6336704880393476      0.1675842162966123      -0.0351085898734177
1.3089969389957474     2.7590833684221736      0.1559059218560536      -0.0329405894824851
1.3089969389957474     2.8844962488049997      0.1468155053188863      -0.0299650311710806
1.3089969389957474     3.0099091291878257      0.1382551088528035      -0.0274207725455079
1.3089969389957474     3.1353220095706518      0.1304279936032659      -0.0251639784651803
1.3089969389957474     3.2607348899534778      0.1230832670345193      -0.0236528711159134
1.3089969389957474     3.3861477703363039      0.1167410366128696      -0.0224846762582136
1.3089969389957474     3.5115606507191299      0.1109227101519725      -0.0215015382515047
1.3089969389957474     3.6369735311019560      0.1056317996296296      -0.0207883019283607
1.3089969389957474     3.7623864114847820      0.1008696184420923      -0.0202338782920023
1.3089969389957474     3.8877992918676081      0.0965456773971638      -0.0197728702085021
1.3089969389957474     4.0132121722504346      0.0925906600918311      -0.0193887645020374
1.3089969389957474     4.1386250526332606      0.0889623106290158      -0.0190616746320652
1.3089969389957474     4.2640379330160867      0.0856161190570493      -0.0187783918063896
1.3089969389957474     4.3894508133989127      0.0825192664239652      -0.0185310464900976
1.3089969389957474     4.5148636937817388      0.0796426085881850      -0.0183122024641057
1.3089969389957474     4.6402765741645648      0.0769617152177407      -0.0181173786796534
1.3089969389957474     4.7656894545473909      0.0744559536735994      -0.0179430251737142
1.3089969389957474     4.8911023349302170      0.0721078558040082      -0.0177861555936158
1.3089969389957474     5.0165152153130430      0.0699021733253917      -0.0176443765527001
1.3089969389957474     5.1419280956958691      0.0678256860156993      -0.0175157049555622
1.3089969389957474     5.2673409760786951      0.0658667999628341      -0.0173985159893868
1.3089969389957474     5.3927538564615212      0.0640153535934977      -0.0172914373533800
1.3089969389957474     5.5181667368443472      0.0622623565725015      -0.0171932785970412
1.3089969389957474     5.6435796172271733      0.0605997812803405      -0.0171030411520299
1.3089969389957474     5.7689924976099993      0.0590205124882046      -0.0170198903868666
1.3089969389957474     5.8944053779928254      0.0575181862717806      -0.0169430864194488
1.3089969389957474     6.0198182583756514      0.0560870868950882      -0.0168719632466159
1.3089969389957474     6.1452311387584775      0.0547220213757050      -0.0168059514808470
1.3089969389957474     6.2706440191413035      0.0534183330422588      -0.0167445819341772
1.3089969389957474     6.3960568995241296      0.0521717999779523      -0.0166874122266116
1.3089969389957474     6.5214697799069556      0.0509785764235568      -0.0166340586671554
1.3089969389957474     6.6468826602897817      0.0498351588249660      -0.0165841923264630
1.3089969389957474     6.7722955406726077      0.0487383695167069      -0.0165375072647902
1.3089969389957474     6.8977084210554338      0.0476852657025339      -0.0164937364699450
1.3089969389957474     7.0231213014382599      0.0466731855871311      -0.0164526503921598
1.3089969389957474     7.1485341818210859      0.0456996684562900      -0.0164140235549440
1.3089969389957474     7.2739470622039120      0.0447624451382070      -0.0163776597608013
1.3089969389957474     7.3993599425867380      0.0438594236490763      -0.0163433834535519
1.3089969389957474     7.5247728229695641      0.0429886680072279      -0.0163110426155756
1.3089969389957474     7.6501857033523901      0.0421484005288005      -0.0162804986655152
1.3089969389957474     7.7755985837352162      0.0413369709423089      -0.0162516160622332
1.3089969389957474     7.9010114641180422      0.0405528389000539      -0.0162242730902181
1.3089969389957474     8.0264243445008692      0.0397945779194226      -0.0161983591156168
1.3089969389957474     8.1518372248836961      0.0390608487311768      -0.0161737758228403
1.3089969389957474     8.2772501052665231      0.0383504181499323      -0.0161504420232661
1.3089969389957474     8.4026629856493500      0.0376621360409553      -0.0161282685740048
1.3089969389957474     8.5280758660321769      0.0369949177819861      -0.0161071727743755
1.3089969389957474     8.6534887464150039      0.0363477469904562      -0.0160870858180527
1.3089969389957474     8.7789016267978308      0.0357196778784208      -0.0160679432108899
1.3089969389957474     8.9043145071806578      0.0351098149273365      -0.0160496816563957
1.3089969389957474     9.0297273875634847      0.0345173177746551      -0.0160322564260637
1.3089969389957474     9.1551402679463116      0.0339414115800006      -0.0160156212111363
1.3089969389957474     9.2805531483291386      0.0333813568367009      -0.0159997253890960
1.3089969389957474     9.4059660287119655      0.0328364574814617      -0.0159845316690951
1.3089969389957474     9.5313789090947925      0.0323060641883313      -0.0159700048026984
1.3089969389957474     9.6567917894776194      0.0317895664003418      -0.0159561069910258
1.3089969389957474     9.7822046698604463      0.0312863839832171      -0.0159428009882215
1.3089969389957474     9.9076175502432733      0.0307959698690956      -0.0159300530177575
1.3089969389957474     10.0330304306261002      0.0303178034204619      -0.0159178276269620
1.3089969389957474     10.1584433110089272      0.0298513896336423      -0.0159060957416182
1.3089969389957474     10.2838561913917541      0.0293962598886381      -0.0158948327810822
1.3089969389957474     10.4092690717745811      0.0289519740933766      -0.0158840154488300
1.3089969389957474     10.5346819521574080      0.0285181142143132      -0.0158736201981256
1.3089969389957474     10.6600948325402349      0.0280942831441849      -0.0158636234272606
1.3089969389957474     10.7855077129230619      0.0276801010148234      -0.0158540035591591
1.3089969389957474     10.9109205933058888      0.0272752081281136      -0.0158447410120675
1.3089969389957474     11.0363334736887158      0.0268792589925457      -0.0158358174467151
1.3089969389957474     11.1617463540715427      0.0264919271998399      -0.0158272197032381
1.3089969389957474     11.2871592344543696      0.0261129039028923      -0.0158189337940988
1.3089969389957474     11.4125721148371966      0.0257418943959286      -0.0158109459054922
1.3089969389957474     11.5379849952200235      0.0253786192098795      -0.0158032437371238
1.3089969389957474     11.6633978756028505      0.0250228117591325      -0.0157958123384788
1.3089969389957474     11.7888107559856774      0.0246742142437026      -0.0157886381047902
1.3089969389957474     11.9142236363685043      0.0243325817893017      -0.0157817111291700
1.3089969389957474     12.0396365167513313      0.0239976816535169      -0.0157750196298561
1.3089969389957474     12.1650493971341582      0.0236692895851675      -0.0157685526375593
1.3089969389957474     12.2904622775169852      0.0233471915205415      -0.0157623010117842
1.3089969389957474     12.4158751578998121      0.0230311833071220      -0.0157562547869586
1.3089969389957474     12.5412880382826391      0.0227210677697634      -0.0157504049809049
1.3089969389957474     12.6667009186654660      0.0224166575083457      -0.0157447439622580
1.3089969389957474     12.7921137990482929      0.0221177726232812      -0.0157392633940534
1.3089969389957474     12.9175266794311199      0.0218242402782145      -0.0157339551419423
1.3089969389957474     13.0429395598139468      0.0215358941036995      -0.0157288120605665
1.3089969389957474     13.1683524401967738      0.0212525743226252      -0.0157238274207926
1.3089969389957474     13.2937653205796007      0.0209741280067619      -0.0157189955174133
1.3089969389957474     13.4191782009624276      0.0207004080742402      -0.0157143102964013
1.3089969389957474     13.5445910813452546      0.0204312730573583      -0.0157097670089439
1.3089969389957474     13.6700039617280815      0.0201665878385596      -0.0157053608755657
1.3089969389957474     13.7954168421109085      0.0199062222957097      -0.0157010869455353
1.3089969389957474     13.9208297224937354      0.0196500507780975      -0.0156969412227795
1.3089969389957474     14.0462426028765623      0.0193979544257970      -0.0156929199692581
1.3089969389957474     14.1716554832593893      0.0191498180095150      -0.0156890178402479
1.3089969389957474     14.2970683636422162      0.0189055304464517      -0.0156852298562431
1.3089969389957474     14.4224812440250432      0.0186649841075315      -0.0156815505477721
1.3089969389957474     14.5478941244078701      0.0184280742918080      -0.0156779748612079
1.3089969389957474     14.6733070047906971      0.0181946995343583      -0.0156744988107236
1.3089969389957474     14.7987198851735240      0.0179647627600706      -0.0156711192901230
1.3089969389957474     14.9241327655563509      0.0177381704259871      -0.0156678327955431
1.3089969389957474     15.0495456459391779      0.0175148322524528      -0.0156646361818713
1.3089969389957474     15.1749585263220048      0.0172946609936813      -0.0156615257628351
1.3089969389957474     15.3003714067048318      0.0170775715276088      -0.0156584988530838
1.3089969389957474     15.4257842870876587      0.0168634825714456      -0.0156555533703073
1.3089969389957474     15.5511971674704856      0.0166523156846632      -0.0156526865224622
1.3089969389957474     15.6766100478533126      0.0164439946515868      -0.0156498960090629
    
1.5707963267948966     0.0000000000000000      -0.4052871743156413      -1.2176612433788438
1.5707963267948966     0.1254128803828261      0.4013530631135603      -0.8497472633968889
1.5707963267948966     0.2508257607656522      0.3116997105031433      -0.4033577920035572
1.5707963267948966     0.3762386411484783      0.1310778001640236      -0.3159039493582467
1.5707963267948966     0.5016515215313043      0.0951696537514850      -0.4104167649768199
1.5707963267948966     0.6270644019141304      0.1962091467143266      -0.3370854149905954
1.5707963267948966     0.7524772822969564      0.1262066749351960      -0.2696641914973720
1.5707963267948966     0.8778901626797825      0.0623365179658950      -0.3117602862730112
1.5707963267948966     1.0033030430626086      0.1560386601970575      -0.4056448834399720
1.5707963267948966     1.1287159234454347      0.2208647450597097      -0.2855191381624827
1.5707963267948966     1.2541288038282608      0.1863403718790035      -0.2662289521186843
1.5707963267948966     1.3795416842110868      0.1684607445535634      -0.2444946838451578
1.5707963267948966     1.5049545645939129      0.1718608454662106      -0.3023061402989145
1.5707963267948966     1.6303674449767389      0.2571697426855076      -0.3091764455337660
1.5707963267948966     1.7557803253595650      0.3391953097071206      -0.2127070783011525
1.5707963267948966     1.8811932057423910      0.3034876935094994      -0.1213941177513327
1.5707963267948966     2.0066060861252173      0.2620267176502121      -0.0867505259320755
1.5707963267948966     2.1320189665080433      0.2298984665727943      -0.0735482705264978
1.5707963267948966     2.2574318468908694      0.2165703139377221      -0.0662117808466716
1.5707963267948966     2.3828447272736955      0.2028960536040512      -0.0515952627625394
1.5707963267948966     2.5082576076565215      0.1860025498852519      -0.0416828872904261
1.5707963267948966     2.6336704880393476      0.1706429449256820      -0.0356370993636034
1.5707963267948966     2.7590833684221736      0.1584744197046819      -0.0332640378783724
1.5707963267948966     2.8844962488049997      0.1491309168052832      -0.0300249818089030
1.5707963267948966     3.0099091291878257      0.1398459854672803      -0.0273162430763355
1.5707963267948966     3.1353220095706518      0.1318400217584571      -0.0255132894792672
1.5707963267948966     3.2607348899534778      0.1245736982155850      -0.0240203671047550
1.5707963267948966     3.3861477703363039      0.1181664001892346      -0.0227968160059450
1.5707963267948966     3.5115606507191299      0.1122728972554732      -0.0217967965514106
1.5707963267948966     3.6369735311019560      0.1069185675362055      -0.0210681260324537
1.5707963267948966     3.7623864114847820      0.1020947853584459      -0.0205006406184086
1.5707963267948966     3.8877992918676081      0.0977150589271188      -0.0200308881092844
1.5707963267948966     4.0132121722504346      0.0937103443298195      -0.0196407317540020
1.5707963267948966     4.1386250526332606      0.0900364990692867      -0.0193077598966209
1.5707963267948966     4.2640379330160867      0.0866483845937650      -0.0190202187483736
1.5707963267948966     4.3894508133989127      0.0835133811712057      -0.0187698563339599
1.5707963267948966     4.5148636937817388      0.0806019383127540      -0.0185482777788848
1.5707963267948966     4.6402765741645648      0.0778887305007523      -0.0183511051022559
1.5707963267948966     4.7656894545473909      0.0753530755934523      -0.0181748066957076
1.5707963267948966     4.8911023349302170      0.0729771743945545      -0.0180162173604124
1.5707963267948966     5.0165152153130430      0.0707455544908815      -0.0178728868592712
1.5707963267948966     5.1419280956958691      0.0686447535897668      -0.0177427898691750
1.5707963267948966     5.2673409760786951      0.0666630116394921      -0.0176242819460307
1.5707963267948966     5.3927538564615212      0.0647900214606016      -0.0175159700946156
1.5707963267948966     5.5181667368443472      0.0630166430149541      -0.0174166381135015
1.5707963267948966     5.6435796172271733      0.0613347410989071      -0.0173252935457654
1.5707963267948966     5.7689924976099993      0.0597370920514647      -0.0172410969761203
1.5707963267948966     5.8944053779928254      0.0582172562651306      -0.0171633114184465
1.5707963267948966     6.0198182583756514      0.0567694313258671      -0.0170912803841082
1.5707963267948966     6.1452311387584775      0.0553883971592194      -0.0170244435609293
1.5707963267948966     6.2706440191413035      0.0540694235865711      -0.0169623017862789
1.5707963267948966     6.3960568995241296      0.0528082395390862      -0.0169044508330933
1.5707963267948966     6.5214697799069556      0.0516009972722459      -0.0168504926430444
1.5707963267948966     6.6468826602897817      0.0504441511976726      -0.0168000653688973
1.5707963267948966     6.7722955406726077      0.0493344663731982      -0.0167528649911220
1.5707963267948966     6.8977084210554338      0.0482689940378559      -0.0167086189352209
1.5707963267948966     7.0231213014382599      0.0472450205458910      -0.0166670698983301
1.5707963267948966     7.1485341818210859      0.0462600438450477      -0.0166280029466714
1.5707963267948966     7.2739470622039120      0.0453117708630629      -0.0165912290395442
1.5707963267948966     7.3993599425867380      0.0443980984840961      -0.0165565739305939
1.5707963267948966     7.5247728229695641      0.0435170704026035      -0.0165238676310874
1.5707963267948966     7.6501857033523901      0.0426668796736170      -0.0164929662466524
1.5707963267948966     7.7755985837352162      0.0418458467131542      -0.0164637365930183
1.5707963267948966     7.9010114641180422      0.0410524163159653      -0.0164360593490537
1.5707963267948966     8.0264243445008692      0.0402851378449596      -0.0164098305492947
1.5707963267948966     8.1518372248836961      0.0395426743356416      -0.0163849527649281
1.5707963267948966     8.2772501052665231      0.0388237667028047      -0.0163613323494118
1.5707963267948966     8.4026629856493500      0.0381272449780037      -0.0163388919173889
1.5707963267948966     8.5280758660321769      0.0374520223256784      -0.0163175604389469
1.5707963267948966     8.6534887464150039      0.0367970815537534      -0.0162972592219719
1.5707963267948966     8.7789016267978308      0.0361614565087349      -0.0162779262278497
1.5707963267948966     8.9043145071806578      0.0355442592947885      -0.0162595079378760
1.5707963267948966     9.0297273875634847      0.0349446539814225      -0.0162419398783121
1.5707963267948966     9.1551402679463116      0.0343618413898642      -0.0162251627908819
1.5707963267948966     9.2805531483291386      0.0337950741605621      -0.0162091353330217
1.5707963267948966     9.4059660287119655      0.0332436556961865      -0.0161938094649197
1.5707963267948966     9.5313789090947925      0.0327069194973475      -0.0161791391613164
1.5707963267948966     9.6567917894776194      0.0321842374030243      -0.0161650888221168
1.5707963267948966     9.7822046698604463      0.0316750198307867      -0.0161516259614585
1.5707963267948966     9.9076175502432733      0.0311787104258930      -0.0161387178033418
1.5707963267948966     10.0330304306261002      0.0306947820895228      -0.0161263348851317
1.5707963267948966     10.1584433110089272      0.0302227357766140      -0.0161144492779208
1.5707963267948966     10.2838561913917541      0.0297620992120251      -0.0161030371515643
1.5707963267948966     10.4092690717745811      0.0293124267854470      -0.0160920745214064
1.5707963267948966     10.5346819521574080      0.0288732935080148      -0.0160815398317252
1.5707963267948966     10.6600948325402349      0.0284443000192575      -0.0160714132203484
1.5707963267948966     10.7855077129230619      0.0280250646811139      -0.0160616728029472
1.5707963267948966     10.9109205933058888      0.0276152243519745      -0.0160523009760599
1.5707963267948966     11.0363334736887158      0.0272144357580213      -0.0160432793061060
1.5707963267948966     11.1617463540715427      0.0268223704189487      -0.0160345898637908
1.5707963267948966     11.2871592344543696      0.0264387148409022      -0.0160262159877013
1.5707963267948966     11.4125721148371966      0.0260631714544452      -0.0160181429338527
1.5707963267948966     11.5379849952200235      0.0256954555666121      -0.0160103541131165
1.5707963267948966     11.6633978756028505      0.0253352938458018      -0.0160028363447985
1.5707963267948966     11.7888107559856774      0.0249824265026300      -0.0159955769024145
1.5707963267948966     11.9142236363685043      0.0246366042774918      -0.0159885641960300
1.5707963267948966     12.0396365167513313      0.0242975898878701      -0.0159817891312807
1.5707963267948966     12.1650493971341582      0.0239651580545780      -0.0159752420703569
1.5707963267948966     12.2904622775169852      0.0236390925453094      -0.0159689128661329
1.5707963267948966     12.4158751578998121      0.0233191861076415      -0.0159627929573299
1.5707963267948966     12.5412880382826391      0.0230052407230087      -0.0159568734111963
1.5707963267948966     12.6667009186654660      0.0226970660764108      -0.0159511466771644
1.5707963267948966     12.7921137990482929      0.0223944806692159      -0.0159456056653179
1.5707963267948966     12.9175266794311199      0.0220973116300014      -0.0159402434550081
1.5707963267948966     13.0429395598139468      0.0218053922979855      -0.0159350513564108
1.5707963267948966     13.1683524401967738      0.0215185620030865      -0.0159300220110878
1.5707963267948966     13.2937653205796007      0.0212366659187944      -0.0159251478872177
1.5707963267948966     13.4191782009624276      0.0209595551308652      -0.0159204233888081
1.5707963267948966     13.5445910813452546      0.0206870880914673      -0.0159158424125873
1.5707963267948966     13.6700039617280815      0.0204191274577079      -0.0159113984093111
1.5707963267948966     13.7954168421109085      0.0201555412622295      -0.0159070856155072
1.5707963267948966     13.9208297224937354      0.0198962022395593      -0.0159028978913442
1.5707963267948966     14.0462426028765623      0.0196409865226267      -0.0158988297282275
1.5707963267948966     14.1716554832593893      0.0193897749295060      -0.0158948775223445
1.5707963267948966     14.2970683636422162      0.0191424538660270      -0.0158910381775029
1.5707963267948966     14.4224812440250432      0.0188989141645435      -0.0158873083171993
1.5707963267948966     14.5478941244078701      0.0186590507771143      -0.0158836849658997
1.5707963267948966     14.6733070047906971      0.0184227630804793      -0.0158801645025681
1.5707963267948966     14.7987198851735240      0.0181899534534546      -0.0158767434278709
1.5707963267948966     14.9241327655563509      0.0179605275632769      -0.0158734180432730
1.5707963267948966     15.0495456459391779      0.0177343942969709      -0.0158701853803369
1.5707963267948966     15.1749585263220048      0.0175114660948882      -0.0158670422715277
1.5707963267948966     15.3003714067048318      0.0172916582875267      -0.0158639852505771
1.5707963267948966     15.4257842870876587      0.0170748880623617      -0.0158610108297682
1.5707963267948966     15.5511971674704856      0.0168610757397573      -0.0158581172604019
1.5707963267948966     15.6766100478533126      0.0166501456528277      -0.0158553016205082
    
1.8325957145940457     0.0000000000000000      -0.3362464038185100      -0.9482162767467144
1.8325957145940457     0.1254128803828261      0.2609149942941426      -0.6537738324264744
1.8325957145940457     0.2508257607656522      0.1750990595487327      -0.3284768393347525
1.8325957145940457     0.3762386411484783      0.0230230607204324      -0.2897608217188444
1.8325957145940457     0.5016515215313043      0.0180839858252771      -0.4190528614287891
1.8325957145940457     0.6270644019141304      0.1636178164122709      -0.3457689318680033
1.8325957145940457     0.7524772822969564      0.1118815935705427      -0.2613146440698436
1.8325957145940457     0.8778901626797825      0.0561545376293200      -0.2829096667972146
1.8325957145940457     1.0033030430626086      0.1194692726340135      -0.3468074208834964
1.8325957145940457     1.1287159234454347      0.1606205197058742      -0.2618970673736710
1.8325957145940457     1.2541288038282608      0.1401276185533897      -0.2630033733860563
1.8325957145940457     1.3795416842110868      0.1332607025656249      -0.2384504865696715
1.8325957145940457     1.5049545645939129      0.1326273529801205      -0.2957810041605192
1.8325957145940457     1.6303674449767389      0.2210275823238735      -0.3183536152799663
1.8325957145940457     1.7557803253595650      0.3202462612659580      -0.2202083039851138
1.8325957145940457     1.8811932057423910      0.2845106026365513      -0.1229163826796288
1.8325957145940457     2.0066060861252173      0.2469892561745955      -0.0895133968818295
1.8325957145940457     2.1320189665080433      0.2166685453032604      -0.0715570868779499
1.8325957145940457     2.2574318468908694      0.2028214952169945      -0.0629859863126834
1.8325957145940457     2.3828447272736955      0.1880438231800977      -0.0474885348586104
1.8325957145940457     2.5082576076565215      0.1707033088652126      -0.0387577091221955
1.8325957145940457     2.6336704880393476      0.1563042893989639      -0.0337752029295246
1.8325957145940457     2.7590833684221736      0.1455029316813322      -0.0315533573432445
1.8325957145940457     2.8844962488049997      0.1369314349278471      -0.0279591529568760
1.8325957145940457     3.0099091291878257      0.1281042694523271      -0.0250223081744098
1.8325957145940457     3.1353220095706518      0.1203716137915520      -0.0232568797349685
1.8325957145940457     3.2607348899534778      0.1136321880807041      -0.0217460077372506
1.8325957145940457     3.3861477703363039      0.1075045520602204      -0.0205054029160583
1.8325957145940457     3.5115606507191299      0.1019665677942054      -0.0195773022009557
1.8325957145940457     3.6369735311019560      0.0969706300757076      -0.0188849989997073
1.8325957145940457     3.7623864114847820      0.0924798953426493      -0.0183412278947489
1.8325957145940457     3.8877992918676081      0.0884133991476787      -0.0178908338576510
1.8325957145940457     4.0132121722504346      0.0847014676837772      -0.0175172595931692
1.8325957145940457     4.1386250526332606      0.0813030808711367      -0.0171998996891854
1.8325957145940457     4.2640379330160867      0.0781749880693772      -0.0169268973404247
1.8325957145940457     4.3894508133989127      0.0752859076575860      -0.0166901329158865
1.8325957145940457     4.5148636937817388      0.0726075009504917      -0.0164811597538834
1.8325957145940457     4.6402765741645648      0.0701152251488189      -0.0162956411464295
1.8325957145940457     4.7656894545473909      0.0677894311534442      -0.0161302588685635
1.8325957145940457     4.8911023349302170      0.0656131639158442      -0.0159817930517973
1.8325957145940457     5.0165152153130430      0.0635715873476607      -0.0158478357000392
1.8325957145940457     5.1419280956958691      0.0616518998521150      -0.0157265036682956
1.8325957145940457     5.2673409760786951      0.0598430193599697      -0.0156161858980433
1.8325957145940457     5.3927538564615212      0.0581351275056103      -0.0155155057753355
1.8325957145940457     5.5181667368443472      0.0565196059200414      -0.0154233776409963
1.8325957145940457     5.6435796172271733      0.0549888461719859      -0.0153388421229532
1.8325957145940457     5.7689924976099993      0.0535360784812357      -0.0152610522762100
1.8325957145940457     5.8944053779928254      0.0521552312232185      -0.0151892871738260
1.8325957145940457     6.0198182583756514      0.0508408738881653      -0.0151229182630142
1.8325957145940457     6.1452311387584775      0.0495881058293862      -0.0150613911880982
1.8325957145940457     6.2706440191413035      0.0483925073320592      -0.0150042366996743
1.8325957145940457     6.3960568995241296      0.0472500711923385      -0.0149510418539358
1.8325957145940457     6.5214697799069556      0.0461571889080568      -0.0149014565117912
1.8325957145940457     6.6468826602897817      0.0451105629979502      -0.0148551400706903
1.8325957145940457     6.7722955406726077      0.0441071852729181      -0.0148118086952340
1.8325957145940457     6.8977084210554338      0.0431442960200865      -0.0147712053694378
1.8325957145940457     7.0231213014382599      0.0422193818009139      -0.0147331240365362
1.8325957145940457     7.1485341818210859      0.0413301478607053      -0.0146973538523721
1.8325957145940457     7.2739470622039120      0.0404744711861373      -0.0146637172600056
1.8325957145940457     7.3993599425867380      0.0396504035535240      -0.0146320471076128
1.8325957145940457     7.5247728229695641      0.0388561498810893      -0.0146021903768217
1.8325957145940457     7.6501857033523901      0.0380900400939607      -0.0145739983334288
1.8325957145940457     7.7755985837352162      0.0373505188481194      -0.0145473475915957
1.8325957145940457     7.9010114641180422      0.0366361522682796      -0.0145221359400721
1.8325957145940457     8.0264243445008692      0.0359456194447094      -0.0144982606877557
1.8325957145940457     8.1518372248836961      0.0352776803245983      -0.0144756222426013
1.8325957145940457     8.2772501052665231      0.0346311807658645      -0.0144541378827913
1.8325957145940457     8.4026629856493500      0.0340050496789328      -0.0144337262345754
1.8325957145940457     8.5280758660321769      0.0333982766577595      -0.0144143089704896
1.8325957145940457     8.6534887464150039      0.0328099151602102      -0.0143958255756388
1.8325957145940457     8.7789016267978308      0.0322390888360259      -0.0143782196045260
1.8325957145940457     8.9043145071806578      0.0316849698571162      -0.0143614358148305
1.8325957145940457     9.0297273875634847      0.0311467853089405      -0.0143454310014148
1.8325957145940457     9.1551402679463116      0.0306238177275245      -0.0143301610650383
1.8325957145940457     9.2805531483291386      0.0301153867159708      -0.0143155776275786
1.8325957145940457     9.4059660287119655      0.0296208472974505      -0.0143016421718762
1.8325957145940457     9.5313789090947925      0.0291396009451224      -0.0142883203391670
1.8325957145940457     9.6567917894776194      0.0286710789665625      -0.0142755725947206
1.8325957145940457     9.7822046698604463      0.0282147416506244      -0.0142633658100337
1.8325957145940457     9.9076175502432733      0.0277700808309978      -0.0142516728955664
1.8325957145940457     10.0330304306261002      0.0273366180262245      -0.0142404655691044
1.8325957145940457     10.1584433110089272      0.0269139014681112      -0.0142297194180462
1.8325957145940457     10.2838561913917541      0.0265015022327931      -0.0142194079246901
1.8325957145940457     10.4092690717745811      0.0260990139543972      -0.0142095092014200
1.8325957145940457     10.5346819521574080      0.0257060530594699      -0.0142000004233703
1.8325957145940457     10.6600948325402349      0.0253222533029096      -0.0141908584629882
1.8325957145940457     10.7855077129230619      0.0249472644643338      -0.0141820634807235
1.8325957145940457     10.9109205933058888      0.0245807553143926      -0.0141735986193611
1.8325957145940457     11.0363334736887158      0.0242224114512019      -0.0141654465262458
1.8325957145940457     11.1617463540715427      0.0238719314486363      -0.0141575920373057
1.8325957145940457     11.2871592344543696      0.0235290305482334      -0.0141500223967078
1.8325957145940457     11.4125721148371966      0.0231934370648488      -0.0141427236831194
1.8325957145940457     11.5379849952200235      0.0228648907630225      -0.0141356861697610
1.8325957145940457     11.6633978756028505      0.0225431477010543      -0.0141289006578661
1.8325957145940457     11.7888107559856774      0.0222279757189390      -0.0141223558788465
1.8325957145940457     11.9142236363685043      0.0219191523614155      -0.0141160397222901
1.8325957145940457     12.0396365167513313      0.0216164628448396      -0.0141099397693818
1.8325957145940457     12.1650493971341582      0.0213197014269812      -0.0141040470755873
1.8325957145940457     12.2904622775169852      0.0210286733726637      -0.0140983521453024
1.8325957145940457     12.4158751578998121      0.0207431909533303      -0.0140928449344638
1.8325957145940457     12.5412880382826391      0.0204630736848348      -0.0140875167343453
1.8325957145940457     12.6667009186654660      0.0201881489692843      -0.0140823597174368
1.8325957145940457     12.7921137990482929      0.0199182512314471      -0.0140773663149594
1.8325957145940457     12.9175266794311199      0.0196532216117421      -0.0140725304346578
1.8325957145940457     13.0429395598139468      0.0193929091370189      -0.0140678456962767
1.8325957145940457     13.1683524401967738      0.0191371672941152      -0.0140633050793701
1.8325957145940457     13.2937653205796007      0.0188858554825812      -0.0140589039474814
1.8325957145940457     13.4191782009624276      0.0186388395596192      -0.0140546375191774
1.8325957145940457     13.5445910813452546      0.0183959904006078      -0.0140505015221719
1.8325957145940457     13.6700039617280815      0.0181571852686727      -0.0140464924216091
1.8325957145940457     13.7954168421109085      0.0179223065181627      -0.0140426050092128
1.8325957145940457     13.9208297224937354      0.0176912397270934      -0.0140388343818123
1.8325957145940457     14.0462426028765623      0.0174638751737047      -0.0140351760900295
1.8325957145940457     14.1716554832593893      0.0172401067294183      -0.0140316254916607
1.8325957145940457     14.2970683636422162      0.0170198324136520      -0.0140281790551392
1.8325957145940457     14.4224812440250432      0.0168029540727548      -0.0140248326240898
1.8325957145940457     14.5478941244078701      0.0165893777554380      -0.0140215823035533
1.8325957145940457     14.6733070047906971      0.0163790113162246      -0.0140184230288467
1.8325957145940457     14.7987198851735240      0.0161717656137049      -0.0140153520044874
1.8325957145940457     14.9241327655563509      0.0159675555496861      -0.0140123660815734
1.8325957145940457     15.0495456459391779      0.0157662987897918      -0.0140094622683889
1.8325957145940457     15.1749585263220048      0.0155679158489183      -0.0140066373307734
1.8325957145940457     15.3003714067048318      0.0153723292544908      -0.0140038889827522
1.8325957145940457     15.4257842870876587      0.0151794657282383      -0.0140012152054321
1.8325957145940457     15.5511971674704856      0.0149892542252091      -0.0139986124658942
1.8325957145940457     15.6766100478533126      0.0148016242814381      -0.0139960775803890
    
2.0943951023931957     0.0000000000000000      -0.2559867987700761      -0.6021424812115717
2.0943951023931957     0.1254128803828261      0.0732213799437072      -0.4057848002950501
2.0943951023931957     0.2508257607656522      -0.0082533829268027      -0.2358216316972684
2.0943951023931957     0.3762386411484783      -0.1254109287982466      -0.2618259293966156
2.0943951023931957     0.5016515215313043      -0.0890585619801252      -0.4373661878341937
2.0943951023931957     0.6270644019141304      0.1062637459455068      -0.3653712450535175
2.0943951023931957     0.7524772822969564      0.0771660544151658      -0.2743072168551533
2.0943951023931957     0.8778901626797825      0.0408152445902052      -0.2796380859208313
2.0943951023931957     1.0033030430626086      0.0967766542446329      -0.3177951428952434
2.0943951023931957     1.1287159234454347      0.1236428742936776      -0.2409195808473406
2.0943951023931957     1.2541288038282608      0.1004141985112223      -0.2462802834300160
2.0943951023931957     1.3795416842110868      0.0921293704683629      -0.2376522543721255
2.0943951023931957     1.5049545645939129      0.1125764772272590      -0.2983983628785608
2.0943951023931957     1.6303674449767389      0.2076731427367925      -0.3056107979788281
2.0943951023931957     1.7557803253595650      0.2913272038320266      -0.2032612049353122
2.0943951023931957     1.8811932057423910      0.2525979349755278      -0.1172017884990473
2.0943951023931957     2.0066060861252173      0.2245025852929654      -0.0908534873831849
2.0943951023931957     2.1320189665080433      0.2007365435976595      -0.0669085334058236
2.0943951023931957     2.2574318468908694      0.1831911473505408      -0.0543571468775338
2.0943951023931957     2.3828447272736955      0.1669343467460473      -0.0417430700012888
2.0943951023931957     2.5082576076565215      0.1509021046285820      -0.0345421116094250
2.0943951023931957     2.6336704880393476      0.1371475928592498      -0.0305799641693485
2.0943951023931957     2.7590833684221736      0.1283292302711283      -0.0299267483811479
2.0943951023931957     2.8844962488049997      0.1217023423974049      -0.0255771737300358
2.0943951023931957     3.0099091291878257      0.1133723659732274      -0.0221292564588649
2.0943951023931957     3.1353220095706518      0.1060994895934468      -0.0204248109650459
2.0943951023931957     3.2607348899534778      0.0999466510220884      -0.0189556683710460
2.0943951023931957     3.3861477703363039      0.0943110032954428      -0.0177570623842380
2.0943951023931957     3.5115606507191299      0.0892705412579434      -0.0168858608530202
2.0943951023931957     3.6369735311019560      0.0847395887721459      -0.0162366228888542
2.0943951023931957     3.7623864114847820      0.0806845527473263      -0.0157261380397650
2.0943951023931957     3.8877992918676081      0.0770226654948033      -0.0153022795091599
2.0943951023931957     4.0132121722504346      0.0736867673548487      -0.0149519652653146
2.0943951023931957     4.1386250526332606      0.0706399139638398      -0.0146571476578239
2.0943951023931957     4.2640379330160867      0.0678425483466115      -0.0144048989447918
2.0943951023931957     4.3894508133989127      0.0652649258470658      -0.0141868900672166
2.0943951023931957     4.5148636937817388      0.0628801771678665      -0.0139951163769953
2.0943951023931957     4.6402765741645648      0.0606654226681498      -0.0138254739579695
2.0943951023931957     4.7656894545473909      0.0586024518748094      -0.0136746520601181
2.0943951023931957     4.8911023349302170      0.0566753739413469      -0.0135395531677159
2.0943951023931957     5.0165152153130430      0.0548704331204714      -0.0134179420679505
2.0943951023931957     5.1419280956958691      0.0531758115276579      -0.0133079785831619
2.0943951023931957     5.2673409760786951      0.0515812050208651      -0.0132081753076814
2.0943951023931957     5.3927538564615212      0.0500776565948343      -0.0131172862273459
2.0943951023931957     5.5181667368443472      0.0486572561172923      -0.0130341968999322
2.0943951023931957     5.6435796172271733      0.0473129594348790      -0.0129580005645914
2.0943951023931957     5.7689924976099993      0.0460385432882019      -0.0128879582651613
2.0943951023931957     5.8944053779928254      0.0448284821500647      -0.0128234210383107
2.0943951023931957     6.0198182583756514      0.0436778338771673      -0.0127638177171689
2.0943951023931957     6.1452311387584775      0.0425821514736191      -0.0127086386782726
2.0943951023931957     6.2706440191413035      0.0415374178298368      -0.0126574553830917
2.0943951023931957     6.3960568995241296      0.0405400281632122      -0.0126099049695319
2.0943951023931957     6.5214697799069556      0.0395867202971620      -0.0125656302477651
2.0943951023931957     6.6468826602897817      0.0386745050472586      -0.0125243347717777
2.0943951023931957     6.7722955406726077      0.0378006739215100      -0.0124857534486705
2.0943951023931957     6.8977084210554338      0.0369627576786045      -0.0124496569878733
2.0943951023931957     7.0231213014382599      0.0361584990786777      -0.0124158223846291
2.0943951023931957     7.1485341818210859      0.0353858148693678      -0.0123840590434659
2.0943951023931957     7.2739470622039120      0.0346427954980180      -0.0123541972183402
2.0943951023931957     7.3993599425867380      0.0339276876008634      -0.0123260865146242
2.0943951023931957     7.5247728229695641      0.0332388614578478      -0.0122995886236380
2.0943951023931957     7.6501857033523901      0.0325748290102085      -0.0122745979216461
2.0943951023931957     7.7755985837352162      0.0319342207638898      -0.0122509960845679
2.0943951023931957     7.9010114641180422      0.0313157506491781      -0.0122286739301713
2.0943951023931957     8.0264243445008692      0.0307182241150229      -0.0122075464033710
2.0943951023931957     8.1518372248836961      0.0301405449515976      -0.0121875376489360
2.0943951023931957     8.2772501052665231      0.0295816920187023      -0.0121685653451659
2.0943951023931957     8.4026629856493500      0.0290407037150969      -0.0121505578122865
2.0943951023931957     8.5280758660321769      0.0285166885877283      -0.0121334591079201
2.0943951023931957     8.6534887464150039      0.0280088226794808      -0.0121172085139025
2.0943951023931957     8.7789016267978308      0.0275163254005146      -0.0121017466689767
2.0943951023931957     8.9043145071806578      0.0270384662917914      -0.0120870235454837
2.0943951023931957     9.0297273875634847      0.0265745639987201      -0.0120729943855539
2.0943951023931957     9.1551402679463116      0.0261239783269870      -0.0120596098631913
2.0943951023931957     9.2805531483291386      0.0256861014140756      -0.0120468305013190
2.0943951023931957     9.4059660287119655      0.0252603689616153      -0.0120346180671904
2.0943951023931957     9.5313789090947925      0.0248462396078799      -0.0120229353987126
2.0943951023931957     9.6567917894776194      0.0244432091756655      -0.0120117568302614
2.0943951023931957     9.7822046698604463      0.0240508038155612      -0.0120010547843914
2.0943951023931957     9.9076175502432733      0.0236685779654022      -0.0119908025582905
2.0943951023931957     10.0330304306261002      0.0232961092718862      -0.0119809739645421
2.0943951023931957     10.1584433110089272      0.0229329952294631      -0.0119715429521990
2.0943951023931957     10.2838561913917541      0.0225788550817856      -0.0119624920055722
2.0943951023931957     10.4092690717745811      0.0222333327253176      -0.0119538017826300
2.0943951023931957     10.5346819521574080      0.0218960872714231      -0.0119454529213972
2.0943951023931957     10.6600948325402349      0.0215667967824428      -0.0119374314590593
2.0943951023931957     10.7855077129230619      0.0212451578201242      -0.0119297221258362
2.0943951023931957     10.9109205933058888      0.0209308832148877      -0.0119223099167892
2.0943951023931957     11.0363334736887158      0.0206236980648583      -0.0119151794414837
2.0943951023931957     11.1617463540715427      0.0203233426126572      -0.0119083170557351
2.0943951023931957     11.2871592344543696      0.0200295679858883      -0.0119017072198900
2.0943951023931957     11.4125721148371966      0.0197421361990299      -0.0118953381214977
2.0943951023931957     11.5379849952200235      0.0194608227927083      -0.0118891964962988
2.0943951023931957     11.6633978756028505      0.0191854102979548      -0.0118832694344467
2.0943951023931957     11.7888107559856774      0.0189156907131476      -0.0118775462881756
2.0943951023931957     11.9142236363685043      0.0186514655154492      -0.0118720193668777
2.0943951023931957     12.0396365167513313      0.0183925482617084      -0.0118666817754353
2.0943951023931957     12.1650493971341582      0.0181387604506138      -0.0118615243555899
2.0943951023931957     12.2904622775169852      0.0178899298882303      -0.0118565393737492
2.0943951023931957     12.4158751578998121      0.0176458927410482      -0.0118517204136093
2.0943951023931957     12.5412880382826391      0.0174064926461613      -0.0118470612132810
2.0943951023931957     12.6667009186654660      0.0171715806114872      -0.0118425554697930
2.0943951023931957     12.7921137990482929      0.0169410131762851      -0.0118381967449966
2.0943951023931957     12.9175266794311199      0.0167146534006886      -0.0118339790783407
2.0943951023931957     13.0429395598139468      0.0164923690911350      -0.0118298967878518
2.0943951023931957     13.1683524401967738      0.0162740350205942      -0.0118259452500194
2.0943951023931957     13.2937653205796007      0.0160595309017599      -0.0118221175806760
2.0943951023931957     13.4191782009624276      0.0158487394700750      -0.0118184080374310
2.0943951023931957     13.5445910813452546      0.0156415486222107      -0.0118148115241820
2.0943951023931957     13.6700039617280815      0.0154378503294702      -0.0118113229280662
2.0943951023931957     13.7954168421109085      0.0152375406544891      -0.0118079380944323
2.0943951023931957     13.9208297224937354      0.0150405201824985      -0.0118046525562526
2.0943951023931957     14.0462426028765623      0.0148466926596252      -0.0118014616390675
2.0943951023931957     14.1716554832593893      0.0146559646427090      -0.0117983613974045
2.0943951023931957     14.2970683636422162      0.0144682462135764      -0.0117953487965508
2.0943951023931957     14.4224812440250432      0.0142834511804364      -0.0117924215344146
2.0943951023931957     14.5478941244078701      0.0141014966895535      -0.0117895778852883
2.0943951023931957     14.6733070047906971      0.0139223047246157      -0.0117868162148994
2.0943951023931957     14.7987198851735240      0.0137457998660395      -0.0117841333822254
2.0943951023931957     14.9241327655563509      0.0135719088235071      -0.0117815259478472
2.0943951023931957     15.0495456459391779      0.0134005600140155      -0.0117789908884565
2.0943951023931957     15.1749585263220048      0.0132316846300147      -0.0117765257589775
2.0943951023931957     15.3003714067048318      0.0130652163741120      -0.0117741280641032
2.0943951023931957     15.4257842870876587      0.0129010905615718      -0.0117717951935658
2.0943951023931957     15.5511971674704856      0.0127392448583572      -0.0117695261206434
2.0943951023931957     15.6766100478533126      0.0125796206495967      -0.0117673193722278
    
2.3561944901923448     0.0000000000000000      -0.3928877030704167      -1.1979901071856327
2.3561944901923448     0.1254128803828261      0.3654834828234536      -0.8192303660703556
2.3561944901923448     0.2508257607656522      0.2608091349969702      -0.4053704054994182
2.3561944901923448     0.3762386411484783      0.0744147392702557      -0.3496066692134003
2.3561944901923448     0.5016515215313043      0.0658773290316730      -0.5013363288201725
2.3561944901923448     0.6270644019141304      0.2475059692037406      -0.4107805432736805
2.3561944901923448     0.7524772822969564      0.1906261816832004      -0.2951401476399217
2.3561944901923448     0.8778901626797825      0.1219807343148606      -0.3135744137013242
2.3561944901923448     1.0033030430626086      0.1938686781687618      -0.3679047814401688
2.3561944901923448     1.1287159234454347      0.2322217566781646      -0.2666243329726109
2.3561944901923448     1.2541288038282608      0.2025194321936883      -0.2541094716964959
2.3561944901923448     1.3795416842110868      0.1884802906048538      -0.2215465226509656
2.3561944901923448     1.5049545645939129      0.1703670217859058      -0.2657399686224692
2.3561944901923448     1.6303674449767389      0.2436652615737124      -0.2939019590108005
2.3561944901923448     1.7557803253595650      0.3291469519690582      -0.2038610628174315
2.3561944901923448     1.8811932057423910      0.2931708744763759      -0.1172510532151432
2.3561944901923448     2.0066060861252173      0.2574519299095414      -0.0875978663101462
2.3561944901923448     2.1320189665080433      0.2278983204647002      -0.0710775640065637
2.3561944901923448     2.2574318468908694      0.2140107313925904      -0.0635129412657102
2.3561944901923448     2.3828447272736955      0.1992674069496834      -0.0488269198586204
2.3561944901923448     2.5082576076565215      0.1819536667435978      -0.0405816744650224
2.3561944901923448     2.6336704880393476      0.1674505520786734      -0.0358736572939630
2.3561944901923448     2.7590833684221736      0.1565551292985934      -0.0338683394483618
2.3561944901923448     2.8844962488049997      0.1478759402735486      -0.0303068716942263
2.3561944901923448     3.0099091291878257      0.1388083645259051      -0.0273483656762454
2.3561944901923448     3.1353220095706518      0.1308532739421532      -0.0255795488144676
2.3561944901923448     3.2607348899534778      0.1238557785154183      -0.0240177516254076
2.3561944901923448     3.3861477703363039      0.1174460474041687      -0.0227209855062428
2.3561944901923448     3.5115606507191299      0.1116131253653063      -0.0217572658601514
2.3561944901923448     3.6369735311019560      0.1063347590931994      -0.0210442108061130
2.3561944901923448     3.7623864114847820      0.1015744166286088      -0.0204810668020954
2.3561944901923448     3.8877992918676081      0.0972494373066388      -0.0200131389709189
2.3561944901923448     4.0132121722504346      0.0932892303297446      -0.0196248188151612
2.3561944901923448     4.1386250526332606      0.0896537523041209      -0.0192944855043718
2.3561944901923448     4.2640379330160867      0.0862994320845924      -0.0190099287043255
2.3561944901923448     4.3894508133989127      0.0831944244310200      -0.0187625825744133
2.3561944901923448     4.5148636937817388      0.0803098245536459      -0.0185438308626704
2.3561944901923448     4.6402765741645648      0.0776205933805584      -0.0183491908806983
2.3561944901923448     4.7656894545473909      0.0751064635176227      -0.0181751739693991
2.3561944901923448     4.8911023349302170      0.0727499406067886      -0.0180186048642174
2.3561944901923448     5.0165152153130430      0.0705357360311278      -0.0178770360414070
2.3561944901923448     5.1419280956958691      0.0684506307750193      -0.0177485710349371
2.3561944901923448     5.2673409760786951      0.0664831412290561      -0.0176315514012387
2.3561944901923448     5.3927538564615212      0.0646230724043466      -0.0175245654970580
2.3561944901923448     5.5181667368443472      0.0628614408907437      -0.0174264855042790
2.3561944901923448     5.6435796172271733      0.0611902951777707      -0.0173363142903771
2.3561944901923448     5.7689924976099993      0.0596025227984889      -0.0172531872387043
2.3561944901923448     5.8944053779928254      0.0580917634482139      -0.0171763696175065
2.3561944901923448     6.0198182583756514      0.0566522927056934      -0.0171052116909613
2.3561944901923448     6.1452311387584775      0.0552789598791546      -0.0170391751590161
2.3561944901923448     6.2706440191413035      0.0539671322303813      -0.0169777544159550
2.3561944901923448     6.3960568995241296      0.0527125613932346      -0.0169205010105247
2.3561944901923448     6.5214697799069556      0.0515114046441471      -0.0168670628332800
2.3561944901923448     6.6468826602897817      0.0503601802813340      -0.0168171032331726
2.3561944901923448     6.7722955406726077      0.0492557029640998      -0.0167703240469790
2.3561944901923448     6.8977084210554338      0.0481950476503845      -0.0167264471755500
2.3561944901923448     7.0231213014382599      0.0471755303355940      -0.0166852486539295
2.3561944901923448     7.1485341818210859      0.0461947028947267      -0.0166465121842772
2.3561944901923448     7.2739470622039120      0.0452502969400169      -0.0166100414431398
2.3561944901923448     7.3993599425867380      0.0443402211719820      -0.0165756632954704
2.3561944901923448     7.5247728229695641      0.0434625505106698      -0.0165432213875136
2.3561944901923448     7.6501857033523901      0.0426154931525550      -0.0165125633500290
2.3561944901923448     7.7755985837352162      0.0417973837787733      -0.0164835697996739
2.3561944901923448     7.9010114641180422      0.0410066962163951      -0.0164561287545131
2.3561944901923448     8.0264243445008692      0.0402420051610384      -0.0164301244493309
2.3561944901923448     8.1518372248836961      0.0395019760131873      -0.0164054547639844
2.3561944901923448     8.2772501052665231      0.0387853684907760      -0.0163820301396533
2.3561944901923448     8.4026629856493500      0.0380910242272365      -0.0163597633477498
2.3561944901923448     8.5280758660321769      0.0374178574382675      -0.0163385744702416
2.3561944901923448     8.6534887464150039      0.0367648487117371      -0.0163183930419666
2.3561944901923448     8.7789016267978308      0.0361310461971345      -0.0162991563403636
2.3561944901923448     8.9043145071806578      0.0355155567161464      -0.0162808066364285
2.3561944901923448     9.0297273875634847      0.0349175413269475      -0.0162632900556856
2.3561944901923448     9.1551402679463116      0.0343362126311314      -0.0162465612250483
2.3561944901923448     9.2805531483291386      0.0337708322657206      -0.0162305744027845
2.3561944901923448     9.4059660287119655      0.0332207010811577      -0.0162152908344916
2.3561944901923448     9.5313789090947925      0.0326851685887873      -0.0162006766585943
2.3561944901923448     9.6567917894776194      0.0321636207826030      -0.0161866937669631
2.3561944901923448     9.7822046698604463      0.0316554779145689      -0.0161733061394953
2.3561944901923448     9.9076175502432733      0.0311601884667839      -0.0161604769597255
2.3561944901923448     10.0330304306261002      0.0306772291576486      -0.0161481752863248
2.3561944901923448     10.1584433110089272      0.0302061071993890      -0.0161363723896275
2.3561944901923448     10.2838561913917541      0.0297463534066589      -0.0161250379836285
2.3561944901923448     10.4092690717745811      0.0292975202267511      -0.0161141484587011
2.3561944901923448     10.5346819521574080      0.0288591879973223      -0.0161036832314149
2.3561944901923448     10.6600948325402349      0.0284309585320421      -0.0160936185299737
2.3561944901923448     10.7855077129230619      0.0280124511067215      -0.0160839319678393
2.3561944901923448     10.9109205933058888      0.0276033014970430      -0.0160746037258010
2.3561944901923448     11.0363334736887158      0.0272031641809989      -0.0160656174550577
2.3561944901923448     11.1617463540715427      0.0268117112740126      -0.0160569588526742
2.3561944901923448     11.2871592344543696      0.0264286324569344      -0.0160486134239055
2.3561944901923448     11.4125721148371966      0.0260536308554727      -0.0160405668904057
2.3561944901923448     11.5379849952200235      0.0256864238114066      -0.0160328067224702
2.3561944901923448     11.6633978756028505      0.0253267426891721      -0.0160253202576945
2.3561944901923448     11.7888107559856774      0.0249743302218701      -0.0160180949886122
2.3561944901923448     11.9142236363685043      0.0246289411286026      -0.0160111193517474
2.3561944901923448     12.0396365167513313      0.0242903401596502      -0.0160043816612653
2.3561944901923448     12.1650493971341582      0.0239583029486846      -0.0159978717760609
2.3561944901923448     12.2904622775169852      0.0236326147350451      -0.0159915788450067
2.3561944901923448     12.4158751578998121      0.0233130692886275      -0.0159854928140350
2.3561944901923448     12.5412880382826391      0.0229994685107583      -0.0159796042200509
2.3561944901923448     12.6667009186654660      0.0226916227380222      -0.0159739053253981
2.3561944901923448     12.7921137990482929      0.0223893514479036      -0.0159683882604460
2.3561944901923448     12.9175266794311199      0.0220924809540530      -0.0159630447997107
2.3561944901923448     13.0429395598139468      0.0218008443488434      -0.0159578665690154
2.3561944901923448     13.1683524401967738      0.0215142799562233      -0.0159528456800211
2.3561944901923448     13.2937653205796007      0.0212326317402637      -0.0159479762835977
2.3561944901923448     13.4191782009624276      0.0209557510228414      -0.0159432536487111
2.3561944901923448     13.5445910813452546      0.0206834952547472      -0.0159386738437179
2.3561944901923448     13.6700039617280815      0.0204157287337273      -0.0159342330929486
2.3561944901923448     13.7954168421109085      0.0201523215643479      -0.0159299266560373
2.3561944901923448     13.9208297224937354      0.0198931479841147      -0.0159257494278163
2.3561944901923448     14.0462426028765623      0.0196380868631948      -0.0159216970959063
2.3561944901923448     14.1716554832593893      0.0193870222392031      -0.0159177652876081
2.3561944901923448     14.2970683636422162      0.0191398424569614      -0.0159139488375123
2.3561944901923448     14.4224812440250432      0.0188964388395163      -0.0159102424749553
2.3561944901923448     14.5478941244078701      0.0186567065019014      -0.0159066414887760
2.3561944901923448     14.6733070047906971      0.0184205435623483      -0.0159031414276878
2.3561944901923448     14.7987198851735240      0.0181878520456545      -0.0158997389860603
2.3561944901923448     14.9241327655563509      0.0179585379973789      -0.0158964307095495
2.3561944901923448     15.0495456459391779      0.0177325106125766      -0.0158932126154977
2.3561944901923448     15.1749585263220048      0.0175096811342914      -0.0158900809219876
2.3561944901923448     15.3003714067048318      0.0172899638350791      -0.0158870332123749
2.3561944901923448     15.4257842870876587      0.0170732767426724      -0.0158840673044070
2.3561944901923448     15.5511971674704856      0.0168595408370829      -0.0158811804964004
2.3561944901923448     15.6766100478533126      0.0166486792961457      -0.0158783703251840
    
2.6179938779914940     0.0000000000000000      -0.5127293210378425      -1.7066618327612602
2.6179938779914940     0.1254128803828261      0.6125558749504988      -1.1723305905881016
2.6179938779914940     0.2508257607656522      0.4883829253949885      -0.5484983517116988
2.6179938779914940     0.3762386411484783      0.2416011935689275      -0.4176718228307505
2.6179938779914940     0.5016515215313043      0.1783661686262534      -0.5427566234952313
2.6179938779914940     0.6270644019141304      0.3307058260554094      -0.4590647501926782
2.6179938779914940     0.7524772822969564      0.2635103337787445      -0.3562315324389856
2.6179938779914940     0.8778901626797825      0.1977216378025473      -0.3844213834639277
2.6179938779914940     1.0033030430626086      0.3082283829070076      -0.4479356324350276
2.6179938779914940     1.1287159234454347      0.3640839442616597      -0.2918292905792534
2.6179938779914940     1.2541288038282608      0.3062751251844967      -0.2429878264868878
2.6179938779914940     1.3795416842110868      0.2699040423324306      -0.2131376620784128
2.6179938779914940     1.5049545645939129      0.2475338528214555      -0.2458806376918371
2.6179938779914940     1.6303674449767389      0.2972681713602843      -0.2605892586924425
2.6179938779914940     1.7557803253595650      0.3562369544493487      -0.1841107589393325
2.6179938779914940     1.8811932057423910      0.3211960518216376      -0.1115711418673911
2.6179938779914940     2.0066060861252173      0.2829766153274649      -0.0834950675470039
2.6179938779914940     2.1320189665080433      0.2521212663458116      -0.0728370832993665
2.6179938779914940     2.2574318468908694      0.2385800959293370      -0.0673501991630428
2.6179938779914940     2.3828447272736955      0.2248841768429965      -0.0542560163290916
2.6179938779914940     2.5082576076565215      0.2079830093559314      -0.0452562620482505
2.6179938779914940     2.6336704880393476      0.1923788164427780      -0.0397252381792385
2.6179938779914940     2.7590833684221736      0.1799959747461772      -0.0377607228957316
2.6179938779914940     2.8844962488049997      0.1704188765037170      -0.0345785978227157
2.6179938779914940     3.0099091291878257      0.1606497571470164      -0.0318246629274529
2.6179938779914940     3.1353220095706518      0.1521990257144662      -0.0300122878265991
2.6179938779914940     3.2607348899534778      0.1444213946064812      -0.0284187435934592
2.6179938779914940     3.3861477703363039      0.1374586432792332      -0.0270853673738948
2.6179938779914940     3.5115606507191299      0.1309870521837189      -0.0260155044152675
2.6179938779914940     3.6369735311019560      0.1250799755045683      -0.0252455024439226
2.6179938779914940     3.7623864114847820      0.1197290562393878      -0.0246396861952354
2.6179938779914940     3.8877992918676081      0.1148446106529308      -0.0241352722794486
2.6179938779914940     4.0132121722504346      0.1103554277111822      -0.0237159584261930
2.6179938779914940     4.1386250526332606      0.1062193297159274      -0.0233574881659100
2.6179938779914940     4.2640379330160867      0.1023904633754431      -0.0230472037580642
2.6179938779914940     4.3894508133989127      0.0988349620110492      -0.0227761354177813
2.6179938779914940     4.5148636937817388      0.0955222552374803      -0.0225354920372809
2.6179938779914940     4.6402765741645648      0.0924259382487005      -0.0223205389951427
2.6179938779914940     4.7656894545473909      0.0895241240132312      -0.0221275099399523
2.6179938779914940     4.8911023349302170      0.0867979873607597      -0.0219532153572140
2.6179938779914940     5.0165152153130430      0.0842311270159849      -0.0217950759204778
2.6179938779914940     5.1419280956958691      0.0818091518016415      -0.0216510272770510
2.6179938779914940     5.2673409760786951      0.0795195172060736      -0.0215193822201303
2.6179938779914940     5.3927538564615212      0.0773511179300796      -0.0213986527225224
2.6179938779914940     5.5181667368443472      0.0752940809262928      -0.0212876429668681
2.6179938779914940     5.6435796172271733      0.0733396612808011      -0.0211853227829456
2.6179938779914940     5.7689924976099993      0.0714800326507525      -0.0210907634040589
2.6179938779914940     5.8944053779928254      0.0697081282228157      -0.0210031802844430
2.6179938779914940     6.0198182583756514      0.0680176232956013      -0.0209219076713109
2.6179938779914940     6.1452311387584775      0.0664027971006119      -0.0208463277062954
2.6179938779914940     6.2706440191413035      0.0648584392896752      -0.0207759177356183
2.6179938779914940     6.3960568995241296      0.0633798549059412      -0.0207102180001088
2.6179938779914940     6.5214697799069556      0.0619627355439362      -0.0206487988252906
2.6179938779914940     6.6468826602897817      0.0606031609081520      -0.0205913027350312
2.6179938779914940     6.7722955406726077      0.0592975402225120      -0.0205373910451403
2.6179938779914940     6.8977084210554338      0.0580425782142787      -0.0204867749371351
2.6179938779914940     7.0231213014382599      0.0568352512795175      -0.0204391815840871
2.6179938779914940     7.1485341818210859      0.0556727666344842      -0.0203943754000614
2.6179938779914940     7.2739470622039120      0.0545525558558586      -0.0203521369724231
2.6179938779914940     7.3993599425867380      0.0534722361409424      -0.0203122704740688
2.6179938779914940     7.5247728229695641      0.0524296089223826      -0.0202746037572521
2.6179938779914940     7.6501857033523901      0.0514226357053964      -0.0202389726409055
2.6179938779914940     7.7755985837352162      0.0504494183710655      -0.0202052292525962
2.6179938779914940     7.9010114641180422      0.0495081904087953      -0.0201732448387122
2.6179938779914940     8.0264243445008692      0.0485973173265072      -0.0201429052240040
2.6179938779914940     8.1518372248836961      0.0477152718960333      -0.0201140923761059
2.6179938779914940     8.2772501052665231      0.0468606211652352      -0.0200867090206286
2.6179938779914940     8.4026629856493500      0.0460320357075524      -0.0200606659325869
2.6179938779914940     8.5280758660321769      0.0452282671907156      -0.0200358753921656
2.6179938779914940     8.6534887464150039      0.0444481448198471      -0.0200122632876579
2.6179938779914940     8.7789016267978308      0.0436905789226352      -0.0199897615689526
2.6179938779914940     8.9043145071806578      0.0429545457366987      -0.0199682984500747
2.6179938779914940     9.0297273875634847      0.0422390788618454      -0.0199478080963060
2.6179938779914940     9.1551402679463116      0.0415432670513170      -0.0199282302235433
2.6179938779914940     9.2805531483291386      0.0408662524676958      -0.0199095094031867
2.6179938779914940     9.4059660287119655      0.0402072264960835      -0.0198915955457323
2.6179938779914940     9.5313789090947925      0.0395654260701341      -0.0198744395059899
2.6179938779914940     9.6567917894776194      0.0389401273808316      -0.0198579978252998
2.6179938779914940     9.7822046698604463      0.0383306472365223      -0.0198422320759875
2.6179938779914940     9.9076175502432733      0.0377363406273554      -0.0198271081744624
2.6179938779914940     10.0330304306261002      0.0371565991012196      -0.0198125942661855
2.6179938779914940     10.1584433110089272      0.0365908465392042      -0.0197986604008222
2.6179938779914940     10.2838561913917541      0.0360385399458584      -0.0197852771459767
2.6179938779914940     10.4092690717745811      0.0354991606357607      -0.0197724136328243
2.6179938779914940     10.5346819521574080      0.0349722149017805      -0.0197600432211819
2.6179938779914940     10.6600948325402349      0.0344572328423670      -0.0197481429356914
2.6179938779914940     10.7855077129230619      0.0339537715051813      -0.0197366924676905
2.6179938779914940     10.9109205933058888      0.0334614096205898      -0.0197256706759738
2.6179938779914940     11.0363334736887158      0.0329797474295701      -0.0197150573999943
2.6179938779914940     11.1617463540715427      0.0325084032757860      -0.0197048308988584
2.6179938779914940     11.2871592344543696      0.0320470114513860      -0.0196949712416054
2.6179938779914940     11.4125721148371966      0.0315952229119411      -0.0196854596075143
2.6179938779914940     11.5379849952200235      0.0311527030196505      -0.0196762794503071
2.6179938779914940     11.6633978756028505      0.0307191339743218      -0.0196674164848910
2.6179938779914940     11.7888107559856774      0.0302942126352796      -0.0196588563008147
2.6179938779914940     11.9142236363685043      0.0298776485609605      -0.0196505846927490
2.6179938779914940     12.0396365167513313      0.0294691635977013      -0.0196425891403608
2.6179938779914940     12.1650493971341582      0.0290684917998633      -0.0196348582390861
2.6179938779914940     12.2904622775169852      0.0286753795703439      -0.0196273811680290
2.6179938779914940     12.4158751578998121      0.0282895828508116      -0.0196201475429931
2.6179938779914940     12.5412880382826391      0.0279108692576351      -0.0196131484442357
2.6179938779914940     12.6667009186654660      0.0275390160641371      -0.0196063744346386
2.6179938779914940     12.7921137990482929      0.0271738093607248      -0.0195998165013220
2.6179938779914940     12.9175266794311199      0.0268150435793737      -0.0195934661211746
2.6179938779914940     13.0429395598139468      0.0264625217272437      -0.0195873165176483
2.6179938779914940     13.1683524401967738      0.0261160562708880      -0.0195813604446768
2.6179938779914940     13.2937653205796007      0.0257754670182043      -0.0195755899236922
2.6179938779914940     13.4191782009624276      0.0254405802452875      -0.0195699963421664
2.6179938779914940     13.5445910813452546      0.0251112278131246      -0.0195645713963971
2.6179938779914940     13.6700039617280815      0.0247872478385360      -0.0195593074449685
2.6179938779914940     13.7954168421109085      0.0244684835644536      -0.0195541972681190
2.6179938779914940     13.9208297224937354      0.0241547845239203      -0.0195492347944608
2.6179938779914940     14.0462426028765623      0.0238460055665582      -0.0195444139734816
2.6179938779914940     14.1716554832593893      0.0235420064737267      -0.0195397291510308
2.6179938779914940     14.2970683636422162      0.0232426516098060      -0.0195351761788611
2.6179938779914940     14.4224812440250432      0.0229478116069643      -0.0195307516279938
2.6179938779914940     14.5478941244078701      0.0226573621328294      -0.0195264520322953
2.6179938779914940     14.6733070047906971      0.0223711837296227      -0.0195222733798670
2.6179938779914940     14.7987198851735240      0.0220891607187639      -0.0195182115791875
2.6179938779914940     14.9241327655563509      0.0218111812134250      -0.0195142628045303
2.6179938779914940     15.0495456459391779      0.0215371372378294      -0.0195104237802935
2.6179938779914940     15.1749585263220048      0.0212669252577396      -0.0195066913291530
2.6179938779914940     15.3003714067048318      0.0210004450957106      -0.0195030615610358
2.6179938779914940     15.4257842870876587      0.0207375999660847      -0.0194995308931205
2.6179938779914940     15.5511971674704856      0.0204782958937581      -0.0194960949241921
2.6179938779914940     15.6766100478533126      0.0202224412529849      -0.0194927498763631
    
2.8797932657906431     0.0000000000000000      -0.5525126500019154      -1.8834284241643640
2.8797932657906431     0.1254128803828261      0.6999311381499579      -1.2927192966359158
2.8797932657906431     0.2508257607656522      0.5697017464367318      -0.5945975425783987
2.8797932657906431     0.3762386411484783      0.3026483974126863      -0.4321268156406820
2.8797932657906431     0.5016515215313043      0.2099198383014142      -0.5402515149644157
2.8797932657906431     0.6270644019141304      0.3449099527842174      -0.4634622855822730
2.8797932657906431     0.7524772822969564      0.2565794587812423      -0.3589617836586056
2.8797932657906431     0.8778901626797825      0.1617961095379547      -0.4305542260517484
2.8797932657906431     1.0033030430626086      0.3281940985840289      -0.5545365148577891
2.8797932657906431     1.1287159234454347      0.4447936259762799      -0.3498249800039548
2.8797932657906431     1.2541288038282608      0.3841693824035492      -0.2644501418023915
2.8797932657906431     1.3795416842110868      0.3442664598955616      -0.2091252009909789
2.8797932657906431     1.5049545645939129      0.3046847374480642      -0.2181568323030476
2.8797932657906431     1.6303674449767389      0.3276808261092232      -0.2196900077483614
2.8797932657906431     1.7557803253595650      0.3568487874442668      -0.1613996766280729
2.8797932657906431     1.8811932057423910      0.3268498015159574      -0.1052801390603162
2.8797932657906431     2.0066060861252173      0.2919106290431306      -0.0800438373513217
2.8797932657906431     2.1320189665080433      0.2637462133537729      -0.0684463982416426
2.8797932657906431     2.2574318468908694      0.2444520384505182      -0.0612364701458690
2.8797932657906431     2.3828447272736955      0.2294015122720946      -0.0531570096305614
2.8797932657906431     2.5082576076565215      0.2140729061343040      -0.0461341517523878
2.8797932657906431     2.6336704880393476      0.1989067277997148      -0.0409903023239302
2.8797932657906431     2.7590833684221736      0.1868412662297783      -0.0393759644123507
2.8797932657906431     2.8844962488049997      0.1773547944834805      -0.0364650659039299
2.8797932657906431     3.0099091291878257      0.1680570074917776      -0.0338446537433915
2.8797932657906431     3.1353220095706518      0.1595570189773205      -0.0315661375679699
2.8797932657906431     3.2607348899534778      0.1514535940231496      -0.0299068145706005
2.8797932657906431     3.3861477703363039      0.1442962531748873      -0.0285781344129861
2.8797932657906431     3.5115606507191299      0.1376348711728262      -0.0274919650971020
2.8797932657906431     3.6369735311019560      0.1315403919256624      -0.0267168595702606
2.8797932657906431     3.7623864114847820      0.1260136681902744      -0.0261052629173119
2.8797932657906431     3.8877992918676081      0.1209591560698203      -0.0255929475230256
2.8797932657906431     4.0132121722504346      0.1163044023498143      -0.0251657030149847
2.8797932657906431     4.1386250526332606      0.1120093268640474      -0.0248008577444462
2.8797932657906431     4.2640379330160867      0.1080282629619322      -0.0244840934061548
2.8797932657906431     4.3894508133989127      0.1043265311392634      -0.0242062557476600
2.8797932657906431     4.5148636937817388      0.1008731517287378      -0.0239592975205693
2.8797932657906431     4.6402765741645648      0.0976420259832111      -0.0237383804054545
2.8797932657906431     4.7656894545473909      0.0946108242023442      -0.0235396014096051
2.8797932657906431     4.8911023349302170      0.0917605050797533      -0.0233598481333607
2.8797932657906431     5.0165152153130430      0.0890744382328474      -0.0231966011577754
2.8797932657906431     5.1419280956958691      0.0865380786831723      -0.0230477204099133
2.8797932657906431     5.2673409760786951      0.0841385541572214      -0.0229114618653717
2.8797932657906431     5.3927538564615212      0.0818645299229191      -0.0227864433299771
2.8797932657906431     5.5181667368443472      0.0797060055724006      -0.0226714254136760
2.8797932657906431     5.6435796172271733      0.0776540094347000      -0.0225653031935004
2.8797932657906431     5.7689924976099993      0.0757004798735584      -0.0224671706654089
2.8797932657906431     5.8944053779928254      0.0738382122543738      -0.0223762137743414
2.8797932657906431     6.0198182583756514      0.0720606568553012      -0.0222917186699113
2.8797932657906431     6.1452311387584775      0.0703619101461922      -0.0222131046027880
2.8797932657906431     6.2706440191413035      0.0687366503684204      -0.0221398253269210
2.8797932657906431     6.3960568995241296      0.0671800044229769      -0.0220713785036740
2.8797932657906431     6.5214697799069556      0.0656875122898607      -0.0220073363629330
2.8797932657906431     6.6468826602897817      0.0642551140306827      -0.0219473297148976
2.8797932657906431     6.7722955406726077      0.0628790825628311      -0.0218910211010565
2.8797932657906431     6.8977084210554338      0.0615560096191377      -0.0218381159104179
2.8797932657906431     7.0231213014382599      0.0602827549156261      -0.0217883392538247
2.8797932657906431     7.1485341818210859      0.0590564192497766      -0.0217414519219451
2.8797932657906431     7.2739470622039120      0.0578743390631575      -0.0216972402775472
2.8797932657906431     7.3993599425867380      0.0567340518256087      -0.0216554978129558
2.8797932657906431     7.5247728229695641      0.0556332616713532      -0.0216160382075529
2.8797932657906431     7.6501857033523901      0.0545698439453738      -0.0215787101687483
2.8797932657906431     7.7755985837352162      0.0535418424311722      -0.0215433634020706
2.8797932657906431     7.9010114641180422      0.0525474264874953      -0.0215098492817756
2.8797932657906431     8.0264243445008692      0.0515848750531230      -0.0214780363552426
2.8797932657906431     8.1518372248836961      0.0506525957410058      -0.0214478224882779
2.8797932657906431     8.2772501052665231      0.0497491052536791      -0.0214190935585319
2.8797932657906431     8.4026629856493500      0.0488730039376286      -0.0213917530361894
2.8797932657906431     8.5280758660321769      0.0480229893523167      -0.0213657157357830
2.8797932657906431     8.6534887464150039      0.0471978431213670      -0.0213408968302621
2.8797932657906431     8.7789016267978308      0.0463964102313417      -0.0213172163627105
2.8797932657906431     8.9043145071806578      0.0456176110087543      -0.0212946143336260
2.8797932657906431     9.0297273875634847      0.0448604357676724      -0.0212730294479718
2.8797932657906431     9.1551402679463116      0.0441239331055338      -0.0212524049994442
2.8797932657906431     9.2805531483291386      0.0434072111818566      -0.0212326891728187
2.8797932657906431     9.4059660287119655      0.0427094289050531      -0.0212138264003677
2.8797932657906431     9.5313789090947925      0.0420297865343920      -0.0211957666938736
2.8797932657906431     9.6567917894776194      0.0413675312219809      -0.0211784640850438
2.8797932657906431     9.7822046698604463      0.0407219475640385      -0.0211618757078562
2.8797932657906431     9.9076175502432733      0.0400923603030741      -0.0211459642548591
2.8797932657906431     10.0330304306261002      0.0394781317951506      -0.0211306947881800
2.8797932657906431     10.1584433110089272      0.0388786570914101      -0.0211160325600850
2.8797932657906431     10.2838561913917541      0.0382933622248886      -0.0211019473388024
2.8797932657906431     10.4092690717745811      0.0377217046054125      -0.0210884094743529
2.8797932657906431     10.5346819521574080      0.0371631673695914      -0.0210753899370494
2.8797932657906431     10.6600948325402349      0.0366172587635808      -0.0210628618042425
2.8797932657906431     10.7855077129230619      0.0360835105363021      -0.0210508010680932
2.8797932657906431     10.9109205933058888      0.0355614789768165      -0.0210391850853904
2.8797932657906431     11.0363334736887158      0.0350507404782953      -0.0210279906957722
2.8797932657906431     11.1617463540715427      0.0345508895923538      -0.0210171970496604
2.8797932657906431     11.2871592344543696      0.0340615397207997      -0.0210067872734807
2.8797932657906431     11.4125721148371966      0.0335823246805250      -0.0209967464703151
2.8797932657906431     11.5379849952200235      0.0331128970794990      -0.0209870582314948
2.8797932657906431     11.6633978756028505      0.0326529227498299      -0.0209777061109181
2.8797932657906431     11.7888107559856774      0.0322020828910562      -0.0209686761061707
2.8797932657906431     11.9142236363685043      0.0317600736512001      -0.0209599544593276
2.8797932657906431     12.0396365167513313      0.0313266053960053      -0.0209515269832491
2.8797932657906431     12.1650493971341582      0.0309013983584264      -0.0209433784216739
2.8797932657906431     12.2904622775169852      0.0304841834291593      -0.0209354972038056
2.8797932657906431     12.4158751578998121      0.0300747055213159      -0.0209278725819805
2.8797932657906431     12.5412880382826391      0.0296727192726842      -0.0209204931984278
2.8797932657906431     12.6667009186654660      0.0292779896482643      -0.0209133480969930
2.8797932657906431     12.7921137990482929      0.0288902904776188      -0.0209064269017992
2.8797932657906431     12.9175266794311199      0.0285094043311655      -0.0208997195907889
2.8797932657906431     13.0429395598139468      0.0281351214018286      -0.0208932172658677
2.8797932657906431     13.1683524401967738      0.0277672406145761      -0.0208869138686568
2.8797932657906431     13.2937653205796007      0.0274055712990086      -0.0208808027808547
2.8797932657906431     13.4191782009624276      0.0270499297486761      -0.0208748764585194
2.8797932657906431     13.5445910813452546      0.0267001386594523      -0.0208691273043571
2.8797932657906431     13.6700039617280815      0.0263560264677921      -0.0208635483101334
2.8797932657906431     13.7954168421109085      0.0260174281180737      -0.0208581345112168
2.8797932657906431     13.9208297224937354      0.0256841863687456      -0.0208528810542149
2.8797932657906431     14.0462426028765623      0.0253561497672592      -0.0208477829406882
2.8797932657906431     14.1716554832593893      0.0250331736387349      -0.0208428347522521
2.8797932657906431     14.2970683636422162      0.0247151174677718      -0.0208380297294031
2.8797932657906431     14.4224812440250432      0.0244018450463017      -0.0208333618199561
2.8797932657906431     14.5478941244078701      0.0240932241736071      -0.0208288251531605
2.8797932657906431     14.6733070047906971      0.0237891276115863      -0.0208244158258056
2.8797932657906431     14.7987198851735240      0.0234894333959855      -0.0208201284646293
2.8797932657906431     14.9241327655563509      0.0231940223406014      -0.0208159587198782
2.8797932657906431     15.0495456459391779      0.0229027802919497      -0.0208119028155069
2.8797932657906431     15.1749585263220048      0.0226155969548040      -0.0208079568673078
2.8797932657906431     15.3003714067048318      0.0223323661641959      -0.0208041164818076
2.8797932657906431     15.4257842870876587      0.0220529834960412      -0.0208003770882743
2.8797932657906431     15.5511971674704856      0.0217773481645996      -0.0207967362007044
2.8797932657906431     15.6766100478533126      0.0215053633673177      -0.0207931911422262
    
3.1415926535897931     0.0000000000000000      -0.3335190565177472      -0.9085117010275012
3.1415926535897931     0.1254128803828261      0.1955313202214227      -0.6088065710786864
3.1415926535897931     0.2508257607656522      0.0924471754159453      -0.3247656959510823
3.1415926535897931     0.3762386411484783      -0.0688069741286300      -0.3144860112255479
3.1415926535897931     0.5016515215313043      -0.0768132864069328      -0.4962373855961661
3.1415926535897931     0.6270644019141304      0.1175513168420792      -0.4454805149809485
3.1415926535897931     0.7524772822969564      0.0740391331608754      -0.3712215782873447
3.1415926535897931     0.8778901626797825      0.0287072849742074      -0.4428082888348449
3.1415926535897931     1.0033030430626086      0.2291874578055836      -0.5635610508156840
3.1415926535897931     1.1287159234454347      0.3647143903328619      -0.3375772044720373
3.1415926535897931     1.2541288038282608      0.3038078676076011      -0.2387359210145241
3.1415926535897931     1.3795416842110868      0.2600237488372450      -0.1881865641201786
3.1415926535897931     1.5049545645939129      0.2286619092130612      -0.2017186864784200
3.1415926535897931     1.6303674449767389      0.2581980495640620      -0.1988180762040506
3.1415926535897931     1.7557803253595650      0.2833731863574536      -0.1449860590009882
3.1415926535897931     1.8811932057423910      0.2625573456924209      -0.0917385794357965
3.1415926535897931     2.0066060861252173      0.2301953390238822      -0.0651189305677104
3.1415926535897931     2.1320189665080433      0.2045100249192680      -0.0545739350181791
3.1415926535897931     2.2574318468908694      0.1867476756812975      -0.0488258274746630
3.1415926535897931     2.3828447272736955      0.1743335224010821      -0.0423062258658444
3.1415926535897931     2.5082576076565215      0.1620593507111372      -0.0371909572682529
3.1415926535897931     2.6336704880393476      0.1505894052317618      -0.0327334107567333
3.1415926535897931     2.7590833684221736      0.1408984378494472      -0.0302748106931119
3.1415926535897931     2.8844962488049997      0.1327746240467202      -0.0282534158006891
3.1415926535897931     3.0099091291878257      0.1261736604682656      -0.0262475499153802
3.1415926535897931     3.1353220095706518      0.1195215219685821      -0.0236509438096299
3.1415926535897931     3.2607348899534778      0.1129673912833968      -0.0220263732943748
3.1415926535897931     3.3861477703363039      0.1072016698030843      -0.0207866907225900
3.1415926535897931     3.5115606507191299      0.1018856004326636      -0.0198257415894360
3.1415926535897931     3.6369735311019560      0.0970612077258622      -0.0191500030877406
3.1415926535897931     3.7623864114847820      0.0927175223202512      -0.0186234220710984
3.1415926535897931     3.8877992918676081      0.0887710266509444      -0.0181871662233173
3.1415926535897931     4.0132121722504346      0.0851534037203484      -0.0178278831838954
3.1415926535897931     4.1386250526332606      0.0818330631945198      -0.0175251514869460
3.1415926535897931     4.2640379330160867      0.0787695123799230      -0.0172646959890722
3.1415926535897931     4.3894508133989127      0.0759329600411446      -0.0170382257244866
3.1415926535897931     4.5148636937817388      0.0732969683731829      -0.0168384394263550
3.1415926535897931     4.6402765741645648      0.0708395121415087      -0.0166609108901464
3.1415926535897931     4.7656894545473909      0.0685417425534968      -0.0165020430974440
3.1415926535897931     4.8911023349302170      0.0663877534440487      -0.0163590678323484
3.1415926535897931     5.0165152153130430      0.0643636112644397      -0.0162297941782173
3.1415926535897931     5.1419280956958691      0.0624574215725117      -0.0161124580727889
3.1415926535897931     5.2673409760786951      0.0606586434818381      -0.0160054836946546
3.1415926535897931     5.3927538564615212      0.0589580146190202      -0.0159076187695391
3.1415926535897931     5.5181667368443472      0.0573473205013140      -0.0158178241221045
3.1415926535897931     5.6435796172271733      0.0558193247347334      -0.0157352155391444
3.1415926535897931     5.7689924976099993      0.0543675424929655      -0.0156589945341881
3.1415926535897931     5.8944053779928254      0.0529861369782143      -0.0155885032721044
3.1415926535897931     6.0198182583756514      0.0516699091577937      -0.0155232019925347
3.1415926535897931     6.1452311387584775      0.0504141822792343      -0.0154625601004165
3.1415926535897931     6.2706440191413035      0.0492146818715502      -0.0154061417925322
3.1415926535897931     6.3960568995241296      0.0480675692628991      -0.0153535610086880
3.1415926535897931     6.5214697799069556      0.0469693344740746      -0.0153044818458999
3.1415926535897931     6.6468826602897817      0.0459167960020584      -0.0152585984670175
3.1415926535897931     6.7722955406726077      0.0449070462159439      -0.0152156527458266
3.1415926535897931     6.8977084210554338      0.0439374357439042      -0.0151753815472337
3.1415926535897931     7.0231213014382599      0.0430055032975923      -0.0151375587619122
3.1415926535897931     7.1485341818210859      0.0421090022078183      -0.0151019880525480
3.1415926535897931     7.2739470622039120      0.0412458535143614      -0.0150684816484206
3.1415926535897931     7.3993599425867380      0.0404141291048336      -0.0150368899813496
3.1415926535897931     7.5247728229695641      0.0396120763930184      -0.0150070779000510
3.1415926535897931     7.6501857033523901      0.0388380593043514      -0.0149789027367178
3.1415926535897931     7.7755985837352162      0.0380905539167727      -0.0149522455382916
3.1415926535897931     7.9010114641180422      0.0373681494202490      -0.0149270053730826
3.1415926535897931     8.0264243445008692      0.0366695462626004      -0.0149030816900562
3.1415926535897931     8.1518372248836961      0.0359935145571117      -0.0148803741910724
3.1415926535897931     8.2772501052665231      0.0353389108023710      -0.0148588122860958
3.1415926535897931     8.4026629856493500      0.0347046786168989      -0.0148383264049441
3.1415926535897931     8.5280758660321769      0.0340898313668933      -0.0148188457727287
3.1415926535897931     8.6534887464150039      0.0334934390876484      -0.0148003097766785
3.1415926535897931     8.7789016267978308      0.0329146458687516      -0.0147826603198724
3.1415926535897931     8.9043145071806578      0.0323526368604478      -0.0147658280071815
3.1415926535897931     9.0297273875634847      0.0318066368121143      -0.0147497573978856
3.1415926535897931     9.1551402679463116      0.0312759210222911      -0.0147344068714373
3.1415926535897931     9.2805531483291386      0.0307598116215922      -0.0147197318782167
3.1415926535897931     9.4059660287119655      0.0302576654839084      -0.0147056962897356
3.1415926535897931     9.5313789090947925      0.0297688849822277      -0.0146922675477181
3.1415926535897931     9.6567917894776194      0.0292929029647362      -0.0146794116995093
3.1415926535897931     9.7822046698604463      0.0288291886393279      -0.0146670970136173
3.1415926535897931     9.9076175502432733      0.0283772352810482      -0.0146552901949948
3.1415926535897931     10.0330304306261002      0.0279365621249002      -0.0146439629690188
3.1415926535897931     10.1584433110089272      0.0275067161820291      -0.0146330915352520
3.1415926535897931     10.2838561913917541      0.0270872691352607      -0.0146226490619870
3.1415926535897931     10.4092690717745811      0.0266778101754641      -0.0146126135206982
3.1415926535897931     10.5346819521574080      0.0262779539138822      -0.0146029661013518
3.1415926535897931     10.6600948325402349      0.0258873325907156      -0.0145936882970372
3.1415926535897931     10.7855077129230619      0.0255056009392618      -0.0145847640131721
3.1415926535897931     10.9109205933058888      0.0251324280015517      -0.0145761740799540
3.1415926535897931     11.0363334736887158      0.0247674989323586      -0.0145679049808823
3.1415926535897931     11.1617463540715427      0.0244105167594313      -0.0145599421375282
3.1415926535897931     11.2871592344543696      0.0240611992324883      -0.0145522702487586
3.1415926535897931     11.4125721148371966      0.0237192752754916      -0.0145448721629203
3.1415926535897931     11.5379849952200235      0.0233844834589553      -0.0145377337462680
3.1415926535897931     11.6633978756028505      0.0230565753613627      -0.0145308428228428
3.1415926535897931     11.7888107559856774      0.0227353142864844      -0.0145241883971467
3.1415926535897931     11.9142236363685043      0.0224204742283005      -0.0145177589472886
3.1415926535897931     12.0396365167513313      0.0221118366624938      -0.0145115447571259
3.1415926535897931     12.1650493971341582      0.0218091955531228      -0.0145055397502889
3.1415926535897931     12.2904622775169852      0.0215123555543128      -0.0144997354287089
3.1415926535897931     12.4158751578998121      0.0212211279668508      -0.0144941234433476
3.1415926535897931     12.5412880382826391      0.0209353336934551      -0.0144886958392520
3.1415926535897931     12.6667009186654660      0.0206547988874517      -0.0144834441313260
3.1415926535897931     12.7921137990482929      0.0203793572252911      -0.0144783619582978
3.1415926535897931     12.9175266794311199      0.0201088501233274      -0.0144734439595828
3.1415926535897931     13.0429395598139468      0.0198431277146136      -0.0144686842436630
3.1415926535897931     13.1683524401967738      0.0195820450720467      -0.0144640734541607
3.1415926535897931     13.2937653205796007      0.0193254597879987      -0.0144596048234352
3.1415926535897931     13.4191782009624276      0.0190732367640044      -0.0144552725469779
3.1415926535897931     13.5445910813452546      0.0188252458418918      -0.0144510706790261
3.1415926535897931     13.6700039617280815      0.0185813618394348      -0.0144469937323261
3.1415926535897931     13.7954168421109085      0.0183414642359436      -0.0144430359388054
3.1415926535897931     13.9208297224937354      0.0181054358505149      -0.0144391927060271
3.1415926535897931     14.0462426028765623      0.0178731649846611      -0.0144354599430740
3.1415926535897931     14.1716554832593893      0.0176445436129836      -0.0144318341584586
3.1415926535897931     14.2970683636422162      0.0174194684712693      -0.0144283122316453
3.1415926535897931     14.4224812440250432      0.0171978407923117      -0.0144248910548986
3.1415926535897931     14.5478941244078701      0.0169795652494522      -0.0144215662229627
3.1415926535897931     14.6733070047906971      0.0167645487668344      -0.0144183336762022
3.1415926535897931     14.7987198851735240      0.0165527007940531      -0.0144151906431976
3.1415926535897931     14.9241327655563509      0.0163439358792638      -0.0144121351115602
3.1415926535897931     15.0495456459391779      0.0161381711602067      -0.0144091638209879
3.1415926535897931     15.1749585263220048      0.0159353261927107      -0.0144062741474791
3.1415926535897931     15.3003714067048318      0.0157353234578035      -0.0144034637893942
3.1415926535897931     15.4257842870876587      0.0155380889681022      -0.0144007307686118
3.1415926535897931     15.5511971674704856      0.0153435509135627      -0.0143980716810812
3.1415926535897931     15.6766100478533126      0.0151516393339995      -0.0143954842729255
    
