-3.1415926535897931     0.0000000000000000      -0.9963243847509529      -2.1946851308568052
-3.1415926535897931     0.1254128803828261      0.8971681239911978      -2.0092868770662133
-3.1415926535897931     0.2508257607656522      0.9984803300009438      -0.8529136410782491
-3.1415926535897931     0.3762386411484783      0.6748121612469694      -0.4580587751212359
-3.1415926535897931     0.5016515215313043      0.4205844579255941      -0.3723147353430615
-3.1415926535897931     0.6270644019141304      0.3008701768186153      -0.4557644162673669
-3.1415926535897931     0.7524772822969564      0.4027212328135538      -0.5373389474590817
-3.1415926535897931     0.8778901626797825      0.4511392103602233      -0.3985791008257043
-3.1415926535897931     1.0033030430626086      0.4806415670204888      -0.3758767993101848
-3.1415926535897931     1.1287159234454347      0.4920919233798906      -0.2182150354857591
-3.1415926535897931     1.2541288038282608      0.3965867799555698      -0.1318846015726524
-3.1415926535897931     1.3795416842110868      0.3007524941333418      -0.1201500203602255
-3.1415926535897931     1.5049545645939129      0.2249976078872352      -0.1648658465328341
-3.1415926535897931     1.6303674449767389      0.2768411498701646      -0.2799794128253100
-3.1415926535897931     1.7557803253595650      0.3840564478953417      -0.1852709889439949
-3.1415926535897931     1.8811932057423910      0.3459421859014066      -0.1043901863027433
-3.1415926535897931     2.0066060861252173      0.3065482273866075      -0.0756730434678165
-3.1415926535897931     2.1320189665080433      0.2737101617599739      -0.0604797748429987
-3.1415926535897931     2.2574318468908694      0.2479417392391250      -0.0583275244301573
-3.1415926535897931     2.3828447272736955      0.2376356445171495      -0.0544418688953591
-3.1415926535897931     2.5082576076565215      0.2224351615556890      -0.0450264057422003
-3.1415926535897931     2.6336704880393476      0.2063692566017243      -0.0401200932788328
-3.1415926535897931     2.7590833684221736      0.1923059713084427      -0.0393332753867759
-3.1415926535897931     2.8844962488049997      0.1844139422217282      -0.0391414434758674
-3.1415926535897931     3.0099091291878257      0.1757041282168771      -0.0352691316003956
-3.1415926535897931     3.1353220095706518      0.1663765656512643      -0.0334716123288713
-3.1415926535897931     3.2607348899534778      0.1590584769883824      -0.0324229936218949
-3.1415926535897931     3.3861477703363039      0.1519382061198617      -0.0306704943902604
-3.1415926535897931     3.5115606507191299      0.1450958673529447      -0.0296601220781478
-3.1415926535897931     3.6369735311019560      0.1390066978334726      -0.0288757117579512
-3.1415926535897931     3.7623864114847820      0.1333513000699853      -0.0282269881046070
-3.1415926535897931     3.8877992918676081      0.1281691944726278      -0.0277367037263476
-3.1415926535897931     4.0132121722504346      0.1234097644306184      -0.0273115741424002
-3.1415926535897931     4.1386250526332606      0.1189947344262886      -0.0269449716515252
-3.1415926535897931     4.2640379330160867      0.1148923927971318      -0.0266274419430456
-3.1415926535897931     4.3894508133989127      0.1110686150583607      -0.0263481848869140
-3.1415926535897931     4.5148636937817388      0.1074938411210494      -0.0260994436783598
-3.1415926535897931     4.6402765741645648      0.1041421922993936      -0.0258761395658245
-3.1415926535897931     4.7656894545473909      0.1009921004110070      -0.0256745822094344
-3.1415926535897931     4.8911023349302170      0.0980247637876965      -0.0254915014554498
-3.1415926535897931     5.0165152153130430      0.0952235023462814      -0.0253245524794132
-3.1415926535897931     5.1419280956958691      0.0925740553497089      -0.0251719294622032
-3.1415926535897931     5.2673409760786951      0.0900638966406258      -0.0250319065846418
-3.1415926535897931     5.3927538564615212      0.0876817002627936      -0.0249029474892812
-3.1415926535897931     5.5181667368443472      0.0854173889266506      -0.0247839779900631
-3.1415926535897931     5.6435796172271733      0.0832621426142553      -0.0246739597246560
-3.1415926535897931     5.7689924976099993      0.0812078425530091      -0.0245719242421879
-3.1415926535897931     5.8944053779928254      0.0792472574493360      -0.0244771607346582
-3.1415926535897931     6.0198182583756514      0.0773738660436006      -0.0243889545662743
-3.1415926535897931     6.1452311387584775      0.0755817392494168      -0.0243066958275137
-3.1415926535897931     6.2706440191413035      0.0738654457298407      -0.0242298036299715
-3.1415926535897931     6.3960568995241296      0.0722200332919560      -0.0241578603688497
-3.1415926535897931     6.5214697799069556      0.0706410501432554      -0.0240904253469092
-3.1415926535897931     6.6468826602897817      0.0691243278452989      -0.0240271133204416
-3.1415926535897931     6.7722955406726077      0.0676660988437886      -0.0239676252965180
-3.1415926535897931     6.8977084210554338      0.0662628887681969      -0.0239116563533327
-3.1415926535897931     7.0231213014382599      0.0649115312430799      -0.0238589480628609
-3.1415926535897931     7.1485341818210859      0.0636090505144285      -0.0238092075828532
-3.1415926535897931     7.2739470622039120      0.0623527013475654      -0.0237622610946854
-3.1415926535897931     7.3993599425867380      0.0611399901211307      -0.0237178895513256
-3.1415926535897931     7.5247728229695641      0.0599685468411601      -0.0236759086279976
-3.1415926535897931     7.6501857033523901      0.0588362285800611      -0.0236361614872159
-3.1415926535897931     7.7755985837352162      0.0577409984238503      -0.0235984628758126
-3.1415926535897931     7.9010114641180422      0.0566809704920921      -0.0235626784163032
-3.1415926535897931     8.0264243445008692      0.0556543764666568      -0.0235286535228963
-3.1415926535897931     8.1518372248836961      0.0546595518860729      -0.0234962843493802
-3.1415926535897931     8.2772501052665231      0.0536949676320323      -0.0234654521132825
-3.1415926535897931     8.4026629856493500      0.0527591573775421      -0.0234360591640594
-3.1415926535897931     8.5280758660321769      0.0518507764137092      -0.0234080243035961
-3.1415926535897931     8.6534887464150039      0.0509685397042027      -0.0233812670911078
-3.1415926535897931     8.7789016267978308      0.0501112772680895      -0.0233557335037189
-3.1415926535897931     8.9043145071806578      0.0492778702307916      -0.0233313291931048
-3.1415926535897931     9.0297273875634847      0.0484672573267557      -0.0233080142933516
-3.1415926535897931     9.1551402679463116      0.0476784742910280      -0.0232857179478335
-3.1415926535897931     9.2805531483291386      0.0469105723810151      -0.0232643772497298
-3.1415926535897931     9.4059660287119655      0.0461626805568040      -0.0232439440155907
-3.1415926535897931     9.5313789090947925      0.0454339579892131      -0.0232243625478044
-3.1415926535897931     9.6567917894776194      0.0447236258582343      -0.0232055970938736
-3.1415926535897931     9.7822046698604463      0.0440309450083157      -0.0231875949236134
-3.1415926535897931     9.9076175502432733      0.0433552113447914      -0.0231703142623278
-3.1415926535897931     10.0330304306261002      0.0426957574729716      -0.0231537056547542
-3.1415926535897931     10.1584433110089272      0.0420519358044280      -0.0231377363141131
-3.1415926535897931     10.2838561913917541      0.0414231525807258      -0.0231223763832645
-3.1415926535897931     10.4092690717745811      0.0408088283304592      -0.0231075903646484
-3.1415926535897931     10.5346819521574080      0.0402084256916083      -0.0230933586318350
-3.1415926535897931     10.6600948325402349      0.0396214257777307      -0.0230796425614899
-3.1415926535897931     10.7855077129230619      0.0390473331877042      -0.0230664297320909
-3.1415926535897931     10.9109205933058888      0.0384856894513154      -0.0230536900211769
-3.1415926535897931     11.0363334736887158      0.0379360423884655      -0.0230414049735102
-3.1415926535897931     11.1617463540715427      0.0373979771824361      -0.0230295495945687
-3.1415926535897931     11.2871592344543696      0.0368710782444933      -0.0230180995311944
-3.1415926535897931     11.4125721148371966      0.0363549587989212      -0.0230070439860890
-3.1415926535897931     11.5379849952200235      0.0358492511114520      -0.0229963658977034
-3.1415926535897931     11.6633978756028505      0.0353536041489034      -0.0229860517640419
-3.1415926535897931     11.7888107559856774      0.0348676821375508      -0.0229760851334567
-3.1415926535897931     11.9142236363685043      0.0343911633099508      -0.0229664571334420
-3.1415926535897931     12.0396365167513313      0.0339237496242754      -0.0229571521677044
-3.1415926535897931     12.1650493971341582      0.0334651432239041      -0.0229481503866765
-3.1415926535897931     12.2904622775169852      0.0330150642558502      -0.0229394418485719
-3.1415926535897931     12.4158751578998121      0.0325732396797745      -0.0229310079026686
-3.1415926535897931     12.5412880382826391      0.0321394089404894      -0.0229228434712243
-3.1415926535897931     12.6667009186654660      0.0317133278182435      -0.0229149342904832
-3.1415926535897931     12.7921137990482929      0.0312947578797677      -0.0229072687646316
-3.1415926535897931     12.9175266794311199      0.0308834702044856      -0.0228998300739309
-3.1415926535897931     13.0429395598139468      0.0304792364127320      -0.0228926086784838
-3.1415926535897931     13.1683524401967738      0.0300818460971099      -0.0228855977170301
-3.1415926535897931     13.2937653205796007      0.0296910906005878      -0.0228787856366981
-3.1415926535897931     13.4191782009624276      0.0293067696436971      -0.0228721713385834
-3.1415926535897931     13.5445910813452546      0.0289286976869242      -0.0228657508648343
-3.1415926535897931     13.6700039617280815      0.0285566944476350      -0.0228595199328844
-3.1415926535897931     13.7954168421109085      0.0281905893774691      -0.0228534724297625
-3.1415926535897931     13.9208297224937354      0.0278302142511102      -0.0228476025542387
-3.1415926535897931     14.0462426028765623      0.0274754129874831      -0.0228419051231561
-3.1415926535897931     14.1716554832593893      0.0271260292712722      -0.0228363695351973
-3.1415926535897931     14.2970683636422162      0.0267819135212808      -0.0228309922558873
-3.1415926535897931     14.4224812440250432      0.0264429229961250      -0.0228257636823691
-3.1415926535897931     14.5478941244078701      0.0261089152333793      -0.0228206778215675
-3.1415926535897931     14.6733070047906971      0.0257797555079865      -0.0228157286148159
-3.1415926535897931     14.7987198851735240      0.0254553105717708      -0.0228109113790517
-3.1415926535897931     14.9241327655563509      0.0251354559433182      -0.0228062236835413
-3.1415926535897931     15.0495456459391779      0.0248200703654028      -0.0228016590331164
-3.1415926535897931     15.1749585263220048      0.0245090353136422      -0.0227972135765599
-3.1415926535897931     15.3003714067048318      0.0242022364188688      -0.0227928826959009
-3.1415926535897931     15.4257842870876587      0.0238995629063326      -0.0227886646466479
-3.1415926535897931     15.5511971674704856      0.0236009108547499      -0.0227845555835825
-3.1415926535897931     15.6766100478533126      0.0233061768188232      -0.0227805507990714
    
-2.7925268031909272     0.0000000000000000      -0.5885786081343356      -1.3369440102532646
-2.7925268031909272     0.1254128803828261      0.4853334203266487      -1.1332823921774875
-2.7925268031909272     0.2508257607656522      0.4892905048458951      -0.4953484077878574
-2.7925268031909272     0.3762386411484783      0.2834753612811587      -0.2926842121967360
-2.7925268031909272     0.5016515215313043      0.1142247307506424      -0.2782819234287635
-2.7925268031909272     0.6270644019141304      0.0461625001534260      -0.3928526979820643
-2.7925268031909272     0.7524772822969564      0.1742029375592124      -0.4948627024648800
-2.7925268031909272     0.8778901626797825      0.2396888505656241      -0.3863102836029542
-2.7925268031909272     1.0033030430626086      0.3019954948742134      -0.3949756284433129
-2.7925268031909272     1.1287159234454347      0.3361266721616242      -0.2494825627890553
-2.7925268031909272     1.2541288038282608      0.2813548991620342      -0.2063394551477739
-2.7925268031909272     1.3795416842110868      0.2574167770393463      -0.1654358992142527
-2.7925268031909272     1.5049545645939129      0.2021711926652798      -0.1742064085951139
-2.7925268031909272     1.6303674449767389      0.2466371949181359      -0.2341609544125230
-2.7925268031909272     1.7557803253595650      0.3079542538475628      -0.1471454330695144
-2.7925268031909272     1.8811932057423910      0.2703213849424025      -0.0880235222738632
-2.7925268031909272     2.0066060861252173      0.2405781360222594      -0.0669321565144283
-2.7925268031909272     2.1320189665080433      0.2143222151488516      -0.0533185381403619
-2.7925268031909272     2.2574318468908694      0.1950809200501412      -0.0497240818439416
-2.7925268031909272     2.3828447272736955      0.1855396471574366      -0.0443357158859552
-2.7925268031909272     2.5082576076565215      0.1721789798652290      -0.0361452980674275
-2.7925268031909272     2.6336704880393476      0.1587478248946523      -0.0324760592039324
-2.7925268031909272     2.7590833684221736      0.1483528276517634      -0.0314138863358598
-2.7925268031909272     2.8844962488049997      0.1414806129216124      -0.0301889177018481
-2.7925268031909272     3.0099091291878257      0.1342948306637458      -0.0272042894828303
-2.7925268031909272     3.1353220095706518      0.1269509720492447      -0.0252953915855323
-2.7925268031909272     3.2607348899534778      0.1208223370561592      -0.0240861480426996
-2.7925268031909272     3.3861477703363039      0.1149212858853672      -0.0226486329915453
-2.7925268031909272     3.5115606507191299      0.1094108075097501      -0.0218332912037601
-2.7925268031909272     3.6369735311019560      0.1045659730551339      -0.0211707304739145
-2.7925268031909272     3.7623864114847820      0.1000720694344053      -0.0206177312432078
-2.7925268031909272     3.8877992918676081      0.0959757599685002      -0.0202032123327130
-2.7925268031909272     4.0132121722504346      0.0922308538887606      -0.0198460008001311
-2.7925268031909272     4.1386250526332606      0.0887711260206445      -0.0195413912720518
-2.7925268031909272     4.2640379330160867      0.0855696442462259      -0.0192793194143791
-2.7925268031909272     4.3894508133989127      0.0825963736147643      -0.0190506294871363
-2.7925268031909272     4.5148636937817388      0.0798265410182949      -0.0188483981275368
-2.7925268031909272     4.6402765741645648      0.0772380222857965      -0.0186675787017633
-2.7925268031909272     4.7656894545473909      0.0748119972940372      -0.0185049679608965
-2.7925268031909272     4.8911023349302170      0.0725328213607303      -0.0183580950166422
-2.7925268031909272     5.0165152153130430      0.0703866758451437      -0.0182247508007019
-2.7925268031909272     5.1419280956958691      0.0683616461001278      -0.0181032347060415
-2.7925268031909272     5.2673409760786951      0.0664471277636698      -0.0179920913551618
-2.7925268031909272     5.3927538564615212      0.0646339311837237      -0.0178902475949155
-2.7925268031909272     5.5181667368443472      0.0629139101150445      -0.0177965461187936
-2.7925268031909272     5.6435796172271733      0.0612796140658522      -0.0177101224341112
-2.7925268031909272     5.7689924976099993      0.0597245867002640      -0.0176302856968636
-2.7925268031909272     5.8944053779928254      0.0582429356624188      -0.0175563009675672
-2.7925268031909272     6.0198182583756514      0.0568293439470383      -0.0174876228738759
-2.7925268031909272     6.1452311387584775      0.0554790253567878      -0.0174237429346086
-2.7925268031909272     6.2706440191413035      0.0541876646027470      -0.0173642448055141
-2.7925268031909272     6.3960568995241296      0.0529513371820850      -0.0173086841597241
-2.7925268031909272     6.5214697799069556      0.0517664031333632      -0.0172567296086952
-2.7925268031909272     6.6468826602897817      0.0506296221716072      -0.0172080819725091
-2.7925268031909272     6.7722955406726077      0.0495379780921164      -0.0171624324903141
-2.7925268031909272     6.8977084210554338      0.0484887099122204      -0.0171195372774688
-2.7925268031909272     7.0231213014382599      0.0474792532362603      -0.0170791701707507
-2.7925268031909272     7.1485341818210859      0.0465072981593595      -0.0170411772275587
-2.7925268031909272     7.2739470622039120      0.0455707119568699      -0.0170053365545274
-2.7925268031909272     7.3993599425867380      0.0446674761981263      -0.0169715007819354
-2.7925268031909272     7.5247728229695641      0.0437957782560591      -0.0169395247324639
-2.7925268031909272     7.6501857033523901      0.0429538906531383      -0.0169092593523124
-2.7925268031909272     7.7755985837352162      0.0421402382899876      -0.0168806013113514
-2.7925268031909272     7.9010114641180422      0.0413533444533006      -0.0168534288070995
-2.7925268031909272     8.0264243445008692      0.0405918439662873      -0.0168276573165299
-2.7925268031909272     8.1518372248836961      0.0398544690872064      -0.0168031718568878
-2.7925268031909272     8.2772501052665231      0.0391400061181502      -0.0167798962389762
-2.7925268031909272     8.4026629856493500      0.0384473572457933      -0.0167577535004927
-2.7925268031909272     8.5280758660321769      0.0377754676497593      -0.0167366659448487
-2.7925268031909272     8.6534887464150039      0.0371233714017378      -0.0167165705027814
-2.7925268031909272     8.7789016267978308      0.0364901351528165      -0.0166973919561195
-2.7925268031909272     8.9043145071806578      0.0358748990628212      -0.0166790988605520
-2.7925268031909272     9.0297273875634847      0.0352768669759747      -0.0166616214518302
-2.7925268031909272     9.1551402679463116      0.0346952605387889      -0.0166449188438966
-2.7925268031909272     9.2805531483291386      0.0341293790162207      -0.0166289505246337
-2.7925268031909272     9.4059660287119655      0.0335785409490613      -0.0166136682152186
-2.7925268031909272     9.5313789090947925      0.0330421190864135      -0.0165990340482417
-2.7925268031909272     9.6567917894776194      0.0325195030134726      -0.0165849985651717
-2.7925268031909272     9.7822046698604463      0.0320101182697620      -0.0165715343607787
-2.7925268031909272     9.9076175502432733      0.0315134227315387      -0.0165586071514126
-2.7925268031909272     10.0330304306261002      0.0310289021132272      -0.0165461999648086
-2.7925268031909272     10.1584433110089272      0.0305560861566782      -0.0165342845804590
-2.7925268031909272     10.2838561913917541      0.0300945086224205      -0.0165228319601789
-2.7925268031909272     10.4092690717745811      0.0296437401057314      -0.0165118261007383
-2.7925268031909272     10.5346819521574080      0.0292033669368873      -0.0165012409693624
-2.7925268031909272     10.6600948325402349      0.0287730027223759      -0.0164910648821939
-2.7925268031909272     10.7855077129230619      0.0283522806667956      -0.0164812682876072
-2.7925268031909272     10.9109205933058888      0.0279408427263449      -0.0164718369590165
-2.7925268031909272     11.0363334736887158      0.0275383586588426      -0.0164627469581611
-2.7925268031909272     11.1617463540715427      0.0271444977086527      -0.0164539834887833
-2.7925268031909272     11.2871592344543696      0.0267589625083308      -0.0164455349576771
-2.7925268031909272     11.4125721148371966      0.0263814601476507      -0.0164373789750733
-2.7925268031909272     11.5379849952200235      0.0260117088567399      -0.0164295032816051
-2.7925268031909272     11.6633978756028505      0.0256494418936910      -0.0164218946634180
-2.7925268031909272     11.7888107559856774      0.0252944047134641      -0.0164145438281072
-2.7925268031909272     11.9142236363685043      0.0249463563167913      -0.0164074366612520
-2.7925268031909272     12.0396365167513313      0.0246050593110030      -0.0164005646158992
-2.7925268031909272     12.1650493971341582      0.0242702965283052      -0.0163939217446798
-2.7925268031909272     12.2904622775169852      0.0239418543883403      -0.0163874959051659
-2.7925268031909272     12.4158751578998121      0.0236195342799017      -0.0163812822135254
-2.7925268031909272     12.5412880382826391      0.0233031425840621      -0.0163752635686987
-2.7925268031909272     12.6667009186654660      0.0229924876991534      -0.0163694327693471
-2.7925268031909272     12.7921137990482929      0.0226873891282759      -0.0163637817961458
-2.7925268031909272     12.9175266794311199      0.0223876733236447      -0.0163583079800529
-2.7925268031909272     13.0429395598139468      0.0220931800690973      -0.0163530038828850
-2.7925268031909272     13.1683524401967738      0.0218037478945760      -0.0163478617420367
-2.7925268031909272     13.2937653205796007      0.0215192271991100      -0.0163428789974808
-2.7925268031909272     13.4191782009624276      0.0212394743140095      -0.0163380458834011
-2.7925268031909272     13.5445910813452546      0.0209643464078707      -0.0163333563529106
-2.7925268031909272     13.6700039617280815      0.0206937087725392      -0.0163288043371084
-2.7925268031909272     13.7954168421109085      0.0204274296482672      -0.0163243854594032
-2.7925268031909272     13.9208297224937354      0.0201653862346628      -0.0163200946051379
-2.7925268031909272     14.0462426028765623      0.0199074551463188      -0.0163159258361790
-2.7925268031909272     14.1716554832593893      0.0196535224480448      -0.0163118770254493
-2.7925268031909272     14.2970683636422162      0.0194034758008264      -0.0163079398772728
-2.7925268031909272     14.4224812440250432      0.0191572049642358      -0.0163041124351890
-2.7925268031909272     14.5478941244078701      0.0189146073846341      -0.0163003901893106
-2.7925268031909272     14.6733070047906971      0.0186755810729027      -0.0162967693800846
-2.7925268031909272     14.7987198851735240      0.0184400301905278      -0.0162932463751885
-2.7925268031909272     14.9241327655563509      0.0182078588862113      -0.0162898163589937
-2.7925268031909272     15.0495456459391779      0.0179789757711729      -0.0162864786286886
-2.7925268031909272     15.1749585263220048      0.0177532939566420      -0.0162832308076807
-2.7925268031909272     15.3003714067048318      0.0175307303531042      -0.0162800714824657
-2.7925268031909272     15.4257842870876587      0.0173112047646012      -0.0162769958698538
-2.7925268031909272     15.5511971674704856      0.0170946363971117      -0.0162740016804839
-2.7925268031909272     15.6766100478533126      0.0168809503367085      -0.0162710874120019
    
-2.4434609527920612     0.0000000000000000      -0.2786221330508182      -0.6750977497604229
-2.4434609527920612     0.1254128803828261      0.1770776869471878      -0.4726216764417218
-2.4434609527920612     0.2508257607656522      0.1166394074990507      -0.2224127578138985
-2.4434609527920612     0.3762386411484783      0.0045383602239939      -0.1594043644966265
-2.4434609527920612     0.5016515215313043      -0.0961474509100271      -0.1872186500165620
-2.4434609527920612     0.6270644019141304      -0.1372704901628939      -0.3072940198672913
-2.4434609527920612     0.7524772822969564      -0.0090056995811855      -0.4254980117041507
-2.4434609527920612     0.8778901626797825      0.0612538072854979      -0.3477534152620526
-2.4434609527920612     1.0033030430626086      0.1344731062815225      -0.3888371266035717
-2.4434609527920612     1.1287159234454347      0.1893704719650843      -0.2667929223990315
-2.4434609527920612     1.2541288038282608      0.1678411634975430      -0.2604877999366392
-2.4434609527920612     1.3795416842110868      0.1961299779393354      -0.2037406026609686
-2.4434609527920612     1.5049545645939129      0.1584680347180123      -0.1980777303021659
-2.4434609527920612     1.6303674449767389      0.2132153009489610      -0.2284278284850565
-2.4434609527920612     1.7557803253595650      0.2582297059972175      -0.1348449124483258
-2.4434609527920612     1.8811932057423910      0.2193520815682844      -0.0801661207219315
-2.4434609527920612     2.0066060861252173      0.1914157227341318      -0.0609511180101984
-2.4434609527920612     2.1320189665080433      0.1667259628357686      -0.0490874349118387
-2.4434609527920612     2.2574318468908694      0.1501590066557864      -0.0488064175846827
-2.4434609527920612     2.3828447272736955      0.1483708358888768      -0.0447737305362612
-2.4434609527920612     2.5082576076565215      0.1382791746369746      -0.0323430227037116
-2.4434609527920612     2.6336704880393476      0.1257030685410555      -0.0270919180715888
-2.4434609527920612     2.7590833684221736      0.1165300678906065      -0.0249382208016642
-2.4434609527920612     2.8844962488049997      0.1097045443807201      -0.0228178381971351
-2.4434609527920612     3.0099091291878257      0.1030305707546580      -0.0203320376096903
-2.4434609527920612     3.1353220095706518      0.0967618697468341      -0.0186033522072133
-2.4434609527920612     3.2607348899534778      0.0913806915633655      -0.0174124379048154
-2.4434609527920612     3.3861477703363039      0.0863535343361939      -0.0163267809327580
-2.4434609527920612     3.5115606507191299      0.0818391465158090      -0.0156976760094590
-2.4434609527920612     3.6369735311019560      0.0779240757126560      -0.0151392190156990
-2.4434609527920612     3.7623864114847820      0.0742973747107280      -0.0146612397777815
-2.4434609527920612     3.8877992918676081      0.0710142943637437      -0.0143076575725626
-2.4434609527920612     4.0132121722504346      0.0680351748222962      -0.0139992970360139
-2.4434609527920612     4.1386250526332606      0.0652946400268929      -0.0137375499326807
-2.4434609527920612     4.2640379330160867      0.0627727058415281      -0.0135153609319588
-2.4434609527920612     4.3894508133989127      0.0604434572137570      -0.0133232872195669
-2.4434609527920612     4.5148636937817388      0.0582846787658637      -0.0131543490355556
-2.4434609527920612     4.6402765741645648      0.0562762923276900      -0.0130043524910503
-2.4434609527920612     4.7656894545473909      0.0544022585443910      -0.0128704387681990
-2.4434609527920612     4.8911023349302170      0.0526487699348662      -0.0127501508459931
-2.4434609527920612     5.0165152153130430      0.0510038625453857      -0.0126416501390872
-2.4434609527920612     5.1419280956958691      0.0494573507264968      -0.0125434151369405
-2.4434609527920612     5.2673409760786951      0.0480003017626211      -0.0124540574762102
-2.4434609527920612     5.3927538564615212      0.0466247338753371      -0.0123724397844397
-2.4434609527920612     5.5181667368443472      0.0453236739901514      -0.0122977702740036
-2.4434609527920612     5.6435796172271733      0.0440910734067981      -0.0122292253921885
-2.4434609527920612     5.7689924976099993      0.0429213588259661      -0.0121660969602848
-2.4434609527920612     5.8944053779928254      0.0418096702291354      -0.0121078838270704
-2.4434609527920612     6.0198182583756514      0.0407516371204249      -0.0120540423979946
-2.4434609527920612     6.1452311387584775      0.0397433035104327      -0.0120041497186177
-2.4434609527920612     6.2706440191413035      0.0387811091277221      -0.0119578109359231
-2.4434609527920612     6.3960568995241296      0.0378618249805399      -0.0119147156460593
-2.4434609527920612     6.5214697799069556      0.0369825661796809      -0.0118745451848186
-2.4434609527920612     6.6468826602897817      0.0361406369394316      -0.0118370174189741
-2.4434609527920612     6.7722955406726077      0.0353336104705321      -0.0118019190671265
-2.4434609527920612     6.8977084210554338      0.0345592726313083      -0.0117690426380470
-2.4434609527920612     7.0231213014382599      0.0338156119136219      -0.0117381994087435
-2.4434609527920612     7.1485341818210859      0.0331007435408876      -0.0117091894535665
-2.4434609527920612     7.2739470622039120      0.0324129296605358      -0.0116818966514563
-2.4434609527920612     7.3993599425867380      0.0317506181530055      -0.0116561791839150
-2.4434609527920612     7.5247728229695641      0.0311123291855294      -0.0116319083605548
-2.4434609527920612     7.6501857033523901      0.0304967165529491      -0.0116089894813664
-2.4434609527920612     7.7755985837352162      0.0299025280746932      -0.0115873203752132
-2.4434609527920612     7.9010114641180422      0.0293286147958301      -0.0115668218359430
-2.4434609527920612     8.0264243445008692      0.0287738932854066      -0.0115473991486098
-2.4434609527920612     8.1518372248836961      0.0282373587218334      -0.0115290081876195
-2.4434609527920612     8.2772501052665231      0.0277181116442124      -0.0115115734383423
-2.4434609527920612     8.4026629856493500      0.0272152729398570      -0.0114950259490851
-2.4434609527920612     8.5280758660321769      0.0267280452758957      -0.0114793113008712
-2.4434609527920612     8.6534887464150039      0.0262556683934979      -0.0114643684379763
-2.4434609527920612     8.7789016267978308      0.0257974427338484      -0.0114501520035844
-2.4434609527920612     8.9043145071806578      0.0253527047562643      -0.0114365954474269
-2.4434609527920612     9.0297273875634847      0.0249208179494379      -0.0114236611548462
-2.4434609527920612     9.1551402679463116      0.0245012016459951      -0.0114113064924660
-2.4434609527920612     9.2805531483291386      0.0240932922388287      -0.0113994920796122
-2.4434609527920612     9.4059660287119655      0.0236965725298075      -0.0113881889563268
-2.4434609527920612     9.5313789090947925      0.0233105415395959      -0.0113773694594835
-2.4434609527920612     9.6567917894776194      0.0229347463226936      -0.0113670189063366
-2.4434609527920612     9.7822046698604463      0.0225687548955345      -0.0113571068496504
-2.4434609527920612     9.9076175502432733      0.0222121613273902      -0.0113476183995479
-2.4434609527920612     10.0330304306261002      0.0218645855985962      -0.0113385201283920
-2.4434609527920612     10.1584433110089272      0.0215256496532717      -0.0113297934289909
-2.4434609527920612     10.2838561913917541      0.0211950171383796      -0.0113214273936773
-2.4434609527920612     10.4092690717745811      0.0208723632898943      -0.0113133950432251
-2.4434609527920612     10.5346819521574080      0.0205573756795710      -0.0113056772396804
-2.4434609527920612     10.6600948325402349      0.0202497559685826      -0.0112982548491647
-2.4434609527920612     10.7855077129230619      0.0199492220983838      -0.0112911157667572
-2.4434609527920612     10.9109205933058888      0.0196555066814253      -0.0112842436898257
-2.4434609527920612     11.0363334736887158      0.0193683533867630      -0.0112776330343953
-2.4434609527920612     11.1617463540715427      0.0190875315916768      -0.0112712702812799
-2.4434609527920612     11.2871592344543696      0.0188128067441805      -0.0112651386771002
-2.4434609527920612     11.4125721148371966      0.0185439623774957      -0.0112592333399007
-2.4434609527920612     11.5379849952200235      0.0182807951708542      -0.0112535393614568
-2.4434609527920612     11.6633978756028505      0.0180231051020944      -0.0112480443758641
-2.4434609527920612     11.7888107559856774      0.0177707021366828      -0.0112427354670649
-2.4434609527920612     11.9142236363685043      0.0175234014218295      -0.0112376039585073
-2.4434609527920612     12.0396365167513313      0.0172810290661509      -0.0112326406734053
-2.4434609527920612     12.1650493971341582      0.0170434151954639      -0.0112278398725174
-2.4434609527920612     12.2904622775169852      0.0168104045404922      -0.0112231963577523
-2.4434609527920612     12.4158751578998121      0.0165818402319094      -0.0112187016723183
-2.4434609527920612     12.5412880382826391      0.0163575780017505      -0.0112143583683501
-2.4434609527920612     12.6667009186654660      0.0161374846526059      -0.0112101606079240
-2.4434609527920612     12.7921137990482929      0.0159214294010014      -0.0112061026314955
-2.4434609527920612     12.9175266794311199      0.0157092867239324      -0.0112021766634733
-2.4434609527920612     13.0429395598139468      0.0155009332506716      -0.0111983784046796
-2.4434609527920612     13.1683524401967738      0.0152962554291228      -0.0111947033749447
-2.4434609527920612     13.2937653205796007      0.0150951412359158      -0.0111911441214502
-2.4434609527920612     13.4191782009624276      0.0148974831509447      -0.0111876968125664
-2.4434609527920612     13.5445910813452546      0.0147031792912901      -0.0111843542673210
-2.4434609527920612     13.6700039617280815      0.0145121287389812      -0.0111811112072814
-2.4434609527920612     13.7954168421109085      0.0143242358035778      -0.0111779612654992
-2.4434609527920612     13.9208297224937354      0.0141394047374591      -0.0111748998366509
-2.4434609527920612     14.0462426028765623      0.0139575465883198      -0.0111719235186969
-2.4434609527920612     14.1716554832593893      0.0137785717763257      -0.0111690286324136
-2.4434609527920612     14.2970683636422162      0.0136023979574458      -0.0111662164745833
-2.4434609527920612     14.4224812440250432      0.0134289471599168      -0.0111634833692053
-2.4434609527920612     14.5478941244078701      0.0132581415408817      -0.0111608277832362
-2.4434609527920612     14.6733070047906971      0.0130899087569966      -0.0111582484256060
-2.4434609527920612     14.7987198851735240      0.0129241777363375      -0.0111557433688578
-2.4434609527920612     14.9241327655563509      0.0127608822236837      -0.0111533117138794
-2.4434609527920612     15.0495456459391779      0.0125999576300312      -0.0111509496520316
-2.4434609527920612     15.1749585263220048      0.0124413409672551      -0.0111486541388909
-2.4434609527920612     15.3003714067048318      0.0122849695979315      -0.0111464213371231
-2.4434609527920612     15.4257842870876587      0.0121307837179543      -0.0111442514077495
-2.4434609527920612     15.5511971674704856      0.0119787287602135      -0.0111421408688912
-2.4434609527920612     15.6766100478533126      0.0118287476616410      -0.0111400855848960
    
-2.0943951023931957     0.0000000000000000      -0.3982452702437158      -0.9048807166527831
-2.0943951023931957     0.1254128803828261      0.3086102539089216      -0.7411411726425978
-2.0943951023931957     0.2508257607656522      0.2981582453664999      -0.3244783126788249
-2.0943951023931957     0.3762386411484783      0.1607997588896569      -0.1901616179169313
-2.0943951023931957     0.5016515215313043      0.0435316956224710      -0.1682253864894862
-2.0943951023931957     0.6270644019141304      -0.0465276840953350      -0.2369790786037849
-2.0943951023931957     0.7524772822969564      0.0247975236311741      -0.3586269185112254
-2.0943951023931957     0.8778901626797825      0.0738956429353690      -0.3027286185052457
-2.0943951023931957     1.0033030430626086      0.1279886872771885      -0.3546818962690287
-2.0943951023931957     1.1287159234454347      0.1835808533397404      -0.2490975763455318
-2.0943951023931957     1.2541288038282608      0.1566829039072872      -0.2384374399812115
-2.0943951023931957     1.3795416842110868      0.1638637378505283      -0.1958896235618116
-2.0943951023931957     1.5049545645939129      0.1170230433241951      -0.2168997183499184
-2.0943951023931957     1.6303674449767389      0.1971777594590318      -0.2932520834834438
-2.0943951023931957     1.7557803253595650      0.2923786864323689      -0.1771018056406583
-2.0943951023931957     1.8811932057423910      0.2514181408340149      -0.0951735421865426
-2.0943951023931957     2.0066060861252173      0.2136301495173584      -0.0669454833722631
-2.0943951023931957     2.1320189665080433      0.1825066880114348      -0.0537970385472245
-2.0943951023931957     2.2574318468908694      0.1611396100306903      -0.0577040610007562
-2.0943951023931957     2.3828447272736955      0.1659031515027209      -0.0561755698601798
-2.0943951023931957     2.5082576076565215      0.1567900534929986      -0.0379271040660775
-2.0943951023931957     2.6336704880393476      0.1420771927569668      -0.0297165806963730
-2.0943951023931957     2.7590833684221736      0.1302144937482319      -0.0266256813410153
-2.0943951023931957     2.8844962488049997      0.1221497190246281      -0.0245667756521533
-2.0943951023931957     3.0099091291878257      0.1143032614514160      -0.0217128934260455
-2.0943951023931957     3.1353220095706518      0.1070274087570222      -0.0202526608854833
-2.0943951023931957     3.2607348899534778      0.1010914862313924      -0.0192238267372104
-2.0943951023931957     3.3861477703363039      0.0956433237063222      -0.0181792498745505
-2.0943951023931957     3.5115606507191299      0.0907338711832805      -0.0175349638545651
-2.0943951023931957     3.6369735311019560      0.0864506070880416      -0.0169543354030661
-2.0943951023931957     3.7623864114847820      0.0824862383557989      -0.0164508873431705
-2.0943951023931957     3.8877992918676081      0.0788906447256019      -0.0160765058001006
-2.0943951023931957     4.0132121722504346      0.0756268273288845      -0.0157459542787153
-2.0943951023931957     4.1386250526332606      0.0726197223868212      -0.0154621222831834
-2.0943951023931957     4.2640379330160867      0.0698487466817153      -0.0152210627303380
-2.0943951023931957     4.3894508133989127      0.0672875377536303      -0.0150124804153331
-2.0943951023931957     4.5148636937817388      0.0649121501797250      -0.0148286921541248
-2.0943951023931957     4.6402765741645648      0.0627006809867141      -0.0146649853184810
-2.0943951023931957     4.7656894545473909      0.0606354239571943      -0.0145186605569410
-2.0943951023931957     4.8911023349302170      0.0587018070044122      -0.0143874270145474
-2.0943951023931957     5.0165152153130430      0.0568870710062138      -0.0142689930751010
-2.0943951023931957     5.1419280956958691      0.0551799870585388      -0.0141616096615806
-2.0943951023931957     5.2673409760786951      0.0535706978338910      -0.0140638683816012
-2.0943951023931957     5.3927538564615212      0.0520507054744433      -0.0139747062816458
-2.0943951023931957     5.5181667368443472      0.0506124925317203      -0.0138929988222551
-2.0943951023931957     5.6435796172271733      0.0492492569441576      -0.0138179236633940
-2.0943951023931957     5.7689924976099993      0.0479550919120258      -0.0137487679817323
-2.0943951023931957     5.8944053779928254      0.0467246003885466      -0.0136848387447852
-2.0943951023931957     6.0198182583756514      0.0455529732448625      -0.0136256495103275
-2.0943951023931957     6.1452311387584775      0.0444359032842829      -0.0135707137223440
-2.0943951023931957     6.2706440191413035      0.0433694819791190      -0.0135196446291009
-2.0943951023931957     6.3960568995241296      0.0423502011440988      -0.0134720733832741
-2.0943951023931957     6.5214697799069556      0.0413748343256106      -0.0134277077690476
-2.0943951023931957     6.6468826602897817      0.0404405107867932      -0.0133862901488266
-2.0943951023931957     6.7722955406726077      0.0395445970874955      -0.0133475546969462
-2.0943951023931957     6.8977084210554338      0.0386846723048197      -0.0133112641447359
-2.0943951023931957     7.0231213014382599      0.0378585025317206      -0.0132772124311941
-2.0943951023931957     7.1485341818210859      0.0370640604167275      -0.0132452360591897
-2.0943951023931957     7.2739470622039120      0.0362994867888380      -0.0132151395288629
-2.0943951023931957     7.3993599425867380      0.0355630191507148      -0.0131867767707433
-2.0943951023931957     7.5247728229695641      0.0348530692053458      -0.0131600250634720
-2.0943951023931957     7.6501857033523901      0.0341681591844935      -0.0131347548486929
-2.0943951023931957     7.7755985837352162      0.0335069195077336      -0.0131108622596193
-2.0943951023931957     7.9010114641180422      0.0328680697420782      -0.0130882435234107
-2.0943951023931957     8.0264243445008692      0.0322504433929352      -0.0130668290726576
-2.0943951023931957     8.1518372248836961      0.0316529539291878      -0.0130465067210058
-2.0943951023931957     8.2772501052665231      0.0310745511290370      -0.0130272087176192
-2.0943951023931957     8.4026629856493500      0.0305142976694578      -0.0130088723355751
-2.0943951023931957     8.5280758660321769      0.0299712961687810      -0.0129914259514566
-2.0943951023931957     8.6534887464150039      0.0294447128604096      -0.0129748127305296
-2.0943951023931957     8.7789016267978308      0.0289337608207917      -0.0129589744180207
-2.0943951023931957     8.9043145071806578      0.0284377037073206      -0.0129438730518601
-2.0943951023931957     9.0297273875634847      0.0279558590693882      -0.0129294618796470
-2.0943951023931957     9.1551402679463116      0.0274875775039879      -0.0129157037221632
-2.0943951023931957     9.2805531483291386      0.0270322599526232      -0.0129025642697594
-2.0943951023931957     9.4059660287119655      0.0265893325977553      -0.0128900096803805
-2.0943951023931957     9.5313789090947925      0.0261582709555430      -0.0128780087297234
-2.0943951023931957     9.6567917894776194      0.0257385637549866      -0.0128665218440799
-2.0943951023931957     9.7822046698604463      0.0253297354257784      -0.0128555290945807
-2.0943951023931957     9.9076175502432733      0.0249313366259546      -0.0128449940990344
-2.0943951023931957     10.0330304306261002      0.0245429377918586      -0.0128349007681434
-2.0943951023931957     10.1584433110089272      0.0241641494842241      -0.0128252198007067
-2.0943951023931957     10.2838561913917541      0.0237945798781929      -0.0128159165149318
-2.0943951023931957     10.4092690717745811      0.0234338613824507      -0.0128069762118829
-2.0943951023931957     10.5346819521574080      0.0230816511039410      -0.0127983796507976
-2.0943951023931957     10.6600948325402349      0.0227376210459129      -0.0127901078693820
-2.0943951023931957     10.7855077129230619      0.0224014585258556      -0.0127821458985812
-2.0943951023931957     10.9109205933058888      0.0220728714054277      -0.0127744808501535
-2.0943951023931957     11.0363334736887158      0.0217515801749570      -0.0127670923563236
-2.0943951023931957     11.1617463540715427      0.0214373089125026      -0.0127599699208887
-2.0943951023931957     11.2871592344543696      0.0211298091355699      -0.0127531079187352
-2.0943951023931957     11.4125721148371966      0.0208288396430933      -0.0127464903456699
-2.0943951023931957     11.5379849952200235      0.0205341678854633      -0.0127401106736354
-2.0943951023931957     11.6633978756028505      0.0202455779950568      -0.0127339595740779
-2.0943951023931957     11.7888107559856774      0.0199628620416409      -0.0127280292989095
-2.0943951023931957     11.9142236363685043      0.0196858245736884      -0.0127223089525376
-2.0943951023931957     12.0396365167513313      0.0194142768871456      -0.0127167878537208
-2.0943951023931957     12.1650493971341582      0.0191480381917236      -0.0127114512452837
-2.0943951023931957     12.2904622775169852      0.0188869270941253      -0.0127062895685418
-2.0943951023931957     12.4158751578998121      0.0186307794463973      -0.0127012973447346
-2.0943951023931957     12.5412880382826391      0.0183794328968888      -0.0126964619036264
-2.0943951023931957     12.6667009186654660      0.0181327291505333      -0.0126917782070153
-2.0943951023931957     12.7921137990482929      0.0178905206489743      -0.0126872424212487
-2.0943951023931957     12.9175266794311199      0.0176526672823024      -0.0126828508127817
-2.0943951023931957     13.0429395598139468      0.0174190365178474      -0.0126785967783777
-2.0943951023931957     13.1683524401967738      0.0171894976590927      -0.0126744734251701
-2.0943951023931957     13.2937653205796007      0.0169639264690611      -0.0126704754810145
-2.0943951023931957     13.4191782009624276      0.0167422021578849      -0.0126665958230576
-2.0943951023931957     13.5445910813452546      0.0165242077594179      -0.0126628315083397
-2.0943951023931957     13.6700039617280815      0.0163098328909719      -0.0126591774279127
-2.0943951023931957     13.7954168421109085      0.0160989692495198      -0.0126556308829376
-2.0943951023931957     13.9208297224937354      0.0158915153073932      -0.0126521888991304
-2.0943951023931957     14.0462426028765623      0.0156873717665541      -0.0126488495657246
-2.0943951023931957     14.1716554832593893      0.0154864472977355      -0.0126456103288093
-2.0943951023931957     14.2970683636422162      0.0152886503099694      -0.0126424657270987
-2.0943951023931957     14.4224812440250432      0.0150938928758144      -0.0126394142567674
-2.0943951023931957     14.5478941244078701      0.0149020928401409      -0.0126364527374720
-2.0943951023931957     14.6733070047906971      0.0147131694159707      -0.0126335766659371
-2.0943951023931957     14.7987198851735240      0.0145270452467595      -0.0126307816739169
-2.0943951023931957     14.9241327655563509      0.0143436433068854      -0.0126280620892695
-2.0943951023931957     15.0495456459391779      0.0141628890574052      -0.0126254147062462
-2.0943951023931957     15.1749585263220048      0.0139847102787879      -0.0126228360351474
-2.0943951023931957     15.3003714067048318      0.0138090384132746      -0.0126203238171390
-2.0943951023931957     15.4257842870876587      0.0136358055907718      -0.0126178725222423
-2.0943951023931957     15.5511971674704856      0.0134649429494928      -0.0126154820297290
-2.0943951023931957     15.6766100478533126      0.0132963889884845      -0.0126131535955931
    
-1.7453292519943295     0.0000000000000000      -0.1858526056827972      -0.3938976877592786
-1.7453292519943295     0.1254128803828261      0.0542899108692331      -0.2567579217227851
-1.7453292519943295     0.2508257607656522      0.0014993028713046      -0.1297474888972899
-1.7453292519943295     0.3762386411484783      -0.0707989370102539      -0.1045901171527117
-1.7453292519943295     0.5016515215313043      -0.1398520954359008      -0.1335616430943355
-1.7453292519943295     0.6270644019141304      -0.1720575093006618      -0.2253031084992084
-1.7453292519943295     0.7524772822969564      -0.0963296623683179      -0.3203040527896273
-1.7453292519943295     0.8778901626797825      -0.0594897283741263      -0.3099766382327329
-1.7453292519943295     1.0033030430626086      0.0533683751183755      -0.3904170509815036
-1.7453292519943295     1.1287159234454347      0.1325090145112473      -0.2583505356723356
-1.7453292519943295     1.2541288038282608      0.1106664181546489      -0.2382886361310891
-1.7453292519943295     1.3795416842110868      0.1197160585348011      -0.1868368608486742
-1.7453292519943295     1.5049545645939129      0.0624160794612683      -0.2041248410768742
-1.7453292519943295     1.6303674449767389      0.1455017928940655      -0.3014129469821165
-1.7453292519943295     1.7557803253595650      0.2565816785298928      -0.1814408999392014
-1.7453292519943295     1.8811932057423910      0.2180451203557221      -0.0964306399834313
-1.7453292519943295     2.0066060861252173      0.1854936571662867      -0.0674168411165449
-1.7453292519943295     2.1320189665080433      0.1577145731821464      -0.0510846036199683
-1.7453292519943295     2.2574318468908694      0.1393157394938640      -0.0491898952068226
-1.7453292519943295     2.3828447272736955      0.1373118922351768      -0.0441294044953706
-1.7453292519943295     2.5082576076565215      0.1267083148317247      -0.0305661481774667
-1.7453292519943295     2.6336704880393476      0.1138196575488006      -0.0249341877181866
-1.7453292519943295     2.7590833684221736      0.1046378309249714      -0.0224244909405516
-1.7453292519943295     2.8844962488049997      0.0976053685873422      -0.0201040862497039
-1.7453292519943295     3.0099091291878257      0.0910577612006434      -0.0177789864179164
-1.7453292519943295     3.1353220095706518      0.0850834032940327      -0.0160235253190785
-1.7453292519943295     3.2607348899534778      0.0798802853522596      -0.0148271935882067
-1.7453292519943295     3.3861477703363039      0.0751313925725225      -0.0138128929726755
-1.7453292519943295     3.5115606507191299      0.0709191394246491      -0.0132046252568901
-1.7453292519943295     3.6369735311019560      0.0672874136573474      -0.0126658146149853
-1.7453292519943295     3.7623864114847820      0.0639479684751117      -0.0122059503724998
-1.7453292519943295     3.8877992918676081      0.0609404687573827      -0.0118620978428708
-1.7453292519943295     4.0132121722504346      0.0582242372377788      -0.0115677193163030
-1.7453292519943295     4.1386250526332606      0.0557412095349475      -0.0113188209907577
-1.7453292519943295     4.2640379330160867      0.0534664114114136      -0.0111072502994447
-1.7453292519943295     4.3894508133989127      0.0513742852908756      -0.0109254107854790
-1.7453292519943295     4.5148636937817388      0.0494433333583354      -0.0107661530613136
-1.7453292519943295     4.6402765741645648      0.0476535224643577      -0.0106253393269538
-1.7453292519943295     4.7656894545473909      0.0459893255159020      -0.0105002845498220
-1.7453292519943295     4.8911023349302170      0.0444373924958120      -0.0103884924399443
-1.7453292519943295     5.0165152153130430      0.0429861392066105      -0.0102880645362906
-1.7453292519943295     5.1419280956958691      0.0416257286933807      -0.0101974667149661
-1.7453292519943295     5.2673409760786951      0.0403475456615313      -0.0101153306307738
-1.7453292519943295     5.3927538564615212      0.0391439816848244      -0.0100405728228041
-1.7453292519943295     5.5181667368443472      0.0380084096718414      -0.0099723839352368
-1.7453292519943295     5.6435796172271733      0.0369350708979729      -0.0099099847339846
-1.7453292519943295     5.7689924976099993      0.0359187449801339      -0.0098527014348099
-1.7453292519943295     5.8944053779928254      0.0349548688070531      -0.0098000257728419
-1.7453292519943295     6.0198182583756514      0.0340393367202722      -0.0097514354181805
-1.7453292519943295     6.1452311387584775      0.0331684720488072      -0.0097065321999218
-1.7453292519943295     6.2706440191413035      0.0323389691554920      -0.0096649125291949
-1.7453292519943295     6.3960568995241296      0.0315478126700861      -0.0096262908607585
-1.7453292519943295     6.5214697799069556      0.0307923463764598      -0.0095903713077170
-1.7453292519943295     6.6468826602897817      0.0300700932916727      -0.0095568835696367
-1.7453292519943295     6.7722955406726077      0.0293788119762452      -0.0095256203221647
-1.7453292519943295     6.8977084210554338      0.0287164749232346      -0.0094964019378745
-1.7453292519943295     7.0231213014382599      0.0280812490999589      -0.0094690573249017
-1.7453292519943295     7.1485341818210859      0.0274714299998935      -0.0094434045150520
-1.7453292519943295     7.2739470622039120      0.0268854456786293      -0.0094193303452424
-1.7453292519943295     7.3993599425867380      0.0263218934519536      -0.0093966987223763
-1.7453292519943295     7.5247728229695641      0.0257794376052070      -0.0093753871440781
-1.7453292519943295     7.6501857033523901      0.0252568689671400      -0.0093553053457649
-1.7453292519943295     7.7755985837352162      0.0247530622818876      -0.0093363479992040
-1.7453292519943295     7.9010114641180422      0.0242669840362131      -0.0093184360566336
-1.7453292519943295     8.0264243445008692      0.0237976550492607      -0.0093014741205246
-1.7453292519943295     8.1518372248836961      0.0233441721583148      -0.0092854219084486
-1.7453292519943295     8.2772501052665231      0.0229057256505768      -0.0092702046771590
-1.7453292519943295     8.4026629856493500      0.0224815214511169      -0.0092557616552005
-1.7453292519943295     8.5280758660321769      0.0220708417225512      -0.0092420505565091
-1.7453292519943295     8.6534887464150039      0.0216730134328926      -0.0092290252951757
-1.7453292519943295     8.7789016267978308      0.0212874151780421      -0.0092166462203631
-1.7453292519943295     8.9043145071806578      0.0209134595137036      -0.0092048635411489
-1.7453292519943295     9.0297273875634847      0.0205505955205241      -0.0091936463941923
-1.7453292519943295     9.1551402679463116      0.0201983125522088      -0.0091829502454406
-1.7453292519943295     9.2805531483291386      0.0198561140425131      -0.0091727431132021
-1.7453292519943295     9.4059660287119655      0.0195235512590480      -0.0091629971806167
-1.7453292519943295     9.5313789090947925      0.0192001857959392      -0.0091536823383184
-1.7453292519943295     9.6567917894776194      0.0188856205847173      -0.0091447835116171
-1.7453292519943295     9.7822046698604463      0.0185794764957118      -0.0091362670755995
-1.7453292519943295     9.9076175502432733      0.0182813946161385      -0.0091281176833303
-1.7453292519943295     10.0330304306261002      0.0179910393897341      -0.0091203046696421
-1.7453292519943295     10.1584433110089272      0.0177080786691863      -0.0091128133760025
-1.7453292519943295     10.2838561913917541      0.0174322199988794      -0.0091056315442984
-1.7453292519943295     10.4092690717745811      0.0171631735489108      -0.0090987344329767
-1.7453292519943295     10.5346819521574080      0.0169006668067878      -0.0090921118877459
-1.7453292519943295     10.6600948325402349      0.0166444438793193      -0.0090857475337005
-1.7453292519943295     10.7855077129230619      0.0163942603857639      -0.0090796281045996
-1.7453292519943295     10.9109205933058888      0.0161498817494235      -0.0090737391682547
-1.7453292519943295     11.0363334736887158      0.0159110853537088      -0.0090680772115824
-1.7453292519943295     11.1617463540715427      0.0156776723451889      -0.0090626306325971
-1.7453292519943295     11.2871592344543696      0.0154494393834764      -0.0090573844783223
-1.7453292519943295     11.4125721148371966      0.0152261982779224      -0.0090523341724243
-1.7453292519943295     11.5379849952200235      0.0150077719817447      -0.0090474685535316
-1.7453292519943295     11.6633978756028505      0.0147939900445372      -0.0090427796687661
-1.7453292519943295     11.7888107559856774      0.0145846903734357      -0.0090382543393950
-1.7453292519943295     11.9142236363685043      0.0143797128171847      -0.0090338851648725
-1.7453292519943295     12.0396365167513313      0.0141789083254214      -0.0090296652498477
-1.7453292519943295     12.1650493971341582      0.0139821326364890      -0.0090255904995533
-1.7453292519943295     12.2904622775169852      0.0137892547306139      -0.0090216551303436
-1.7453292519943295     12.4158751578998121      0.0136001419663959      -0.0090178498879705
-1.7453292519943295     12.5412880382826391      0.0134146701240358      -0.0090141726345849
-1.7453292519943295     12.6667009186654660      0.0132327232365643      -0.0090106168710639
-1.7453292519943295     12.7921137990482929      0.0130541873220640      -0.0090071759720970
-1.7453292519943295     12.9175266794311199      0.0128789527875075      -0.0090038426666777
-1.7453292519943295     13.0429395598139468      0.0127069113301769      -0.0090006132201655
-1.7453292519943295     13.1683524401967738      0.0125379639814758      -0.0089974852721649
-1.7453292519943295     13.2937653205796007      0.0123720135164643      -0.0089944541223496
-1.7453292519943295     13.4191782009624276      0.0122089679806846      -0.0089915190185438
-1.7453292519943295     13.5445910813452546      0.0120487407326306      -0.0089886747275359
-1.7453292519943295     13.6700039617280815      0.0118912459096989      -0.0089859190870097
-1.7453292519943295     13.7954168421109085      0.0117364036932104      -0.0089832484643883
-1.7453292519943295     13.9208297224937354      0.0115841358109936      -0.0089806597856470
-1.7453292519943295     14.0462426028765623      0.0114343687275622      -0.0089781478968982
-1.7453292519943295     14.1716554832593893      0.0112870267184051      -0.0089757086637190
-1.7453292519943295     14.2970683636422162      0.0111420407102763      -0.0089733412052285
-1.7453292519943295     14.4224812440250432      0.0109993438885572      -0.0089710410790845
-1.7453292519943295     14.5478941244078701      0.0108588697992654      -0.0089688052919801
-1.7453292519943295     14.6733070047906971      0.0107205555310149      -0.0089666318315740
-1.7453292519943295     14.7987198851735240      0.0105843393071215      -0.0089645189426384
-1.7453292519943295     14.9241327655563509      0.0104501642755138      -0.0089624664149130
-1.7453292519943295     15.0495456459391779      0.0103179750171416      -0.0089604709414393
-1.7453292519943295     15.1749585263220048      0.0101877172727884      -0.0089585307176082
-1.7453292519943295     15.3003714067048318      0.0100593379124750      -0.0089566432509363
-1.7453292519943295     15.4257842870876587      0.0099327866133293      -0.0089548097592589
-1.7453292519943295     15.5511971674704856      0.0098080181668056      -0.0089530272110534
-1.7453292519943295     15.6766100478533126      0.0096849846439914      -0.0089512916291089
    
-1.3962634015954636     0.0000000000000000      -0.4009732159875494      -0.7538142488150068
-1.3962634015954636     0.1254128803828261      0.2083299956221125      -0.6729709414421958
-1.3962634015954636     0.2508257607656522      0.2146609704173772      -0.3058254590500605
-1.3962634015954636     0.3762386411484783      0.0840505542168900      -0.1966577930437937
-1.3962634015954636     0.5016515215313043      -0.0244533724860235      -0.2162510084966551
-1.3962634015954636     0.6270644019141304      -0.0226006316174612      -0.3107949656699217
-1.3962634015954636     0.7524772822969564      0.0438024602919729      -0.3234454772983531
-1.3962634015954636     0.8778901626797825      0.0370383582822645      -0.3023964156860630
-1.3962634015954636     1.0033030430626086      0.1213469102221700      -0.3702270256397009
-1.3962634015954636     1.1287159234454347      0.1723288811341130      -0.2569825860851637
-1.3962634015954636     1.2541288038282608      0.1531899109514407      -0.2536720776787791
-1.3962634015954636     1.3795416842110868      0.1680806523614792      -0.1977620160674017
-1.3962634015954636     1.5049545645939129      0.1040011576709785      -0.2116733409364767
-1.3962634015954636     1.6303674449767389      0.1879348924353065      -0.3124830795658996
-1.3962634015954636     1.7557803253595650      0.2965753153635120      -0.1876176150383305
-1.3962634015954636     1.8811932057423910      0.2550705662927088      -0.1022007874252189
-1.3962634015954636     2.0066060861252173      0.2213559177433255      -0.0724738202663211
-1.3962634015954636     2.1320189665080433      0.1923881090710315      -0.0539214374675780
-1.3962634015954636     2.2574318468908694      0.1715103888683353      -0.0487453166806295
-1.3962634015954636     2.3828447272736955      0.1626348135852721      -0.0421184008070285
-1.3962634015954636     2.5082576076565215      0.1489777680486908      -0.0321789646464475
-1.3962634015954636     2.6336704880393476      0.1353979557758261      -0.0280168916577314
-1.3962634015954636     2.7590833684221736      0.1252892085156357      -0.0264211615398921
-1.3962634015954636     2.8844962488049997      0.1182424094223458      -0.0248989391845607
-1.3962634015954636     3.0099091291878257      0.1114376432552211      -0.0222619116402719
-1.3962634015954636     3.1353220095706518      0.1047449441306940      -0.0203363473639945
-1.3962634015954636     3.2607348899534778      0.0990226451598545      -0.0191480780441504
-1.3962634015954636     3.3861477703363039      0.0937039326446743      -0.0178659673231709
-1.3962634015954636     3.5115606507191299      0.0888051598371560      -0.0171032473627456
-1.3962634015954636     3.6369735311019560      0.0845252580719912      -0.0164874895843347
-1.3962634015954636     3.7623864114847820      0.0805958786598163      -0.0159764532866407
-1.3962634015954636     3.8877992918676081      0.0770366292180637      -0.0155862688870317
-1.3962634015954636     4.0132121722504346      0.0738005738881127      -0.0152600922472762
-1.3962634015954636     4.1386250526332606      0.0708363283664874      -0.0149833634203321
-1.3962634015954636     4.2640379330160867      0.0681085445134117      -0.0147441100635891
-1.3962634015954636     4.3894508133989127      0.0655880882820161      -0.0145365404684423
-1.3962634015954636     4.5148636937817388      0.0632517582561460      -0.0143538048323216
-1.3962634015954636     4.6402765741645648      0.0610779765583910      -0.0141912400711595
-1.3962634015954636     4.7656894545473909      0.0590492555091618      -0.0140460042865594
-1.3962634015954636     4.8911023349302170      0.0571509069176322      -0.0139154912648223
-1.3962634015954636     5.0165152153130430      0.0553699339251885      -0.0137976293494890
-1.3962634015954636     5.1419280956958691      0.0536953035108337      -0.0136907815018057
-1.3962634015954636     5.2673409760786951      0.0521172516821406      -0.0135935189652660
-1.3962634015954636     5.3927538564615212      0.0506272912314896      -0.0135047672421675
-1.3962634015954636     5.5181667368443472      0.0492179710476399      -0.0134234853807592
-1.3962634015954636     5.6435796172271733      0.0478825746630788      -0.0133488254890595
-1.3962634015954636     5.7689924976099993      0.0466152235744902      -0.0132801126232601
-1.3962634015954636     5.8944053779928254      0.0454106239455935      -0.0132166951970728
-1.3962634015954636     6.0198182583756514      0.0442640545516545      -0.0131580462165730
-1.3962634015954636     6.1452311387584775      0.0431712312757814      -0.0131036723726002
-1.3962634015954636     6.2706440191413035      0.0421283263706897      -0.0130532114809236
-1.3962634015954636     6.3960568995241296      0.0411319006108704      -0.0130062340727636
-1.3962634015954636     6.5214697799069556      0.0401787359115534      -0.0129624157509865
-1.3962634015954636     6.6468826602897817      0.0392659737086922      -0.0129214882112966
-1.3962634015954636     6.7722955406726077      0.0383909936021352      -0.0128831880986127
-1.3962634015954636     6.8977084210554338      0.0375513954200459      -0.0128472741442213
-1.3962634015954636     7.0231213014382599      0.0367449497312203      -0.0128135389370549
-1.3962634015954636     7.1485341818210859      0.0359696432342338      -0.0127818424651534
-1.3962634015954636     7.2739470622039120      0.0352236378815246      -0.0127520022079440
-1.3962634015954636     7.3993599425867380      0.0345052043986799      -0.0127238895436831
-1.3962634015954636     7.5247728229695641      0.0338127963960351      -0.0126973771361901
-1.3962634015954636     7.6501857033523901      0.0331449397822690      -0.0126723289193700
-1.3962634015954636     7.7755985837352162      0.0325002902773516      -0.0126486517331880
-1.3962634015954636     7.9010114641180422      0.0318775905847231      -0.0126262452703490
-1.3962634015954636     8.0264243445008692      0.0312756964931150      -0.0126050330952261
-1.3962634015954636     8.1518372248836961      0.0306935258495043      -0.0125849066886727
-1.3962634015954636     8.2772501052665231      0.0301300555954141      -0.0125658088196008
-1.3962634015954636     8.4026629856493500      0.0295843656443055      -0.0125476722273799
-1.3962634015954636     8.5280758660321769      0.0290555762242246      -0.0125304258161913
-1.3962634015954636     8.6534887464150039      0.0285428688516385      -0.0125140094039093
-1.3962634015954636     8.7789016267978308      0.0280454660393892      -0.0124983683126241
-1.3962634015954636     8.9043145071806578      0.0275626550857433      -0.0124834642921426
-1.3962634015954636     9.0297273875634847      0.0270937605459020      -0.0124692395382590
-1.3962634015954636     9.1551402679463116      0.0266381426660731      -0.0124556683998419
-1.3962634015954636     9.2805531483291386      0.0261952247157202      -0.0124427062204231
-1.3962634015954636     9.4059660287119655      0.0257644365395327      -0.0124303104300779
-1.3962634015954636     9.5313789090947925      0.0253452584422695      -0.0124184494997851
-1.3962634015954636     9.6567917894776194      0.0249371841678701      -0.0124070787277238
-1.3962634015954636     9.7822046698604463      0.0245397379867731      -0.0123961776395745
-1.3962634015954636     9.9076175502432733      0.0241524717590159      -0.0123857172284214
-1.3962634015954636     10.0330304306261002      0.0237749629473293      -0.0123756846862571
-1.3962634015954636     10.1584433110089272      0.0234068225102393      -0.0123660545088901
-1.3962634015954636     10.2838561913917541      0.0230476647556036      -0.0123568108422842
-1.3962634015954636     10.4092690717745811      0.0226971488290527      -0.0123479439060577
-1.3962634015954636     10.5346819521574080      0.0223549376084590      -0.0123394233405790
-1.3962634015954636     10.6600948325402349      0.0220207108793598      -0.0123312401926902
-1.3962634015954636     10.7855077129230619      0.0216941717833714      -0.0123233746828822
-1.3962634015954636     10.9109205933058888      0.0213750340783167      -0.0123158119515362
-1.3962634015954636     11.0363334736887158      0.0210630283915110      -0.0123085280751606
-1.3962634015954636     11.1617463540715427      0.0207578843690391      -0.0123015095981184
-1.3962634015954636     11.2871592344543696      0.0204593596566368      -0.0122947453002956
-1.3962634015954636     11.4125721148371966      0.0201672158036160      -0.0122882169177896
-1.3962634015954636     11.5379849952200235      0.0198812249456023      -0.0122819122932321
-1.3962634015954636     11.6633978756028505      0.0196011661689063      -0.0122758176750870
-1.3962634015954636     11.7888107559856774      0.0193268300029679      -0.0122699309975560
-1.3962634015954636     11.9142236363685043      0.0190580250080853      -0.0122642435055345
-1.3962634015954636     12.0396365167513313      0.0187945612619212      -0.0122587470090376
-1.3962634015954636     12.1650493971341582      0.0185362628574103      -0.0122534354085923
-1.3962634015954636     12.2904622775169852      0.0182829571411466      -0.0122482998509045
-1.3962634015954636     12.4158751578998121      0.0180344833955705      -0.0122433367377733
-1.3962634015954636     12.5412880382826391      0.0177906876427841      -0.0122385351700106
-1.3962634015954636     12.6667009186654660      0.0175514181457490      -0.0122338875957195
-1.3962634015954636     12.7921137990482929      0.0173165305506732      -0.0122293864173276
-1.3962634015954636     12.9175266794311199      0.0170858849357999      -0.0122250284122368
-1.3962634015954636     13.0429395598139468      0.0168593531724932      -0.0122208076408377
-1.3962634015954636     13.1683524401967738      0.0166368055537871      -0.0122167169173139
-1.3962634015954636     13.2937653205796007      0.0164181219026205      -0.0122127541487461
-1.3962634015954636     13.4191782009624276      0.0162031866893055      -0.0122089112549713
-1.3962634015954636     13.5445910813452546      0.0159918858911486      -0.0122051850669962
-1.3962634015954636     13.6700039617280815      0.0157841135666001      -0.0122015702190259
-1.3962634015954636     13.7954168421109085      0.0155797653678238      -0.0121980617070109
-1.3962634015954636     13.9208297224937354      0.0153787415113625      -0.0121946536265637
-1.3962634015954636     14.0462426028765623      0.0151809428297940      -0.0121913432234618
-1.3962634015954636     14.1716554832593893      0.0149862797687609      -0.0121881280160681
-1.3962634015954636     14.2970683636422162      0.0147946621529659      -0.0121850011511545
-1.3962634015954636     14.4224812440250432      0.0146060020398078      -0.0121819603298176
-1.3962634015954636     14.5478941244078701      0.0144202165954984      -0.0121790027261484
-1.3962634015954636     14.6733070047906971      0.0142372250362424      -0.0121761260767062
-1.3962634015954636     14.7987198851735240      0.0140569516606969      -0.0121733277266936
-1.3962634015954636     14.9241327655563509      0.0138793200060895      -0.0121706037460955
-1.3962634015954636     15.0495456459391779      0.0137042576560862      -0.0121679546907340
-1.3962634015954636     15.1749585263220048      0.0135316966840583      -0.0121653789159491
-1.3962634015954636     15.3003714067048318      0.0133615718989336      -0.0121628754628065
-1.3962634015954636     15.4257842870876587      0.0131938204966835      -0.0121604396363482
-1.3962634015954636     15.5511971674704856      0.0130283782487841      -0.0121580695310283
-1.3962634015954636     15.6766100478533126      0.0128651861648003      -0.0121557642009372
    
-1.0471975511965979     0.0000000000000000      -0.7546779860034168      -1.4467044712856154
-1.0471975511965979     0.1254128803828261      0.5524138421846275      -1.4272330285178574
-1.0471975511965979     0.2508257607656522      0.6639322820613381      -0.6101841205631559
-1.0471975511965979     0.3762386411484783      0.4396250621596490      -0.3290376708024697
-1.0471975511965979     0.5016515215313043      0.2665727715452569      -0.2766460565136973
-1.0471975511965979     0.6270644019141304      0.2274455339693810      -0.3195823908962007
-1.0471975511965979     0.7524772822969564      0.2393417176267578      -0.2850430886103465
-1.0471975511965979     0.8778901626797825      0.1901880348621659      -0.2492332154137701
-1.0471975511965979     1.0033030430626086      0.2048749805905247      -0.2960914450904207
-1.0471975511965979     1.1287159234454347      0.2174870312375094      -0.2287420553117892
-1.0471975511965979     1.2541288038282608      0.1955713320463794      -0.2428373708705631
-1.0471975511965979     1.3795416842110868      0.1994771493224051      -0.2004823393636434
-1.0471975511965979     1.5049545645939129      0.1328551343446751      -0.2335031777251271
-1.0471975511965979     1.6303674449767389      0.2341511606588365      -0.3524268875351556
-1.0471975511965979     1.7557803253595650      0.3609199583284198      -0.2123082462429755
-1.0471975511965979     1.8811932057423910      0.3152436031826536      -0.1136551463843974
-1.0471975511965979     2.0066060861252173      0.2735345552270441      -0.0789775445164679
-1.0471975511965979     2.1320189665080433      0.2391178281471582      -0.0591735544430451
-1.0471975511965979     2.2574318468908694      0.2124399831258634      -0.0557750167368143
-1.0471975511965979     2.3828447272736955      0.2038658493934447      -0.0506569866094420
-1.0471975511965979     2.5082576076565215      0.1888299183293201      -0.0391343707458035
-1.0471975511965979     2.6336704880393476      0.1729698229310421      -0.0337214844802288
-1.0471975511965979     2.7590833684221736      0.1596017100361823      -0.0323200329349257
-1.0471975511965979     2.8844962488049997      0.1517181413121772      -0.0317910843598671
-1.0471975511965979     3.0099091291878257      0.1437042314535790      -0.0284248358472445
-1.0471975511965979     3.1353220095706518      0.1353956913686477      -0.0266362588196102
-1.0471975511965979     3.2607348899534778      0.1287418958207703      -0.0256455492001423
-1.0471975511965979     3.3861477703363039      0.1225082587342115      -0.0241238718921081
-1.0471975511965979     3.5115606507191299      0.1165746953951954      -0.0231995888629843
-1.0471975511965979     3.6369735311019560      0.1113182894527059      -0.0224906567520793
-1.0471975511965979     3.7623864114847820      0.1064850537150460      -0.0219083537904683
-1.0471975511965979     3.8877992918676081      0.1020794439293483      -0.0214590525064737
-1.0471975511965979     4.0132121722504346      0.0980519436918115      -0.0210828964011692
-1.0471975511965979     4.1386250526332606      0.0943453923610933      -0.0207598032124806
-1.0471975511965979     4.2640379330160867      0.0909176204863037      -0.0204780586907167
-1.0471975511965979     4.3894508133989127      0.0877363006481228      -0.0202312748493172
-1.0471975511965979     4.5148636937817388      0.0847742911949835      -0.0200121263846343
-1.0471975511965979     4.6402765741645648      0.0820071629031289      -0.0198163452461439
-1.0471975511965979     4.7656894545473909      0.0794154289701170      -0.0196406674310349
-1.0471975511965979     4.8911023349302170      0.0769820097878964      -0.0194819685109686
-1.0471975511965979     5.0165152153130430      0.0746917397566911      -0.0193379153754437
-1.0471975511965979     5.1419280956958691      0.0725316894390714      -0.0192068112949332
-1.0471975511965979     5.2673409760786951      0.0704905657270123      -0.0190870397499065
-1.0471975511965979     5.3927538564615212      0.0685582817273971      -0.0189772192110922
-1.0471975511965979     5.5181667368443472      0.0667259060603179      -0.0188762781588260
-1.0471975511965979     5.6435796172271733      0.0649855738732917      -0.0187832617215987
-1.0471975511965979     5.7689924976099993      0.0633301784867175      -0.0186973093033476
-1.0471975511965979     5.8944053779928254      0.0617533878560014      -0.0186177130182992
-1.0471975511965979     6.0198182583756514      0.0602494643565102      -0.0185438387729740
-1.0471975511965979     6.1452311387584775      0.0588132850450823      -0.0184751455334472
-1.0471975511965979     6.2706440191413035      0.0574401439814001      -0.0184110859987802
-1.0471975511965979     6.3960568995241296      0.0561257516665935      -0.0183512891862681
-1.0471975511965979     6.5214697799069556      0.0548662882880705      -0.0182953815603968
-1.0471975511965979     6.6468826602897817      0.0536582084043852      -0.0182430096141923
-1.0471975511965979     6.7722955406726077      0.0524982773354513      -0.0181938789150503
-1.0471975511965979     6.8977084210554338      0.0513835271448943      -0.0181477438648850
-1.0471975511965979     7.0231213014382599      0.0503112761740496      -0.0181043794997949
-1.0471975511965979     7.1485341818210859      0.0492790212933033      -0.0180635319949095
-1.0471975511965979     7.2739470622039120      0.0482844432426703      -0.0180250297398414
-1.0471975511965979     7.3993599425867380      0.0473254323723397      -0.0179886854191903
-1.0471975511965979     7.5247728229695641      0.0463999944451505      -0.0179543415854548
-1.0471975511965979     7.6501857033523901      0.0455063281506231      -0.0179218677054375
-1.0471975511965979     7.7755985837352162      0.0446427389546727      -0.0178911227041885
-1.0471975511965979     7.9010114641180422      0.0438076660457350      -0.0178619753720441
-1.0471975511965979     8.0264243445008692      0.0429996198652282      -0.0178343027964165
-1.0471975511965979     8.1518372248836961      0.0422172392801876      -0.0178080267414956
-1.0471975511965979     8.2772501052665231      0.0414592587171373      -0.0177830359724255
-1.0471975511965979     8.4026629856493500      0.0407244696717420      -0.0177592463677290
-1.0471975511965979     8.5280758660321769      0.0400117578701358      -0.0177365865566753
-1.0471975511965979     8.6534887464150039      0.0393200761059340      -0.0177149912460094
-1.0471975511965979     8.7789016267978308      0.0386484585089339      -0.0176943953901281
-1.0471975511965979     8.9043145071806578      0.0379959773602596      -0.0176747289971137
-1.0471975511965979     9.0297273875634847      0.0373617726302789      -0.0176559509145107
-1.0471975511965979     9.1551402679463116      0.0367450396764713      -0.0176379916125761
-1.0471975511965979     9.2805531483291386      0.0361449969349307      -0.0176208106058382
-1.0471975511965979     9.4059660287119655      0.0355609355553050      -0.0176043677149154
-1.0471975511965979     9.5313789090947925      0.0349921675612691      -0.0175886176218325
-1.0471975511965979     9.6567917894776194      0.0344380575692153      -0.0175735341008483
-1.0471975511965979     9.7822046698604463      0.0338980045236851      -0.0175590765939632
-1.0471975511965979     9.9076175502432733      0.0333714409764923      -0.0175452120617198
-1.0471975511965979     10.0330304306261002      0.0328578239491023      -0.0175319001411457
-1.0471975511965979     10.1584433110089272      0.0323566363684518      -0.0175191174054673
-1.0471975511965979     10.2838561913917541      0.0318674007598973      -0.0175068281840464
-1.0471975511965979     10.4092690717745811      0.0313896381619423      -0.0174950016185614
-1.0471975511965979     10.5346819521574080      0.0309229154378024      -0.0174836299047877
-1.0471975511965979     10.6600948325402349      0.0304668211554027      -0.0174726801608896
-1.0471975511965979     10.7855077129230619      0.0300209541158830      -0.0174621338122083
-1.0471975511965979     10.9109205933058888      0.0295849386999462      -0.0174519697946276
-1.0471975511965979     11.0363334736887158      0.0291584146147791      -0.0174421755658257
-1.0471975511965979     11.1617463540715427      0.0287410486410395      -0.0174327284311966
-1.0471975511965979     11.2871592344543696      0.0283325071362247      -0.0174236094420490
-1.0471975511965979     11.4125721148371966      0.0279324796840168      -0.0174148076155005
-1.0471975511965979     11.5379849952200235      0.0275406692969832      -0.0174063104896519
-1.0471975511965979     11.6633978756028505      0.0271567987087198      -0.0173981089058970
-1.0471975511965979     11.7888107559856774      0.0267806011389533      -0.0173901836063111
-1.0471975511965979     11.9142236363685043      0.0264118138810310      -0.0173825238725549
-1.0471975511965979     12.0396365167513313      0.0260501944145212      -0.0173751199593190
-1.0471975511965979     12.1650493971341582      0.0256955059249073      -0.0173679592316517
-1.0471975511965979     12.2904622775169852      0.0253475256455469      -0.0173610328617614
-1.0471975511965979     12.4158751578998121      0.0250060361046096      -0.0173543263679772
-1.0471975511965979     12.5412880382826391      0.0246708280139361      -0.0173478341049343
-1.0471975511965979     12.6667009186654660      0.0243417052622213      -0.0173415477831660
-1.0471975511965979     12.7921137990482929      0.0240184791381599      -0.0173354599325196
-1.0471975511965979     12.9175266794311199      0.0237009698597048      -0.0173295586501339
-1.0471975511965979     13.0429395598139468      0.0233889980688841      -0.0173238353991927
-1.0471975511965979     13.1683524401967738      0.0230823973741001      -0.0173182836791519
-1.0471975511965979     13.2937653205796007      0.0227810035354800      -0.0173128938974910
-1.0471975511965979     13.4191782009624276      0.0224846592469127      -0.0173076629137607
-1.0471975511965979     13.5445910813452546      0.0221932165619981      -0.0173025841655660
-1.0471975511965979     13.6700039617280815      0.0219065303281508      -0.0172976527324979
-1.0471975511965979     13.7954168421109085      0.0216244627712287      -0.0172928640821770
-1.0471975511965979     13.9208297224937354      0.0213468811282257      -0.0172882150990193
-1.0471975511965979     14.0462426028765623      0.0210736609722759      -0.0172836995410891
-1.0471975511965979     14.1716554832593893      0.0208046762242724      -0.0172793105269376
-1.0471975511965979     14.2970683636422162      0.0205398084172978      -0.0172750465282929
-1.0471975511965979     14.4224812440250432      0.0202789448552589      -0.0172709020254495
-1.0471975511965979     14.5478941244078701      0.0200219750567827      -0.0172668721708817
-1.0471975511965979     14.6733070047906971      0.0197687923258830      -0.0172629514438230
-1.0471975511965979     14.7987198851735240      0.0195192912290027      -0.0172591366634690
-1.0471975511965979     14.9241327655563509      0.0192733741433168      -0.0172554264948481
-1.0471975511965979     15.0495456459391779      0.0190309463289931      -0.0172518157820681
-1.0471975511965979     15.1749585263220048      0.0187919149843759      -0.0172483008847644
-1.0471975511965979     15.3003714067048318      0.0185561898515288      -0.0172448773815636
-1.0471975511965979     15.4257842870876587      0.0183236836483131      -0.0172415443868316
-1.0471975511965979     15.5511971674704856      0.0180943154203252      -0.0172382982873069
-1.0471975511965979     15.6766100478533126      0.0178680037072255      -0.0172351341411190
    
-0.6981317007977319     0.0000000000000000      -0.3400939269908424      -0.5757797131078081
-0.6981317007977319     0.1254128803828261      0.1610754419167844      -0.5617244977808982
-0.6981317007977319     0.2508257607656522      0.1934398899936630      -0.2485901022404794
-0.6981317007977319     0.3762386411484783      0.0961590958999227      -0.1445760434840245
-0.6981317007977319     0.5016515215313043      0.0157111131526056      -0.1329653524842477
-0.6981317007977319     0.6270644019141304      -0.0130555020142501      -0.1657052911518454
-0.6981317007977319     0.7524772822969564      -0.0221229316578178      -0.1752530655146190
-0.6981317007977319     0.8778901626797825      -0.0593600520318184      -0.2082630268099349
-0.6981317007977319     1.0033030430626086      0.0094360157324830      -0.3016764930002835
-0.6981317007977319     1.1287159234454347      0.0600840436546306      -0.2347854551322889
-0.6981317007977319     1.2541288038282608      0.0664388340146593      -0.2647752148261920
-0.6981317007977319     1.3795416842110868      0.1064991517162661      -0.2100211830517578
-0.6981317007977319     1.5049545645939129      0.0535765876444607      -0.2321120642481446
-0.6981317007977319     1.6303674449767389      0.1624882404719057      -0.3312232790529278
-0.6981317007977319     1.7557803253595650      0.2754236553843150      -0.1909855015791500
-0.6981317007977319     1.8811932057423910      0.2327545232020148      -0.1022421289962901
-0.6981317007977319     2.0066060861252173      0.2001558229748185      -0.0716346147619500
-0.6981317007977319     2.1320189665080433      0.1720485786930517      -0.0519632853129861
-0.6981317007977319     2.2574318468908694      0.1519036855723528      -0.0466904805345727
-0.6981317007977319     2.3828447272736955      0.1445369637025277      -0.0398247111049301
-0.6981317007977319     2.5082576076565215      0.1315874398884402      -0.0292265837770507
-0.6981317007977319     2.6336704880393476      0.1186055289981277      -0.0249914153952058
-0.6981317007977319     2.7590833684221736      0.1091965401992761      -0.0232473363446628
-0.6981317007977319     2.8844962488049997      0.1025075372652243      -0.0216601384772155
-0.6981317007977319     3.0099091291878257      0.0962707882258567      -0.0192729694192373
-0.6981317007977319     3.1353220095706518      0.0902267576381457      -0.0173922139836679
-0.6981317007977319     3.2607348899534778      0.0849780896272596      -0.0162631132243498
-0.6981317007977319     3.3861477703363039      0.0801945423846338      -0.0151009197191932
-0.6981317007977319     3.5115606507191299      0.0758150117794224      -0.0143949237965419
-0.6981317007977319     3.6369735311019560      0.0720040016724570      -0.0138279323467396
-0.6981317007977319     3.7623864114847820      0.0685225866769803      -0.0133591299269348
-0.6981317007977319     3.8877992918676081      0.0653791426309449      -0.0129987268529887
-0.6981317007977319     4.0132121722504346      0.0625292783433845      -0.0127035030354567
-0.6981317007977319     4.1386250526332606      0.0599316170503139      -0.0124539938697785
-0.6981317007977319     4.2640379330160867      0.0575482799551680      -0.0122376178684349
-0.6981317007977319     4.3894508133989127      0.0553519150371129      -0.0120503663850937
-0.6981317007977319     4.5148636937817388      0.0533210856192734      -0.0118858212590471
-0.6981317007977319     4.6402765741645648      0.0514357366742357      -0.0117400040039064
-0.6981317007977319     4.7656894545473909      0.0496800422378684      -0.0116102319715790
-0.6981317007977319     4.8911023349302170      0.0480405184507327      -0.0114940030300354
-0.6981317007977319     5.0165152153130430      0.0465052887439208      -0.0113893847161540
-0.6981317007977319     5.1419280956958691      0.0450643279107934      -0.0112948199652183
-0.6981317007977319     5.2673409760786951      0.0437087452257779      -0.0112089662765464
-0.6981317007977319     5.3927538564615212      0.0424308764847492      -0.0111308196074407
-0.6981317007977319     5.5181667368443472      0.0412239675383851      -0.0110593790844537
-0.6981317007977319     5.6435796172271733      0.0400819657471737      -0.0109938764049104
-0.6981317007977319     5.7689924976099993      0.0389995778644776      -0.0109336599017444
-0.6981317007977319     5.8944053779928254      0.0379720361874494      -0.0108781511352446
-0.6981317007977319     6.0198182583756514      0.0369951138775795      -0.0108268626150989
-0.6981317007977319     6.1452311387584775      0.0360649734710580      -0.0107793712476326
-0.6981317007977319     6.2706440191413035      0.0351782199974778      -0.0107353433103833
-0.6981317007977319     6.3960568995241296      0.0343317814610290      -0.0106944199366364
-0.6981317007977319     6.5214697799069556      0.0335228334709300      -0.0106563157636452
-0.6981317007977319     6.6468826602897817      0.0327488488909712      -0.0106207909065426
-0.6981317007977319     6.7722955406726077      0.0320075315625776      -0.0105876182838788
-0.6981317007977319     6.8977084210554338      0.0312967812959333      -0.0105565670968318
-0.6981317007977319     7.0231213014382599      0.0306146339067495      -0.0105274491340321
-0.6981317007977319     7.1485341818210859      0.0299593314575233      -0.0105001314441929
-0.6981317007977319     7.2739470622039120      0.0293292570916160      -0.0104744464430003
-0.6981317007977319     7.3993599425867380      0.0287229039387732      -0.0104502738198364
-0.6981317007977319     7.5247728229695641      0.0281389101094573      -0.0104274902661570
-0.6981317007977319     7.6501857033523901      0.0275759906842102      -0.0104059799080940
-0.6981317007977319     7.7755985837352162      0.0270329630866648      -0.0103856433632691
-0.6981317007977319     7.9010114641180422      0.0265087193671066      -0.0103664126351148
-0.6981317007977319     8.0264243445008692      0.0260022772686598      -0.0103482213702004
-0.6981317007977319     8.1518372248836961      0.0255126965927386      -0.0103309734738532
-0.6981317007977319     8.2772501052665231      0.0250390921256126      -0.0103146144759794
-0.6981317007977319     8.4026629856493500      0.0245806603589045      -0.0102990834022976
-0.6981317007977319     8.5280758660321769      0.0241366399080950      -0.0102843229727720
-0.6981317007977319     8.6534887464150039      0.0237063239037074      -0.0102702770595295
-0.6981317007977319     8.7789016267978308      0.0232890366681480      -0.0102569013597609
-0.6981317007977319     8.9043145071806578      0.0228841650647632      -0.0102441619626944
-0.6981317007977319     9.0297273875634847      0.0224911249889746      -0.0102320118414121
-0.6981317007977319     9.1551402679463116      0.0221093699749548      -0.0102204273718397
-0.6981317007977319     9.2805531483291386      0.0217383974879027      -0.0102093674734131
-0.6981317007977319     9.4059660287119655      0.0213777174065831      -0.0101988024816370
-0.6981317007977319     9.5313789090947925      0.0210268863063289      -0.0101887070309304
-0.6981317007977319     9.6567917894776194      0.0206854761602568      -0.0101790458386579
-0.6981317007977319     9.7822046698604463      0.0203530834498630      -0.0101697922856530
-0.6981317007977319     9.9076175502432733      0.0200293204305922      -0.0101609218927263
-0.6981317007977319     10.0330304306261002      0.0197138312494110      -0.0101524200465340
-0.6981317007977319     10.1584433110089272      0.0194062769252991      -0.0101442595836504
-0.6981317007977319     10.2838561913917541      0.0191063295647544      -0.0101364295205445
-0.6981317007977319     10.4092690717745811      0.0188136977763733      -0.0101289135176781
-0.6981317007977319     10.5346819521574080      0.0185280874329134      -0.0101216839827582
-0.6981317007977319     10.6600948325402349      0.0182492206053959      -0.0101147330034423
-0.6981317007977319     10.7855077129230619      0.0179768405761625      -0.0101080472359606
-0.6981317007977319     10.9109205933058888      0.0177107027998751      -0.0101016144366410
-0.6981317007977319     11.0363334736887158      0.0174505727443724      -0.0100954167896664
-0.6981317007977319     11.1617463540715427      0.0171962217074202      -0.0100894494033721
-0.6981317007977319     11.2871592344543696      0.0169474456502776      -0.0100837040112470
-0.6981317007977319     11.4125721148371966      0.0167040443024167      -0.0100781676565219
-0.6981317007977319     11.5379849952200235      0.0164658269585830      -0.0100728287921086
-0.6981317007977319     11.6633978756028505      0.0162326073618190      -0.0100676767534406
-0.6981317007977319     11.7888107559856774      0.0160042109707440      -0.0100627076241796
-0.6981317007977319     11.9142236363685043      0.0157804762144985      -0.0100579123379782
-0.6981317007977319     12.0396365167513313      0.0155612442429479      -0.0100532802886820
-0.6981317007977319     12.1650493971341582      0.0153463625187178      -0.0100488017826993
-0.6981317007977319     12.2904622775169852      0.0151356815568178      -0.0100444702027166
-0.6981317007977319     12.4158751578998121      0.0149290652919676      -0.0100402829602798
-0.6981317007977319     12.5412880382826391      0.0147263820937454      -0.0100362295921745
-0.6981317007977319     12.6667009186654660      0.0145275023651902      -0.0100323036693592
-0.6981317007977319     12.7921137990482929      0.0143323018807386      -0.0100284995780547
-0.6981317007977319     12.9175266794311199      0.0141406626391409      -0.0100248154530669
-0.6981317007977319     13.0429395598139468      0.0139524746044612      -0.0100212468723697
-0.6981317007977319     13.1683524401967738      0.0137676302676121      -0.0100177902824069
-0.6981317007977319     13.2937653205796007      0.0135860289517286      -0.0100144409675936
-0.6981317007977319     13.4191782009624276      0.0134075712250942      -0.0100111929637253
-0.6981317007977319     13.5445910813452546      0.0132321615429897      -0.0100080429311027
-0.6981317007977319     13.6700039617280815      0.0130597086888448      -0.0100049865764481
-0.6981317007977319     13.7954168421109085      0.0128901246156298      -0.0100020208607550
-0.6981317007977319     13.9208297224937354      0.0127233251110051      -0.0099991414517247
-0.6981317007977319     14.0462426028765623      0.0125592271674608      -0.0099963467696842
-0.6981317007977319     14.1716554832593893      0.0123977557885221      -0.0099936351722212
-0.6981317007977319     14.2970683636422162      0.0122388360575108      -0.0099910008638380
-0.6981317007977319     14.4224812440250432      0.0120823944737168      -0.0099884412363327
-0.6981317007977319     14.5478941244078701      0.0119283605163057      -0.0099859539707954
-0.6981317007977319     14.6733070047906971      0.0117766680894444      -0.0099835383142504
-0.6981317007977319     14.7987198851735240      0.0116272549872025      -0.0099811901229892
-0.6981317007977319     14.9241327655563509      0.0114800576438319      -0.0099789044051467
-0.6981317007977319     15.0495456459391779      0.0113350141315368      -0.0099766783061175
-0.6981317007977319     15.1749585263220048      0.0111920643492251      -0.0099745101632024
-0.6981317007977319     15.3003714067048318      0.0110511528307543      -0.0099723993458277
-0.6981317007977319     15.4257842870876587      0.0109122250434988      -0.0099703416428261
-0.6981317007977319     15.5511971674704856      0.0107752252660491      -0.0099683363218379
-0.6981317007977319     15.6766100478533126      0.0106401030862775      -0.0099663842827599
    
-0.3490658503988660     0.0000000000000000      -0.0365964714579831      0.0754780282667390
-0.3490658503988660     0.1254128803828261      -0.1445267108730864      0.0877539713158055
-0.3490658503988660     0.2508257607656522      -0.1762884945765942      0.0187973086051758
-0.3490658503988660     0.3762386411484783      -0.1826687282525306      -0.0156636096593785
-0.3490658503988660     0.5016515215313043      -0.1974419520142409      -0.0481109198125825
-0.3490658503988660     0.6270644019141304      -0.1999901162868284      -0.0905179688159462
-0.3490658503988660     0.7524772822969564      -0.2116041616740578      -0.1214529088464864
-0.3490658503988660     0.8778901626797825      -0.2425655008696206      -0.2075414899070042
-0.3490658503988660     1.0033030430626086      -0.1100585263846992      -0.3463504681335429
-0.3490658503988660     1.1287159234454347      -0.0120809989124859      -0.2493395065880590
-0.3490658503988660     1.2541288038282608      0.0007408884858923      -0.2621070082173643
-0.3490658503988660     1.3795416842110868      0.0431279312907383      -0.2020518813385160
-0.3490658503988660     1.5049545645939129      -0.0040587672161135      -0.2230261413086989
-0.3490658503988660     1.6303674449767389      0.1088185703272872      -0.3134373797254520
-0.3490658503988660     1.7557803253595650      0.2143104497098714      -0.1748436528091725
-0.3490658503988660     1.8811932057423910      0.1741301076136041      -0.0918935741460504
-0.3490658503988660     2.0066060861252173      0.1452547322463349      -0.0639899407915938
-0.3490658503988660     2.1320189665080433      0.1199669992081862      -0.0465886756278097
-0.3490658503988660     2.2574318468908694      0.1033743770734763      -0.0449652069816338
-0.3490658503988660     2.3828447272736955      0.1044110541155452      -0.0396803999016214
-0.3490658503988660     2.5082576076565215      0.0952247947741952      -0.0249854415232477
-0.3490658503988660     2.6336704880393476      0.0834745181459244      -0.0192634106170041
-0.3490658503988660     2.7590833684221736      0.0755768086115348      -0.0164958569314274
-0.3490658503988660     2.8844962488049997      0.0691621857784580      -0.0140703298827033
-0.3490658503988660     3.0099091291878257      0.0636304090858662      -0.0122306126332519
-0.3490658503988660     3.1353220095706518      0.0588256672783389      -0.0105643553350034
-0.3490658503988660     3.2607348899534778      0.0544608200796728      -0.0094737846861474
-0.3490658503988660     3.3861477703363039      0.0506607243542142      -0.0086807466768574
-0.3490658503988660     3.5115606507191299      0.0473715270329326      -0.0081767680767275
-0.3490658503988660     3.6369735311019560      0.0445719249434305      -0.0077265870953787
-0.3490658503988660     3.7623864114847820      0.0420283878064271      -0.0073428841177410
-0.3490658503988660     3.8877992918676081      0.0397595149055487      -0.0070516418696468
-0.3490658503988660     4.0132121722504346      0.0377291403350589      -0.0068121785627222
-0.3490658503988660     4.1386250526332606      0.0358980396486820      -0.0066112266454663
-0.3490658503988660     4.2640379330160867      0.0342358650628696      -0.0064394924484818
-0.3490658503988660     4.3894508133989127      0.0327204758813962      -0.0062932362158068
-0.3490658503988660     4.5148636937817388      0.0313340047017174      -0.0061659479768410
-0.3490658503988660     4.6402765741645648      0.0300588468947337      -0.0060541691056387
-0.3490658503988660     4.7656894545473909      0.0288820975544229      -0.0059558341377463
-0.3490658503988660     4.8911023349302170      0.0277927059020628      -0.0058686849929757
-0.3490658503988660     5.0165152153130430      0.0267809948259655      -0.0057909909619209
-0.3490658503988660     5.1419280956958691      0.0258388114809829      -0.0057214446551266
-0.3490658503988660     5.2673409760786951      0.0249591171424430      -0.0056588430395489
-0.3490658503988660     5.3927538564615212      0.0241356816423354      -0.0056022513464857
-0.3490658503988660     5.5181667368443472      0.0233631872753689      -0.0055509908420302
-0.3490658503988660     5.6435796172271733      0.0226369818096818      -0.0055043630379504
-0.3490658503988660     5.7689924976099993      0.0219529182725311      -0.0054618365905589
-0.3490658503988660     5.8944053779928254      0.0213073814842021      -0.0054229508454737
-0.3490658503988660     6.0198182583756514      0.0206971432034067      -0.0053873015419993
-0.3490658503988660     6.1452311387584775      0.0201193444811181      -0.0053545267382824
-0.3490658503988660     6.2706440191413035      0.0195713945072714      -0.0053243250067579
-0.3490658503988660     6.3960568995241296      0.0190510043698210      -0.0052964442580795
-0.3490658503988660     6.5214697799069556      0.0185561131132568      -0.0052706388485237
-0.3490658503988660     6.6468826602897817      0.0180848466510204      -0.0052466949734753
-0.3490658503988660     6.7722955406726077      0.0176354922385055      -0.0052244303837256
-0.3490658503988660     6.8977084210554338      0.0172065167324732      -0.0052037182070721
-0.3490658503988660     7.0231213014382599      0.0167965590887632      -0.0051844117808547
-0.3490658503988660     7.1485341818210859      0.0164043344210108      -0.0051663693094760
-0.3490658503988660     7.2739470622039120      0.0160286866636858      -0.0051494955849135
-0.3490658503988660     7.3993599425867380      0.0156685587374714      -0.0051336783779612
-0.3490658503988660     7.5247728229695641      0.0153229748211365      -0.0051188346287917
-0.3490658503988660     7.6501857033523901      0.0149910365884523      -0.0051048888254605
-0.3490658503988660     7.7755985837352162      0.0146719353916634      -0.0050917831466594
-0.3490658503988660     7.9010114641180422      0.0143649339061591      -0.0050794339808295
-0.3490658503988660     8.0264243445008692      0.0140693061711917      -0.0050677680540464
-0.3490658503988660     8.1518372248836961      0.0137843971602298      -0.0050567619583408
-0.3490658503988660     8.2772501052665231      0.0135096310975063      -0.0050463700298183
-0.3490658503988660     8.4026629856493500      0.0132444521116728      -0.0050365473960295
-0.3490658503988660     8.5280758660321769      0.0129883516761451      -0.0050272530346488
-0.3490658503988660     8.6534887464150039      0.0127408520745365      -0.0050184538998373
-0.3490658503988660     8.7789016267978308      0.0125015185854612      -0.0050101133504443
-0.3490658503988660     8.9043145071806578      0.0122699334232994      -0.0050021937200149
-0.3490658503988660     9.0297273875634847      0.0120457106324281      -0.0049946641152720
-0.3490658503988660     9.1551402679463116      0.0118284792223238      -0.0049874951794285
-0.3490658503988660     9.2805531483291386      0.0116179017940309      -0.0049806727446347
-0.3490658503988660     9.4059660287119655      0.0114136667467873      -0.0049741669822672
-0.3490658503988660     9.5313789090947925      0.0112154667800428      -0.0049679569926472
-0.3490658503988660     9.6567917894776194      0.0110230213117816      -0.0049620291278032
-0.3490658503988660     9.7822046698604463      0.0108360671119604      -0.0049563729163354
-0.3490658503988660     9.9076175502432733      0.0106543684807128      -0.0049509743194688
-0.3490658503988660     10.0330304306261002      0.0104776902880624      -0.0049458115129048
-0.3490658503988660     10.1584433110089272      0.0103058152071956      -0.0049408757698470
-0.3490658503988660     10.2838561913917541      0.0101385397839864      -0.0049361477184669
-0.3490658503988660     10.4092690717745811      0.0099756629349935      -0.0049316171495325
-0.3490658503988660     10.5346819521574080      0.0098170041490380      -0.0049272756826828
-0.3490658503988660     10.6600948325402349      0.0096623902343766      -0.0049231113582531
-0.3490658503988660     10.7855077129230619      0.0095116563261858      -0.0049191117056731
-0.3490658503988660     10.9109205933058888      0.0093646403239234      -0.0049152695444521
-0.3490658503988660     11.0363334736887158      0.0092211982533799      -0.0049115844350026
-0.3490658503988660     11.1617463540715427      0.0090811954878703      -0.0049080439479404
-0.3490658503988660     11.2871592344543696      0.0089444961317899      -0.0049046406169825
-0.3490658503988660     11.4125721148371966      0.0088109756472480      -0.0049013688430631
-0.3490658503988660     11.5379849952200235      0.0086805160473670      -0.0048982231732135
-0.3490658503988660     11.6633978756028505      0.0085530071972310      -0.0048951949564012
-0.3490658503988660     11.7888107559856774      0.0084283398439746      -0.0048922733937616
-0.3490658503988660     11.9142236363685043      0.0083064065960304      -0.0048894510068783
-0.3490658503988660     12.0396365167513313      0.0081871038364389      -0.0048867252969185
-0.3490658503988660     12.1650493971341582      0.0080703400411791      -0.0048840976973908
-0.3490658503988660     12.2904622775169852      0.0079560306132371      -0.0048815604537050
-0.3490658503988660     12.4158751578998121      0.0078440849797963      -0.0048791072471996
-0.3490658503988660     12.5412880382826391      0.0077344217407459      -0.0048767387998301
-0.3490658503988660     12.6667009186654660      0.0076269645375719      -0.0048744525207419
-0.3490658503988660     12.7921137990482929      0.0075216423642548      -0.0048722449069049
-0.3490658503988660     12.9175266794311199      0.0074183834026850      -0.0048701103000220
-0.3490658503988660     13.0429395598139468      0.0073171201342545      -0.0048680465112330
-0.3490658503988660     13.1683524401967738      0.0072177862929298      -0.0048660481791853
-0.3490658503988660     13.2937653205796007      0.0071203180987983      -0.0048641164050259
-0.3490658503988660     13.4191782009624276      0.0070246594510251      -0.0048622483737855
-0.3490658503988660     13.5445910813452546      0.0069307526536405      -0.0048604407817646
-0.3490658503988660     13.6700039617280815      0.0068385447515325      -0.0048586915335416
-0.3490658503988660     13.7954168421109085      0.0067479831873114      -0.0048569959060712
-0.3490658503988660     13.9208297224937354      0.0066590169721014      -0.0048553517703712
-0.3490658503988660     14.0462426028765623      0.0065715977122510      -0.0048537549024031
-0.3490658503988660     14.1716554832593893      0.0064856753742372      -0.0048522031780137
-0.3490658503988660     14.2970683636422162      0.0064012050890710      -0.0048506975452885
-0.3490658503988660     14.4224812440250432      0.0063181447787245      -0.0048492368232634
-0.3490658503988660     14.5478941244078701      0.0062364551404583      -0.0048478186672477
-0.3490658503988660     14.6733070047906971      0.0061560944977950      -0.0048464388778575
-0.3490658503988660     14.7987198851735240      0.0060770224449211      -0.0048450976788329
-0.3490658503988660     14.9241327655563509      0.0059992021573822      -0.0048437950859542
-0.3490658503988660     15.0495456459391779      0.0059225991368722      -0.0048425315991524
-0.3490658503988660     15.1749585263220048      0.0058471818745566      -0.0048413045911271
-0.3490658503988660     15.3003714067048318      0.0057729151284538      -0.0048401110405756
-0.3490658503988660     15.4257842870876587      0.0056997670285102      -0.0048389525272584
-0.3490658503988660     15.5511971674704856      0.0056277096415581      -0.0048378270014643
-0.3490658503988660     15.6766100478533126      0.0055567126199600      -0.0048367312344264
    
0.0000000000000000     0.0000000000000000      -0.1771549791473774      -0.1998113005361574
0.0000000000000000     0.1254128803828261      -0.0165916644574956      -0.2037318599744316
0.0000000000000000     0.2508257607656522      -0.0130918591508451      -0.1013177977011003
0.0000000000000000     0.3762386411484783      -0.0589992831784375      -0.0729452657488511
0.0000000000000000     0.5016515215313043      -0.1019429723761086      -0.0855096112446370
0.0000000000000000     0.6270644019141304      -0.1124886837411120      -0.1198267187208771
0.0000000000000000     0.7524772822969564      -0.1349855437116512      -0.1316550902043152
0.0000000000000000     0.8778901626797825      -0.1806964852238097      -0.2123910057240224
0.0000000000000000     1.0033030430626086      -0.0563526612587729      -0.3522997702355858
0.0000000000000000     1.1287159234454347      0.0444555037739708      -0.2468929085802072
0.0000000000000000     1.2541288038282608      0.0429119079970331      -0.2403266888099874
0.0000000000000000     1.3795416842110868      0.0588441169256692      -0.1900059353188835
0.0000000000000000     1.5049545645939129      0.0077858375354475      -0.2254231736708122
0.0000000000000000     1.6303674449767389      0.1260779836078056      -0.3273680564484905
0.0000000000000000     1.7557803253595650      0.2412365929226538      -0.1846123454769328
0.0000000000000000     1.8811932057423910      0.1996739551371113      -0.0950152052529534
0.0000000000000000     2.0066060861252173      0.1649639359198074      -0.0649247551439609
0.0000000000000000     2.1320189665080433      0.1358504940369453      -0.0491226077176348
0.0000000000000000     2.2574318468908694      0.1160337273693222      -0.0528688170003776
0.0000000000000000     2.3828447272736955      0.1243020380968919      -0.0507727022035084
0.0000000000000000     2.5082576076565215      0.1166746427042446      -0.0308347844077557
0.0000000000000000     2.6336704880393476      0.1031704897899517      -0.0223939740755809
0.0000000000000000     2.7590833684221736      0.0927775054936161      -0.0188819334245824
0.0000000000000000     2.8844962488049997      0.0853322132479149      -0.0166364380123833
0.0000000000000000     3.0099091291878257      0.0786890056942018      -0.0144091252479016
0.0000000000000000     3.1353220095706518      0.0728560358260240      -0.0130448679624620
0.0000000000000000     3.2607348899534778      0.0679365088190583      -0.0121332586762208
0.0000000000000000     3.3861477703363039      0.0636647840909873      -0.0113680860133199
0.0000000000000000     3.5115606507191299      0.0599120235425487      -0.0108510364389023
0.0000000000000000     3.6369735311019560      0.0566749609577496      -0.0103791256970693
0.0000000000000000     3.7623864114847820      0.0537173796641768      -0.0099692845501582
0.0000000000000000     3.8877992918676081      0.0510594823445858      -0.0096583440170449
0.0000000000000000     4.0132121722504346      0.0486687565394442      -0.0093950018708027
0.0000000000000000     4.1386250526332606      0.0464943205799527      -0.0091700733731372
0.0000000000000000     4.2640379330160867      0.0445077819002789      -0.0089778323549435
0.0000000000000000     4.3894508133989127      0.0426868516272667      -0.0088130993183418
0.0000000000000000     4.5148636937817388      0.0410119402460793      -0.0086686731776313
0.0000000000000000     4.6402765741645648      0.0394637116087246      -0.0085408694798366
0.0000000000000000     4.7656894545473909      0.0380279293538914      -0.0084277320011398
0.0000000000000000     4.8911023349302170      0.0366925815699137      -0.0083270654645297
0.0000000000000000     5.0165152153130430      0.0354471674713575      -0.0082369401686406
0.0000000000000000     5.1419280956958691      0.0342825994987149      -0.0081558205836643
0.0000000000000000     5.2673409760786951      0.0331908684524251      -0.0080824887492700
0.0000000000000000     5.3927538564615212      0.0321651912619224      -0.0080160608711805
0.0000000000000000     5.5181667368443472      0.0311995649733075      -0.0079555926411845
0.0000000000000000     5.6435796172271733      0.0302886885381874      -0.0079004197245111
0.0000000000000000     5.7689924976099993      0.0294279109173622      -0.0078499009355388
0.0000000000000000     5.8944053779928254      0.0286130624140724      -0.0078035047355893
0.0000000000000000     6.0198182583756514      0.0278404398019613      -0.0077607801569260
0.0000000000000000     6.1452311387584775      0.0271067283670280      -0.0077213549366772
0.0000000000000000     6.2706440191413035      0.0264089808470269      -0.0076848740459931
0.0000000000000000     6.3960568995241296      0.0257445005643558      -0.0076510402357002
0.0000000000000000     6.5214697799069556      0.0251108766789541      -0.0076196178201292
0.0000000000000000     6.6468826602897817      0.0245059347113832      -0.0075903899365161
0.0000000000000000     6.7722955406726077      0.0239277268707185      -0.0075631625469061
0.0000000000000000     6.8977084210554338      0.0233744555871509      -0.0075377276543527
0.0000000000000000     7.0231213014382599      0.0228444568519754      -0.0075139397140232
0.0000000000000000     7.1485341818210859      0.0223362532093841      -0.0074916689830108
0.0000000000000000     7.2739470622039120      0.0218484703012151      -0.0074707787247707
0.0000000000000000     7.3993599425867380      0.0213798561984599      -0.0074511702241296
0.0000000000000000     7.5247728229695641      0.0209292555715482      -0.0074327374617321
0.0000000000000000     7.6501857033523901      0.0204956229190941      -0.0074153891841084
0.0000000000000000     7.7755985837352162      0.0200779659321878      -0.0073990260899306
0.0000000000000000     7.9010114641180422      0.0196753620741598      -0.0073835918170112
0.0000000000000000     8.0264243445008692      0.0192870019960056      -0.0073690367645680
0.0000000000000000     8.1518372248836961      0.0189121280565320      -0.0073552677624204
0.0000000000000000     8.2772501052665231      0.0185499944073814      -0.0073422194812328
0.0000000000000000     8.4026629856493500      0.0181999313848553      -0.0073298435545811
0.0000000000000000     8.5280758660321769      0.0178613100546329      -0.0073180953803443
0.0000000000000000     8.6534887464150039      0.0175335494899930      -0.0073069290991916
0.0000000000000000     8.7789016267978308      0.0172160987762960      -0.0072963074750021
0.0000000000000000     8.9043145071806578      0.0169084513790884      -0.0072862000342515
0.0000000000000000     9.0297273875634847      0.0166101321530019      -0.0072765811203599
0.0000000000000000     9.1551402679463116      0.0163207106714115      -0.0072674191671463
0.0000000000000000     9.2805531483291386      0.0160397632947113      -0.0072586754516894
0.0000000000000000     9.4059660287119655      0.0157668944078865      -0.0072503360104547
0.0000000000000000     9.5313789090947925      0.0155017471294974      -0.0072423771728510
0.0000000000000000     9.6567917894776194      0.0152439785647925      -0.0072347739519797
0.0000000000000000     9.7822046698604463      0.0149932655630248      -0.0072274984708973
0.0000000000000000     9.9076175502432733      0.0147492910791442      -0.0072205307661368
0.0000000000000000     10.0330304306261002      0.0145117704176206      -0.0072138606436923
0.0000000000000000     10.1584433110089272      0.0142804301405368      -0.0072074681784772
0.0000000000000000     10.2838561913917541      0.0140550132356035      -0.0072013440833058
0.0000000000000000     10.4092690717745811      0.0138352807685387      -0.0071954708312755
0.0000000000000000     10.5346819521574080      0.0136210010614152      -0.0071898362449157
0.0000000000000000     10.6600948325402349      0.0134119579093439      -0.0071844267304003
0.0000000000000000     10.7855077129230619      0.0132079446450862      -0.0071792342073439
0.0000000000000000     10.9109205933058888      0.0130087741669306      -0.0071742444016133
0.0000000000000000     11.0363334736887158      0.0128142555993077      -0.0071694381582436
0.0000000000000000     11.1617463540715427      0.0126242081431868      -0.0071648098650132
0.0000000000000000     11.2871592344543696      0.0124384655214440      -0.0071603492506451
0.0000000000000000     11.4125721148371966      0.0122568655816208      -0.0071560476054371
0.0000000000000000     11.5379849952200235      0.0120792541250639      -0.0071518965760128
0.0000000000000000     11.6633978756028505      0.0119054829645769      -0.0071478927497153
0.0000000000000000     11.7888107559856774      0.0117354158219748      -0.0071440347089550
0.0000000000000000     11.9142236363685043      0.0115689258331028      -0.0071403193218069
0.0000000000000000     12.0396365167513313      0.0114058955335814      -0.0071367379327523
0.0000000000000000     12.1650493971341582      0.0112462027757883      -0.0071332770469161
0.0000000000000000     12.2904622775169852      0.0110897287269632      -0.0071299358466416
0.0000000000000000     12.4158751578998121      0.0109363707341793      -0.0071267106306534
0.0000000000000000     12.5412880382826391      0.0107860242081103      -0.0071235922305408
0.0000000000000000     12.6667009186654660      0.0106385891120707      -0.0071205749959638
0.0000000000000000     12.7921137990482929      0.0104939667038579      -0.0071176547617455
0.0000000000000000     12.9175266794311199      0.0103520678943066      -0.0071148296793348
0.0000000000000000     13.0429395598139468      0.0102128046007770      -0.0071120942495727
0.0000000000000000     13.1683524401967738      0.0100760953197615      -0.0071094474317246
0.0000000000000000     13.2937653205796007      0.0099418613069976      -0.0071068801150062
0.0000000000000000     13.4191782009624276      0.0098100211769126      -0.0071043895186090
0.0000000000000000     13.5445910813452546      0.0096805021489076      -0.0071019726451638
0.0000000000000000     13.6700039617280815      0.0095532303363313      -0.0070996258697552
0.0000000000000000     13.7954168421109085      0.0094281375768312      -0.0070973492901656
0.0000000000000000     13.9208297224937354      0.0093051586717308      -0.0070951401389293
0.0000000000000000     14.0462426028765623      0.0091842308430612      -0.0070929982757826
0.0000000000000000     14.1716554832593893      0.0090652969775305      -0.0070909210260166
0.0000000000000000     14.2970683636422162      0.0089482986027023      -0.0070889034182713
0.0000000000000000     14.4224812440250432      0.0088331786172511      -0.0070869426609169
0.0000000000000000     14.5478941244078701      0.0087198805117863      -0.0070850378810441
0.0000000000000000     14.6733070047906971      0.0086083547723664      -0.0070831902248821
0.0000000000000000     14.7987198851735240      0.0084985534429947      -0.0070813960920925
0.0000000000000000     14.9241327655563509      0.0083904288508974      -0.0070796527840426
0.0000000000000000     15.0495456459391779      0.0082839340689789      -0.0070779560955159
0.0000000000000000     15.1749585263220048      0.0081790213993323      -0.0070763057328703
0.0000000000000000     15.3003714067048318      0.0080756504824026      -0.0070747017264062
0.0000000000000000     15.4257842870876587      0.0079737797509852      -0.0070731392878750
0.0000000000000000     15.5511971674704856      0.0078733662090621      -0.0070716174769955
0.0000000000000000     15.6766100478533126      0.0077743716351902      -0.0070701366252305
    
0.3490658503988660     0.0000000000000000      -0.0365964714579831      0.0754780282667390
0.3490658503988660     0.1254128803828261      -0.1445267108730864      0.0877539713158055
0.3490658503988660     0.2508257607656522      -0.1762884945765942      0.0187973086051758
0.3490658503988660     0.3762386411484783      -0.1826687282525306      -0.0156636096593785
0.3490658503988660     0.5016515215313043      -0.1974419520142409      -0.0481109198125825
0.3490658503988660     0.6270644019141304      -0.1999901162868284      -0.0905179688159462
0.3490658503988660     0.7524772822969564      -0.2116041616740578      -0.1214529088464864
0.3490658503988660     0.8778901626797825      -0.2425655008696206      -0.2075414899070042
0.3490658503988660     1.0033030430626086      -0.1100585263846992      -0.3463504681335429
0.3490658503988660     1.1287159234454347      -0.0120809989124859      -0.2493395065880590
0.3490658503988660     1.2541288038282608      0.0007408884858923      -0.2621070082173643
0.3490658503988660     1.3795416842110868      0.0431279312907383      -0.2020518813385160
0.3490658503988660     1.5049545645939129      -0.0040587672161135      -0.2230261413086989
0.3490658503988660     1.6303674449767389      0.1088185703272872      -0.3134373797254520
0.3490658503988660     1.7557803253595650      0.2143104497098714      -0.1748436528091725
0.3490658503988660     1.8811932057423910      0.1741301076136041      -0.0918935741460504
0.3490658503988660     2.0066060861252173      0.1452547322463349      -0.0639899407915938
0.3490658503988660     2.1320189665080433      0.1199669992081862      -0.0465886756278097
0.3490658503988660     2.2574318468908694      0.1033743770734763      -0.0449652069816338
0.3490658503988660     2.3828447272736955      0.1044110541155452      -0.0396803999016214
0.3490658503988660     2.5082576076565215      0.0952247947741952      -0.0249854415232477
0.3490658503988660     2.6336704880393476      0.0834745181459244      -0.0192634106170041
0.3490658503988660     2.7590833684221736      0.0755768086115348      -0.0164958569314274
0.3490658503988660     2.8844962488049997      0.0691621857784580      -0.0140703298827033
0.3490658503988660     3.0099091291878257      0.0636304090858662      -0.0122306126332519
0.3490658503988660     3.1353220095706518      0.0588256672783389      -0.0105643553350034
0.3490658503988660     3.2607348899534778      0.0544608200796728      -0.0094737846861474
0.3490658503988660     3.3861477703363039      0.0506607243542142      -0.0086807466768574
0.3490658503988660     3.5115606507191299      0.0473715270329326      -0.0081767680767275
0.3490658503988660     3.6369735311019560      0.0445719249434305      -0.0077265870953787
0.3490658503988660     3.7623864114847820      0.0420283878064271      -0.0073428841177410
0.3490658503988660     3.8877992918676081      0.0397595149055487      -0.0070516418696468
0.3490658503988660     4.0132121722504346      0.0377291403350589      -0.0068121785627222
0.3490658503988660     4.1386250526332606      0.0358980396486820      -0.0066112266454663
0.3490658503988660     4.2640379330160867      0.0342358650628696      -0.0064394924484818
0.3490658503988660     4.3894508133989127      0.0327204758813962      -0.0062932362158068
0.3490658503988660     4.5148636937817388      0.0313340047017174      -0.0061659479768410
0.3490658503988660     4.6402765741645648      0.0300588468947337      -0.0060541691056387
0.3490658503988660     4.7656894545473909      0.0288820975544229      -0.0059558341377463
0.3490658503988660     4.8911023349302170      0.0277927059020628      -0.0058686849929757
0.3490658503988660     5.0165152153130430      0.0267809948259655      -0.0057909909619209
0.3490658503988660     5.1419280956958691      0.0258388114809829      -0.0057214446551266
0.3490658503988660     5.2673409760786951      0.0249591171424430      -0.0056588430395489
0.3490658503988660     5.3927538564615212      0.0241356816423354      -0.0056022513464857
0.3490658503988660     5.5181667368443472      0.0233631872753689      -0.0055509908420302
0.3490658503988660     5.6435796172271733      0.0226369818096818      -0.0055043630379504
0.3490658503988660     5.7689924976099993      0.0219529182725311      -0.0054618365905589
0.3490658503988660     5.8944053779928254      0.0213073814842021      -0.0054229508454737
0.3490658503988660     6.0198182583756514      0.0206971432034067      -0.0053873015419993
0.3490658503988660     6.1452311387584775      0.0201193444811181      -0.0053545267382824
0.3490658503988660     6.2706440191413035      0.0195713945072714      -0.0053243250067579
0.3490658503988660     6.3960568995241296      0.0190510043698210      -0.0052964442580795
0.3490658503988660     6.5214697799069556      0.0185561131132568      -0.0052706388485237
0.3490658503988660     6.6468826602897817      0.0180848466510204      -0.0052466949734753
0.3490658503988660     6.7722955406726077      0.0176354922385055      -0.0052244303837256
0.3490658503988660     6.8977084210554338      0.0172065167324732      -0.0052037182070721
0.3490658503988660     7.0231213014382599      0.0167965590887632      -0.0051844117808547
0.3490658503988660     7.1485341818210859      0.0164043344210108      -0.0051663693094760
0.3490658503988660     7.2739470622039120      0.0160286866636858      -0.0051494955849135
0.3490658503988660     7.3993599425867380      0.0156685587374714      -0.0051336783779612
0.3490658503988660     7.5247728229695641      0.0153229748211365      -0.0051188346287917
0.3490658503988660     7.6501857033523901      0.0149910365884523      -0.0051048888254605
0.3490658503988660     7.7755985837352162      0.0146719353916634      -0.0050917831466594
0.3490658503988660     7.9010114641180422      0.0143649339061591      -0.0050794339808295
0.3490658503988660     8.0264243445008692      0.0140693061711917      -0.0050677680540464
0.3490658503988660     8.1518372248836961      0.0137843971602298      -0.0050567619583408
0.3490658503988660     8.2772501052665231      0.0135096310975063      -0.0050463700298183
0.3490658503988660     8.4026629856493500      0.0132444521116728      -0.0050365473960295
0.3490658503988660     8.5280758660321769      0.0129883516761451      -0.0050272530346488
0.3490658503988660     8.6534887464150039      0.0127408520745365      -0.0050184538998373
0.3490658503988660     8.7789016267978308      0.0125015185854612      -0.0050101133504443
0.3490658503988660     8.9043145071806578      0.0122699334232994      -0.0050021937200149
0.3490658503988660     9.0297273875634847      0.0120457106324281      -0.0049946641152720
0.3490658503988660     9.1551402679463116      0.0118284792223238      -0.0049874951794285
0.3490658503988660     9.2805531483291386      0.0116179017940309      -0.0049806727446347
0.3490658503988660     9.4059660287119655      0.0114136667467873      -0.0049741669822672
0.3490658503988660     9.5313789090947925      0.0112154667800428      -0.0049679569926472
0.3490658503988660     9.6567917894776194      0.0110230213117816      -0.0049620291278032
0.3490658503988660     9.7822046698604463      0.0108360671119604      -0.0049563729163354
0.3490658503988660     9.9076175502432733      0.0106543684807128      -0.0049509743194688
0.3490658503988660     10.0330304306261002      0.0104776902880624      -0.0049458115129048
0.3490658503988660     10.1584433110089272      0.0103058152071956      -0.0049408757698470
0.3490658503988660     10.2838561913917541      0.0101385397839864      -0.0049361477184669
0.3490658503988660     10.4092690717745811      0.0099756629349935      -0.0049316171495325
0.3490658503988660     10.5346819521574080      0.0098170041490380      -0.0049272756826828
0.3490658503988660     10.6600948325402349      0.0096623902343766      -0.0049231113582531
0.3490658503988660     10.7855077129230619      0.0095116563261858      -0.0049191117056731
0.3490658503988660     10.9109205933058888      0.0093646403239234      -0.0049152695444521
0.3490658503988660     11.0363334736887158      0.0092211982533799      -0.0049115844350026
0.3490658503988660     11.1617463540715427      0.0090811954878703      -0.0049080439479404
0.3490658503988660     11.2871592344543696      0.0089444961317899      -0.0049046406169825
0.3490658503988660     11.4125721148371966      0.0088109756472480      -0.0049013688430631
0.3490658503988660     11.5379849952200235      0.0086805160473670      -0.0048982231732135
0.3490658503988660     11.6633978756028505      0.0085530071972310      -0.0048951949564012
0.3490658503988660     11.7888107559856774      0.0084283398439746      -0.0048922733937616
0.3490658503988660     11.9142236363685043      0.0083064065960304      -0.0048894510068783
0.3490658503988660     12.0396365167513313      0.0081871038364389      -0.0048867252969185
0.3490658503988660     12.1650493971341582      0.0080703400411791      -0.0048840976973908
0.3490658503988660     12.2904622775169852      0.0079560306132371      -0.0048815604537050
0.3490658503988660     12.4158751578998121      0.0078440849797963      -0.0048791072471996
0.3490658503988660     12.5412880382826391      0.0077344217407459      -0.0048767387998301
0.3490658503988660     12.6667009186654660      0.0076269645375719      -0.0048744525207419
0.3490658503988660     12.7921137990482929      0.0075216423642548      -0.0048722449069049
0.3490658503988660     12.9175266794311199      0.0074183834026850      -0.0048701103000220
0.3490658503988660     13.0429395598139468      0.0073171201342545      -0.0048680465112330
0.3490658503988660     13.1683524401967738      0.0072177862929298      -0.0048660481791853
0.3490658503988660     13.2937653205796007      0.0071203180987983      -0.0048641164050259
0.3490658503988660     13.4191782009624276      0.0070246594510251      -0.0048622483737855
0.3490658503988660     13.5445910813452546      0.0069307526536405      -0.0048604407817646
0.3490658503988660     13.6700039617280815      0.0068385447515325      -0.0048586915335416
0.3490658503988660     13.7954168421109085      0.0067479831873114      -0.0048569959060712
0.3490658503988660     13.9208297224937354      0.0066590169721014      -0.0048553517703712
0.3490658503988660     14.0462426028765623      0.0065715977122510      -0.0048537549024031
0.3490658503988660     14.1716554832593893      0.0064856753742372      -0.0048522031780137
0.3490658503988660     14.2970683636422162      0.0064012050890710      -0.0048506975452885
0.3490658503988660     14.4224812440250432      0.0063181447787245      -0.0048492368232634
0.3490658503988660     14.5478941244078701      0.0062364551404583      -0.0048478186672477
0.3490658503988660     14.6733070047906971      0.0061560944977950      -0.0048464388778575
0.3490658503988660     14.7987198851735240      0.0060770224449211      -0.0048450976788329
0.3490658503988660     14.9241327655563509      0.0059992021573822      -0.0048437950859542
0.3490658503988660     15.0495456459391779      0.0059225991368722      -0.0048425315991524
0.3490658503988660     15.1749585263220048      0.0058471818745566      -0.0048413045911271
0.3490658503988660     15.3003714067048318      0.0057729151284538      -0.0048401110405756
0.3490658503988660     15.4257842870876587      0.0056997670285102      -0.0048389525272584
0.3490658503988660     15.5511971674704856      0.0056277096415581      -0.0048378270014643
0.3490658503988660     15.6766100478533126      0.0055567126199600      -0.0048367312344264
    
0.6981317007977315     0.0000000000000000      -0.3400939269908417      -0.5757797131078063
0.6981317007977315     0.1254128803828261      0.1610754419167837      -0.5617244977808967
0.6981317007977315     0.2508257607656522      0.1934398899936622      -0.2485901022404789
0.6981317007977315     0.3762386411484783      0.0961590958999221      -0.1445760434840242
0.6981317007977315     0.5016515215313043      0.0157111131526052      -0.1329653524842478
0.6981317007977315     0.6270644019141304      -0.0130555020142505      -0.1657052911518452
0.6981317007977315     0.7524772822969564      -0.0221229316578182      -0.1752530655146190
0.6981317007977315     0.8778901626797825      -0.0593600520318189      -0.2082630268099349
0.6981317007977315     1.0033030430626086      0.0094360157324828      -0.3016764930002836
0.6981317007977315     1.1287159234454347      0.0600840436546303      -0.2347854551322891
0.6981317007977315     1.2541288038282608      0.0664388340146592      -0.2647752148261921
0.6981317007977315     1.3795416842110868      0.1064991517162660      -0.2100211830517578
0.6981317007977315     1.5049545645939129      0.0535765876444605      -0.2321120642481448
0.6981317007977315     1.6303674449767389      0.1624882404719055      -0.3312232790529275
0.6981317007977315     1.7557803253595650      0.2754236553843150      -0.1909855015791501
0.6981317007977315     1.8811932057423910      0.2327545232020149      -0.1022421289962900
0.6981317007977315     2.0066060861252173      0.2001558229748184      -0.0716346147619500
0.6981317007977315     2.1320189665080433      0.1720485786930514      -0.0519632853129861
0.6981317007977315     2.2574318468908694      0.1519036855723529      -0.0466904805345727
0.6981317007977315     2.3828447272736955      0.1445369637025277      -0.0398247111049301
0.6981317007977315     2.5082576076565215      0.1315874398884401      -0.0292265837770507
0.6981317007977315     2.6336704880393476      0.1186055289981278      -0.0249914153952058
0.6981317007977315     2.7590833684221736      0.1091965401992759      -0.0232473363446628
0.6981317007977315     2.8844962488049997      0.1025075372652242      -0.0216601384772154
0.6981317007977315     3.0099091291878257      0.0962707882258567      -0.0192729694192373
0.6981317007977315     3.1353220095706518      0.0902267576381457      -0.0173922139836679
0.6981317007977315     3.2607348899534778      0.0849780896272595      -0.0162631132243497
0.6981317007977315     3.3861477703363039      0.0801945423846339      -0.0151009197191932
0.6981317007977315     3.5115606507191299      0.0758150117794224      -0.0143949237965418
0.6981317007977315     3.6369735311019560      0.0720040016724569      -0.0138279323467395
0.6981317007977315     3.7623864114847820      0.0685225866769802      -0.0133591299269348
0.6981317007977315     3.8877992918676081      0.0653791426309448      -0.0129987268529887
0.6981317007977315     4.0132121722504346      0.0625292783433844      -0.0127035030354567
0.6981317007977315     4.1386250526332606      0.0599316170503138      -0.0124539938697785
0.6981317007977315     4.2640379330160867      0.0575482799551679      -0.0122376178684349
0.6981317007977315     4.3894508133989127      0.0553519150371128      -0.0120503663850937
0.6981317007977315     4.5148636937817388      0.0533210856192734      -0.0118858212590471
0.6981317007977315     4.6402765741645648      0.0514357366742355      -0.0117400040039064
0.6981317007977315     4.7656894545473909      0.0496800422378684      -0.0116102319715790
0.6981317007977315     4.8911023349302170      0.0480405184507324      -0.0114940030300354
0.6981317007977315     5.0165152153130430      0.0465052887439207      -0.0113893847161540
0.6981317007977315     5.1419280956958691      0.0450643279107935      -0.0112948199652183
0.6981317007977315     5.2673409760786951      0.0437087452257779      -0.0112089662765464
0.6981317007977315     5.3927538564615212      0.0424308764847491      -0.0111308196074407
0.6981317007977315     5.5181667368443472      0.0412239675383850      -0.0110593790844537
0.6981317007977315     5.6435796172271733      0.0400819657471737      -0.0109938764049103
0.6981317007977315     5.7689924976099993      0.0389995778644775      -0.0109336599017444
0.6981317007977315     5.8944053779928254      0.0379720361874493      -0.0108781511352446
0.6981317007977315     6.0198182583756514      0.0369951138775794      -0.0108268626150989
0.6981317007977315     6.1452311387584775      0.0360649734710579      -0.0107793712476326
0.6981317007977315     6.2706440191413035      0.0351782199974777      -0.0107353433103833
0.6981317007977315     6.3960568995241296      0.0343317814610290      -0.0106944199366364
0.6981317007977315     6.5214697799069556      0.0335228334709299      -0.0106563157636452
0.6981317007977315     6.6468826602897817      0.0327488488909712      -0.0106207909065426
0.6981317007977315     6.7722955406726077      0.0320075315625775      -0.0105876182838788
0.6981317007977315     6.8977084210554338      0.0312967812959332      -0.0105565670968318
0.6981317007977315     7.0231213014382599      0.0306146339067495      -0.0105274491340321
0.6981317007977315     7.1485341818210859      0.0299593314575232      -0.0105001314441929
0.6981317007977315     7.2739470622039120      0.0293292570916159      -0.0104744464430003
0.6981317007977315     7.3993599425867380      0.0287229039387732      -0.0104502738198365
0.6981317007977315     7.5247728229695641      0.0281389101094573      -0.0104274902661570
0.6981317007977315     7.6501857033523901      0.0275759906842101      -0.0104059799080940
0.6981317007977315     7.7755985837352162      0.0270329630866648      -0.0103856433632691
0.6981317007977315     7.9010114641180422      0.0265087193671065      -0.0103664126351149
0.6981317007977315     8.0264243445008692      0.0260022772686598      -0.0103482213702004
0.6981317007977315     8.1518372248836961      0.0255126965927386      -0.0103309734738532
0.6981317007977315     8.2772501052665231      0.0250390921256126      -0.0103146144759795
0.6981317007977315     8.4026629856493500      0.0245806603589045      -0.0102990834022977
0.6981317007977315     8.5280758660321769      0.0241366399080950      -0.0102843229727720
0.6981317007977315     8.6534887464150039      0.0237063239037074      -0.0102702770595295
0.6981317007977315     8.7789016267978308      0.0232890366681480      -0.0102569013597609
0.6981317007977315     8.9043145071806578      0.0228841650647632      -0.0102441619626944
0.6981317007977315     9.0297273875634847      0.0224911249889746      -0.0102320118414121
0.6981317007977315     9.1551402679463116      0.0221093699749548      -0.0102204273718397
0.6981317007977315     9.2805531483291386      0.0217383974879028      -0.0102093674734131
0.6981317007977315     9.4059660287119655      0.0213777174065831      -0.0101988024816369
0.6981317007977315     9.5313789090947925      0.0210268863063289      -0.0101887070309304
0.6981317007977315     9.6567917894776194      0.0206854761602567      -0.0101790458386579
0.6981317007977315     9.7822046698604463      0.0203530834498629      -0.0101697922856529
0.6981317007977315     9.9076175502432733      0.0200293204305922      -0.0101609218927263
0.6981317007977315     10.0330304306261002      0.0197138312494110      -0.0101524200465340
0.6981317007977315     10.1584433110089272      0.0194062769252991      -0.0101442595836504
0.6981317007977315     10.2838561913917541      0.0191063295647543      -0.0101364295205445
0.6981317007977315     10.4092690717745811      0.0188136977763733      -0.0101289135176781
0.6981317007977315     10.5346819521574080      0.0185280874329134      -0.0101216839827582
0.6981317007977315     10.6600948325402349      0.0182492206053959      -0.0101147330034423
0.6981317007977315     10.7855077129230619      0.0179768405761625      -0.0101080472359606
0.6981317007977315     10.9109205933058888      0.0177107027998751      -0.0101016144366410
0.6981317007977315     11.0363334736887158      0.0174505727443723      -0.0100954167896664
0.6981317007977315     11.1617463540715427      0.0171962217074201      -0.0100894494033721
0.6981317007977315     11.2871592344543696      0.0169474456502776      -0.0100837040112470
0.6981317007977315     11.4125721148371966      0.0167040443024167      -0.0100781676565219
0.6981317007977315     11.5379849952200235      0.0164658269585830      -0.0100728287921086
0.6981317007977315     11.6633978756028505      0.0162326073618191      -0.0100676767534406
0.6981317007977315     11.7888107559856774      0.0160042109707440      -0.0100627076241796
0.6981317007977315     11.9142236363685043      0.0157804762144985      -0.0100579123379782
0.6981317007977315     12.0396365167513313      0.0155612442429479      -0.0100532802886820
0.6981317007977315     12.1650493971341582      0.0153463625187178      -0.0100488017826993
0.6981317007977315     12.2904622775169852      0.0151356815568178      -0.0100444702027166
0.6981317007977315     12.4158751578998121      0.0149290652919676      -0.0100402829602798
0.6981317007977315     12.5412880382826391      0.0147263820937454      -0.0100362295921745
0.6981317007977315     12.6667009186654660      0.0145275023651902      -0.0100323036693592
0.6981317007977315     12.7921137990482929      0.0143323018807386      -0.0100284995780547
0.6981317007977315     12.9175266794311199      0.0141406626391409      -0.0100248154530669
0.6981317007977315     13.0429395598139468      0.0139524746044613      -0.0100212468723697
0.6981317007977315     13.1683524401967738      0.0137676302676121      -0.0100177902824069
0.6981317007977315     13.2937653205796007      0.0135860289517286      -0.0100144409675936
0.6981317007977315     13.4191782009624276      0.0134075712250942      -0.0100111929637253
0.6981317007977315     13.5445910813452546      0.0132321615429897      -0.0100080429311027
0.6981317007977315     13.6700039617280815      0.0130597086888448      -0.0100049865764481
0.6981317007977315     13.7954168421109085      0.0128901246156297      -0.0100020208607550
0.6981317007977315     13.9208297224937354      0.0127233251110051      -0.0099991414517247
0.6981317007977315     14.0462426028765623      0.0125592271674608      -0.0099963467696842
0.6981317007977315     14.1716554832593893      0.0123977557885221      -0.0099936351722212
0.6981317007977315     14.2970683636422162      0.0122388360575107      -0.0099910008638380
0.6981317007977315     14.4224812440250432      0.0120823944737168      -0.0099884412363327
0.6981317007977315     14.5478941244078701      0.0119283605163057      -0.0099859539707954
0.6981317007977315     14.6733070047906971      0.0117766680894444      -0.0099835383142504
0.6981317007977315     14.7987198851735240      0.0116272549872025      -0.0099811901229892
0.6981317007977315     14.9241327655563509      0.0114800576438319      -0.0099789044051467
0.6981317007977315     15.0495456459391779      0.0113350141315368      -0.0099766783061175
0.6981317007977315     15.1749585263220048      0.0111920643492251      -0.0099745101632024
0.6981317007977315     15.3003714067048318      0.0110511528307542      -0.0099723993458277
0.6981317007977315     15.4257842870876587      0.0109122250434988      -0.0099703416428261
0.6981317007977315     15.5511971674704856      0.0107752252660491      -0.0099683363218379
0.6981317007977315     15.6766100478533126      0.0106401030862776      -0.0099663842827599
    
1.0471975511965974     0.0000000000000000      -0.7546779860034168      -1.4467044712856154
1.0471975511965974     0.1254128803828261      0.5524138421846274      -1.4272330285178574
1.0471975511965974     0.2508257607656522      0.6639322820613381      -0.6101841205631555
1.0471975511965974     0.3762386411484783      0.4396250621596492      -0.3290376708024697
1.0471975511965974     0.5016515215313043      0.2665727715452570      -0.2766460565136972
1.0471975511965974     0.6270644019141304      0.2274455339693811      -0.3195823908962004
1.0471975511965974     0.7524772822969564      0.2393417176267576      -0.2850430886103464
1.0471975511965974     0.8778901626797825      0.1901880348621658      -0.2492332154137701
1.0471975511965974     1.0033030430626086      0.2048749805905246      -0.2960914450904207
1.0471975511965974     1.1287159234454347      0.2174870312375095      -0.2287420553117892
1.0471975511965974     1.2541288038282608      0.1955713320463792      -0.2428373708705630
1.0471975511965974     1.3795416842110868      0.1994771493224051      -0.2004823393636435
1.0471975511965974     1.5049545645939129      0.1328551343446749      -0.2335031777251271
1.0471975511965974     1.6303674449767389      0.2341511606588366      -0.3524268875351556
1.0471975511965974     1.7557803253595650      0.3609199583284197      -0.2123082462429755
1.0471975511965974     1.8811932057423910      0.3152436031826536      -0.1136551463843975
1.0471975511965974     2.0066060861252173      0.2735345552270440      -0.0789775445164679
1.0471975511965974     2.1320189665080433      0.2391178281471580      -0.0591735544430450
1.0471975511965974     2.2574318468908694      0.2124399831258633      -0.0557750167368144
1.0471975511965974     2.3828447272736955      0.2038658493934447      -0.0506569866094420
1.0471975511965974     2.5082576076565215      0.1888299183293203      -0.0391343707458034
1.0471975511965974     2.6336704880393476      0.1729698229310421      -0.0337214844802287
1.0471975511965974     2.7590833684221736      0.1596017100361823      -0.0323200329349257
1.0471975511965974     2.8844962488049997      0.1517181413121773      -0.0317910843598671
1.0471975511965974     3.0099091291878257      0.1437042314535789      -0.0284248358472445
1.0471975511965974     3.1353220095706518      0.1353956913686478      -0.0266362588196102
1.0471975511965974     3.2607348899534778      0.1287418958207703      -0.0256455492001422
1.0471975511965974     3.3861477703363039      0.1225082587342116      -0.0241238718921081
1.0471975511965974     3.5115606507191299      0.1165746953951954      -0.0231995888629842
1.0471975511965974     3.6369735311019560      0.1113182894527057      -0.0224906567520793
1.0471975511965974     3.7623864114847820      0.1064850537150460      -0.0219083537904683
1.0471975511965974     3.8877992918676081      0.1020794439293482      -0.0214590525064737
1.0471975511965974     4.0132121722504346      0.0980519436918114      -0.0210828964011693
1.0471975511965974     4.1386250526332606      0.0943453923610933      -0.0207598032124806
1.0471975511965974     4.2640379330160867      0.0909176204863038      -0.0204780586907167
1.0471975511965974     4.3894508133989127      0.0877363006481228      -0.0202312748493173
1.0471975511965974     4.5148636937817388      0.0847742911949836      -0.0200121263846342
1.0471975511965974     4.6402765741645648      0.0820071629031289      -0.0198163452461439
1.0471975511965974     4.7656894545473909      0.0794154289701170      -0.0196406674310349
1.0471975511965974     4.8911023349302170      0.0769820097878965      -0.0194819685109686
1.0471975511965974     5.0165152153130430      0.0746917397566911      -0.0193379153754437
1.0471975511965974     5.1419280956958691      0.0725316894390714      -0.0192068112949332
1.0471975511965974     5.2673409760786951      0.0704905657270123      -0.0190870397499065
1.0471975511965974     5.3927538564615212      0.0685582817273971      -0.0189772192110922
1.0471975511965974     5.5181667368443472      0.0667259060603179      -0.0188762781588260
1.0471975511965974     5.6435796172271733      0.0649855738732917      -0.0187832617215988
1.0471975511965974     5.7689924976099993      0.0633301784867174      -0.0186973093033476
1.0471975511965974     5.8944053779928254      0.0617533878560014      -0.0186177130182993
1.0471975511965974     6.0198182583756514      0.0602494643565102      -0.0185438387729740
1.0471975511965974     6.1452311387584775      0.0588132850450822      -0.0184751455334473
1.0471975511965974     6.2706440191413035      0.0574401439814001      -0.0184110859987802
1.0471975511965974     6.3960568995241296      0.0561257516665934      -0.0183512891862681
1.0471975511965974     6.5214697799069556      0.0548662882880706      -0.0182953815603968
1.0471975511965974     6.6468826602897817      0.0536582084043853      -0.0182430096141923
1.0471975511965974     6.7722955406726077      0.0524982773354513      -0.0181938789150503
1.0471975511965974     6.8977084210554338      0.0513835271448944      -0.0181477438648851
1.0471975511965974     7.0231213014382599      0.0503112761740497      -0.0181043794997949
1.0471975511965974     7.1485341818210859      0.0492790212933034      -0.0180635319949094
1.0471975511965974     7.2739470622039120      0.0482844432426703      -0.0180250297398414
1.0471975511965974     7.3993599425867380      0.0473254323723397      -0.0179886854191903
1.0471975511965974     7.5247728229695641      0.0463999944451505      -0.0179543415854548
1.0471975511965974     7.6501857033523901      0.0455063281506231      -0.0179218677054375
1.0471975511965974     7.7755985837352162      0.0446427389546727      -0.0178911227041885
1.0471975511965974     7.9010114641180422      0.0438076660457351      -0.0178619753720441
1.0471975511965974     8.0264243445008692      0.0429996198652282      -0.0178343027964165
1.0471975511965974     8.1518372248836961      0.0422172392801877      -0.0178080267414956
1.0471975511965974     8.2772501052665231      0.0414592587171374      -0.0177830359724255
1.0471975511965974     8.4026629856493500      0.0407244696717421      -0.0177592463677291
1.0471975511965974     8.5280758660321769      0.0400117578701358      -0.0177365865566753
1.0471975511965974     8.6534887464150039      0.0393200761059340      -0.0177149912460093
1.0471975511965974     8.7789016267978308      0.0386484585089339      -0.0176943953901280
1.0471975511965974     8.9043145071806578      0.0379959773602596      -0.0176747289971136
1.0471975511965974     9.0297273875634847      0.0373617726302789      -0.0176559509145107
1.0471975511965974     9.1551402679463116      0.0367450396764713      -0.0176379916125761
1.0471975511965974     9.2805531483291386      0.0361449969349306      -0.0176208106058383
1.0471975511965974     9.4059660287119655      0.0355609355553051      -0.0176043677149154
1.0471975511965974     9.5313789090947925      0.0349921675612691      -0.0175886176218325
1.0471975511965974     9.6567917894776194      0.0344380575692153      -0.0175735341008483
1.0471975511965974     9.7822046698604463      0.0338980045236851      -0.0175590765939632
1.0471975511965974     9.9076175502432733      0.0333714409764923      -0.0175452120617198
1.0471975511965974     10.0330304306261002      0.0328578239491024      -0.0175319001411458
1.0471975511965974     10.1584433110089272      0.0323566363684518      -0.0175191174054673
1.0471975511965974     10.2838561913917541      0.0318674007598973      -0.0175068281840464
1.0471975511965974     10.4092690717745811      0.0313896381619423      -0.0174950016185614
1.0471975511965974     10.5346819521574080      0.0309229154378025      -0.0174836299047877
1.0471975511965974     10.6600948325402349      0.0304668211554027      -0.0174726801608896
1.0471975511965974     10.7855077129230619      0.0300209541158830      -0.0174621338122083
1.0471975511965974     10.9109205933058888      0.0295849386999461      -0.0174519697946276
1.0471975511965974     11.0363334736887158      0.0291584146147791      -0.0174421755658257
1.0471975511965974     11.1617463540715427      0.0287410486410394      -0.0174327284311965
1.0471975511965974     11.2871592344543696      0.0283325071362247      -0.0174236094420489
1.0471975511965974     11.4125721148371966      0.0279324796840168      -0.0174148076155005
1.0471975511965974     11.5379849952200235      0.0275406692969832      -0.0174063104896518
1.0471975511965974     11.6633978756028505      0.0271567987087198      -0.0173981089058970
1.0471975511965974     11.7888107559856774      0.0267806011389533      -0.0173901836063111
1.0471975511965974     11.9142236363685043      0.0264118138810310      -0.0173825238725549
1.0471975511965974     12.0396365167513313      0.0260501944145211      -0.0173751199593190
1.0471975511965974     12.1650493971341582      0.0256955059249073      -0.0173679592316517
1.0471975511965974     12.2904622775169852      0.0253475256455469      -0.0173610328617614
1.0471975511965974     12.4158751578998121      0.0250060361046096      -0.0173543263679772
1.0471975511965974     12.5412880382826391      0.0246708280139361      -0.0173478341049343
1.0471975511965974     12.6667009186654660      0.0243417052622214      -0.0173415477831660
1.0471975511965974     12.7921137990482929      0.0240184791381599      -0.0173354599325196
1.0471975511965974     12.9175266794311199      0.0237009698597048      -0.0173295586501339
1.0471975511965974     13.0429395598139468      0.0233889980688841      -0.0173238353991927
1.0471975511965974     13.1683524401967738      0.0230823973741001      -0.0173182836791518
1.0471975511965974     13.2937653205796007      0.0227810035354800      -0.0173128938974910
1.0471975511965974     13.4191782009624276      0.0224846592469127      -0.0173076629137607
1.0471975511965974     13.5445910813452546      0.0221932165619981      -0.0173025841655660
1.0471975511965974     13.6700039617280815      0.0219065303281509      -0.0172976527324979
1.0471975511965974     13.7954168421109085      0.0216244627712287      -0.0172928640821770
1.0471975511965974     13.9208297224937354      0.0213468811282257      -0.0172882150990193
1.0471975511965974     14.0462426028765623      0.0210736609722759      -0.0172836995410891
1.0471975511965974     14.1716554832593893      0.0208046762242724      -0.0172793105269376
1.0471975511965974     14.2970683636422162      0.0205398084172978      -0.0172750465282928
1.0471975511965974     14.4224812440250432      0.0202789448552589      -0.0172709020254495
1.0471975511965974     14.5478941244078701      0.0200219750567826      -0.0172668721708817
1.0471975511965974     14.6733070047906971      0.0197687923258830      -0.0172629514438230
1.0471975511965974     14.7987198851735240      0.0195192912290027      -0.0172591366634690
1.0471975511965974     14.9241327655563509      0.0192733741433169      -0.0172554264948481
1.0471975511965974     15.0495456459391779      0.0190309463289931      -0.0172518157820681
1.0471975511965974     15.1749585263220048      0.0187919149843759      -0.0172483008847644
1.0471975511965974     15.3003714067048318      0.0185561898515288      -0.0172448773815636
1.0471975511965974     15.4257842870876587      0.0183236836483131      -0.0172415443868316
1.0471975511965974     15.5511971674704856      0.0180943154203253      -0.0172382982873069
1.0471975511965974     15.6766100478533126      0.0178680037072255      -0.0172351341411189
    
1.3962634015954638     0.0000000000000000      -0.4009732159875491      -0.7538142488150060
1.3962634015954638     0.1254128803828261      0.2083299956221121      -0.6729709414421949
1.3962634015954638     0.2508257607656522      0.2146609704173767      -0.3058254590500600
1.3962634015954638     0.3762386411484783      0.0840505542168896      -0.1966577930437936
1.3962634015954638     0.5016515215313043      -0.0244533724860238      -0.2162510084966550
1.3962634015954638     0.6270644019141304      -0.0226006316174614      -0.3107949656699218
1.3962634015954638     0.7524772822969564      0.0438024602919726      -0.3234454772983532
1.3962634015954638     0.8778901626797825      0.0370383582822644      -0.3023964156860632
1.3962634015954638     1.0033030430626086      0.1213469102221699      -0.3702270256397009
1.3962634015954638     1.1287159234454347      0.1723288811341127      -0.2569825860851637
1.3962634015954638     1.2541288038282608      0.1531899109514406      -0.2536720776787795
1.3962634015954638     1.3795416842110868      0.1680806523614792      -0.1977620160674016
1.3962634015954638     1.5049545645939129      0.1040011576709783      -0.2116733409364764
1.3962634015954638     1.6303674449767389      0.1879348924353064      -0.3124830795658995
1.3962634015954638     1.7557803253595650      0.2965753153635118      -0.1876176150383307
1.3962634015954638     1.8811932057423910      0.2550705662927089      -0.1022007874252190
1.3962634015954638     2.0066060861252173      0.2213559177433254      -0.0724738202663211
1.3962634015954638     2.1320189665080433      0.1923881090710311      -0.0539214374675781
1.3962634015954638     2.2574318468908694      0.1715103888683351      -0.0487453166806294
1.3962634015954638     2.3828447272736955      0.1626348135852719      -0.0421184008070284
1.3962634015954638     2.5082576076565215      0.1489777680486908      -0.0321789646464475
1.3962634015954638     2.6336704880393476      0.1353979557758261      -0.0280168916577314
1.3962634015954638     2.7590833684221736      0.1252892085156357      -0.0264211615398921
1.3962634015954638     2.8844962488049997      0.1182424094223458      -0.0248989391845606
1.3962634015954638     3.0099091291878257      0.1114376432552211      -0.0222619116402719
1.3962634015954638     3.1353220095706518      0.1047449441306940      -0.0203363473639945
1.3962634015954638     3.2607348899534778      0.0990226451598544      -0.0191480780441504
1.3962634015954638     3.3861477703363039      0.0937039326446744      -0.0178659673231709
1.3962634015954638     3.5115606507191299      0.0888051598371560      -0.0171032473627456
1.3962634015954638     3.6369735311019560      0.0845252580719912      -0.0164874895843347
1.3962634015954638     3.7623864114847820      0.0805958786598163      -0.0159764532866407
1.3962634015954638     3.8877992918676081      0.0770366292180638      -0.0155862688870316
1.3962634015954638     4.0132121722504346      0.0738005738881126      -0.0152600922472762
1.3962634015954638     4.1386250526332606      0.0708363283664873      -0.0149833634203321
1.3962634015954638     4.2640379330160867      0.0681085445134116      -0.0147441100635891
1.3962634015954638     4.3894508133989127      0.0655880882820161      -0.0145365404684423
1.3962634015954638     4.5148636937817388      0.0632517582561459      -0.0143538048323216
1.3962634015954638     4.6402765741645648      0.0610779765583909      -0.0141912400711595
1.3962634015954638     4.7656894545473909      0.0590492555091617      -0.0140460042865594
1.3962634015954638     4.8911023349302170      0.0571509069176321      -0.0139154912648223
1.3962634015954638     5.0165152153130430      0.0553699339251884      -0.0137976293494890
1.3962634015954638     5.1419280956958691      0.0536953035108337      -0.0136907815018057
1.3962634015954638     5.2673409760786951      0.0521172516821406      -0.0135935189652660
1.3962634015954638     5.3927538564615212      0.0506272912314896      -0.0135047672421675
1.3962634015954638     5.5181667368443472      0.0492179710476399      -0.0134234853807591
1.3962634015954638     5.6435796172271733      0.0478825746630788      -0.0133488254890595
1.3962634015954638     5.7689924976099993      0.0466152235744902      -0.0132801126232601
1.3962634015954638     5.8944053779928254      0.0454106239455935      -0.0132166951970728
1.3962634015954638     6.0198182583756514      0.0442640545516546      -0.0131580462165731
1.3962634015954638     6.1452311387584775      0.0431712312757814      -0.0131036723726002
1.3962634015954638     6.2706440191413035      0.0421283263706896      -0.0130532114809237
1.3962634015954638     6.3960568995241296      0.0411319006108704      -0.0130062340727636
1.3962634015954638     6.5214697799069556      0.0401787359115534      -0.0129624157509865
1.3962634015954638     6.6468826602897817      0.0392659737086921      -0.0129214882112966
1.3962634015954638     6.7722955406726077      0.0383909936021351      -0.0128831880986126
1.3962634015954638     6.8977084210554338      0.0375513954200458      -0.0128472741442213
1.3962634015954638     7.0231213014382599      0.0367449497312202      -0.0128135389370550
1.3962634015954638     7.1485341818210859      0.0359696432342338      -0.0127818424651535
1.3962634015954638     7.2739470622039120      0.0352236378815246      -0.0127520022079440
1.3962634015954638     7.3993599425867380      0.0345052043986799      -0.0127238895436832
1.3962634015954638     7.5247728229695641      0.0338127963960351      -0.0126973771361901
1.3962634015954638     7.6501857033523901      0.0331449397822691      -0.0126723289193700
1.3962634015954638     7.7755985837352162      0.0325002902773516      -0.0126486517331880
1.3962634015954638     7.9010114641180422      0.0318775905847231      -0.0126262452703490
1.3962634015954638     8.0264243445008692      0.0312756964931150      -0.0126050330952261
1.3962634015954638     8.1518372248836961      0.0306935258495043      -0.0125849066886727
1.3962634015954638     8.2772501052665231      0.0301300555954142      -0.0125658088196008
1.3962634015954638     8.4026629856493500      0.0295843656443055      -0.0125476722273799
1.3962634015954638     8.5280758660321769      0.0290555762242246      -0.0125304258161913
1.3962634015954638     8.6534887464150039      0.0285428688516385      -0.0125140094039093
1.3962634015954638     8.7789016267978308      0.0280454660393892      -0.0124983683126241
1.3962634015954638     8.9043145071806578      0.0275626550857433      -0.0124834642921425
1.3962634015954638     9.0297273875634847      0.0270937605459020      -0.0124692395382589
1.3962634015954638     9.1551402679463116      0.0266381426660731      -0.0124556683998419
1.3962634015954638     9.2805531483291386      0.0261952247157202      -0.0124427062204231
1.3962634015954638     9.4059660287119655      0.0257644365395327      -0.0124303104300779
1.3962634015954638     9.5313789090947925      0.0253452584422695      -0.0124184494997851
1.3962634015954638     9.6567917894776194      0.0249371841678701      -0.0124070787277238
1.3962634015954638     9.7822046698604463      0.0245397379867730      -0.0123961776395745
1.3962634015954638     9.9076175502432733      0.0241524717590158      -0.0123857172284214
1.3962634015954638     10.0330304306261002      0.0237749629473293      -0.0123756846862570
1.3962634015954638     10.1584433110089272      0.0234068225102393      -0.0123660545088900
1.3962634015954638     10.2838561913917541      0.0230476647556036      -0.0123568108422842
1.3962634015954638     10.4092690717745811      0.0226971488290526      -0.0123479439060577
1.3962634015954638     10.5346819521574080      0.0223549376084591      -0.0123394233405790
1.3962634015954638     10.6600948325402349      0.0220207108793598      -0.0123312401926902
1.3962634015954638     10.7855077129230619      0.0216941717833714      -0.0123233746828822
1.3962634015954638     10.9109205933058888      0.0213750340783167      -0.0123158119515362
1.3962634015954638     11.0363334736887158      0.0210630283915110      -0.0123085280751606
1.3962634015954638     11.1617463540715427      0.0207578843690391      -0.0123015095981184
1.3962634015954638     11.2871592344543696      0.0204593596566368      -0.0122947453002955
1.3962634015954638     11.4125721148371966      0.0201672158036159      -0.0122882169177896
1.3962634015954638     11.5379849952200235      0.0198812249456022      -0.0122819122932320
1.3962634015954638     11.6633978756028505      0.0196011661689063      -0.0122758176750870
1.3962634015954638     11.7888107559856774      0.0193268300029679      -0.0122699309975560
1.3962634015954638     11.9142236363685043      0.0190580250080852      -0.0122642435055345
1.3962634015954638     12.0396365167513313      0.0187945612619211      -0.0122587470090376
1.3962634015954638     12.1650493971341582      0.0185362628574103      -0.0122534354085923
1.3962634015954638     12.2904622775169852      0.0182829571411466      -0.0122482998509044
1.3962634015954638     12.4158751578998121      0.0180344833955705      -0.0122433367377733
1.3962634015954638     12.5412880382826391      0.0177906876427841      -0.0122385351700105
1.3962634015954638     12.6667009186654660      0.0175514181457490      -0.0122338875957195
1.3962634015954638     12.7921137990482929      0.0173165305506732      -0.0122293864173276
1.3962634015954638     12.9175266794311199      0.0170858849357999      -0.0122250284122367
1.3962634015954638     13.0429395598139468      0.0168593531724932      -0.0122208076408377
1.3962634015954638     13.1683524401967738      0.0166368055537870      -0.0122167169173139
1.3962634015954638     13.2937653205796007      0.0164181219026205      -0.0122127541487460
1.3962634015954638     13.4191782009624276      0.0162031866893055      -0.0122089112549713
1.3962634015954638     13.5445910813452546      0.0159918858911486      -0.0122051850669962
1.3962634015954638     13.6700039617280815      0.0157841135666001      -0.0122015702190259
1.3962634015954638     13.7954168421109085      0.0155797653678238      -0.0121980617070108
1.3962634015954638     13.9208297224937354      0.0153787415113625      -0.0121946536265637
1.3962634015954638     14.0462426028765623      0.0151809428297939      -0.0121913432234618
1.3962634015954638     14.1716554832593893      0.0149862797687609      -0.0121881280160681
1.3962634015954638     14.2970683636422162      0.0147946621529659      -0.0121850011511545
1.3962634015954638     14.4224812440250432      0.0146060020398078      -0.0121819603298176
1.3962634015954638     14.5478941244078701      0.0144202165954984      -0.0121790027261485
1.3962634015954638     14.6733070047906971      0.0142372250362424      -0.0121761260767062
1.3962634015954638     14.7987198851735240      0.0140569516606969      -0.0121733277266936
1.3962634015954638     14.9241327655563509      0.0138793200060895      -0.0121706037460955
1.3962634015954638     15.0495456459391779      0.0137042576560862      -0.0121679546907340
1.3962634015954638     15.1749585263220048      0.0135316966840583      -0.0121653789159491
1.3962634015954638     15.3003714067048318      0.0133615718989337      -0.0121628754628065
1.3962634015954638     15.4257842870876587      0.0131938204966835      -0.0121604396363482
1.3962634015954638     15.5511971674704856      0.0130283782487842      -0.0121580695310283
1.3962634015954638     15.6766100478533126      0.0128651861648003      -0.0121557642009372
    
1.7453292519943293     0.0000000000000000      -0.1858526056827971      -0.3938976877592783
1.7453292519943293     0.1254128803828261      0.0542899108692330      -0.2567579217227848
1.7453292519943293     0.2508257607656522      0.0014993028713043      -0.1297474888972898
1.7453292519943293     0.3762386411484783      -0.0707989370102539      -0.1045901171527117
1.7453292519943293     0.5016515215313043      -0.1398520954359009      -0.1335616430943356
1.7453292519943293     0.6270644019141304      -0.1720575093006619      -0.2253031084992087
1.7453292519943293     0.7524772822969564      -0.0963296623683180      -0.3203040527896273
1.7453292519943293     0.8778901626797825      -0.0594897283741263      -0.3099766382327329
1.7453292519943293     1.0033030430626086      0.0533683751183755      -0.3904170509815039
1.7453292519943293     1.1287159234454347      0.1325090145112473      -0.2583505356723357
1.7453292519943293     1.2541288038282608      0.1106664181546489      -0.2382886361310891
1.7453292519943293     1.3795416842110868      0.1197160585348011      -0.1868368608486742
1.7453292519943293     1.5049545645939129      0.0624160794612684      -0.2041248410768743
1.7453292519943293     1.6303674449767389      0.1455017928940656      -0.3014129469821166
1.7453292519943293     1.7557803253595650      0.2565816785298928      -0.1814408999392014
1.7453292519943293     1.8811932057423910      0.2180451203557221      -0.0964306399834312
1.7453292519943293     2.0066060861252173      0.1854936571662866      -0.0674168411165449
1.7453292519943293     2.1320189665080433      0.1577145731821464      -0.0510846036199683
1.7453292519943293     2.2574318468908694      0.1393157394938639      -0.0491898952068226
1.7453292519943293     2.3828447272736955      0.1373118922351766      -0.0441294044953706
1.7453292519943293     2.5082576076565215      0.1267083148317247      -0.0305661481774667
1.7453292519943293     2.6336704880393476      0.1138196575488006      -0.0249341877181866
1.7453292519943293     2.7590833684221736      0.1046378309249714      -0.0224244909405516
1.7453292519943293     2.8844962488049997      0.0976053685873423      -0.0201040862497038
1.7453292519943293     3.0099091291878257      0.0910577612006434      -0.0177789864179164
1.7453292519943293     3.1353220095706518      0.0850834032940327      -0.0160235253190785
1.7453292519943293     3.2607348899534778      0.0798802853522596      -0.0148271935882067
1.7453292519943293     3.3861477703363039      0.0751313925725225      -0.0138128929726755
1.7453292519943293     3.5115606507191299      0.0709191394246491      -0.0132046252568901
1.7453292519943293     3.6369735311019560      0.0672874136573473      -0.0126658146149852
1.7453292519943293     3.7623864114847820      0.0639479684751117      -0.0122059503724998
1.7453292519943293     3.8877992918676081      0.0609404687573827      -0.0118620978428708
1.7453292519943293     4.0132121722504346      0.0582242372377788      -0.0115677193163030
1.7453292519943293     4.1386250526332606      0.0557412095349475      -0.0113188209907577
1.7453292519943293     4.2640379330160867      0.0534664114114136      -0.0111072502994447
1.7453292519943293     4.3894508133989127      0.0513742852908756      -0.0109254107854790
1.7453292519943293     4.5148636937817388      0.0494433333583354      -0.0107661530613135
1.7453292519943293     4.6402765741645648      0.0476535224643577      -0.0106253393269538
1.7453292519943293     4.7656894545473909      0.0459893255159021      -0.0105002845498219
1.7453292519943293     4.8911023349302170      0.0444373924958120      -0.0103884924399443
1.7453292519943293     5.0165152153130430      0.0429861392066105      -0.0102880645362906
1.7453292519943293     5.1419280956958691      0.0416257286933808      -0.0101974667149661
1.7453292519943293     5.2673409760786951      0.0403475456615312      -0.0101153306307738
1.7453292519943293     5.3927538564615212      0.0391439816848244      -0.0100405728228041
1.7453292519943293     5.5181667368443472      0.0380084096718414      -0.0099723839352368
1.7453292519943293     5.6435796172271733      0.0369350708979729      -0.0099099847339846
1.7453292519943293     5.7689924976099993      0.0359187449801339      -0.0098527014348099
1.7453292519943293     5.8944053779928254      0.0349548688070531      -0.0098000257728419
1.7453292519943293     6.0198182583756514      0.0340393367202722      -0.0097514354181805
1.7453292519943293     6.1452311387584775      0.0331684720488072      -0.0097065321999218
1.7453292519943293     6.2706440191413035      0.0323389691554920      -0.0096649125291949
1.7453292519943293     6.3960568995241296      0.0315478126700861      -0.0096262908607584
1.7453292519943293     6.5214697799069556      0.0307923463764598      -0.0095903713077170
1.7453292519943293     6.6468826602897817      0.0300700932916726      -0.0095568835696367
1.7453292519943293     6.7722955406726077      0.0293788119762452      -0.0095256203221647
1.7453292519943293     6.8977084210554338      0.0287164749232345      -0.0094964019378745
1.7453292519943293     7.0231213014382599      0.0280812490999589      -0.0094690573249017
1.7453292519943293     7.1485341818210859      0.0274714299998936      -0.0094434045150520
1.7453292519943293     7.2739470622039120      0.0268854456786293      -0.0094193303452424
1.7453292519943293     7.3993599425867380      0.0263218934519536      -0.0093966987223763
1.7453292519943293     7.5247728229695641      0.0257794376052071      -0.0093753871440781
1.7453292519943293     7.6501857033523901      0.0252568689671400      -0.0093553053457649
1.7453292519943293     7.7755985837352162      0.0247530622818876      -0.0093363479992040
1.7453292519943293     7.9010114641180422      0.0242669840362131      -0.0093184360566336
1.7453292519943293     8.0264243445008692      0.0237976550492607      -0.0093014741205246
1.7453292519943293     8.1518372248836961      0.0233441721583148      -0.0092854219084486
1.7453292519943293     8.2772501052665231      0.0229057256505768      -0.0092702046771589
1.7453292519943293     8.4026629856493500      0.0224815214511169      -0.0092557616552004
1.7453292519943293     8.5280758660321769      0.0220708417225512      -0.0092420505565090
1.7453292519943293     8.6534887464150039      0.0216730134328926      -0.0092290252951757
1.7453292519943293     8.7789016267978308      0.0212874151780421      -0.0092166462203631
1.7453292519943293     8.9043145071806578      0.0209134595137036      -0.0092048635411489
1.7453292519943293     9.0297273875634847      0.0205505955205241      -0.0091936463941923
1.7453292519943293     9.1551402679463116      0.0201983125522088      -0.0091829502454406
1.7453292519943293     9.2805531483291386      0.0198561140425131      -0.0091727431132021
1.7453292519943293     9.4059660287119655      0.0195235512590480      -0.0091629971806167
1.7453292519943293     9.5313789090947925      0.0192001857959391      -0.0091536823383184
1.7453292519943293     9.6567917894776194      0.0188856205847173      -0.0091447835116171
1.7453292519943293     9.7822046698604463      0.0185794764957118      -0.0091362670755995
1.7453292519943293     9.9076175502432733      0.0182813946161385      -0.0091281176833304
1.7453292519943293     10.0330304306261002      0.0179910393897341      -0.0091203046696421
1.7453292519943293     10.1584433110089272      0.0177080786691863      -0.0091128133760025
1.7453292519943293     10.2838561913917541      0.0174322199988794      -0.0091056315442983
1.7453292519943293     10.4092690717745811      0.0171631735489108      -0.0090987344329767
1.7453292519943293     10.5346819521574080      0.0169006668067878      -0.0090921118877459
1.7453292519943293     10.6600948325402349      0.0166444438793193      -0.0090857475337005
1.7453292519943293     10.7855077129230619      0.0163942603857639      -0.0090796281045996
1.7453292519943293     10.9109205933058888      0.0161498817494235      -0.0090737391682547
1.7453292519943293     11.0363334736887158      0.0159110853537088      -0.0090680772115824
1.7453292519943293     11.1617463540715427      0.0156776723451889      -0.0090626306325971
1.7453292519943293     11.2871592344543696      0.0154494393834764      -0.0090573844783223
1.7453292519943293     11.4125721148371966      0.0152261982779224      -0.0090523341724243
1.7453292519943293     11.5379849952200235      0.0150077719817447      -0.0090474685535316
1.7453292519943293     11.6633978756028505      0.0147939900445372      -0.0090427796687661
1.7453292519943293     11.7888107559856774      0.0145846903734356      -0.0090382543393950
1.7453292519943293     11.9142236363685043      0.0143797128171847      -0.0090338851648725
1.7453292519943293     12.0396365167513313      0.0141789083254214      -0.0090296652498478
1.7453292519943293     12.1650493971341582      0.0139821326364890      -0.0090255904995533
1.7453292519943293     12.2904622775169852      0.0137892547306139      -0.0090216551303436
1.7453292519943293     12.4158751578998121      0.0136001419663958      -0.0090178498879705
1.7453292519943293     12.5412880382826391      0.0134146701240358      -0.0090141726345849
1.7453292519943293     12.6667009186654660      0.0132327232365643      -0.0090106168710639
1.7453292519943293     12.7921137990482929      0.0130541873220640      -0.0090071759720970
1.7453292519943293     12.9175266794311199      0.0128789527875075      -0.0090038426666777
1.7453292519943293     13.0429395598139468      0.0127069113301769      -0.0090006132201655
1.7453292519943293     13.1683524401967738      0.0125379639814758      -0.0089974852721649
1.7453292519943293     13.2937653205796007      0.0123720135164643      -0.0089944541223496
1.7453292519943293     13.4191782009624276      0.0122089679806846      -0.0089915190185438
1.7453292519943293     13.5445910813452546      0.0120487407326306      -0.0089886747275359
1.7453292519943293     13.6700039617280815      0.0118912459096989      -0.0089859190870097
1.7453292519943293     13.7954168421109085      0.0117364036932104      -0.0089832484643883
1.7453292519943293     13.9208297224937354      0.0115841358109936      -0.0089806597856469
1.7453292519943293     14.0462426028765623      0.0114343687275622      -0.0089781478968982
1.7453292519943293     14.1716554832593893      0.0112870267184051      -0.0089757086637190
1.7453292519943293     14.2970683636422162      0.0111420407102763      -0.0089733412052285
1.7453292519943293     14.4224812440250432      0.0109993438885572      -0.0089710410790845
1.7453292519943293     14.5478941244078701      0.0108588697992654      -0.0089688052919801
1.7453292519943293     14.6733070047906971      0.0107205555310149      -0.0089666318315740
1.7453292519943293     14.7987198851735240      0.0105843393071215      -0.0089645189426383
1.7453292519943293     14.9241327655563509      0.0104501642755138      -0.0089624664149130
1.7453292519943293     15.0495456459391779      0.0103179750171416      -0.0089604709414393
1.7453292519943293     15.1749585263220048      0.0101877172727884      -0.0089585307176082
1.7453292519943293     15.3003714067048318      0.0100593379124750      -0.0089566432509363
1.7453292519943293     15.4257842870876587      0.0099327866133293      -0.0089548097592589
1.7453292519943293     15.5511971674704856      0.0098080181668056      -0.0089530272110534
1.7453292519943293     15.6766100478533126      0.0096849846439914      -0.0089512916291088
    
2.0943951023931948     0.0000000000000000      -0.3982452702437158      -0.9048807166527829
2.0943951023931948     0.1254128803828261      0.3086102539089214      -0.7411411726425977
2.0943951023931948     0.2508257607656522      0.2981582453664998      -0.3244783126788248
2.0943951023931948     0.3762386411484783      0.1607997588896568      -0.1901616179169311
2.0943951023931948     0.5016515215313043      0.0435316956224709      -0.1682253864894859
2.0943951023931948     0.6270644019141304      -0.0465276840953350      -0.2369790786037847
2.0943951023931948     0.7524772822969564      0.0247975236311740      -0.3586269185112251
2.0943951023931948     0.8778901626797825      0.0738956429353689      -0.3027286185052456
2.0943951023931948     1.0033030430626086      0.1279886872771884      -0.3546818962690289
2.0943951023931948     1.1287159234454347      0.1835808533397402      -0.2490975763455317
2.0943951023931948     1.2541288038282608      0.1566829039072871      -0.2384374399812113
2.0943951023931948     1.3795416842110868      0.1638637378505282      -0.1958896235618115
2.0943951023931948     1.5049545645939129      0.1170230433241949      -0.2168997183499183
2.0943951023931948     1.6303674449767389      0.1971777594590317      -0.2932520834834439
2.0943951023931948     1.7557803253595650      0.2923786864323688      -0.1771018056406584
2.0943951023931948     1.8811932057423910      0.2514181408340148      -0.0951735421865425
2.0943951023931948     2.0066060861252173      0.2136301495173585      -0.0669454833722631
2.0943951023931948     2.1320189665080433      0.1825066880114347      -0.0537970385472245
2.0943951023931948     2.2574318468908694      0.1611396100306904      -0.0577040610007562
2.0943951023931948     2.3828447272736955      0.1659031515027208      -0.0561755698601799
2.0943951023931948     2.5082576076565215      0.1567900534929985      -0.0379271040660775
2.0943951023931948     2.6336704880393476      0.1420771927569666      -0.0297165806963730
2.0943951023931948     2.7590833684221736      0.1302144937482318      -0.0266256813410153
2.0943951023931948     2.8844962488049997      0.1221497190246281      -0.0245667756521533
2.0943951023931948     3.0099091291878257      0.1143032614514161      -0.0217128934260455
2.0943951023931948     3.1353220095706518      0.1070274087570222      -0.0202526608854833
2.0943951023931948     3.2607348899534778      0.1010914862313924      -0.0192238267372104
2.0943951023931948     3.3861477703363039      0.0956433237063222      -0.0181792498745505
2.0943951023931948     3.5115606507191299      0.0907338711832807      -0.0175349638545651
2.0943951023931948     3.6369735311019560      0.0864506070880416      -0.0169543354030661
2.0943951023931948     3.7623864114847820      0.0824862383557989      -0.0164508873431705
2.0943951023931948     3.8877992918676081      0.0788906447256020      -0.0160765058001006
2.0943951023931948     4.0132121722504346      0.0756268273288844      -0.0157459542787153
2.0943951023931948     4.1386250526332606      0.0726197223868212      -0.0154621222831834
2.0943951023931948     4.2640379330160867      0.0698487466817152      -0.0152210627303380
2.0943951023931948     4.3894508133989127      0.0672875377536303      -0.0150124804153331
2.0943951023931948     4.5148636937817388      0.0649121501797249      -0.0148286921541249
2.0943951023931948     4.6402765741645648      0.0627006809867142      -0.0146649853184810
2.0943951023931948     4.7656894545473909      0.0606354239571943      -0.0145186605569410
2.0943951023931948     4.8911023349302170      0.0587018070044122      -0.0143874270145473
2.0943951023931948     5.0165152153130430      0.0568870710062138      -0.0142689930751010
2.0943951023931948     5.1419280956958691      0.0551799870585388      -0.0141616096615805
2.0943951023931948     5.2673409760786951      0.0535706978338910      -0.0140638683816012
2.0943951023931948     5.3927538564615212      0.0520507054744432      -0.0139747062816458
2.0943951023931948     5.5181667368443472      0.0506124925317202      -0.0138929988222551
2.0943951023931948     5.6435796172271733      0.0492492569441575      -0.0138179236633940
2.0943951023931948     5.7689924976099993      0.0479550919120258      -0.0137487679817324
2.0943951023931948     5.8944053779928254      0.0467246003885466      -0.0136848387447852
2.0943951023931948     6.0198182583756514      0.0455529732448625      -0.0136256495103275
2.0943951023931948     6.1452311387584775      0.0444359032842829      -0.0135707137223440
2.0943951023931948     6.2706440191413035      0.0433694819791190      -0.0135196446291009
2.0943951023931948     6.3960568995241296      0.0423502011440987      -0.0134720733832741
2.0943951023931948     6.5214697799069556      0.0413748343256106      -0.0134277077690476
2.0943951023931948     6.6468826602897817      0.0404405107867932      -0.0133862901488265
2.0943951023931948     6.7722955406726077      0.0395445970874955      -0.0133475546969462
2.0943951023931948     6.8977084210554338      0.0386846723048197      -0.0133112641447359
2.0943951023931948     7.0231213014382599      0.0378585025317206      -0.0132772124311941
2.0943951023931948     7.1485341818210859      0.0370640604167275      -0.0132452360591897
2.0943951023931948     7.2739470622039120      0.0362994867888380      -0.0132151395288628
2.0943951023931948     7.3993599425867380      0.0355630191507148      -0.0131867767707433
2.0943951023931948     7.5247728229695641      0.0348530692053458      -0.0131600250634720
2.0943951023931948     7.6501857033523901      0.0341681591844935      -0.0131347548486929
2.0943951023931948     7.7755985837352162      0.0335069195077337      -0.0131108622596193
2.0943951023931948     7.9010114641180422      0.0328680697420782      -0.0130882435234107
2.0943951023931948     8.0264243445008692      0.0322504433929352      -0.0130668290726576
2.0943951023931948     8.1518372248836961      0.0316529539291877      -0.0130465067210057
2.0943951023931948     8.2772501052665231      0.0310745511290369      -0.0130272087176191
2.0943951023931948     8.4026629856493500      0.0305142976694577      -0.0130088723355751
2.0943951023931948     8.5280758660321769      0.0299712961687810      -0.0129914259514566
2.0943951023931948     8.6534887464150039      0.0294447128604095      -0.0129748127305296
2.0943951023931948     8.7789016267978308      0.0289337608207917      -0.0129589744180207
2.0943951023931948     8.9043145071806578      0.0284377037073206      -0.0129438730518601
2.0943951023931948     9.0297273875634847      0.0279558590693881      -0.0129294618796469
2.0943951023931948     9.1551402679463116      0.0274875775039879      -0.0129157037221632
2.0943951023931948     9.2805531483291386      0.0270322599526232      -0.0129025642697594
2.0943951023931948     9.4059660287119655      0.0265893325977554      -0.0128900096803805
2.0943951023931948     9.5313789090947925      0.0261582709555430      -0.0128780087297234
2.0943951023931948     9.6567917894776194      0.0257385637549866      -0.0128665218440799
2.0943951023931948     9.7822046698604463      0.0253297354257784      -0.0128555290945807
2.0943951023931948     9.9076175502432733      0.0249313366259545      -0.0128449940990344
2.0943951023931948     10.0330304306261002      0.0245429377918586      -0.0128349007681434
2.0943951023931948     10.1584433110089272      0.0241641494842241      -0.0128252198007067
2.0943951023931948     10.2838561913917541      0.0237945798781929      -0.0128159165149318
2.0943951023931948     10.4092690717745811      0.0234338613824506      -0.0128069762118829
2.0943951023931948     10.5346819521574080      0.0230816511039410      -0.0127983796507976
2.0943951023931948     10.6600948325402349      0.0227376210459129      -0.0127901078693820
2.0943951023931948     10.7855077129230619      0.0224014585258556      -0.0127821458985812
2.0943951023931948     10.9109205933058888      0.0220728714054276      -0.0127744808501534
2.0943951023931948     11.0363334736887158      0.0217515801749570      -0.0127670923563236
2.0943951023931948     11.1617463540715427      0.0214373089125027      -0.0127599699208887
2.0943951023931948     11.2871592344543696      0.0211298091355700      -0.0127531079187352
2.0943951023931948     11.4125721148371966      0.0208288396430933      -0.0127464903456699
2.0943951023931948     11.5379849952200235      0.0205341678854633      -0.0127401106736354
2.0943951023931948     11.6633978756028505      0.0202455779950568      -0.0127339595740779
2.0943951023931948     11.7888107559856774      0.0199628620416409      -0.0127280292989095
2.0943951023931948     11.9142236363685043      0.0196858245736884      -0.0127223089525376
2.0943951023931948     12.0396365167513313      0.0194142768871456      -0.0127167878537208
2.0943951023931948     12.1650493971341582      0.0191480381917236      -0.0127114512452837
2.0943951023931948     12.2904622775169852      0.0188869270941254      -0.0127062895685418
2.0943951023931948     12.4158751578998121      0.0186307794463973      -0.0127012973447346
2.0943951023931948     12.5412880382826391      0.0183794328968888      -0.0126964619036264
2.0943951023931948     12.6667009186654660      0.0181327291505333      -0.0126917782070152
2.0943951023931948     12.7921137990482929      0.0178905206489743      -0.0126872424212487
2.0943951023931948     12.9175266794311199      0.0176526672823023      -0.0126828508127816
2.0943951023931948     13.0429395598139468      0.0174190365178473      -0.0126785967783777
2.0943951023931948     13.1683524401967738      0.0171894976590927      -0.0126744734251701
2.0943951023931948     13.2937653205796007      0.0169639264690610      -0.0126704754810145
2.0943951023931948     13.4191782009624276      0.0167422021578849      -0.0126665958230576
2.0943951023931948     13.5445910813452546      0.0165242077594178      -0.0126628315083397
2.0943951023931948     13.6700039617280815      0.0163098328909719      -0.0126591774279127
2.0943951023931948     13.7954168421109085      0.0160989692495198      -0.0126556308829376
2.0943951023931948     13.9208297224937354      0.0158915153073932      -0.0126521888991304
2.0943951023931948     14.0462426028765623      0.0156873717665541      -0.0126488495657246
2.0943951023931948     14.1716554832593893      0.0154864472977355      -0.0126456103288093
2.0943951023931948     14.2970683636422162      0.0152886503099694      -0.0126424657270987
2.0943951023931948     14.4224812440250432      0.0150938928758144      -0.0126394142567674
2.0943951023931948     14.5478941244078701      0.0149020928401409      -0.0126364527374720
2.0943951023931948     14.6733070047906971      0.0147131694159708      -0.0126335766659371
2.0943951023931948     14.7987198851735240      0.0145270452467595      -0.0126307816739169
2.0943951023931948     14.9241327655563509      0.0143436433068855      -0.0126280620892695
2.0943951023931948     15.0495456459391779      0.0141628890574052      -0.0126254147062462
2.0943951023931948     15.1749585263220048      0.0139847102787879      -0.0126228360351474
2.0943951023931948     15.3003714067048318      0.0138090384132746      -0.0126203238171390
2.0943951023931948     15.4257842870876587      0.0136358055907718      -0.0126178725222423
2.0943951023931948     15.5511971674704856      0.0134649429494928      -0.0126154820297290
2.0943951023931948     15.6766100478533126      0.0132963889884845      -0.0126131535955931
    
2.4434609527920612     0.0000000000000000      -0.2786221330508182      -0.6750977497604229
2.4434609527920612     0.1254128803828261      0.1770776869471878      -0.4726216764417218
2.4434609527920612     0.2508257607656522      0.1166394074990507      -0.2224127578138985
2.4434609527920612     0.3762386411484783      0.0045383602239939      -0.1594043644966265
2.4434609527920612     0.5016515215313043      -0.0961474509100271      -0.1872186500165620
2.4434609527920612     0.6270644019141304      -0.1372704901628939      -0.3072940198672913
2.4434609527920612     0.7524772822969564      -0.0090056995811855      -0.4254980117041507
2.4434609527920612     0.8778901626797825      0.0612538072854979      -0.3477534152620526
2.4434609527920612     1.0033030430626086      0.1344731062815225      -0.3888371266035717
2.4434609527920612     1.1287159234454347      0.1893704719650843      -0.2667929223990315
2.4434609527920612     1.2541288038282608      0.1678411634975430      -0.2604877999366392
2.4434609527920612     1.3795416842110868      0.1961299779393354      -0.2037406026609686
2.4434609527920612     1.5049545645939129      0.1584680347180123      -0.1980777303021659
2.4434609527920612     1.6303674449767389      0.2132153009489610      -0.2284278284850565
2.4434609527920612     1.7557803253595650      0.2582297059972175      -0.1348449124483258
2.4434609527920612     1.8811932057423910      0.2193520815682844      -0.0801661207219315
2.4434609527920612     2.0066060861252173      0.1914157227341318      -0.0609511180101984
2.4434609527920612     2.1320189665080433      0.1667259628357686      -0.0490874349118387
2.4434609527920612     2.2574318468908694      0.1501590066557864      -0.0488064175846827
2.4434609527920612     2.3828447272736955      0.1483708358888768      -0.0447737305362612
2.4434609527920612     2.5082576076565215      0.1382791746369746      -0.0323430227037116
2.4434609527920612     2.6336704880393476      0.1257030685410555      -0.0270919180715888
2.4434609527920612     2.7590833684221736      0.1165300678906065      -0.0249382208016642
2.4434609527920612     2.8844962488049997      0.1097045443807201      -0.0228178381971351
2.4434609527920612     3.0099091291878257      0.1030305707546580      -0.0203320376096903
2.4434609527920612     3.1353220095706518      0.0967618697468341      -0.0186033522072133
2.4434609527920612     3.2607348899534778      0.0913806915633655      -0.0174124379048154
2.4434609527920612     3.3861477703363039      0.0863535343361939      -0.0163267809327580
2.4434609527920612     3.5115606507191299      0.0818391465158090      -0.0156976760094590
2.4434609527920612     3.6369735311019560      0.0779240757126560      -0.0151392190156990
2.4434609527920612     3.7623864114847820      0.0742973747107280      -0.0146612397777815
2.4434609527920612     3.8877992918676081      0.0710142943637437      -0.0143076575725626
2.4434609527920612     4.0132121722504346      0.0680351748222962      -0.0139992970360139
2.4434609527920612     4.1386250526332606      0.0652946400268929      -0.0137375499326807
2.4434609527920612     4.2640379330160867      0.0627727058415281      -0.0135153609319588
2.4434609527920612     4.3894508133989127      0.0604434572137570      -0.0133232872195669
2.4434609527920612     4.5148636937817388      0.0582846787658637      -0.0131543490355556
2.4434609527920612     4.6402765741645648      0.0562762923276900      -0.0130043524910503
2.4434609527920612     4.7656894545473909      0.0544022585443910      -0.0128704387681990
2.4434609527920612     4.8911023349302170      0.0526487699348662      -0.0127501508459931
2.4434609527920612     5.0165152153130430      0.0510038625453857      -0.0126416501390872
2.4434609527920612     5.1419280956958691      0.0494573507264968      -0.0125434151369405
2.4434609527920612     5.2673409760786951      0.0480003017626211      -0.0124540574762102
2.4434609527920612     5.3927538564615212      0.0466247338753371      -0.0123724397844397
2.4434609527920612     5.5181667368443472      0.0453236739901514      -0.0122977702740036
2.4434609527920612     5.6435796172271733      0.0440910734067981      -0.0122292253921885
2.4434609527920612     5.7689924976099993      0.0429213588259661      -0.0121660969602848
2.4434609527920612     5.8944053779928254      0.0418096702291354      -0.0121078838270704
2.4434609527920612     6.0198182583756514      0.0407516371204249      -0.0120540423979946
2.4434609527920612     6.1452311387584775      0.0397433035104327      -0.0120041497186177
2.4434609527920612     6.2706440191413035      0.0387811091277221      -0.0119578109359231
2.4434609527920612     6.3960568995241296      0.0378618249805399      -0.0119147156460593
2.4434609527920612     6.5214697799069556      0.0369825661796809      -0.0118745451848186
2.4434609527920612     6.6468826602897817      0.0361406369394316      -0.0118370174189741
2.4434609527920612     6.7722955406726077      0.0353336104705321      -0.0118019190671265
2.4434609527920612     6.8977084210554338      0.0345592726313083      -0.0117690426380470
2.4434609527920612     7.0231213014382599      0.0338156119136219      -0.0117381994087435
2.4434609527920612     7.1485341818210859      0.0331007435408876      -0.0117091894535665
2.4434609527920612     7.2739470622039120      0.0324129296605358      -0.0116818966514563
2.4434609527920612     7.3993599425867380      0.0317506181530055      -0.0116561791839150
2.4434609527920612     7.5247728229695641      0.0311123291855294      -0.0116319083605548
2.4434609527920612     7.6501857033523901      0.0304967165529491      -0.0116089894813664
2.4434609527920612     7.7755985837352162      0.0299025280746932      -0.0115873203752132
2.4434609527920612     7.9010114641180422      0.0293286147958301      -0.0115668218359430
2.4434609527920612     8.0264243445008692      0.0287738932854066      -0.0115473991486098
2.4434609527920612     8.1518372248836961      0.0282373587218334      -0.0115290081876195
2.4434609527920612     8.2772501052665231      0.0277181116442124      -0.0115115734383423
2.4434609527920612     8.4026629856493500      0.0272152729398570      -0.0114950259490851
2.4434609527920612     8.5280758660321769      0.0267280452758957      -0.0114793113008712
2.4434609527920612     8.6534887464150039      0.0262556683934979      -0.0114643684379763
2.4434609527920612     8.7789016267978308      0.0257974427338484      -0.0114501520035844
2.4434609527920612     8.9043145071806578      0.0253527047562643      -0.0114365954474269
2.4434609527920612     9.0297273875634847      0.0249208179494379      -0.0114236611548462
2.4434609527920612     9.1551402679463116      0.0245012016459951      -0.0114113064924660
2.4434609527920612     9.2805531483291386      0.0240932922388287      -0.0113994920796122
2.4434609527920612     9.4059660287119655      0.0236965725298075      -0.0113881889563268
2.4434609527920612     9.5313789090947925      0.0233105415395959      -0.0113773694594835
2.4434609527920612     9.6567917894776194      0.0229347463226936      -0.0113670189063366
2.4434609527920612     9.7822046698604463      0.0225687548955345      -0.0113571068496504
2.4434609527920612     9.9076175502432733      0.0222121613273902      -0.0113476183995479
2.4434609527920612     10.0330304306261002      0.0218645855985962      -0.0113385201283920
2.4434609527920612     10.1584433110089272      0.0215256496532717      -0.0113297934289909
2.4434609527920612     10.2838561913917541      0.0211950171383796      -0.0113214273936773
2.4434609527920612     10.4092690717745811      0.0208723632898943      -0.0113133950432251
2.4434609527920612     10.5346819521574080      0.0205573756795710      -0.0113056772396804
2.4434609527920612     10.6600948325402349      0.0202497559685826      -0.0112982548491647
2.4434609527920612     10.7855077129230619      0.0199492220983838      -0.0112911157667572
2.4434609527920612     10.9109205933058888      0.0196555066814253      -0.0112842436898257
2.4434609527920612     11.0363334736887158      0.0193683533867630      -0.0112776330343953
2.4434609527920612     11.1617463540715427      0.0190875315916768      -0.0112712702812799
2.4434609527920612     11.2871592344543696      0.0188128067441805      -0.0112651386771002
2.4434609527920612     11.4125721148371966      0.0185439623774957      -0.0112592333399007
2.4434609527920612     11.5379849952200235      0.0182807951708542      -0.0112535393614568
2.4434609527920612     11.6633978756028505      0.0180231051020944      -0.0112480443758641
2.4434609527920612     11.7888107559856774      0.0177707021366828      -0.0112427354670649
2.4434609527920612     11.9142236363685043      0.0175234014218295      -0.0112376039585073
2.4434609527920612     12.0396365167513313      0.0172810290661509      -0.0112326406734053
2.4434609527920612     12.1650493971341582      0.0170434151954639      -0.0112278398725174
2.4434609527920612     12.2904622775169852      0.0168104045404922      -0.0112231963577523
2.4434609527920612     12.4158751578998121      0.0165818402319094      -0.0112187016723183
2.4434609527920612     12.5412880382826391      0.0163575780017505      -0.0112143583683501
2.4434609527920612     12.6667009186654660      0.0161374846526059      -0.0112101606079240
2.4434609527920612     12.7921137990482929      0.0159214294010014      -0.0112061026314955
2.4434609527920612     12.9175266794311199      0.0157092867239324      -0.0112021766634733
2.4434609527920612     13.0429395598139468      0.0155009332506716      -0.0111983784046796
2.4434609527920612     13.1683524401967738      0.0152962554291228      -0.0111947033749447
2.4434609527920612     13.2937653205796007      0.0150951412359158      -0.0111911441214502
2.4434609527920612     13.4191782009624276      0.0148974831509447      -0.0111876968125664
2.4434609527920612     13.5445910813452546      0.0147031792912901      -0.0111843542673210
2.4434609527920612     13.6700039617280815      0.0145121287389812      -0.0111811112072814
2.4434609527920612     13.7954168421109085      0.0143242358035778      -0.0111779612654992
2.4434609527920612     13.9208297224937354      0.0141394047374591      -0.0111748998366509
2.4434609527920612     14.0462426028765623      0.0139575465883198      -0.0111719235186969
2.4434609527920612     14.1716554832593893      0.0137785717763257      -0.0111690286324136
2.4434609527920612     14.2970683636422162      0.0136023979574458      -0.0111662164745833
2.4434609527920612     14.4224812440250432      0.0134289471599168      -0.0111634833692053
2.4434609527920612     14.5478941244078701      0.0132581415408817      -0.0111608277832362
2.4434609527920612     14.6733070047906971      0.0130899087569966      -0.0111582484256060
2.4434609527920612     14.7987198851735240      0.0129241777363375      -0.0111557433688578
2.4434609527920612     14.9241327655563509      0.0127608822236837      -0.0111533117138794
2.4434609527920612     15.0495456459391779      0.0125999576300312      -0.0111509496520316
2.4434609527920612     15.1749585263220048      0.0124413409672551      -0.0111486541388909
2.4434609527920612     15.3003714067048318      0.0122849695979315      -0.0111464213371231
2.4434609527920612     15.4257842870876587      0.0121307837179543      -0.0111442514077495
2.4434609527920612     15.5511971674704856      0.0119787287602135      -0.0111421408688912
2.4434609527920612     15.6766100478533126      0.0118287476616410      -0.0111400855848960
    
2.7925268031909276     0.0000000000000000      -0.5885786081343368      -1.3369440102532661
2.7925268031909276     0.1254128803828261      0.4853334203266497      -1.1332823921774893
2.7925268031909276     0.2508257607656522      0.4892905048458961      -0.4953484077878585
2.7925268031909276     0.3762386411484783      0.2834753612811594      -0.2926842121967362
2.7925268031909276     0.5016515215313043      0.1142247307506431      -0.2782819234287638
2.7925268031909276     0.6270644019141304      0.0461625001534265      -0.3928526979820646
2.7925268031909276     0.7524772822969564      0.1742029375592129      -0.4948627024648802
2.7925268031909276     0.8778901626797825      0.2396888505656245      -0.3863102836029545
2.7925268031909276     1.0033030430626086      0.3019954948742138      -0.3949756284433131
2.7925268031909276     1.1287159234454347      0.3361266721616243      -0.2494825627890558
2.7925268031909276     1.2541288038282608      0.2813548991620348      -0.2063394551477738
2.7925268031909276     1.3795416842110868      0.2574167770393468      -0.1654358992142526
2.7925268031909276     1.5049545645939129      0.2021711926652802      -0.1742064085951142
2.7925268031909276     1.6303674449767389      0.2466371949181360      -0.2341609544125232
2.7925268031909276     1.7557803253595650      0.3079542538475630      -0.1471454330695145
2.7925268031909276     1.8811932057423910      0.2703213849424029      -0.0880235222738632
2.7925268031909276     2.0066060861252173      0.2405781360222597      -0.0669321565144281
2.7925268031909276     2.1320189665080433      0.2143222151488517      -0.0533185381403620
2.7925268031909276     2.2574318468908694      0.1950809200501413      -0.0497240818439415
2.7925268031909276     2.3828447272736955      0.1855396471574366      -0.0443357158859553
2.7925268031909276     2.5082576076565215      0.1721789798652292      -0.0361452980674274
2.7925268031909276     2.6336704880393476      0.1587478248946526      -0.0324760592039323
2.7925268031909276     2.7590833684221736      0.1483528276517635      -0.0314138863358598
2.7925268031909276     2.8844962488049997      0.1414806129216128      -0.0301889177018480
2.7925268031909276     3.0099091291878257      0.1342948306637459      -0.0272042894828302
2.7925268031909276     3.1353220095706518      0.1269509720492447      -0.0252953915855323
2.7925268031909276     3.2607348899534778      0.1208223370561593      -0.0240861480426997
2.7925268031909276     3.3861477703363039      0.1149212858853675      -0.0226486329915453
2.7925268031909276     3.5115606507191299      0.1094108075097502      -0.0218332912037600
2.7925268031909276     3.6369735311019560      0.1045659730551338      -0.0211707304739145
2.7925268031909276     3.7623864114847820      0.1000720694344054      -0.0206177312432078
2.7925268031909276     3.8877992918676081      0.0959757599685002      -0.0202032123327129
2.7925268031909276     4.0132121722504346      0.0922308538887608      -0.0198460008001310
2.7925268031909276     4.1386250526332606      0.0887711260206445      -0.0195413912720518
2.7925268031909276     4.2640379330160867      0.0855696442462260      -0.0192793194143790
2.7925268031909276     4.3894508133989127      0.0825963736147644      -0.0190506294871363
2.7925268031909276     4.5148636937817388      0.0798265410182950      -0.0188483981275368
2.7925268031909276     4.6402765741645648      0.0772380222857968      -0.0186675787017633
2.7925268031909276     4.7656894545473909      0.0748119972940372      -0.0185049679608965
2.7925268031909276     4.8911023349302170      0.0725328213607303      -0.0183580950166423
2.7925268031909276     5.0165152153130430      0.0703866758451436      -0.0182247508007019
2.7925268031909276     5.1419280956958691      0.0683616461001278      -0.0181032347060415
2.7925268031909276     5.2673409760786951      0.0664471277636697      -0.0179920913551619
2.7925268031909276     5.3927538564615212      0.0646339311837238      -0.0178902475949156
2.7925268031909276     5.5181667368443472      0.0629139101150445      -0.0177965461187936
2.7925268031909276     5.6435796172271733      0.0612796140658522      -0.0177101224341112
2.7925268031909276     5.7689924976099993      0.0597245867002641      -0.0176302856968636
2.7925268031909276     5.8944053779928254      0.0582429356624188      -0.0175563009675672
2.7925268031909276     6.0198182583756514      0.0568293439470384      -0.0174876228738759
2.7925268031909276     6.1452311387584775      0.0554790253567879      -0.0174237429346087
2.7925268031909276     6.2706440191413035      0.0541876646027470      -0.0173642448055142
2.7925268031909276     6.3960568995241296      0.0529513371820850      -0.0173086841597241
2.7925268031909276     6.5214697799069556      0.0517664031333631      -0.0172567296086952
2.7925268031909276     6.6468826602897817      0.0506296221716072      -0.0172080819725091
2.7925268031909276     6.7722955406726077      0.0495379780921164      -0.0171624324903141
2.7925268031909276     6.8977084210554338      0.0484887099122204      -0.0171195372774688
2.7925268031909276     7.0231213014382599      0.0474792532362604      -0.0170791701707507
2.7925268031909276     7.1485341818210859      0.0465072981593595      -0.0170411772275588
2.7925268031909276     7.2739470622039120      0.0455707119568698      -0.0170053365545275
2.7925268031909276     7.3993599425867380      0.0446674761981263      -0.0169715007819354
2.7925268031909276     7.5247728229695641      0.0437957782560592      -0.0169395247324639
2.7925268031909276     7.6501857033523901      0.0429538906531383      -0.0169092593523124
2.7925268031909276     7.7755985837352162      0.0421402382899876      -0.0168806013113514
2.7925268031909276     7.9010114641180422      0.0413533444533006      -0.0168534288070995
2.7925268031909276     8.0264243445008692      0.0405918439662873      -0.0168276573165300
2.7925268031909276     8.1518372248836961      0.0398544690872064      -0.0168031718568878
2.7925268031909276     8.2772501052665231      0.0391400061181502      -0.0167798962389763
2.7925268031909276     8.4026629856493500      0.0384473572457933      -0.0167577535004927
2.7925268031909276     8.5280758660321769      0.0377754676497592      -0.0167366659448487
2.7925268031909276     8.6534887464150039      0.0371233714017379      -0.0167165705027815
2.7925268031909276     8.7789016267978308      0.0364901351528166      -0.0166973919561196
2.7925268031909276     8.9043145071806578      0.0358748990628212      -0.0166790988605521
2.7925268031909276     9.0297273875634847      0.0352768669759747      -0.0166616214518302
2.7925268031909276     9.1551402679463116      0.0346952605387890      -0.0166449188438966
2.7925268031909276     9.2805531483291386      0.0341293790162207      -0.0166289505246338
2.7925268031909276     9.4059660287119655      0.0335785409490613      -0.0166136682152186
2.7925268031909276     9.5313789090947925      0.0330421190864135      -0.0165990340482417
2.7925268031909276     9.6567917894776194      0.0325195030134725      -0.0165849985651717
2.7925268031909276     9.7822046698604463      0.0320101182697621      -0.0165715343607787
2.7925268031909276     9.9076175502432733      0.0315134227315387      -0.0165586071514126
2.7925268031909276     10.0330304306261002      0.0310289021132272      -0.0165461999648086
2.7925268031909276     10.1584433110089272      0.0305560861566783      -0.0165342845804590
2.7925268031909276     10.2838561913917541      0.0300945086224205      -0.0165228319601790
2.7925268031909276     10.4092690717745811      0.0296437401057314      -0.0165118261007384
2.7925268031909276     10.5346819521574080      0.0292033669368873      -0.0165012409693624
2.7925268031909276     10.6600948325402349      0.0287730027223760      -0.0164910648821939
2.7925268031909276     10.7855077129230619      0.0283522806667956      -0.0164812682876073
2.7925268031909276     10.9109205933058888      0.0279408427263450      -0.0164718369590165
2.7925268031909276     11.0363334736887158      0.0275383586588427      -0.0164627469581611
2.7925268031909276     11.1617463540715427      0.0271444977086528      -0.0164539834887834
2.7925268031909276     11.2871592344543696      0.0267589625083308      -0.0164455349576771
2.7925268031909276     11.4125721148371966      0.0263814601476508      -0.0164373789750734
2.7925268031909276     11.5379849952200235      0.0260117088567399      -0.0164295032816052
2.7925268031909276     11.6633978756028505      0.0256494418936910      -0.0164218946634180
2.7925268031909276     11.7888107559856774      0.0252944047134641      -0.0164145438281073
2.7925268031909276     11.9142236363685043      0.0249463563167913      -0.0164074366612520
2.7925268031909276     12.0396365167513313      0.0246050593110031      -0.0164005646158992
2.7925268031909276     12.1650493971341582      0.0242702965283052      -0.0163939217446799
2.7925268031909276     12.2904622775169852      0.0239418543883402      -0.0163874959051660
2.7925268031909276     12.4158751578998121      0.0236195342799018      -0.0163812822135254
2.7925268031909276     12.5412880382826391      0.0233031425840621      -0.0163752635686987
2.7925268031909276     12.6667009186654660      0.0229924876991534      -0.0163694327693471
2.7925268031909276     12.7921137990482929      0.0226873891282759      -0.0163637817961459
2.7925268031909276     12.9175266794311199      0.0223876733236447      -0.0163583079800530
2.7925268031909276     13.0429395598139468      0.0220931800690973      -0.0163530038828850
2.7925268031909276     13.1683524401967738      0.0218037478945760      -0.0163478617420368
2.7925268031909276     13.2937653205796007      0.0215192271991101      -0.0163428789974809
2.7925268031909276     13.4191782009624276      0.0212394743140096      -0.0163380458834011
2.7925268031909276     13.5445910813452546      0.0209643464078707      -0.0163333563529106
2.7925268031909276     13.6700039617280815      0.0206937087725393      -0.0163288043371084
2.7925268031909276     13.7954168421109085      0.0204274296482672      -0.0163243854594032
2.7925268031909276     13.9208297224937354      0.0201653862346629      -0.0163200946051380
2.7925268031909276     14.0462426028765623      0.0199074551463189      -0.0163159258361791
2.7925268031909276     14.1716554832593893      0.0196535224480448      -0.0163118770254493
2.7925268031909276     14.2970683636422162      0.0194034758008265      -0.0163079398772728
2.7925268031909276     14.4224812440250432      0.0191572049642359      -0.0163041124351890
2.7925268031909276     14.5478941244078701      0.0189146073846341      -0.0163003901893106
2.7925268031909276     14.6733070047906971      0.0186755810729028      -0.0162967693800846
2.7925268031909276     14.7987198851735240      0.0184400301905278      -0.0162932463751885
2.7925268031909276     14.9241327655563509      0.0182078588862114      -0.0162898163589937
2.7925268031909276     15.0495456459391779      0.0179789757711730      -0.0162864786286887
2.7925268031909276     15.1749585263220048      0.0177532939566421      -0.0162832308076807
2.7925268031909276     15.3003714067048318      0.0175307303531042      -0.0162800714824658
2.7925268031909276     15.4257842870876587      0.0173112047646013      -0.0162769958698538
2.7925268031909276     15.5511971674704856      0.0170946363971118      -0.0162740016804839
2.7925268031909276     15.6766100478533126      0.0168809503367085      -0.0162710874120019
    
3.1415926535897931     0.0000000000000000      -0.9963243847509529      -2.1946851308568052
3.1415926535897931     0.1254128803828261      0.8971681239911978      -2.0092868770662133
3.1415926535897931     0.2508257607656522      0.9984803300009438      -0.8529136410782491
3.1415926535897931     0.3762386411484783      0.6748121612469694      -0.4580587751212359
3.1415926535897931     0.5016515215313043      0.4205844579255941      -0.3723147353430615
3.1415926535897931     0.6270644019141304      0.3008701768186153      -0.4557644162673669
3.1415926535897931     0.7524772822969564      0.4027212328135538      -0.5373389474590817
3.1415926535897931     0.8778901626797825      0.4511392103602233      -0.3985791008257043
3.1415926535897931     1.0033030430626086      0.4806415670204888      -0.3758767993101848
3.1415926535897931     1.1287159234454347      0.4920919233798906      -0.2182150354857591
3.1415926535897931     1.2541288038282608      0.3965867799555698      -0.1318846015726524
3.1415926535897931     1.3795416842110868      0.3007524941333418      -0.1201500203602255
3.1415926535897931     1.5049545645939129      0.2249976078872352      -0.1648658465328341
3.1415926535897931     1.6303674449767389      0.2768411498701646      -0.2799794128253100
3.1415926535897931     1.7557803253595650      0.3840564478953417      -0.1852709889439949
3.1415926535897931     1.8811932057423910      0.3459421859014066      -0.1043901863027433
3.1415926535897931     2.0066060861252173      0.3065482273866075      -0.0756730434678165
3.1415926535897931     2.1320189665080433      0.2737101617599739      -0.0604797748429987
3.1415926535897931     2.2574318468908694      0.2479417392391250      -0.0583275244301573
3.1415926535897931     2.3828447272736955      0.2376356445171495      -0.0544418688953591
3.1415926535897931     2.5082576076565215      0.2224351615556890      -0.0450264057422003
3.1415926535897931     2.6336704880393476      0.2063692566017243      -0.0401200932788328
3.1415926535897931     2.7590833684221736      0.1923059713084427      -0.0393332753867759
3.1415926535897931     2.8844962488049997      0.1844139422217282      -0.0391414434758674
3.1415926535897931     3.0099091291878257      0.1757041282168771      -0.0352691316003956
3.1415926535897931     3.1353220095706518      0.1663765656512643      -0.0334716123288713
3.1415926535897931     3.2607348899534778      0.1590584769883824      -0.0324229936218949
3.1415926535897931     3.3861477703363039      0.1519382061198617      -0.0306704943902604
3.1415926535897931     3.5115606507191299      0.1450958673529447      -0.0296601220781478
3.1415926535897931     3.6369735311019560      0.1390066978334726      -0.0288757117579512
3.1415926535897931     3.7623864114847820      0.1333513000699853      -0.0282269881046070
3.1415926535897931     3.8877992918676081      0.1281691944726278      -0.0277367037263476
3.1415926535897931     4.0132121722504346      0.1234097644306184      -0.0273115741424002
3.1415926535897931     4.1386250526332606      0.1189947344262886      -0.0269449716515252
3.1415926535897931     4.2640379330160867      0.1148923927971318      -0.0266274419430456
3.1415926535897931     4.3894508133989127      0.1110686150583607      -0.0263481848869140
3.1415926535897931     4.5148636937817388      0.1074938411210494      -0.0260994436783598
3.1415926535897931     4.6402765741645648      0.1041421922993936      -0.0258761395658245
3.1415926535897931     4.7656894545473909      0.1009921004110070      -0.0256745822094344
3.1415926535897931     4.8911023349302170      0.0980247637876965      -0.0254915014554498
3.1415926535897931     5.0165152153130430      0.0952235023462814      -0.0253245524794132
3.1415926535897931     5.1419280956958691      0.0925740553497089      -0.0251719294622032
3.1415926535897931     5.2673409760786951      0.0900638966406258      -0.0250319065846418
3.1415926535897931     5.3927538564615212      0.0876817002627936      -0.0249029474892812
3.1415926535897931     5.5181667368443472      0.0854173889266506      -0.0247839779900631
3.1415926535897931     5.6435796172271733      0.0832621426142553      -0.0246739597246560
3.1415926535897931     5.7689924976099993      0.0812078425530091      -0.0245719242421879
3.1415926535897931     5.8944053779928254      0.0792472574493360      -0.0244771607346582
3.1415926535897931     6.0198182583756514      0.0773738660436006      -0.0243889545662743
3.1415926535897931     6.1452311387584775      0.0755817392494168      -0.0243066958275137
3.1415926535897931     6.2706440191413035      0.0738654457298407      -0.0242298036299715
3.1415926535897931     6.3960568995241296      0.0722200332919560      -0.0241578603688497
3.1415926535897931     6.5214697799069556      0.0706410501432554      -0.0240904253469092
3.1415926535897931     6.6468826602897817      0.0691243278452989      -0.0240271133204416
3.1415926535897931     6.7722955406726077      0.0676660988437886      -0.0239676252965180
3.1415926535897931     6.8977084210554338      0.0662628887681969      -0.0239116563533327
3.1415926535897931     7.0231213014382599      0.0649115312430799      -0.0238589480628609
3.1415926535897931     7.1485341818210859      0.0636090505144285      -0.0238092075828532
3.1415926535897931     7.2739470622039120      0.0623527013475654      -0.0237622610946854
3.1415926535897931     7.3993599425867380      0.0611399901211307      -0.0237178895513256
3.1415926535897931     7.5247728229695641      0.0599685468411601      -0.0236759086279976
3.1415926535897931     7.6501857033523901      0.0588362285800611      -0.0236361614872159
3.1415926535897931     7.7755985837352162      0.0577409984238503      -0.0235984628758126
3.1415926535897931     7.9010114641180422      0.0566809704920921      -0.0235626784163032
3.1415926535897931     8.0264243445008692      0.0556543764666568      -0.0235286535228963
3.1415926535897931     8.1518372248836961      0.0546595518860729      -0.0234962843493802
3.1415926535897931     8.2772501052665231      0.0536949676320323      -0.0234654521132825
3.1415926535897931     8.4026629856493500      0.0527591573775421      -0.0234360591640594
3.1415926535897931     8.5280758660321769      0.0518507764137092      -0.0234080243035961
3.1415926535897931     8.6534887464150039      0.0509685397042027      -0.0233812670911078
3.1415926535897931     8.7789016267978308      0.0501112772680895      -0.0233557335037189
3.1415926535897931     8.9043145071806578      0.0492778702307916      -0.0233313291931048
3.1415926535897931     9.0297273875634847      0.0484672573267557      -0.0233080142933516
3.1415926535897931     9.1551402679463116      0.0476784742910280      -0.0232857179478335
3.1415926535897931     9.2805531483291386      0.0469105723810151      -0.0232643772497298
3.1415926535897931     9.4059660287119655      0.0461626805568040      -0.0232439440155907
3.1415926535897931     9.5313789090947925      0.0454339579892131      -0.0232243625478044
3.1415926535897931     9.6567917894776194      0.0447236258582343      -0.0232055970938736
3.1415926535897931     9.7822046698604463      0.0440309450083157      -0.0231875949236134
3.1415926535897931     9.9076175502432733      0.0433552113447914      -0.0231703142623278
3.1415926535897931     10.0330304306261002      0.0426957574729716      -0.0231537056547542
3.1415926535897931     10.1584433110089272      0.0420519358044280      -0.0231377363141131
3.1415926535897931     10.2838561913917541      0.0414231525807258      -0.0231223763832645
3.1415926535897931     10.4092690717745811      0.0408088283304592      -0.0231075903646484
3.1415926535897931     10.5346819521574080      0.0402084256916083      -0.0230933586318350
3.1415926535897931     10.6600948325402349      0.0396214257777307      -0.0230796425614899
3.1415926535897931     10.7855077129230619      0.0390473331877042      -0.0230664297320909
3.1415926535897931     10.9109205933058888      0.0384856894513154      -0.0230536900211769
3.1415926535897931     11.0363334736887158      0.0379360423884655      -0.0230414049735102
3.1415926535897931     11.1617463540715427      0.0373979771824361      -0.0230295495945687
3.1415926535897931     11.2871592344543696      0.0368710782444933      -0.0230180995311944
3.1415926535897931     11.4125721148371966      0.0363549587989212      -0.0230070439860890
3.1415926535897931     11.5379849952200235      0.0358492511114520      -0.0229963658977034
3.1415926535897931     11.6633978756028505      0.0353536041489034      -0.0229860517640419
3.1415926535897931     11.7888107559856774      0.0348676821375508      -0.0229760851334567
3.1415926535897931     11.9142236363685043      0.0343911633099508      -0.0229664571334420
3.1415926535897931     12.0396365167513313      0.0339237496242754      -0.0229571521677044
3.1415926535897931     12.1650493971341582      0.0334651432239041      -0.0229481503866765
3.1415926535897931     12.2904622775169852      0.0330150642558502      -0.0229394418485719
3.1415926535897931     12.4158751578998121      0.0325732396797745      -0.0229310079026686
3.1415926535897931     12.5412880382826391      0.0321394089404894      -0.0229228434712243
3.1415926535897931     12.6667009186654660      0.0317133278182435      -0.0229149342904832
3.1415926535897931     12.7921137990482929      0.0312947578797677      -0.0229072687646316
3.1415926535897931     12.9175266794311199      0.0308834702044856      -0.0228998300739309
3.1415926535897931     13.0429395598139468      0.0304792364127320      -0.0228926086784838
3.1415926535897931     13.1683524401967738      0.0300818460971099      -0.0228855977170301
3.1415926535897931     13.2937653205796007      0.0296910906005878      -0.0228787856366981
3.1415926535897931     13.4191782009624276      0.0293067696436971      -0.0228721713385834
3.1415926535897931     13.5445910813452546      0.0289286976869242      -0.0228657508648343
3.1415926535897931     13.6700039617280815      0.0285566944476350      -0.0228595199328844
3.1415926535897931     13.7954168421109085      0.0281905893774691      -0.0228534724297625
3.1415926535897931     13.9208297224937354      0.0278302142511102      -0.0228476025542387
3.1415926535897931     14.0462426028765623      0.0274754129874831      -0.0228419051231561
3.1415926535897931     14.1716554832593893      0.0271260292712722      -0.0228363695351973
3.1415926535897931     14.2970683636422162      0.0267819135212808      -0.0228309922558873
3.1415926535897931     14.4224812440250432      0.0264429229961250      -0.0228257636823691
3.1415926535897931     14.5478941244078701      0.0261089152333793      -0.0228206778215675
3.1415926535897931     14.6733070047906971      0.0257797555079865      -0.0228157286148159
3.1415926535897931     14.7987198851735240      0.0254553105717708      -0.0228109113790517
3.1415926535897931     14.9241327655563509      0.0251354559433182      -0.0228062236835413
3.1415926535897931     15.0495456459391779      0.0248200703654028      -0.0228016590331164
3.1415926535897931     15.1749585263220048      0.0245090353136422      -0.0227972135765599
3.1415926535897931     15.3003714067048318      0.0242022364188688      -0.0227928826959009
3.1415926535897931     15.4257842870876587      0.0238995629063326      -0.0227886646466479
3.1415926535897931     15.5511971674704856      0.0236009108547499      -0.0227845555835825
3.1415926535897931     15.6766100478533126      0.0233061768188232      -0.0227805507990714
    
