-3.1415926535897931     0.0000000000000000      -0.0000005384046806      -0.0000011693389032
-3.1415926535897931     0.1254128803828261      -0.0000005472629108      -0.0000011693763766
-3.1415926535897931     0.2508257607656522      -0.0000005561735334      -0.0000011694149818
-3.1415926535897931     0.3762386411484783      -0.0000005651377306      -0.0000011694547374
-3.1415926535897931     0.5016515215313043      -0.0000005741566972      -0.0000011694956632
-3.1415926535897931     0.6270644019141304      -0.0000005832316635      -0.0000011695377877
-3.1415926535897931     0.7524772822969564      -0.0000005923638789      -0.0000011695811307
-3.1415926535897931     0.8778901626797825      -0.0000006015546193      -0.0000011696257162
-3.1415926535897931     1.0033030430626086      -0.0000006108051827      -0.0000011696715740
-3.1415926535897931     1.1287159234454347      -0.0000006201169058      -0.0000011697187251
-3.1415926535897931     1.2541288038282608      -0.0000006294911428      -0.0000011697671981
-3.1415926535897931     1.3795416842110868      -0.0000006389292797      -0.0000011698170237
-3.1415926535897931     1.5049545645939129      -0.0000006484327380      -0.0000011698682331
-3.1415926535897931     1.6303674449767389      -0.0000006580029604      -0.0000011699208488
-3.1415926535897931     1.7557803253595650      -0.0000006676414297      -0.0000011699749098
-3.1415926535897931     1.8811932057423910      -0.0000006773496636      -0.0000011700304503
-3.1415926535897931     2.0066060861252173      -0.0000006871292050      -0.0000011700874950
-3.1415926535897931     2.1320189665080433      -0.0000006969816408      -0.0000011701460943
-3.1415926535897931     2.2574318468908694      -0.0000007069085905      -0.0000011702062776
-3.1415926535897931     2.3828447272736955      -0.0000007169117159      -0.0000011702680796
-3.1415926535897931     2.5082576076565215      -0.0000007269927124      -0.0000011703315526
-3.1415926535897931     2.6336704880393476      -0.0000007371533256      -0.0000011703967299
-3.1415926535897931     2.7590833684221736      -0.0000007473953363      -0.0000011704636548
-3.1415926535897931     2.8844962488049997      -0.0000007577205723      -0.0000011705323786
-3.1415926535897931     3.0099091291878257      -0.0000007681309134      -0.0000011706029424
-3.1415926535897931     3.1353220095706518      -0.0000007786282841      -0.0000011706753920
-3.1415926535897931     3.2607348899534778      -0.0000007892146628      -0.0000011707497869
-3.1415926535897931     3.3861477703363039      -0.0000007998920846      -0.0000011708261774
-3.1415926535897931     3.5115606507191299      -0.0000008106626329      -0.0000011709046197
-3.1415926535897931     3.6369735311019560      -0.0000008215284563      -0.0000011709851785
-3.1415926535897931     3.7623864114847820      -0.0000008324917702      -0.0000011710679136
-3.1415926535897931     3.8877992918676081      -0.0000008435548483      -0.0000011711528909
-3.1415926535897931     4.0132121722504346      -0.0000008547200427      -0.0000011712401886
-3.1415926535897931     4.1386250526332606      -0.0000008659897826      -0.0000011713298805
-3.1415926535897931     4.2640379330160867      -0.0000008773665679      -0.0000011714220499
-3.1415926535897931     4.3894508133989127      -0.0000008888530039      -0.0000011715167917
-3.1415926535897931     4.5148636937817388      -0.0000009004517810      -0.0000011716142068
-3.1415926535897931     4.6402765741645648      -0.0000009121656975      -0.0000011717144061
-3.1415926535897931     4.7656894545473909      -0.0000009239976716      -0.0000011718175244
-3.1415926535897931     4.8911023349302170      -0.0000009359507517      -0.0000011719236986
-3.1415926535897931     5.0165152153130430      -0.0000009480281438      -0.0000011720331030
-3.1415926535897931     5.1419280956958691      -0.0000009602332197      -0.0000011721459443
-3.1415926535897931     5.2673409760786951      -0.0000009725695719      -0.0000011722624539
-3.1415926535897931     5.3927538564615212      -0.0000009850410459      -0.0000011723829481
-3.1415926535897931     5.5181667368443472      -0.0000009976518151      -0.0000011725078193
-3.1415926535897931     5.6435796172271733      -0.0000010104064792      -0.0000011726376108
-3.1415926535897931     5.7689924976099993      -0.0000010233102178      -0.0000011727731161
-3.1415926535897931     5.8944053779928254      -0.0000010363690326      -0.0000011729155676
-3.1415926535897931     6.0198182583756514      -0.0000010495902121      -0.0000011730671040
-3.1415926535897931     6.1452311387584775      -0.0000010629830109      -0.0000011732321565
-3.1415926535897931     6.2706440191413035      -0.0000010765589480      -0.0000011734220013
-3.1415926535897931     6.3960568995241296      -0.0000010903184607      -0.0000011736709326
-3.1415926535897931     6.5214697799069556      -0.0000011041567533      -0.0000011739651308
-3.1415926535897931     6.6468826602897817      -0.0000011182512959      -0.0000011741134306
-3.1415926535897931     6.7722955406726077      -0.0000011327246448      -0.0000011743851054
-3.1415926535897931     6.8977084210554338      -0.0000011475405878      -0.0000011748777854
-3.1415926535897931     7.0231213014382599      -0.0000011627685589      -0.0000011759021286
-3.1415926535897931     7.1485341818210859      -0.0000011778197264      -0.0000011785802990
-3.1415926535897931     7.2739470622039120      -0.0000011882630270      -0.0000011811176634
-3.1415926535897931     7.3993599425867380      -0.0000012010415984      -0.0000011775494676
-3.1415926535897931     7.5247728229695641      -0.0000012171316382      -0.0000011755252377
-3.1415926535897931     7.6501857033523901      -0.0000012342033939      -0.0000011745850336
-3.1415926535897931     7.7755985837352162      -0.0000012518328514      -0.0000011746275073
-3.1415926535897931     7.9010114641180422      -0.0000012694477528      -0.0000011760148642
-3.1415926535897931     8.0264243445008692      -0.0000012871152961      -0.0000011778356204
-3.1415926535897931     8.1518372248836961      -0.0000013053831520      -0.0000011813366012
-3.1415926535897931     8.2772501052665231      -0.0000013210188269      -0.0000011900940037
-3.1415926535897931     8.4026629856493500      -0.0000013238838268      -0.0000011917122433
-3.1415926535897931     8.5280758660321769      -0.0000013388663209      -0.0000011829092632
-3.1415926535897931     8.6534887464150039      -0.0000013588166212      -0.0000011798943711
-3.1415926535897931     8.7789016267978308      -0.0000013783967447      -0.0000011810768231
-3.1415926535897931     8.9043145071806578      -0.0000013936460256      -0.0000011820339722
-3.1415926535897931     9.0297273875634847      -0.0000014112370950      -0.0000011796794091
-3.1415926535897931     9.1551402679463116      -0.0000014303980817      -0.0000011787988833
-3.1415926535897931     9.2805531483291386      -0.0000014496520834      -0.0000011786175677
-3.1415926535897931     9.4059660287119655      -0.0000014689676938      -0.0000011786805921
-3.1415926535897931     9.5313789090947925      -0.0000014884444349      -0.0000011788395908
-3.1415926535897931     9.6567917894776194      -0.0000015081411601      -0.0000011790499273
-3.1415926535897931     9.7822046698604463      -0.0000015280959036      -0.0000011792942027
-3.1415926535897931     9.9076175502432733      -0.0000015483357513      -0.0000011795630328
-3.1415926535897931     10.0330304306261002      -0.0000015688807213      -0.0000011798526651
-3.1415926535897931     10.1584433110089272      -0.0000015897484018      -0.0000011801600188
-3.1415926535897931     10.2838561913917541      -0.0000016109543755      -0.0000011804833388
-3.1415926535897931     10.4092690717745811      -0.0000016325137440      -0.0000011808215213
-3.1415926535897931     10.5346819521574080      -0.0000016544409234      -0.0000011811741304
-3.1415926535897931     10.6600948325402349      -0.0000016767501490      -0.0000011815409541
-3.1415926535897931     10.7855077129230619      -0.0000016994556662      -0.0000011819220491
-3.1415926535897931     10.9109205933058888      -0.0000017225718577      -0.0000011823176321
-3.1415926535897931     11.0363334736887158      -0.0000017461133587      -0.0000011827280293
-3.1415926535897931     11.1617463540715427      -0.0000017700951817      -0.0000011831536374
-3.1415926535897931     11.2871592344543696      -0.0000017945328026      -0.0000011835949342
-3.1415926535897931     11.4125721148371966      -0.0000018194422109      -0.0000011840524737
-3.1415926535897931     11.5379849952200235      -0.0000018448399794      -0.0000011845268635
-3.1415926535897931     11.6633978756028505      -0.0000018707433190      -0.0000011850187763
-3.1415926535897931     11.7888107559856774      -0.0000018971701381      -0.0000011855289336
-3.1415926535897931     11.9142236363685043      -0.0000019241391004      -0.0000011860581281
-3.1415926535897931     12.0396365167513313      -0.0000019516696654      -0.0000011866071992
-3.1415926535897931     12.1650493971341582      -0.0000019797821677      -0.0000011871770480
-3.1415926535897931     12.2904622775169852      -0.0000020084978629      -0.0000011877686403
-3.1415926535897931     12.4158751578998121      -0.0000020378389973      -0.0000011883830015
-3.1415926535897931     12.5412880382826391      -0.0000020678288672      -0.0000011890212389
-3.1415926535897931     12.6667009186654660      -0.0000020984918860      -0.0000011896845241
-3.1415926535897931     12.7921137990482929      -0.0000021298536670      -0.0000011903741044
-3.1415926535897931     12.9175266794311199      -0.0000021619410978      -0.0000011910913145
-3.1415926535897931     13.0429395598139468      -0.0000021947824280      -0.0000011918375799
-3.1415926535897931     13.1683524401967738      -0.0000022284073524      -0.0000011926144226
-3.1415926535897931     13.2937653205796007      -0.0000022628471062      -0.0000011934234699
-3.1415926535897931     13.4191782009624276      -0.0000022981345828      -0.0000011942664539
-3.1415926535897931     13.5445910813452546      -0.0000023343044354      -0.0000011951452280
-3.1415926535897931     13.6700039617280815      -0.0000023713932056      -0.0000011960617789
-3.1415926535897931     13.7954168421109085      -0.0000024094394543      -0.0000011970182326
-3.1415926535897931     13.9208297224937354      -0.0000024484839007      -0.0000011980168711
-3.1415926535897931     14.0462426028765623      -0.0000024885695693      -0.0000011990601425
-3.1415926535897931     14.1716554832593893      -0.0000025297419812      -0.0000012001506665
-3.1415926535897931     14.2970683636422162      -0.0000025720493163      -0.0000012012912670
-3.1415926535897931     14.4224812440250432      -0.0000026155426217      -0.0000012024849787
-3.1415926535897931     14.5478941244078701      -0.0000026602760314      -0.0000012037350733
-3.1415926535897931     14.6733070047906971      -0.0000027063069846      -0.0000012050450798
-3.1415926535897931     14.7987198851735240      -0.0000027536965031      -0.0000012064187944
-3.1415926535897931     14.9241327655563509      -0.0000028025094786      -0.0000012078603237
-3.1415926535897931     15.0495456459391779      -0.0000028528149710      -0.0000012093741086
-3.1415926535897931     15.1749585263220048      -0.0000029046865593      -0.0000012109649645
-3.1415926535897931     15.3003714067048318      -0.0000029582027046      -0.0000012126381148
-3.1415926535897931     15.4257842870876587      -0.0000030134471675      -0.0000012143992212
-3.1415926535897931     15.5511971674704856      -0.0000030705094771      -0.0000012162544420
-3.1415926535897931     15.6766100478533126      -0.0000031294854186      -0.0000012182104856
    
-2.8797932657906435     0.0000000000000000      -0.0000006527489105      -0.0000014769974228
-2.8797932657906435     0.1254128803828261      -0.0000006637905187      -0.0000014770409282
-2.8797932657906435     0.2508257607656522      -0.0000006748948886      -0.0000014770857979
-2.8797932657906435     0.3762386411484783      -0.0000006860634470      -0.0000014771320566
-2.8797932657906435     0.5016515215313043      -0.0000006972976442      -0.0000014771797293
-2.8797932657906435     0.6270644019141304      -0.0000007085989620      -0.0000014772288443
-2.8797932657906435     0.7524772822969564      -0.0000007199689098      -0.0000014772794281
-2.8797932657906435     0.8778901626797825      -0.0000007314090280      -0.0000014773315103
-2.8797932657906435     1.0033030430626086      -0.0000007429208842      -0.0000014773851208
-2.8797932657906435     1.1287159234454347      -0.0000007545060841      -0.0000014774402886
-2.8797932657906435     1.2541288038282608      -0.0000007661662631      -0.0000014774970465
-2.8797932657906435     1.3795416842110868      -0.0000007779030901      -0.0000014775554285
-2.8797932657906435     1.5049545645939129      -0.0000007897182709      -0.0000014776154693
-2.8797932657906435     1.6303674449767389      -0.0000008016135457      -0.0000014776772020
-2.8797932657906435     1.7557803253595650      -0.0000008135906955      -0.0000014777406653
-2.8797932657906435     1.8811932057423910      -0.0000008256515381      -0.0000014778058990
-2.8797932657906435     2.0066060861252173      -0.0000008377979321      -0.0000014778729396
-2.8797932657906435     2.1320189665080433      -0.0000008500317778      -0.0000014779418338
-2.8797932657906435     2.2574318468908694      -0.0000008623550171      -0.0000014780126219
-2.8797932657906435     2.3828447272736955      -0.0000008747696409      -0.0000014780853476
-2.8797932657906435     2.5082576076565215      -0.0000008872776817      -0.0000014781600613
-2.8797932657906435     2.6336704880393476      -0.0000008998812232      -0.0000014782368091
-2.8797932657906435     2.7590833684221736      -0.0000009125823984      -0.0000014783156401
-2.8797932657906435     2.8844962488049997      -0.0000009253833922      -0.0000014783966094
-2.8797932657906435     3.0099091291878257      -0.0000009382864440      -0.0000014784797674
-2.8797932657906435     3.1353220095706518      -0.0000009512938536      -0.0000014785651699
-2.8797932657906435     3.2607348899534778      -0.0000009644079771      -0.0000014786528788
-2.8797932657906435     3.3861477703363039      -0.0000009776312343      -0.0000014787429552
-2.8797932657906435     3.5115606507191299      -0.0000009909661077      -0.0000014788354646
-2.8797932657906435     3.6369735311019560      -0.0000010044151496      -0.0000014789304760
-2.8797932657906435     3.7623864114847820      -0.0000010179809847      -0.0000014790280611
-2.8797932657906435     3.8877992918676081      -0.0000010316663132      -0.0000014791282956
-2.8797932657906435     4.0132121722504346      -0.0000010454739170      -0.0000014792312626
-2.8797932657906435     4.1386250526332606      -0.0000010594066635      -0.0000014793370491
-2.8797932657906435     4.2640379330160867      -0.0000010734675099      -0.0000014794457477
-2.8797932657906435     4.3894508133989127      -0.0000010876595172      -0.0000014795574621
-2.8797932657906435     4.5148636937817388      -0.0000011019858496      -0.0000014796723036
-2.8797932657906435     4.6402765741645648      -0.0000011164497885      -0.0000014797903961
-2.8797932657906435     4.7656894545473909      -0.0000011310547452      -0.0000014799118797
-2.8797932657906435     4.8911023349302170      -0.0000011458042728      -0.0000014800369072
-2.8797932657906435     5.0165152153130430      -0.0000011607020934      -0.0000014801656614
-2.8797932657906435     5.1419280956958691      -0.0000011757521080      -0.0000014802983575
-2.8797932657906435     5.2673409760786951      -0.0000011909584451      -0.0000014804352422
-2.8797932657906435     5.3927538564615212      -0.0000012063255010      -0.0000014805766348
-2.8797932657906435     5.5181667368443472      -0.0000012218580068      -0.0000014807229372
-2.8797932657906435     5.6435796172271733      -0.0000012375611232      -0.0000014808746921
-2.8797932657906435     5.7689924976099993      -0.0000012534405943      -0.0000014810326797
-2.8797932657906435     5.8944053779928254      -0.0000012695029703      -0.0000014811980899
-2.8797932657906435     6.0198182583756514      -0.0000012857560529      -0.0000014813729466
-2.8797932657906435     6.1452311387584775      -0.0000013022095241      -0.0000014815613377
-2.8797932657906435     6.2706440191413035      -0.0000013188753100      -0.0000014817733974
-2.8797932657906435     6.3960568995241296      -0.0000013357562413      -0.0000014820394018
-2.8797932657906435     6.5214697799069556      -0.0000013527652660      -0.0000014823487980
-2.8797932657906435     6.6468826602897817      -0.0000013700598858      -0.0000014825398346
-2.8797932657906435     6.7722955406726077      -0.0000013877526717      -0.0000014828515652
-2.8797932657906435     6.8977084210554338      -0.0000014058225936      -0.0000014833888556
-2.8797932657906435     7.0231213014382599      -0.0000014243221499      -0.0000014844913107
-2.8797932657906435     7.1485341818210859      -0.0000014424742980      -0.0000014872142016
-2.8797932657906435     7.2739470622039120      -0.0000014564676919      -0.0000014892922620
-2.8797932657906435     7.3993599425867380      -0.0000014730005217      -0.0000014860630069
-2.8797932657906435     7.5247728229695641      -0.0000014924474275      -0.0000014843514366
-2.8797932657906435     7.6501857033523901      -0.0000015127988617      -0.0000014835899730
-2.8797932657906435     7.7755985837352162      -0.0000015336850497      -0.0000014835735565
-2.8797932657906435     7.9010114641180422      -0.0000015548130265      -0.0000014848486393
-2.8797932657906435     8.0264243445008692      -0.0000015760274007      -0.0000014866068712
-2.8797932657906435     8.1518372248836961      -0.0000015978862610      -0.0000014899135086
-2.8797932657906435     8.2772501052665231      -0.0000016175785430      -0.0000014981774068
-2.8797932657906435     8.4026629856493500      -0.0000016252478617      -0.0000015009108783
-2.8797932657906435     8.5280758660321769      -0.0000016426903904      -0.0000014925561420
-2.8797932657906435     8.6534887464150039      -0.0000016662204917      -0.0000014891198518
-2.8797932657906435     8.7789016267978308      -0.0000016895836769      -0.0000014900092750
-2.8797932657906435     8.9043145071806578      -0.0000017091640224      -0.0000014907063015
-2.8797932657906435     9.0297273875634847      -0.0000017309009240      -0.0000014886416986
-2.8797932657906435     9.1551402679463116      -0.0000017540397122      -0.0000014879025453
-2.8797932657906435     9.2805531483291386      -0.0000017773516051      -0.0000014877933875
-2.8797932657906435     9.4059660287119655      -0.0000018007814225      -0.0000014879254433
-2.8797932657906435     9.5313789090947925      -0.0000018244322318      -0.0000014881465214
-2.8797932657906435     9.6567917894776194      -0.0000018483662307      -0.0000014884220936
-2.8797932657906435     9.7822046698604463      -0.0000018726116247      -0.0000014887493083
-2.8797932657906435     9.9076175502432733      -0.0000018971580941      -0.0000014890836925
-2.8797932657906435     10.0330304306261002      -0.0000019221092660      -0.0000014893985302
-2.8797932657906435     10.1584433110089272      -0.0000019474648980      -0.0000014897519345
-2.8797932657906435     10.2838561913917541      -0.0000019732232387      -0.0000014901308933
-2.8797932657906435     10.4092690717745811      -0.0000019994008650      -0.0000014905289785
-2.8797932657906435     10.5346819521574080      -0.0000020260146913      -0.0000014909442618
-2.8797932657906435     10.6600948325402349      -0.0000020530812716      -0.0000014913760799
-2.8797932657906435     10.7855077129230619      -0.0000020806170638      -0.0000014918243530
-2.8797932657906435     10.9109205933058888      -0.0000021086386401      -0.0000014922892773
-2.8797932657906435     11.0363334736887158      -0.0000021371628581      -0.0000014927712075
-2.8797932657906435     11.1617463540715427      -0.0000021662070059      -0.0000014932705988
-2.8797932657906435     11.2871592344543696      -0.0000021957889001      -0.0000014937879990
-2.8797932657906435     11.4125721148371966      -0.0000022259269535      -0.0000014943240417
-2.8797932657906435     11.5379849952200235      -0.0000022566402438      -0.0000014948794250
-2.8797932657906435     11.6633978756028505      -0.0000022879485825      -0.0000014954549133
-2.8797932657906435     11.7888107559856774      -0.0000023198725758      -0.0000014960513315
-2.8797932657906435     11.9142236363685043      -0.0000023524336872      -0.0000014966695747
-2.8797932657906435     12.0396365167513313      -0.0000023856542906      -0.0000014973105960
-2.8797932657906435     12.1650493971341582      -0.0000024195577469      -0.0000014979754147
-2.8797932657906435     12.2904622775169852      -0.0000024541684602      -0.0000014986651191
-2.8797932657906435     12.4158751578998121      -0.0000024895119536      -0.0000014993808688
-2.8797932657906435     12.5412880382826391      -0.0000025256149343      -0.0000015001239047
-2.8797932657906435     12.6667009186654660      -0.0000025625053700      -0.0000015008955447
-2.8797932657906435     12.7921137990482929      -0.0000026002125758      -0.0000015016971893
-2.8797932657906435     12.9175266794311199      -0.0000026387673003      -0.0000015025303337
-2.8797932657906435     13.0429395598139468      -0.0000026782018162      -0.0000015033965734
-2.8797932657906435     13.1683524401967738      -0.0000027185500175      -0.0000015042976089
-2.8797932657906435     13.2937653205796007      -0.0000027598475256      -0.0000015052352546
-2.8797932657906435     13.4191782009624276      -0.0000028021318084      -0.0000015062114433
-2.8797932657906435     13.5445910813452546      -0.0000028454423034      -0.0000015072282388
-2.8797932657906435     13.6700039617280815      -0.0000028898205504      -0.0000015082878497
-2.8797932657906435     13.7954168421109085      -0.0000029353103355      -0.0000015093926370
-2.8797932657906435     13.9208297224937354      -0.0000029819578459      -0.0000015105451309
-2.8797932657906435     14.0462426028765623      -0.0000030298118339      -0.0000015117480408
-2.8797932657906435     14.1716554832593893      -0.0000030789238106      -0.0000015130042679
-2.8797932657906435     14.2970683636422162      -0.0000031293482381      -0.0000015143169297
-2.8797932657906435     14.4224812440250432      -0.0000031811427463      -0.0000015156893741
-2.8797932657906435     14.5478941244078701      -0.0000032343683705      -0.0000015171252045
-2.8797932657906435     14.6733070047906971      -0.0000032890897986      -0.0000015186282994
-2.8797932657906435     14.7987198851735240      -0.0000033453756590      -0.0000015202028323
-2.8797932657906435     14.9241327655563509      -0.0000034032988305      -0.0000015218533060
-2.8797932657906435     15.0495456459391779      -0.0000034629367725      -0.0000015235845851
-2.8797932657906435     15.1749585263220048      -0.0000035243718918      -0.0000015254019332
-2.8797932657906435     15.3003714067048318      -0.0000035876919424      -0.0000015273110496
-2.8797932657906435     15.4257842870876587      -0.0000036529904679      -0.0000015293181076
-2.8797932657906435     15.5511971674704856      -0.0000037203672990      -0.0000015314298076
-2.8797932657906435     15.6766100478533126      -0.0000037899290819      -0.0000015336534359
    
-2.6179938779914944     0.0000000000000000      -0.0000009667545277      -0.0000023176113275
-2.6179938779914944     0.1254128803828261      -0.0000009837714692      -0.0000023176735131
-2.6179938779914944     0.2508257607656522      -0.0000010008797396      -0.0000023177377145
-2.6179938779914944     0.3762386411484783      -0.0000010180814408      -0.0000023178039703
-2.6179938779914944     0.5016515215313043      -0.0000010353787200      -0.0000023178723188
-2.6179938779914944     0.6270644019141304      -0.0000010527737548      -0.0000023179427929
-2.6179938779914944     0.7524772822969564      -0.0000010702687694      -0.0000023180154348
-2.6179938779914944     0.8778901626797825      -0.0000010878660298      -0.0000023180902872
-2.6179938779914944     1.0033030430626086      -0.0000011055678452      -0.0000023181673872
-2.6179938779914944     1.1287159234454347      -0.0000011233765651      -0.0000023182467808
-2.6179938779914944     1.2541288038282608      -0.0000011412945947      -0.0000023183285138
-2.6179938779914944     1.3795416842110868      -0.0000011593243810      -0.0000023184126307
-2.6179938779914944     1.5049545645939129      -0.0000011774684172      -0.0000023184991782
-2.6179938779914944     1.6303674449767389      -0.0000011957292575      -0.0000023185882116
-2.6179938779914944     1.7557803253595650      -0.0000012141095031      -0.0000023186797771
-2.6179938779914944     1.8811932057423910      -0.0000012326118046      -0.0000023187739285
-2.6179938779914944     2.0066060861252173      -0.0000012512388817      -0.0000023188707285
-2.6179938779914944     2.1320189665080433      -0.0000012699935012      -0.0000023189702245
-2.6179938779914944     2.2574318468908694      -0.0000012888784939      -0.0000023190724813
-2.6179938779914944     2.3828447272736955      -0.0000013078967551      -0.0000023191775641
-2.6179938779914944     2.5082576076565215      -0.0000013270512443      -0.0000023192855284
-2.6179938779914944     2.6336704880393476      -0.0000013463449813      -0.0000023193964482
-2.6179938779914944     2.7590833684221736      -0.0000013657810651      -0.0000023195103901
-2.6179938779914944     2.8844962488049997      -0.0000013853626635      -0.0000023196274230
-2.6179938779914944     3.0099091291878257      -0.0000014050930127      -0.0000023197476224
-2.6179938779914944     3.1353220095706518      -0.0000014249754394      -0.0000023198710679
-2.6179938779914944     3.2607348899534778      -0.0000014450133433      -0.0000023199978350
-2.6179938779914944     3.3861477703363039      -0.0000014652102075      -0.0000023201280116
-2.6179938779914944     3.5115606507191299      -0.0000014855696097      -0.0000023202616872
-2.6179938779914944     3.6369735311019560      -0.0000015060952158      -0.0000023203989489
-2.6179938779914944     3.7623864114847820      -0.0000015267907834      -0.0000023205398976
-2.6179938779914944     3.8877992918676081      -0.0000015476601826      -0.0000023206846353
-2.6179938779914944     4.0132121722504346      -0.0000015687073827      -0.0000023208332646
-2.6179938779914944     4.1386250526332606      -0.0000015899364634      -0.0000023209859044
-2.6179938779914944     4.2640379330160867      -0.0000016113516355      -0.0000023211426752
-2.6179938779914944     4.3894508133989127      -0.0000016329572232      -0.0000023213037059
-2.6179938779914944     4.5148636937817388      -0.0000016547576958      -0.0000023214691381
-2.6179938779914944     4.6402765741645648      -0.0000016767576670      -0.0000023216391279
-2.6179938779914944     4.7656894545473909      -0.0000016989619094      -0.0000023218138382
-2.6179938779914944     4.8911023349302170      -0.0000017213753704      -0.0000023219934596
-2.6179938779914944     5.0165152153130430      -0.0000017440031961      -0.0000023221782023
-2.6179938779914944     5.1419280956958691      -0.0000017668507480      -0.0000023223683077
-2.6179938779914944     5.2673409760786951      -0.0000017899236390      -0.0000023225640614
-2.6179938779914944     5.3927538564615212      -0.0000018132277856      -0.0000023227657983
-2.6179938779914944     5.5181667368443472      -0.0000018367694625      -0.0000023229739460
-2.6179938779914944     5.6435796172271733      -0.0000018605553883      -0.0000023231890511
-2.6179938779914944     5.7689924976099993      -0.0000018845928730      -0.0000023234118655
-2.6179938779914944     5.8944053779928254      -0.0000019088900051      -0.0000023236434801
-2.6179938779914944     6.0198182583756514      -0.0000019334560351      -0.0000023238856421
-2.6179938779914944     6.1452311387584775      -0.0000019583018922      -0.0000023241416020
-2.6179938779914944     6.2706440191413035      -0.0000019834407019      -0.0000023244187078
-2.6179938779914944     6.3960568995241296      -0.0000020088813427      -0.0000023247374196
-2.6179938779914944     6.5214697799069556      -0.0000020345802742      -0.0000023250951528
-2.6179938779914944     6.6468826602897817      -0.0000020606464059      -0.0000023254018977
-2.6179938779914944     6.7722955406726077      -0.0000020871680849      -0.0000023258227935
-2.6179938779914944     6.8977084210554338      -0.0000021141613883      -0.0000023264799813
-2.6179938779914944     7.0231213014382599      -0.0000021416375437      -0.0000023277823555
-2.6179938779914944     7.1485341818210859      -0.0000021683631187      -0.0000023306170621
-2.6179938779914944     7.2739470622039120      -0.0000021920605454      -0.0000023315783059
-2.6179938779914944     7.3993599425867380      -0.0000022187995102      -0.0000023292123059
-2.6179938779914944     7.5247728229695641      -0.0000022474771785      -0.0000023283018446
-2.6179938779914944     7.6501857033523901      -0.0000022768668619      -0.0000023280022067
-2.6179938779914944     7.7755985837352162      -0.0000023067426273      -0.0000023278832854
-2.6179938779914944     7.9010114641180422      -0.0000023374814080      -0.0000023288672621
-2.6179938779914944     8.0264243445008692      -0.0000023684431979      -0.0000023304547956
-2.6179938779914944     8.1518372248836961      -0.0000024001763952      -0.0000023332852146
-2.6179938779914944     8.2772501052665231      -0.0000024308985797      -0.0000023403235981
-2.6179938779914944     8.4026629856493500      -0.0000024514966130      -0.0000023457954886
-2.6179938779914944     8.5280758660321769      -0.0000024761017298      -0.0000023386075098
-2.6179938779914944     8.6534887464150039      -0.0000025094921404      -0.0000023341963413
-2.6179938779914944     8.7789016267978308      -0.0000025432384490      -0.0000023343442710
-2.6179938779914944     8.9043145071806578      -0.0000025746091537      -0.0000023344219181
-2.6179938779914944     9.0297273875634847      -0.0000026076780350      -0.0000023330956710
-2.6179938779914944     9.1551402679463116      -0.0000026417451084      -0.0000023327315717
-2.6179938779914944     9.2805531483291386      -0.0000026761907319      -0.0000023328150315
-2.6179938779914944     9.4059660287119655      -0.0000027109214478      -0.0000023331287480
-2.6179938779914944     9.5313789090947925      -0.0000027460390610      -0.0000023335192820
-2.6179938779914944     9.6567917894776194      -0.0000027816121740      -0.0000023339736722
-2.6179938779914944     9.7822046698604463      -0.0000028176459053      -0.0000023345233626
-2.6179938779914944     9.9076175502432733      -0.0000028540405866      -0.0000023350391672
-2.6179938779914944     10.0330304306261002      -0.0000028911017240      -0.0000023354390746
-2.6179938779914944     10.1584433110089272      -0.0000029287867845      -0.0000023359284320
-2.6179938779914944     10.2838561913917541      -0.0000029670529933      -0.0000023364671305
-2.6179938779914944     10.4092690717745811      -0.0000030059211516      -0.0000023370359620
-2.6179938779914944     10.5346819521574080      -0.0000030454148874      -0.0000023376294232
-2.6179938779914944     10.6600948325402349      -0.0000030855570602      -0.0000023382457928
-2.6179938779914944     10.7855077129230619      -0.0000031263701987      -0.0000023388846911
-2.6179938779914944     10.9109205933058888      -0.0000031678769240      -0.0000023395462943
-2.6179938779914944     11.0363334736887158      -0.0000032101002492      -0.0000023402310580
-2.6179938779914944     11.1617463540715427      -0.0000032530637761      -0.0000023409396116
-2.6179938779914944     11.2871592344543696      -0.0000032967918261      -0.0000023416727078
-2.6179938779914944     11.4125721148371966      -0.0000033413095480      -0.0000023424312101
-2.6179938779914944     11.5379849952200235      -0.0000033866429906      -0.0000023432160722
-2.6179938779914944     11.6633978756028505      -0.0000034328192028      -0.0000023440283237
-2.6179938779914944     11.7888107559856774      -0.0000034798663029      -0.0000023448690797
-2.6179938779914944     11.9142236363685043      -0.0000035278135558      -0.0000023457395302
-2.6179938779914944     12.0396365167513313      -0.0000035766914548      -0.0000023466409493
-2.6179938779914944     12.1650493971341582      -0.0000036265317981      -0.0000023475746921
-2.6179938779914944     12.2904622775169852      -0.0000036773677708      -0.0000023485421979
-2.6179938779914944     12.4158751578998121      -0.0000037292340363      -0.0000023495450032
-2.6179938779914944     12.5412880382826391      -0.0000037821668218      -0.0000023505847337
-2.6179938779914944     12.6667009186654660      -0.0000038362040176      -0.0000023516631214
-2.6179938779914944     12.7921137990482929      -0.0000038913852781      -0.0000023527820030
-2.6179938779914944     12.9175266794311199      -0.0000039477521380      -0.0000023539433322
-2.6179938779914944     13.0429395598139468      -0.0000040053481168      -0.0000023551491873
-2.6179938779914944     13.1683524401967738      -0.0000040642188511      -0.0000023564017789
-2.6179938779914944     13.2937653205796007      -0.0000041244122304      -0.0000023577034570
-2.6179938779914944     13.4191782009624276      -0.0000041859785300      -0.0000023590567252
-2.6179938779914944     13.5445910813452546      -0.0000042489705810      -0.0000023604642497
-2.6179938779914944     13.6700039617280815      -0.0000043134439256      -0.0000023619288739
-2.6179938779914944     13.7954168421109085      -0.0000043794569979      -0.0000023634536309
-2.6179938779914944     13.9208297224937354      -0.0000044470713194      -0.0000023650417617
-2.6179938779914944     14.0462426028765623      -0.0000045163517108      -0.0000023666967270
-2.6179938779914944     14.1716554832593893      -0.0000045873665050      -0.0000023684222324
-2.6179938779914944     14.2970683636422162      -0.0000046601878085      -0.0000023702222407
-2.6179938779914944     14.4224812440250432      -0.0000047348917551      -0.0000023721010002
-2.6179938779914944     14.5478941244078701      -0.0000048115587947      -0.0000023740630675
-2.6179938779914944     14.6733070047906971      -0.0000048902740133      -0.0000023761133313
-2.6179938779914944     14.7987198851735240      -0.0000049711274651      -0.0000023782570499
-2.6179938779914944     14.9241327655563509      -0.0000050542145439      -0.0000023804998724
-2.6179938779914944     15.0495456459391779      -0.0000051396363993      -0.0000023828478869
-2.6179938779914944     15.1749585263220048      -0.0000052275003628      -0.0000023853076553
-2.6179938779914944     15.3003714067048318      -0.0000053179204432      -0.0000023878862592
-2.6179938779914944     15.4257842870876587      -0.0000054110178499      -0.0000023905913543
-2.6179938779914944     15.5511971674704856      -0.0000055069215747      -0.0000023934312197
-2.6179938779914944     15.6766100478533126      -0.0000056057690344      -0.0000023964148261
    
-2.3561944901923448     0.0000000000000000      -0.0000014000265247      -0.0000034661211544
-2.3561944901923448     0.1254128803828261      -0.0000014252336758      -0.0000034662150386
-2.3561944901923448     0.2508257607656522      -0.0000014505718243      -0.0000034663118722
-2.3561944901923448     0.3762386411484783      -0.0000014760440101      -0.0000034664117074
-2.3561944901923448     0.5016515215313043      -0.0000015016533339      -0.0000034665145998
-2.3561944901923448     0.6270644019141304      -0.0000015274029451      -0.0000034666205978
-2.3561944901923448     0.7524772822969564      -0.0000015532960553      -0.0000034667297610
-2.3561944901923448     0.8778901626797825      -0.0000015793359336      -0.0000034668421471
-2.3561944901923448     1.0033030430626086      -0.0000016055259134      -0.0000034669578145
-2.3561944901923448     1.1287159234454347      -0.0000016318693832      -0.0000034670768256
-2.3561944901923448     1.2541288038282608      -0.0000016583698060      -0.0000034671992453
-2.3561944901923448     1.3795416842110868      -0.0000016850307075      -0.0000034673251380
-2.3561944901923448     1.5049545645939129      -0.0000017118556807      -0.0000034674545693
-2.3561944901923448     1.6303674449767389      -0.0000017388483976      -0.0000034675876152
-2.3561944901923448     1.7557803253595650      -0.0000017660125979      -0.0000034677243453
-2.3561944901923448     1.8811932057423910      -0.0000017933520969      -0.0000034678648326
-2.3561944901923448     2.0066060861252173      -0.0000018208707949      -0.0000034680091635
-2.3561944901923448     2.1320189665080433      -0.0000018485726672      -0.0000034681574076
-2.3561944901923448     2.2574318468908694      -0.0000018764617792      -0.0000034683096536
-2.3561944901923448     2.3828447272736955      -0.0000019045422780      -0.0000034684659918
-2.3561944901923448     2.5082576076565215      -0.0000019328184065      -0.0000034686265029
-2.3561944901923448     2.6336704880393476      -0.0000019612944936      -0.0000034687912868
-2.3561944901923448     2.7590833684221736      -0.0000019899749707      -0.0000034689604376
-2.3561944901923448     2.8844962488049997      -0.0000020188643696      -0.0000034691340512
-2.3561944901923448     3.0099091291878257      -0.0000020479673204      -0.0000034693122349
-2.3561944901923448     3.1353220095706518      -0.0000020772885659      -0.0000034694950970
-2.3561944901923448     3.2607348899534778      -0.0000021068329587      -0.0000034696827446
-2.3561944901923448     3.3861477703363039      -0.0000021366054650      -0.0000034698752970
-2.3561944901923448     3.5115606507191299      -0.0000021666111765      -0.0000034700728760
-2.3561944901923448     3.6369735311019560      -0.0000021968553080      -0.0000034702756046
-2.3561944901923448     3.7623864114847820      -0.0000022273432018      -0.0000034704836181
-2.3561944901923448     3.8877992918676081      -0.0000022580803428      -0.0000034706970552
-2.3561944901923448     4.0132121722504346      -0.0000022890723570      -0.0000034709160571
-2.3561944901923448     4.1386250526332606      -0.0000023203250165      -0.0000034711407789
-2.3561944901923448     4.2640379330160867      -0.0000023518442640      -0.0000034713713836
-2.3561944901923448     4.3894508133989127      -0.0000023836361935      -0.0000034716080401
-2.3561944901923448     4.5148636937817388      -0.0000024157070876      -0.0000034718509329
-2.3561944901923448     4.6402765741645648      -0.0000024480634136      -0.0000034721002589
-2.3561944901923448     4.7656894545473909      -0.0000024807118427      -0.0000034723562267
-2.3561944901923448     4.8911023349302170      -0.0000025136592667      -0.0000034726190708
-2.3561944901923448     5.0165152153130430      -0.0000025469128161      -0.0000034728890470
-2.3561944901923448     5.1419280956958691      -0.0000025804798898      -0.0000034731664394
-2.3561944901923448     5.2673409760786951      -0.0000026143681784      -0.0000034734515822
-2.3561944901923448     5.3927538564615212      -0.0000026485857199      -0.0000034737448482
-2.3561944901923448     5.5181667368443472      -0.0000026831409515      -0.0000034740467017
-2.3561944901923448     5.6435796172271733      -0.0000027180427874      -0.0000034743577092
-2.3561944901923448     5.7689924976099993      -0.0000027533007439      -0.0000034746786071
-2.3561944901923448     5.8944053779928254      -0.0000027889251141      -0.0000034750103966
-2.3561944901923448     6.0198182583756514      -0.0000028249272603      -0.0000034753545502
-2.3561944901923448     6.1452311387584775      -0.0000028613200311      -0.0000034757134528
-2.3561944901923448     6.2706440191413035      -0.0000028981184288      -0.0000034760915671
-2.3561944901923448     6.3960568995241296      -0.0000029353382267      -0.0000034764991701
-2.3561944901923448     6.5214697799069556      -0.0000029729815324      -0.0000034769418962
-2.3561944901923448     6.6468826602897817      -0.0000030111074098      -0.0000034774038101
-2.3561944901923448     6.7722955406726077      -0.0000030497795639      -0.0000034779730339
-2.3561944901923448     6.8977084210554338      -0.0000030890525901      -0.0000034787882609
-2.3561944901923448     7.0231213014382599      -0.0000031288952676      -0.0000034803254097
-2.3561944901923448     7.1485341818210859      -0.0000031676128231      -0.0000034832818409
-2.3561944901923448     7.2739470622039120      -0.0000032045819398      -0.0000034831013427
-2.3561944901923448     7.3993599425867380      -0.0000032451212453      -0.0000034817436555
-2.3561944901923448     7.5247728229695641      -0.0000032865724175      -0.0000034817838253
-2.3561944901923448     7.6501857033523901      -0.0000033285196203      -0.0000034820475583
-2.3561944901923448     7.7755985837352162      -0.0000033709201342      -0.0000034819510255
-2.3561944901923448     7.9010114641180422      -0.0000034148178299      -0.0000034825758570
-2.3561944901923448     8.0264243445008692      -0.0000034592500390      -0.0000034839280974
-2.3561944901923448     8.1518372248836961      -0.0000035046440000      -0.0000034862560594
-2.3561944901923448     8.2772501052665231      -0.0000035502837236      -0.0000034919545518
-2.3561944901923448     8.4026629856493500      -0.0000035880028987      -0.0000035003040500
-2.3561944901923448     8.5280758660321769      -0.0000036236257964      -0.0000034945573161
-2.3561944901923448     8.6534887464150039      -0.0000036707042355      -0.0000034893140497
-2.3561944901923448     8.7789016267978308      -0.0000037187552312      -0.0000034886165788
-2.3561944901923448     8.9043145071806578      -0.0000037661083855      -0.0000034880977950
-2.3561944901923448     9.0297273875634847      -0.0000038146691348      -0.0000034876294522
-2.3561944901923448     9.1551402679463116      -0.0000038638301796      -0.0000034877466734
-2.3561944901923448     9.2805531483291386      -0.0000039136123713      -0.0000034880807132
-2.3561944901923448     9.4059660287119655      -0.0000039639453175      -0.0000034886230360
-2.3561944901923448     9.5313789090947925      -0.0000040148983350      -0.0000034892445746
-2.3561944901923448     9.6567917894776194      -0.0000040665410724      -0.0000034899448900
-2.3561944901923448     9.7822046698604463      -0.0000041188575685      -0.0000034907870902
-2.3561944901923448     9.9076175502432733      -0.0000041716617790      -0.0000034915572248
-2.3561944901923448     10.0330304306261002      -0.0000042254612716      -0.0000034921184022
-2.3561944901923448     10.1584433110089272      -0.0000042801735819      -0.0000034928216898
-2.3561944901923448     10.2838561913917541      -0.0000043357174812      -0.0000034936001248
-2.3561944901923448     10.4092690717745811      -0.0000043921200796      -0.0000034944219403
-2.3561944901923448     10.5346819521574080      -0.0000044494138570      -0.0000034952781487
-2.3561944901923448     10.6600948325402349      -0.0000045076302015      -0.0000034961660667
-2.3561944901923448     10.7855077129230619      -0.0000045668000056      -0.0000034970851069
-2.3561944901923448     10.9109205933058888      -0.0000046269543312      -0.0000034980355176
-2.3561944901923448     11.0363334736887158      -0.0000046881248284      -0.0000034990179574
-2.3561944901923448     11.1617463540715427      -0.0000047503439866      -0.0000035000333330
-2.3561944901923448     11.2871592344543696      -0.0000048136453114      -0.0000035010827151
-2.3561944901923448     11.4125721148371966      -0.0000048780634668      -0.0000035021673132
-2.3561944901923448     11.5379849952200235      -0.0000049436343726      -0.0000035032884571
-2.3561944901923448     11.6633978756028505      -0.0000050103953243      -0.0000035044475746
-2.3561944901923448     11.7888107559856774      -0.0000050783850883      -0.0000035056462022
-2.3561944901923448     11.9142236363685043      -0.0000051476439992      -0.0000035068859714
-2.3561944901923448     12.0396365167513313      -0.0000052182140717      -0.0000035081686250
-2.3561944901923448     12.1650493971341582      -0.0000052901390899      -0.0000035094960128
-2.3561944901923448     12.2904622775169852      -0.0000053634647214      -0.0000035108700953
-2.3561944901923448     12.4158751578998121      -0.0000054382386297      -0.0000035122929570
-2.3561944901923448     12.5412880382826391      -0.0000055145105934      -0.0000035137667993
-2.3561944901923448     12.6667009186654660      -0.0000055923326346      -0.0000035152939617
-2.3561944901923448     12.7921137990482929      -0.0000056717591482      -0.0000035168769256
-2.3561944901923448     12.9175266794311199      -0.0000057528470499      -0.0000035185183228
-2.3561944901923448     13.0429395598139468      -0.0000058356559198      -0.0000035202209467
-2.3561944901923448     13.1683524401967738      -0.0000059202481716      -0.0000035219877628
-2.3561944901923448     13.2937653205796007      -0.0000060066892300      -0.0000035238219190
-2.3561944901923448     13.4191782009624276      -0.0000060950477063      -0.0000035257267639
-2.3561944901923448     13.5445910813452546      -0.0000061853956114      -0.0000035277058596
-2.3561944901923448     13.6700039617280815      -0.0000062778085612      -0.0000035297629950
-2.3561944901923448     13.7954168421109085      -0.0000063723660129      -0.0000035319022060
-2.3561944901923448     13.9208297224937354      -0.0000064691515152      -0.0000035341277934
-2.3561944901923448     14.0462426028765623      -0.0000065682529837      -0.0000035364443457
-2.3561944901923448     14.1716554832593893      -0.0000066697629733      -0.0000035388567670
-2.3561944901923448     14.2970683636422162      -0.0000067737790091      -0.0000035413702914
-2.3561944901923448     14.4224812440250432      -0.0000068804039179      -0.0000035439905192
-2.3561944901923448     14.5478941244078701      -0.0000069897461956      -0.0000035467234409
-2.3561944901923448     14.6733070047906971      -0.0000071019204182      -0.0000035495754743
-2.3561944901923448     14.7987198851735240      -0.0000072170476619      -0.0000035525535093
-2.3561944901923448     14.9241327655563509      -0.0000073352559709      -0.0000035556649356
-2.3561944901923448     15.0495456459391779      -0.0000074566808838      -0.0000035589176938
-2.3561944901923448     15.1749585263220048      -0.0000075814659793      -0.0000035623203228
-2.3561944901923448     15.3003714067048318      -0.0000077097634977      -0.0000035658820149
-2.3561944901923448     15.4257842870876587      -0.0000078417349997      -0.0000035696126872
-2.3561944901923448     15.5511971674704856      -0.0000079775520884      -0.0000035735230407
-2.3561944901923448     15.6766100478533126      -0.0000081173972126      -0.0000035776246365
    
-2.0943951023931957     0.0000000000000000      -0.0000018397185153      -0.0000046149696889
-2.0943951023931957     0.1254128803828261      -0.0000018731578565      -0.0000046151053826
-2.0943951023931957     0.2508257607656522      -0.0000019067688383      -0.0000046152450245
-2.0943951023931957     0.3762386411484783      -0.0000019405554602      -0.0000046153886793
-2.0943951023931957     0.5016515215313043      -0.0000019745217883      -0.0000046155364188
-2.0943951023931957     0.6270644019141304      -0.0000020086719679      -0.0000046156883149
-2.0943951023931957     0.7524772822969564      -0.0000020430102166      -0.0000046158444422
-2.0943951023931957     0.8778901626797825      -0.0000020775408262      -0.0000046160048743
-2.0943951023931957     1.0033030430626086      -0.0000021122681730      -0.0000046161696968
-2.0943951023931957     1.1287159234454347      -0.0000021471967123      -0.0000046163389874
-2.0943951023931957     1.2541288038282608      -0.0000021823309820      -0.0000046165128315
-2.0943951023931957     1.3795416842110868      -0.0000022176756096      -0.0000046166913172
-2.0943951023931957     1.5049545645939129      -0.0000022532353164      -0.0000046168745333
-2.0943951023931957     1.6303674449767389      -0.0000022890149111      -0.0000046170625706
-2.0943951023931957     1.7557803253595650      -0.0000023250192982      -0.0000046172555312
-2.0943951023931957     1.8811932057423910      -0.0000023612534887      -0.0000046174535103
-2.0943951023931957     2.0066060861252173      -0.0000023977225834      -0.0000046176566103
-2.0943951023931957     2.1320189665080433      -0.0000024344317979      -0.0000046178649385
-2.0943951023931957     2.2574318468908694      -0.0000024713864595      -0.0000046180786028
-2.0943951023931957     2.3828447272736955      -0.0000025085919976      -0.0000046182977162
-2.0943951023931957     2.5082576076565215      -0.0000025460539658      -0.0000046185223993
-2.0943951023931957     2.6336704880393476      -0.0000025837780391      -0.0000046187527706
-2.0943951023931957     2.7590833684221736      -0.0000026217700098      -0.0000046189889557
-2.0943951023931957     2.8844962488049997      -0.0000026600358056      -0.0000046192310850
-2.0943951023931957     3.0099091291878257      -0.0000026985814907      -0.0000046194792962
-2.0943951023931957     3.1353220095706518      -0.0000027374132545      -0.0000046197337266
-2.0943951023931957     3.2607348899534778      -0.0000027765374412      -0.0000046199945247
-2.0943951023931957     3.3861477703363039      -0.0000028159605408      -0.0000046202618396
-2.0943951023931957     3.5115606507191299      -0.0000028556891944      -0.0000046205358273
-2.0943951023931957     3.6369735311019560      -0.0000028957302064      -0.0000046208166552
-2.0943951023931957     3.7623864114847820      -0.0000029360905513      -0.0000046211044915
-2.0943951023931957     3.8877992918676081      -0.0000029767773670      -0.0000046213995144
-2.0943951023931957     4.0132121722504346      -0.0000030177979822      -0.0000046217019128
-2.0943951023931957     4.1386250526332606      -0.0000030591599135      -0.0000046220118766
-2.0943951023931957     4.2640379330160867      -0.0000031008708742      -0.0000046223296149
-2.0943951023931957     4.3894508133989127      -0.0000031429387873      -0.0000046226553437
-2.0943951023931957     4.5148636937817388      -0.0000031853717970      -0.0000046229892924
-2.0943951023931957     4.6402765741645648      -0.0000032281782785      -0.0000046233317008
-2.0943951023931957     4.7656894545473909      -0.0000032713668588      -0.0000046236828340
-2.0943951023931957     4.8911023349302170      -0.0000033149464327      -0.0000046240429689
-2.0943951023931957     5.0165152153130430      -0.0000033589261780      -0.0000046244124150
-2.0943951023931957     5.1419280956958691      -0.0000034033155938      -0.0000046247915083
-2.0943951023931957     5.2673409760786951      -0.0000034481245218      -0.0000046251806306
-2.0943951023931957     5.3927538564615212      -0.0000034933631938      -0.0000046255802121
-2.0943951023931957     5.5181667368443472      -0.0000035390422916      -0.0000046259907598
-2.0943951023931957     5.6435796172271733      -0.0000035851730216      -0.0000046264128825
-2.0943951023931957     5.7689924976099993      -0.0000036317672178      -0.0000046268473357
-2.0943951023931957     5.8944053779928254      -0.0000036788375290      -0.0000046272951030
-2.0943951023931957     6.0198182583756514      -0.0000037263976388      -0.0000046277575455
-2.0943951023931957     6.1452311387584775      -0.0000037744626454      -0.0000046282366230
-2.0943951023931957     6.2706440191413035      -0.0000038230497997      -0.0000046287353714
-2.0943951023931957     6.3960568995241296      -0.0000038721795685      -0.0000046292590181
-2.0943951023931957     6.5214697799069556      -0.0000039218776996      -0.0000046298171422
-2.0943951023931957     6.6468826602897817      -0.0000039721797042      -0.0000046304297006
-2.0943951023931957     6.7722955406726077      -0.0000040231380045      -0.0000046311458184
-2.0943951023931957     6.8977084210554338      -0.0000040748261663      -0.0000046321090689
-2.0943951023931957     7.0231213014382599      -0.0000041271929236      -0.0000046338167985
-2.0943951023931957     7.1485341818210859      -0.0000041783463430      -0.0000046368376394
-2.0943951023931957     7.2739470622039120      -0.0000042286187284      -0.0000046361301244
-2.0943951023931957     7.3993599425867380      -0.0000042827299407      -0.0000046355195233
-2.0943951023931957     7.5247728229695641      -0.0000043372110736      -0.0000046362939314
-2.0943951023931957     7.6501857033523901      -0.0000043920333126      -0.0000046370345323
-2.0943951023931957     7.7755985837352162      -0.0000044473117073      -0.0000046372206093
-2.0943951023931957     7.9010114641180422      -0.0000045043974881      -0.0000046375307213
-2.0943951023931957     8.0264243445008692      -0.0000045625342854      -0.0000046386357595
-2.0943951023931957     8.1518372248836961      -0.0000046218490309      -0.0000046406839274
-2.0943951023931957     8.2772501052665231      -0.0000046821586758      -0.0000046455526051
-2.0943951023931957     8.4026629856493500      -0.0000047361618507      -0.0000046553789546
-2.0943951023931957     8.5280758660321769      -0.0000047847961534      -0.0000046508581809
-2.0943951023931957     8.6534887464150039      -0.0000048458980889      -0.0000046456142810
-2.0943951023931957     8.7789016267978308      -0.0000049084083094      -0.0000046443507875
-2.0943951023931957     8.9043145071806578      -0.0000049715261458      -0.0000046436206998
-2.0943951023931957     9.0297273875634847      -0.0000050355884051      -0.0000046437654233
-2.0943951023931957     9.1551402679463116      -0.0000051000974591      -0.0000046443146021
-2.0943951023931957     9.2805531483291386      -0.0000051654062606      -0.0000046448792565
-2.0943951023931957     9.4059660287119655      -0.0000052315922285      -0.0000046456179934
-2.0943951023931957     9.5313789090947925      -0.0000052986418369      -0.0000046464695544
-2.0943951023931957     9.6567917894776194      -0.0000053666130707      -0.0000046474184832
-2.0943951023931957     9.7822046698604463      -0.0000054354855995      -0.0000046485351404
-2.0943951023931957     9.9076175502432733      -0.0000055050439631      -0.0000046495701777
-2.0943951023931957     10.0330304306261002      -0.0000055758801377      -0.0000046503647476
-2.0943951023931957     10.1584433110089272      -0.0000056479002156      -0.0000046513271971
-2.0943951023931957     10.2838561913917541      -0.0000057210125672      -0.0000046523799307
-2.0943951023931957     10.4092690717745811      -0.0000057952514616      -0.0000046534864342
-2.0943951023931957     10.5346819521574080      -0.0000058706577089      -0.0000046546364697
-2.0943951023931957     10.6600948325402349      -0.0000059472710691      -0.0000046558271632
-2.0943951023931957     10.7855077129230619      -0.0000060251309027      -0.0000046570580382
-2.0943951023931957     10.9109205933058888      -0.0000061042769739      -0.0000046583295751
-2.0943951023931957     11.0363334736887158      -0.0000061847499140      -0.0000046596427358
-2.0943951023931957     11.1617463540715427      -0.0000062665915041      -0.0000046609987696
-2.0943951023931957     11.2871592344543696      -0.0000063498448846      -0.0000046623991233
-2.0943951023931957     11.4125721148371966      -0.0000064345547178      -0.0000046638454017
-2.0943951023931957     11.5379849952200235      -0.0000065207673218      -0.0000046653393558
-2.0943951023931957     11.6633978756028505      -0.0000066085307922      -0.0000046668828641
-2.0943951023931957     11.7888107559856774      -0.0000066978951330      -0.0000046684779281
-2.0943951023931957     11.9142236363685043      -0.0000067889123788      -0.0000046701266768
-2.0943951023931957     12.0396365167513313      -0.0000068816367241      -0.0000046718313718
-2.0943951023931957     12.1650493971341582      -0.0000069761246433      -0.0000046735944136
-2.0943951023931957     12.2904622775169852      -0.0000070724350308      -0.0000046754183456
-2.0943951023931957     12.4158751578998121      -0.0000071706293379      -0.0000046773058586
-2.0943951023931957     12.5412880382826391      -0.0000072707717309      -0.0000046792598011
-2.0943951023931957     12.6667009186654660      -0.0000073729292476      -0.0000046812831897
-2.0943951023931957     12.7921137990482929      -0.0000074771719647      -0.0000046833792255
-2.0943951023931957     12.9175266794311199      -0.0000075835731741      -0.0000046855512993
-2.0943951023931957     13.0429395598139468      -0.0000076922095796      -0.0000046878030055
-2.0943951023931957     13.1683524401967738      -0.0000078031614997      -0.0000046901381568
-2.0943951023931957     13.2937653205796007      -0.0000079165130886      -0.0000046925607999
-2.0943951023931957     13.4191782009624276      -0.0000080323525750      -0.0000046950752325
-2.0943951023931957     13.5445910813452546      -0.0000081507725065      -0.0000046976860251
-2.0943951023931957     13.6700039617280815      -0.0000082718700241      -0.0000047003980348
-2.0943951023931957     13.7954168421109085      -0.0000083957471581      -0.0000047032164309
-2.0943951023931957     13.9208297224937354      -0.0000085225111392      -0.0000047061467153
-2.0943951023931957     14.0462426028765623      -0.0000086522747394      -0.0000047091947584
-2.0943951023931957     14.1716554832593893      -0.0000087851566334      -0.0000047123668219
-2.0943951023931957     14.2970683636422162      -0.0000089212817884      -0.0000047156695907
-2.0943951023931957     14.4224812440250432      -0.0000090607818964      -0.0000047191102068
-2.0943951023931957     14.5478941244078701      -0.0000092037958350      -0.0000047226963017
-2.0943951023931957     14.6733070047906971      -0.0000093504701684      -0.0000047264360507
-2.0943951023931957     14.7987198851735240      -0.0000095009596865      -0.0000047303382130
-2.0943951023931957     14.9241327655563509      -0.0000096554279868      -0.0000047344121857
-2.0943951023931957     15.0495456459391779      -0.0000098140481164      -0.0000047386680480
-2.0943951023931957     15.1749585263220048      -0.0000099770032741      -0.0000047431166304
-2.0943951023931957     15.3003714067048318      -0.0000101444875688      -0.0000047477695812
-2.0943951023931957     15.4257842870876587      -0.0000103167068443      -0.0000047526394497
-2.0943951023931957     15.5511971674704856      -0.0000104938795781      -0.0000047577397680
-2.0943951023931957     15.6766100478533126      -0.0000106762378672      -0.0000047630851366
    
-1.8325957145940459     0.0000000000000000      -0.0000021681782832      -0.0000054564070430
-1.8325957145940459     0.1254128803828261      -0.0000022076893486      -0.0000054565862690
-1.8325957145940459     0.2508257607656522      -0.0000022474028609      -0.0000054567702503
-1.8325957145940459     0.3762386411484783      -0.0000022873235420      -0.0000054569590664
-1.8325957145940459     0.5016515215313043      -0.0000023274561881      -0.0000054571528007
-1.8325957145940459     0.6270644019141304      -0.0000023678056921      -0.0000054573515449
-1.8325957145940459     0.7524772822969564      -0.0000024083770291      -0.0000054575553864
-1.8325957145940459     0.8778901626797825      -0.0000024491752641      -0.0000054577644159
-1.8325957145940459     1.0033030430626086      -0.0000024902055576      -0.0000054579787350
-1.8325957145940459     1.1287159234454347      -0.0000025314731699      -0.0000054581984401
-1.8325957145940459     1.2541288038282608      -0.0000025729834512      -0.0000054584236319
-1.8325957145940459     1.3795416842110868      -0.0000026147418616      -0.0000054586544177
-1.8325957145940459     1.5049545645939129      -0.0000026567539703      -0.0000054588909067
-1.8325957145940459     1.6303674449767389      -0.0000026990254472      -0.0000054591332048
-1.8325957145940459     1.7557803253595650      -0.0000027415620793      -0.0000054593814349
-1.8325957145940459     1.8811932057423910      -0.0000027843697761      -0.0000054596357164
-1.8325957145940459     2.0066060861252173      -0.0000028274545516      -0.0000054598961645
-1.8325957145940459     2.1320189665080433      -0.0000028708225584      -0.0000054601629159
-1.8325957145940459     2.2574318468908694      -0.0000029144800742      -0.0000054604360966
-1.8325957145940459     2.3828447272736955      -0.0000029584335062      -0.0000054607158391
-1.8325957145940459     2.5082576076565215      -0.0000030026893977      -0.0000054610022943
-1.8325957145940459     2.6336704880393476      -0.0000030472544412      -0.0000054612955989
-1.8325957145940459     2.7590833684221736      -0.0000030921354650      -0.0000054615959052
-1.8325957145940459     2.8844962488049997      -0.0000031373394536      -0.0000054619033717
-1.8325957145940459     3.0099091291878257      -0.0000031828735546      -0.0000054622181596
-1.8325957145940459     3.1353220095706518      -0.0000032287450630      -0.0000054625404337
-1.8325957145940459     3.2607348899534778      -0.0000032749614509      -0.0000054628703743
-1.8325957145940459     3.3861477703363039      -0.0000033215303648      -0.0000054632081572
-1.8325957145940459     3.5115606507191299      -0.0000033684596257      -0.0000054635539676
-1.8325957145940459     3.6369735311019560      -0.0000034157572460      -0.0000054639080064
-1.8325957145940459     3.7623864114847820      -0.0000034634314376      -0.0000054642704720
-1.8325957145940459     3.8877992918676081      -0.0000035114906018      -0.0000054646415767
-1.8325957145940459     4.0132121722504346      -0.0000035599433595      -0.0000054650215448
-1.8325957145940459     4.1386250526332606      -0.0000036087985553      -0.0000054654106005
-1.8325957145940459     4.2640379330160867      -0.0000036580652529      -0.0000054658089872
-1.8325957145940459     4.3894508133989127      -0.0000037077527695      -0.0000054662169623
-1.8325957145940459     4.5148636937817388      -0.0000037578706675      -0.0000054666347908
-1.8325957145940459     4.6402765741645648      -0.0000038084287805      -0.0000054670627530
-1.8325957145940459     4.7656894545473909      -0.0000038594372279      -0.0000054675011561
-1.8325957145940459     4.8911023349302170      -0.0000039109064337      -0.0000054679503173
-1.8325957145940459     5.0165152153130430      -0.0000039628471451      -0.0000054684105894
-1.8325957145940459     5.1419280956958691      -0.0000040152704674      -0.0000054688823555
-1.8325957145940459     5.2673409760786951      -0.0000040681878943      -0.0000054693660385
-1.8325957145940459     5.3927538564615212      -0.0000041216113456      -0.0000054698621246
-1.8325957145940459     5.5181667368443472      -0.0000041755532364      -0.0000054703711650
-1.8325957145940459     5.6435796172271733      -0.0000042300265526      -0.0000054708938230
-1.8325957145940459     5.7689924976099993      -0.0000042850449553      -0.0000054714309086
-1.8325957145940459     5.8944053779928254      -0.0000043406229790      -0.0000054719834768
-1.8325957145940459     6.0198182583756514      -0.0000043967762481      -0.0000054725530004
-1.8325957145940459     6.1452311387584775      -0.0000044535218828      -0.0000054731416557
-1.8325957145940459     6.2706440191413035      -0.0000045108792022      -0.0000054737531875
-1.8325957145940459     6.3960568995241296      -0.0000045688693853      -0.0000054743953353
-1.8325957145940459     6.5214697799069556      -0.0000046275086853      -0.0000054750753168
-1.8325957145940459     6.6468826602897817      -0.0000046868471516      -0.0000054757928687
-1.8325957145940459     6.7722955406726077      -0.0000047469449175      -0.0000054766143589
-1.8325957145940459     6.8977084210554338      -0.0000048078653122      -0.0000054776716545
-1.8325957145940459     7.0231213014382599      -0.0000048695701203      -0.0000054794184893
-1.8325957145940459     7.1485341818210859      -0.0000049303584876      -0.0000054823971590
-1.8325957145940459     7.2739470622039120      -0.0000049904241637      -0.0000054820577184
-1.8325957145940459     7.3993599425867380      -0.0000050541859953      -0.0000054817047607
-1.8325957145940459     7.5247728229695641      -0.0000051185046442      -0.0000054827855237
-1.8325957145940459     7.6501857033523901      -0.0000051830905120      -0.0000054838229021
-1.8325957145940459     7.7755985837352162      -0.0000052481324988      -0.0000054845353084
-1.8325957145940459     7.9010114641180422      -0.0000053148601435      -0.0000054846265360
-1.8325957145940459     8.0264243445008692      -0.0000053832807592      -0.0000054855147777
-1.8325957145940459     8.1518372248836961      -0.0000054530659999      -0.0000054875951609
-1.8325957145940459     8.2772501052665231      -0.0000055237910240      -0.0000054924193543
-1.8325957145940459     8.4026629856493500      -0.0000055887563579      -0.0000055015629443
-1.8325957145940459     8.5280758660321769      -0.0000056494060225      -0.0000054977479924
-1.8325957145940459     8.6534887464150039      -0.0000057211489089      -0.0000054936014573
-1.8325957145940459     8.7789016267978308      -0.0000057943354899      -0.0000054922939707
-1.8325957145940459     8.9043145071806578      -0.0000058686769397      -0.0000054918449263
-1.8325957145940459     9.0297273875634847      -0.0000059440746772      -0.0000054921294984
-1.8325957145940459     9.1551402679463116      -0.0000060201027748      -0.0000054929351083
-1.8325957145940459     9.2805531483291386      -0.0000060969752368      -0.0000054936443932
-1.8325957145940459     9.4059660287119655      -0.0000061750408260      -0.0000054944852217
-1.8325957145940459     9.5313789090947925      -0.0000062541609032      -0.0000054955034178
-1.8325957145940459     9.6567917894776194      -0.0000063343683914      -0.0000054966377330
-1.8325957145940459     9.7822046698604463      -0.0000064156601686      -0.0000054979336673
-1.8325957145940459     9.9076175502432733      -0.0000064978686607      -0.0000054991759768
-1.8325957145940459     10.0330304306261002      -0.0000065815043215      -0.0000055002297454
-1.8325957145940459     10.1584433110089272      -0.0000066664995994      -0.0000055014375049
-1.8325957145940459     10.2838561913917541      -0.0000067527893909      -0.0000055027336376
-1.8325957145940459     10.4092690717745811      -0.0000068404142152      -0.0000055040876555
-1.8325957145940459     10.5346819521574080      -0.0000069294203098      -0.0000055054911270
-1.8325957145940459     10.6600948325402349      -0.0000070198533294      -0.0000055069419733
-1.8325957145940459     10.7855077129230619      -0.0000071117589262      -0.0000055084401834
-1.8325957145940459     10.9109205933058888      -0.0000072051835039      -0.0000055099866014
-1.8325957145940459     11.0363334736887158      -0.0000073001746408      -0.0000055115825291
-1.8325957145940459     11.1617463540715427      -0.0000073967813643      -0.0000055132295467
-1.8325957145940459     11.2871592344543696      -0.0000074950543600      -0.0000055149294436
-1.8325957145940459     11.4125721148371966      -0.0000075950461471      -0.0000055166841712
-1.8325957145940459     11.5379849952200235      -0.0000076968112332      -0.0000055184958450
-1.8325957145940459     11.6633978756028505      -0.0000078004062355      -0.0000055203667292
-1.8325957145940459     11.7888107559856774      -0.0000079058900382      -0.0000055222992232
-1.8325957145940459     11.9142236363685043      -0.0000080133239360      -0.0000055242958796
-1.8325957145940459     12.0396365167513313      -0.0000081227717722      -0.0000055263594021
-1.8325957145940459     12.1650493971341582      -0.0000082343000915      -0.0000055284926590
-1.8325957145940459     12.2904622775169852      -0.0000083479782952      -0.0000055306986889
-1.8325957145940459     12.4158751578998121      -0.0000084638788039      -0.0000055329807000
-1.8325957145940459     12.5412880382826391      -0.0000085820772431      -0.0000055353420918
-1.8325957145940459     12.6667009186654660      -0.0000087026526268      -0.0000055377864611
-1.8325957145940459     12.7921137990482929      -0.0000088256875537      -0.0000055403176220
-1.8325957145940459     12.9175266794311199      -0.0000089512684145      -0.0000055429396144
-1.8325957145940459     13.0429395598139468      -0.0000090794856261      -0.0000055456567192
-1.8325957145940459     13.1683524401967738      -0.0000092104338690      -0.0000055484734769
-1.8325957145940459     13.2937653205796007      -0.0000093442123417      -0.0000055513947072
-1.8325957145940459     13.4191782009624276      -0.0000094809250525      -0.0000055544255250
-1.8325957145940459     13.5445910813452546      -0.0000096206810982      -0.0000055575713687
-1.8325957145940459     13.6700039617280815      -0.0000097635949946      -0.0000055608380191
-1.8325957145940459     13.7954168421109085      -0.0000099097870209      -0.0000055642316257
-1.8325957145940459     13.9208297224937354      -0.0000100593835887      -0.0000055677587356
-1.8325957145940459     14.0462426028765623      -0.0000102125176354      -0.0000055714263322
-1.8325957145940459     14.1716554832593893      -0.0000103693290661      -0.0000055752418589
-1.8325957145940459     14.2970683636422162      -0.0000105299652011      -0.0000055792132666
-1.8325957145940459     14.4224812440250432      -0.0000106945812881      -0.0000055833490457
-1.8325957145940459     14.5478941244078701      -0.0000108633410509      -0.0000055876582711
-1.8325957145940459     14.6733070047906971      -0.0000110364172671      -0.0000055921506626
-1.8325957145940459     14.7987198851735240      -0.0000112139924150      -0.0000055968366280
-1.8325957145940459     14.9241327655563509      -0.0000113962593621      -0.0000056017273365
-1.8325957145940459     15.0495456459391779      -0.0000115834221100      -0.0000056068347660
-1.8325957145940459     15.1749585263220048      -0.0000117756966343      -0.0000056121717862
-1.8325957145940459     15.3003714067048318      -0.0000119733117689      -0.0000056177522406
-1.8325957145940459     15.4257842870876587      -0.0000121765101823      -0.0000056235910354
-1.8325957145940459     15.5511971674704856      -0.0000123855494432      -0.0000056297042437
-1.8325957145940459     15.6766100478533126      -0.0000126007031787      -0.0000056361092076
    
-1.5707963267948966     0.0000000000000000      -0.0000022934797434      -0.0000057649082088
-1.5707963267948966     0.1254128803828261      -0.0000023352539821      -0.0000057651197962
-1.5707963267948966     0.2508257607656522      -0.0000023772428947      -0.0000057653365256
-1.5707963267948966     0.3762386411484783      -0.0000024194514843      -0.0000057655584892
-1.5707963267948966     0.5016515215313043      -0.0000024618848406      -0.0000057657857761
-1.5707963267948966     0.6270644019141304      -0.0000025045481437      -0.0000057660184851
-1.5707963267948966     0.7524772822969564      -0.0000025474466662      -0.0000057662567129
-1.5707963267948966     0.8778901626797825      -0.0000025905857797      -0.0000057665005633
-1.5707963267948966     1.0033030430626086      -0.0000026339709516      -0.0000057667501364
-1.5707963267948966     1.1287159234454347      -0.0000026776077554      -0.0000057670055464
-1.5707963267948966     1.2541288038282608      -0.0000027215018665      -0.0000057672669003
-1.5707963267948966     1.3795416842110868      -0.0000027656590729      -0.0000057675343135
-1.5707963267948966     1.5049545645939129      -0.0000028100852710      -0.0000057678079052
-1.5707963267948966     1.6303674449767389      -0.0000028547864771      -0.0000057680877964
-1.5707963267948966     1.7557803253595650      -0.0000028997688281      -0.0000057683741105
-1.5707963267948966     1.8811932057423910      -0.0000029450385794      -0.0000057686669836
-1.5707963267948966     2.0066060861252173      -0.0000029906021177      -0.0000057689665442
-1.5707963267948966     2.1320189665080433      -0.0000030364659620      -0.0000057692729329
-1.5707963267948966     2.2574318468908694      -0.0000030826367619      -0.0000057695862916
-1.5707963267948966     2.3828447272736955      -0.0000031291213195      -0.0000057699067658
-1.5707963267948966     2.5082576076565215      -0.0000031759265705      -0.0000057702345116
-1.5707963267948966     2.6336704880393476      -0.0000032230596055      -0.0000057705696841
-1.5707963267948966     2.7590833684221736      -0.0000032705276720      -0.0000057709124483
-1.5707963267948966     2.8844962488049997      -0.0000033183381738      -0.0000057712629735
-1.5707963267948966     3.0099091291878257      -0.0000033664986827      -0.0000057716214329
-1.5707963267948966     3.1353220095706518      -0.0000034150169456      -0.0000057719880111
-1.5707963267948966     3.2607348899534778      -0.0000034639008804      -0.0000057723628969
-1.5707963267948966     3.3861477703363039      -0.0000035131585916      -0.0000057727462843
-1.5707963267948966     3.5115606507191299      -0.0000035627983781      -0.0000057731383754
-1.5707963267948966     3.6369735311019560      -0.0000036128287353      -0.0000057735393807
-1.5707963267948966     3.7623864114847820      -0.0000036632583641      -0.0000057739495195
-1.5707963267948966     3.8877992918676081      -0.0000037140961824      -0.0000057743690230
-1.5707963267948966     4.0132121722504346      -0.0000037653513245      -0.0000057747981255
-1.5707963267948966     4.1386250526332606      -0.0000038170331657      -0.0000057752370778
-1.5707963267948966     4.2640379330160867      -0.0000038691513198      -0.0000057756861359
-1.5707963267948966     4.3894508133989127      -0.0000039217156609      -0.0000057761455775
-1.5707963267948966     4.5148636937817388      -0.0000039747363242      -0.0000057766156859
-1.5707963267948966     4.6402765741645648      -0.0000040282237345      -0.0000057770967679
-1.5707963267948966     4.7656894545473909      -0.0000040821886131      -0.0000057775891428
-1.5707963267948966     4.8911023349302170      -0.0000041366420017      -0.0000057780931569
-1.5707963267948966     5.0165152153130430      -0.0000041915952880      -0.0000057786091812
-1.5707963267948966     5.1419280956958691      -0.0000042470602294      -0.0000057791376242
-1.5707963267948966     5.2673409760786951      -0.0000043030489941      -0.0000057796789358
-1.5707963267948966     5.3927538564615212      -0.0000043595741978      -0.0000057802336318
-1.5707963267948966     5.5181667368443472      -0.0000044166489735      -0.0000057808022967
-1.5707963267948966     5.6435796172271733      -0.0000044742870517      -0.0000057813856373
-1.5707963267948966     5.7689924976099993      -0.0000045325028896      -0.0000057819845268
-1.5707963267948966     5.8944053779928254      -0.0000045913118668      -0.0000057826001381
-1.5707963267948966     6.0198182583756514      -0.0000046507305614      -0.0000057832341995
-1.5707963267948966     6.1452311387584775      -0.0000047107772206      -0.0000057838895631
-1.5707963267948966     6.2706440191413035      -0.0000047714723448      -0.0000057845722426
-1.5707963267948966     6.3960568995241296      -0.0000048328340996      -0.0000057852980647
-1.5707963267948966     6.5214697799069556      -0.0000048948438980      -0.0000057860671554
-1.5707963267948966     6.6468826602897817      -0.0000049575937847      -0.0000057868174248
-1.5707963267948966     6.7722955406726077      -0.0000050211647896      -0.0000057876740677
-1.5707963267948966     6.8977084210554338      -0.0000050855875720      -0.0000057887445287
-1.5707963267948966     7.0231213014382599      -0.0000051508620873      -0.0000057903891298
-1.5707963267948966     7.1485341818210859      -0.0000052157791341      -0.0000057932062821
-1.5707963267948966     7.2739470622039120      -0.0000052795277275      -0.0000057938951505
-1.5707963267948966     7.3993599425867380      -0.0000053464748251      -0.0000057933593234
-1.5707963267948966     7.5247728229695641      -0.0000054147156413      -0.0000057943505597
-1.5707963267948966     7.6501857033523901      -0.0000054831688001      -0.0000057955481491
-1.5707963267948966     7.7755985837352162      -0.0000055519787908      -0.0000057968325219
-1.5707963267948966     7.9010114641180422      -0.0000056221188594      -0.0000057967664791
-1.5707963267948966     8.0264243445008692      -0.0000056945259045      -0.0000057974880553
-1.5707963267948966     8.1518372248836961      -0.0000057683926119      -0.0000057997850812
-1.5707963267948966     8.2772501052665231      -0.0000058425037716      -0.0000058051281502
-1.5707963267948966     8.4026629856493500      -0.0000059104891760      -0.0000058118337806
-1.5707963267948966     8.5280758660321769      -0.0000059785846177      -0.0000058082029096
-1.5707963267948966     8.6534887464150039      -0.0000060545900780      -0.0000058059244156
-1.5707963267948966     8.7789016267978308      -0.0000061315857737      -0.0000058050984347
-1.5707963267948966     8.9043145071806578      -0.0000062095543265      -0.0000058051914612
-1.5707963267948966     9.0297273875634847      -0.0000062890352091      -0.0000058051426748
-1.5707963267948966     9.1551402679463116      -0.0000063695564399      -0.0000058059728710
-1.5707963267948966     9.2805531483291386      -0.0000064508201166      -0.0000058067070414
-1.5707963267948966     9.4059660287119655      -0.0000065334891571      -0.0000058075311413
-1.5707963267948966     9.5313789090947925      -0.0000066172969749      -0.0000058086070928
-1.5707963267948966     9.6567917894776194      -0.0000067022457476      -0.0000058098134725
-1.5707963267948966     9.7822046698604463      -0.0000067883626668      -0.0000058111504381
-1.5707963267948966     9.9076175502432733      -0.0000068755790501      -0.0000058124852464
-1.5707963267948966     10.0330304306261002      -0.0000069642076970      -0.0000058137383817
-1.5707963267948966     10.1584433110089272      -0.0000070542314348      -0.0000058151020781
-1.5707963267948966     10.2838561913917541      -0.0000071456347900      -0.0000058165382402
-1.5707963267948966     10.4092690717745811      -0.0000072384616882      -0.0000058180296940
-1.5707963267948966     10.5346819521574080      -0.0000073327594945      -0.0000058195718480
-1.5707963267948966     10.6600948325402349      -0.0000074285756630      -0.0000058211640010
-1.5707963267948966     10.7855077129230619      -0.0000075259581719      -0.0000058228067560
-1.5707963267948966     10.9109205933058888      -0.0000076249560734      -0.0000058245013136
-1.5707963267948966     11.0363334736887158      -0.0000077256198238      -0.0000058262492306
-1.5707963267948966     11.1617463540715427      -0.0000078280015166      -0.0000058280523010
-1.5707963267948966     11.2871592344543696      -0.0000079321550618      -0.0000058299125117
-1.5707963267948966     11.4125721148371966      -0.0000080381363664      -0.0000058318320038
-1.5707963267948966     11.5379849952200235      -0.0000081460034838      -0.0000058338130888
-1.5707963267948966     11.6633978756028505      -0.0000082558167407      -0.0000058358582299
-1.5707963267948966     11.7888107559856774      -0.0000083676388977      -0.0000058379700370
-1.5707963267948966     11.9142236363685043      -0.0000084815353042      -0.0000058401512793
-1.5707963267948966     12.0396365167513313      -0.0000085975740407      -0.0000058424048908
-1.5707963267948966     12.1650493971341582      -0.0000087158260869      -0.0000058447339807
-1.5707963267948966     12.2904622775169852      -0.0000088363654829      -0.0000058471418397
-1.5707963267948966     12.4158751578998121      -0.0000089592695091      -0.0000058496319481
-1.5707963267948966     12.5412880382826391      -0.0000090846188782      -0.0000058522079865
-1.5707963267948966     12.6667009186654660      -0.0000092124979373      -0.0000058548738559
-1.5707963267948966     12.7921137990482929      -0.0000093429948739      -0.0000058576336866
-1.5707963267948966     12.9175266794311199      -0.0000094762019482      -0.0000058604918554
-1.5707963267948966     13.0429395598139468      -0.0000096122157347      -0.0000058634530012
-1.5707963267948966     13.1683524401967738      -0.0000097511373856      -0.0000058665220454
-1.5707963267948966     13.2937653205796007      -0.0000098930729003      -0.0000058697042124
-1.5707963267948966     13.4191782009624276      -0.0000100381334355      -0.0000058730050470
-1.5707963267948966     13.5445910813452546      -0.0000101864356187      -0.0000058764304423
-1.5707963267948966     13.6700039617280815      -0.0000103381018972      -0.0000058799866668
-1.5707963267948966     13.7954168421109085      -0.0000104932609065      -0.0000058836803890
-1.5707963267948966     13.9208297224937354      -0.0000106520478734      -0.0000058875187146
-1.5707963267948966     14.0462426028765623      -0.0000108146050389      -0.0000058915092169
-1.5707963267948966     14.1716554832593893      -0.0000109810821325      -0.0000058956599726
-1.5707963267948966     14.2970683636422162      -0.0000111516368698      -0.0000058999796093
-1.5707963267948966     14.4224812440250432      -0.0000113264354918      -0.0000059044773429
-1.5707963267948966     14.5478941244078701      -0.0000115056533633      -0.0000059091630332
-1.5707963267948966     14.6733070047906971      -0.0000116894755978      -0.0000059140472346
-1.5707963267948966     14.7987198851735240      -0.0000118780977583      -0.0000059191412555
-1.5707963267948966     14.9241327655563509      -0.0000120717266068      -0.0000059244572295
-1.5707963267948966     15.0495456459391779      -0.0000122705809156      -0.0000059300081812
-1.5707963267948966     15.1749585263220048      -0.0000124748923667      -0.0000059358081069
-1.5707963267948966     15.3003714067048318      -0.0000126849065184      -0.0000059418720690
-1.5707963267948966     15.4257842870876587      -0.0000129008838649      -0.0000059482162903
-1.5707963267948966     15.5511971674704856      -0.0000131231009972      -0.0000059548582628
-1.5707963267948966     15.6766100478533126      -0.0000133518518731      -0.0000059618168737
    
-1.3089969389957472     0.0000000000000000      -0.0000021753030586      -0.0000054576446793
-1.3089969389957472     0.1254128803828261      -0.0000022148872400      -0.0000054578646738
-1.3089969389957472     0.2508257607656522      -0.0000022546755849      -0.0000054580896451
-1.3089969389957472     0.3762386411484783      -0.0000022946728462      -0.0000054583196863
-1.3089969389957472     0.5016515215313043      -0.0000023348838685      -0.0000054585548855
-1.3089969389957472     0.6270644019141304      -0.0000023753135709      -0.0000054587953353
-1.3089969389957472     0.7524772822969564      -0.0000024159669661      -0.0000054590411332
-1.3089969389957472     0.8778901626797825      -0.0000024568491614      -0.0000054592923829
-1.3089969389957472     1.0033030430626086      -0.0000024979653555      -0.0000054595491755
-1.3089969389957472     1.1287159234454347      -0.0000025393208438      -0.0000054598116268
-1.3089969389957472     1.2541288038282608      -0.0000025809210272      -0.0000054600798418
-1.3089969389957472     1.3795416842110868      -0.0000026227714091      -0.0000054603539310
-1.3089969389957472     1.5049545645939129      -0.0000026648775912      -0.0000054606340100
-1.3089969389957472     1.6303674449767389      -0.0000027072452999      -0.0000054609202026
-1.3089969389957472     1.7557803253595650      -0.0000027498803719      -0.0000054612126218
-1.3089969389957472     1.8811932057423910      -0.0000027927887515      -0.0000054615114015
-1.3089969389957472     2.0066060861252173      -0.0000028359765209      -0.0000054618166749
-1.3089969389957472     2.1320189665080433      -0.0000028794498776      -0.0000054621285684
-1.3089969389957472     2.2574318468908694      -0.0000029232151451      -0.0000054624472261
-1.3089969389957472     2.3828447272736955      -0.0000029672787972      -0.0000054627727925
-1.3089969389957472     2.5082576076565215      -0.0000030116474350      -0.0000054631054101
-1.3089969389957472     2.6336704880393476      -0.0000030563277999      -0.0000054634452384
-1.3089969389957472     2.7590833684221736      -0.0000031013267930      -0.0000054637924377
-1.3089969389957472     2.8844962488049997      -0.0000031466514594      -0.0000054641471690
-1.3089969389957472     3.0099091291878257      -0.0000031923089998      -0.0000054645096015
-1.3089969389957472     3.1353220095706518      -0.0000032383067958      -0.0000054648799187
-1.3089969389957472     3.2607348899534778      -0.0000032846523821      -0.0000054652582989
-1.3089969389957472     3.3861477703363039      -0.0000033313534703      -0.0000054656449350
-1.3089969389957472     3.5115606507191299      -0.0000033784179660      -0.0000054660400246
-1.3089969389957472     3.6369735311019560      -0.0000034258539585      -0.0000054664437671
-1.3089969389957472     3.7623864114847820      -0.0000034736697284      -0.0000054668563807
-1.3089969389957472     3.8877992918676081      -0.0000035218737758      -0.0000054672780909
-1.3089969389957472     4.0132121722504346      -0.0000035704747994      -0.0000054677091209
-1.3089969389957472     4.1386250526332606      -0.0000036194817264      -0.0000054681497210
-1.3089969389957472     4.2640379330160867      -0.0000036689037236      -0.0000054686001384
-1.3089969389957472     4.3894508133989127      -0.0000037187501963      -0.0000054690606407
-1.3089969389957472     4.5148636937817388      -0.0000037690308084      -0.0000054695315069
-1.3089969389957472     4.6402765741645648      -0.0000038197554985      -0.0000054700130401
-1.3089969389957472     4.7656894545473909      -0.0000038709344903      -0.0000054705055448
-1.3089969389957472     4.8911023349302170      -0.0000039225783167      -0.0000054710093661
-1.3089969389957472     5.0165152153130430      -0.0000039746978470      -0.0000054715248644
-1.3089969389957472     5.1419280956958691      -0.0000040273043072      -0.0000054720524402
-1.3089969389957472     5.2673409760786951      -0.0000040804093208      -0.0000054725925420
-1.3089969389957472     5.3927538564615212      -0.0000041340249530      -0.0000054731456758
-1.3089969389957472     5.5181667368443472      -0.0000041881637747      -0.0000054737124295
-1.3089969389957472     5.6435796172271733      -0.0000042428389491      -0.0000054742935164
-1.3089969389957472     5.7689924976099993      -0.0000042980643813      -0.0000054748898402
-1.3089969389957472     5.8944053779928254      -0.0000043538549142      -0.0000054755026585
-1.3089969389957472     6.0198182583756514      -0.0000044102266646      -0.0000054761339242
-1.3089969389957472     6.1452311387584775      -0.0000044671975690      -0.0000054767871702
-1.3089969389957472     6.2706440191413035      -0.0000045247878065      -0.0000054774707666
-1.3089969389957472     6.3960568995241296      -0.0000045830107470      -0.0000054782090345
-1.3089969389957472     6.5214697799069556      -0.0000046418092896      -0.0000054789944801
-1.3089969389957472     6.6468826602897817      -0.0000047013183097      -0.0000054796995256
-1.3089969389957472     6.7722955406726077      -0.0000047616391092      -0.0000054805114220
-1.3089969389957472     6.8977084210554338      -0.0000048227661153      -0.0000054815108644
-1.3089969389957472     7.0231213014382599      -0.0000048847409292      -0.0000054829558925
-1.3089969389957472     7.1485341818210859      -0.0000049469017178      -0.0000054855178179
-1.3089969389957472     7.2739470622039120      -0.0000050072595269      -0.0000054872886964
-1.3089969389957472     7.3993599425867380      -0.0000050701844208      -0.0000054863983946
-1.3089969389957472     7.5247728229695641      -0.0000051352032925      -0.0000054871319756
-1.3089969389957472     7.6501857033523901      -0.0000052002903828      -0.0000054884938914
-1.3089969389957472     7.7755985837352162      -0.0000052654264505      -0.0000054901033069
-1.3089969389957472     7.9010114641180422      -0.0000053316964584      -0.0000054898502959
-1.3089969389957472     8.0264243445008692      -0.0000054005070289      -0.0000054904523177
-1.3089969389957472     8.1518372248836961      -0.0000054707328621      -0.0000054928806435
-1.3089969389957472     8.2772501052665231      -0.0000055403757705      -0.0000054987328371
-1.3089969389957472     8.4026629856493500      -0.0000056032542101      -0.0000055025354390
-1.3089969389957472     8.5280758660321769      -0.0000056712730831      -0.0000054988179422
-1.3089969389957472     8.6534887464150039      -0.0000057437472770      -0.0000054984291056
-1.3089969389957472     8.7789016267978308      -0.0000058163311040      -0.0000054984013787
-1.3089969389957472     8.9043145071806578      -0.0000058893485297      -0.0000054988516609
-1.3089969389957472     9.0297273875634847      -0.0000059644991716      -0.0000054981953360
-1.3089969389957472     9.1551402679463116      -0.0000060410755034      -0.0000054988401794
-1.3089969389957472     9.2805531483291386      -0.0000061181880922      -0.0000054994843230
-1.3089969389957472     9.4059660287119655      -0.0000061967313801      -0.0000055001890490
-1.3089969389957472     9.5313789090947925      -0.0000062763624733      -0.0000055011975299
-1.3089969389957472     9.6567917894776194      -0.0000063570598015      -0.0000055023421239
-1.3089969389957472     9.7822046698604463      -0.0000064388766496      -0.0000055035818843
-1.3089969389957472     9.9076175502432733      -0.0000065218359513      -0.0000055048649129
-1.3089969389957472     10.0330304306261002      -0.0000066060555177      -0.0000055061650611
-1.3089969389957472     10.1584433110089272      -0.0000066915632028      -0.0000055075294933
-1.3089969389957472     10.2838561913917541      -0.0000067783872152      -0.0000055089467194
-1.3089969389957472     10.4092690717745811      -0.0000068665705707      -0.0000055104122193
-1.3089969389957472     10.5346819521574080      -0.0000069561573646      -0.0000055119249791
-1.3089969389957472     10.6600948325402349      -0.0000070471922681      -0.0000055134854486
-1.3089969389957472     10.7855077129230619      -0.0000071397208240      -0.0000055150946445
-1.3089969389957472     10.9109205933058888      -0.0000072337897765      -0.0000055167539251
-1.3089969389957472     11.0363334736887158      -0.0000073294473069      -0.0000055184648890
-1.3089969389957472     11.1617463540715427      -0.0000074267432165      -0.0000055202293244
-1.3089969389957472     11.2871592344543696      -0.0000075257290706      -0.0000055220491822
-1.3089969389957472     11.4125721148371966      -0.0000076264583700      -0.0000055239265538
-1.3089969389957472     11.5379849952200235      -0.0000077289866793      -0.0000055258636905
-1.3089969389957472     11.6633978756028505      -0.0000078333717571      -0.0000055278629848
-1.3089969389957472     11.7888107559856774      -0.0000079396737016      -0.0000055299269763
-1.3089969389957472     11.9142236363685043      -0.0000080479550984      -0.0000055320583533
-1.3089969389957472     12.0396365167513313      -0.0000081582811620      -0.0000055342599683
-1.3089969389957472     12.1650493971341582      -0.0000082707198945      -0.0000055365348408
-1.3089969389957472     12.2904622775169852      -0.0000083853422426      -0.0000055388861648
-1.3089969389957472     12.4158751578998121      -0.0000085022222739      -0.0000055413173255
-1.3089969389957472     12.5412880382826391      -0.0000086214373577      -0.0000055438318972
-1.3089969389957472     12.6667009186654660      -0.0000087430683620      -0.0000055464336744
-1.3089969389957472     12.7921137990482929      -0.0000088671998527      -0.0000055491266702
-1.3089969389957472     12.9175266794311199      -0.0000089939203243      -0.0000055519151392
-1.3089969389957472     13.0429395598139468      -0.0000091233224249      -0.0000055548035921
-1.3089969389957472     13.1683524401967738      -0.0000092555032183      -0.0000055577968172
-1.3089969389957472     13.2937653205796007      -0.0000093905644437      -0.0000055608998966
-1.3089969389957472     13.4191782009624276      -0.0000095286128077      -0.0000055641182266
-1.3089969389957472     13.5445910813452546      -0.0000096697603051      -0.0000055674575407
-1.3089969389957472     13.6700039617280815      -0.0000098141245479      -0.0000055709239405
-1.3089969389957472     13.7954168421109085      -0.0000099618291222      -0.0000055745239206
-1.3089969389957472     13.9208297224937354      -0.0000101130039805      -0.0000055782644054
-1.3089969389957472     14.0462426028765623      -0.0000102677858579      -0.0000055821527705
-1.3089969389957472     14.1716554832593893      -0.0000104263187219      -0.0000055861968889
-1.3089969389957472     14.2970683636422162      -0.0000105887542745      -0.0000055904051677
-1.3089969389957472     14.4224812440250432      -0.0000107552524656      -0.0000055947865947
-1.3089969389957472     14.5478941244078701      -0.0000109259820724      -0.0000055993507921
-1.3089969389957472     14.6733070047906971      -0.0000111011213181      -0.0000056041080573
-1.3089969389957472     14.7987198851735240      -0.0000112808585485      -0.0000056090694312
-1.3089969389957472     14.9241327655563509      -0.0000114653929664      -0.0000056142467576
-1.3089969389957472     15.0495456459391779      -0.0000116549354331      -0.0000056196527635
-1.3089969389957472     15.1749585263220048      -0.0000118497093302      -0.0000056253011311
-1.3089969389957472     15.3003714067048318      -0.0000120499515135      -0.0000056312065900
-1.3089969389957472     15.4257842870876587      -0.0000122559133495      -0.0000056373850109
-1.3089969389957472     15.5511971674704856      -0.0000124678618530      -0.0000056438535099
-1.3089969389957472     15.6766100478533126      -0.0000126860809419      -0.0000056506305809
    
-1.0471975511965979     0.0000000000000000      -0.0000018385681634      -0.0000046167816005
-1.0471975511965979     0.1254128803828261      -0.0000018720576173      -0.0000046169796830
-1.0471975511965979     0.2508257607656522      -0.0000019057199203      -0.0000046171820415
-1.0471975511965979     0.3762386411484783      -0.0000019395590977      -0.0000046173887522
-1.0471975511965979     0.5016515215313043      -0.0000019735792518      -0.0000046175998947
-1.0471975511965979     0.6270644019141304      -0.0000020077845513      -0.0000046178155476
-1.0471975511965979     0.7524772822969564      -0.0000020421792430      -0.0000046180357963
-1.0471975511965979     0.8778901626797825      -0.0000020767676506      -0.0000046182607265
-1.0471975511965979     1.0033030430626086      -0.0000021115541812      -0.0000046184904232
-1.0471975511965979     1.1287159234454347      -0.0000021465433204      -0.0000046187249796
-1.0471975511965979     1.2541288038282608      -0.0000021817396444      -0.0000046189644898
-1.0471975511965979     1.3795416842110868      -0.0000022171478152      -0.0000046192090502
-1.0471975511965979     1.5049545645939129      -0.0000022527725823      -0.0000046194587593
-1.0471975511965979     1.6303674449767389      -0.0000022886187959      -0.0000046197137227
-1.0471975511965979     1.7557803253595650      -0.0000023246914004      -0.0000046199740424
-1.0471975511965979     1.8811932057423910      -0.0000023609954393      -0.0000046202398284
-1.0471975511965979     2.0066060861252173      -0.0000023975360627      -0.0000046205111994
-1.0471975511965979     2.1320189665080433      -0.0000024343185238      -0.0000046207882648
-1.0471975511965979     2.2574318468908694      -0.0000024713481877      -0.0000046210711483
-1.0471975511965979     2.3828447272736955      -0.0000025086305341      -0.0000046213599742
-1.0471975511965979     2.5082576076565215      -0.0000025461711646      -0.0000046216548664
-1.0471975511965979     2.6336704880393476      -0.0000025839757965      -0.0000046219559632
-1.0471975511965979     2.7590833684221736      -0.0000026220502767      -0.0000046222634029
-1.0471975511965979     2.8844962488049997      -0.0000026604005811      -0.0000046225773242
-1.0471975511965979     3.0099091291878257      -0.0000026990328201      -0.0000046228978748
-1.0471975511965979     3.1353220095706518      -0.0000027379532500      -0.0000046232252100
-1.0471975511965979     3.2607348899534778      -0.0000027771682668      -0.0000046235594873
-1.0471975511965979     3.3861477703363039      -0.0000028166844140      -0.0000046239008727
-1.0471975511965979     3.5115606507191299      -0.0000028565083982      -0.0000046242495361
-1.0471975511965979     3.6369735311019560      -0.0000028966470865      -0.0000046246056528
-1.0471975511965979     3.7623864114847820      -0.0000029371075129      -0.0000046249694108
-1.0471975511965979     3.8877992918676081      -0.0000029778968899      -0.0000046253410043
-1.0471975511965979     4.0132121722504346      -0.0000030190226119      -0.0000046257206315
-1.0471975511965979     4.1386250526332606      -0.0000030604922634      -0.0000046261085064
-1.0471975511965979     4.2640379330160867      -0.0000031023136356      -0.0000046265048482
-1.0471975511965979     4.3894508133989127      -0.0000031444947273      -0.0000046269098863
-1.0471975511965979     4.5148636937817388      -0.0000031870437653      -0.0000046273238709
-1.0471975511965979     4.6402765741645648      -0.0000032299692061      -0.0000046277470646
-1.0471975511965979     4.7656894545473909      -0.0000032732797609      -0.0000046281797400
-1.0471975511965979     4.8911023349302170      -0.0000033169844133      -0.0000046286222002
-1.0471975511965979     5.0165152153130430      -0.0000033610924372      -0.0000046290747693
-1.0471975511965979     5.1419280956958691      -0.0000034056134296      -0.0000046295378051
-1.0471975511965979     5.2673409760786951      -0.0000034505573367      -0.0000046300117168
-1.0471975511965979     5.3927538564615212      -0.0000034959345059      -0.0000046304969630
-1.0471975511965979     5.5181667368443472      -0.0000035417557439      -0.0000046309940904
-1.0471975511965979     5.6435796172271733      -0.0000035880324099      -0.0000046315037674
-1.0471975511965979     5.7689924976099993      -0.0000036347765532      -0.0000046320268625
-1.0471975511965979     5.8944053779928254      -0.0000036820011257      -0.0000046325646144
-1.0471975511965979     6.0198182583756514      -0.0000037297203207      -0.0000046331190032
-1.0471975511965979     6.1452311387584775      -0.0000037779501680      -0.0000046336937904
-1.0471975511965979     6.2706440191413035      -0.0000038267088109      -0.0000046342982975
-1.0471975511965979     6.3960568995241296      -0.0000038760054600      -0.0000046349604657
-1.0471975511965979     6.5214697799069556      -0.0000039257634856      -0.0000046356690007
-1.0471975511965979     6.6468826602897817      -0.0000039761345808      -0.0000046362661000
-1.0471975511965979     6.7722955406726077      -0.0000040272260540      -0.0000046369650794
-1.0471975511965979     6.8977084210554338      -0.0000040790123641      -0.0000046378285728
-1.0471975511965979     7.0231213014382599      -0.0000041315576546      -0.0000046390467696
-1.0471975511965979     7.1485341818210859      -0.0000041845433918      -0.0000046413105047
-1.0471975511965979     7.2739470622039120      -0.0000042353687798      -0.0000046435961718
-1.0471975511965979     7.3993599425867380      -0.0000042882531186      -0.0000046424946795
-1.0471975511965979     7.5247728229695641      -0.0000043435914307      -0.0000046430752779
-1.0471975511965979     7.6501857033523901      -0.0000043986802438      -0.0000046447452167
-1.0471975511965979     7.7755985837352162      -0.0000044532481806      -0.0000046462063524
-1.0471975511965979     7.9010114641180422      -0.0000045092639352      -0.0000046456533211
-1.0471975511965979     8.0264243445008692      -0.0000045676414456      -0.0000046461672569
-1.0471975511965979     8.1518372248836961      -0.0000046272399447      -0.0000046483946366
-1.0471975511965979     8.2772501052665231      -0.0000046858396504      -0.0000046541757053
-1.0471975511965979     8.4026629856493500      -0.0000047374767744      -0.0000046560249573
-1.0471975511965979     8.5280758660321769      -0.0000047969595796      -0.0000046522736964
-1.0471975511965979     8.6534887464150039      -0.0000048587815568      -0.0000046530412818
-1.0471975511965979     8.7789016267978308      -0.0000049195815996      -0.0000046538349352
-1.0471975511965979     8.9043145071806578      -0.0000049803864784      -0.0000046540613344
-1.0471975511965979     9.0297273875634847      -0.0000050438868016      -0.0000046527957848
-1.0471975511965979     9.1551402679463116      -0.0000051089290430      -0.0000046531234950
-1.0471975511965979     9.2805531483291386      -0.0000051742672889      -0.0000046535983221
-1.0471975511965979     9.4059660287119655      -0.0000052408415690      -0.0000046541247077
-1.0471975511965979     9.5313789090947925      -0.0000053083249606      -0.0000046549577003
-1.0471975511965979     9.6567917894776194      -0.0000053766899512      -0.0000046559219949
-1.0471975511965979     9.7822046698604463      -0.0000054459955018      -0.0000046569633637
-1.0471975511965979     9.9076175502432733      -0.0000055162925553      -0.0000046580594879
-1.0471975511965979     10.0330304306261002      -0.0000055876246841      -0.0000046592025968
-1.0471975511965979     10.1584433110089272      -0.0000056600314762      -0.0000046603883215
-1.0471975511965979     10.2838561913917541      -0.0000057335514152      -0.0000046616146457
-1.0471975511965979     10.4092690717745811      -0.0000058082219763      -0.0000046628812709
-1.0471975511965979     10.5346819521574080      -0.0000058840806673      -0.0000046641882721
-1.0471975511965979     10.6600948325402349      -0.0000059611655349      -0.0000046655362763
-1.0471975511965979     10.7855077129230619      -0.0000060395154053      -0.0000046669262190
-1.0471975511965979     10.9109205933058888      -0.0000061191701217      -0.0000046683592767
-1.0471975511965979     11.0363334736887158      -0.0000062001707335      -0.0000046698368073
-1.0471975511965979     11.1617463540715427      -0.0000062825596482      -0.0000046713603297
-1.0471975511965979     11.2871592344543696      -0.0000063663807633      -0.0000046729314995
-1.0471975511965979     11.4125721148371966      -0.0000064516796050      -0.0000046745520994
-1.0471975511965979     11.5379849952200235      -0.0000065385034421      -0.0000046762240465
-1.0471975511965979     11.6633978756028505      -0.0000066269014034      -0.0000046779493821
-1.0471975511965979     11.7888107559856774      -0.0000067169246023      -0.0000046797302761
-1.0471975511965979     11.9142236363685043      -0.0000068086262574      -0.0000046815690287
-1.0471975511965979     12.0396365167513313      -0.0000069020618249      -0.0000046834680813
-1.0471975511965979     12.1650493971341582      -0.0000069972891257      -0.0000046854300186
-1.0471975511965979     12.2904622775169852      -0.0000070943684883      -0.0000046874575766
-1.0471975511965979     12.4158751578998121      -0.0000071933628956      -0.0000046895536550
-1.0471975511965979     12.5412880382826391      -0.0000072943381422      -0.0000046917213207
-1.0471975511965979     12.6667009186654660      -0.0000073973629984      -0.0000046939638260
-1.0471975511965979     12.7921137990482929      -0.0000075025093879      -0.0000046962846129
-1.0471975511965979     12.9175266794311199      -0.0000076098525797      -0.0000046986873312
-1.0471975511965979     13.0429395598139468      -0.0000077194713859      -0.0000047011758501
-1.0471975511965979     13.1683524401967738      -0.0000078314483815      -0.0000047037542799
-1.0471975511965979     13.2937653205796007      -0.0000079458701295      -0.0000047064269833
-1.0471975511965979     13.4191782009624276      -0.0000080628274296      -0.0000047091985919
-1.0471975511965979     13.5445910813452546      -0.0000081824155944      -0.0000047120740292
-1.0471975511965979     13.6700039617280815      -0.0000083047347311      -0.0000047150585330
-1.0471975511965979     13.7954168421109085      -0.0000084298900491      -0.0000047181576843
-1.0471975511965979     13.9208297224937354      -0.0000085579921900      -0.0000047213774313
-1.0471975511965979     14.0462426028765623      -0.0000086891575917      -0.0000047247241116
-1.0471975511965979     14.1716554832593893      -0.0000088235088710      -0.0000047282044914
-1.0471975511965979     14.2970683636422162      -0.0000089611752532      -0.0000047318257948
-1.0471975511965979     14.4224812440250432      -0.0000091022930207      -0.0000047355957507
-1.0471975511965979     14.5478941244078701      -0.0000092470059976      -0.0000047395226333
-1.0471975511965979     14.6733070047906971      -0.0000093954660917      -0.0000047436153004
-1.0471975511965979     14.7987198851735240      -0.0000095478338714      -0.0000047478832502
-1.0471975511965979     14.9241327655563509      -0.0000097042791982      -0.0000047523366733
-1.0471975511965979     15.0495456459391779      -0.0000098649819193      -0.0000047569865226
-1.0471975511965979     15.1749585263220048      -0.0000100301326057      -0.0000047618445821
-1.0471975511965979     15.3003714067048318      -0.0000101999333699      -0.0000047669235373
-1.0471975511965979     15.4257842870876587      -0.0000103745987655      -0.0000047722370594
-1.0471975511965979     15.5511971674704856      -0.0000105543567660      -0.0000047777998989
-1.0471975511965979     15.6766100478533126      -0.0000107394498461      -0.0000047836279971
    
-0.7853981633974483     0.0000000000000000      -0.0000013695873449      -0.0000034675650073
-0.7853981633974483     0.1254128803828261      -0.0000013946893081      -0.0000034677155010
-0.7853981633974483     0.2508257607656522      -0.0000014199199035      -0.0000034678692080
-0.7853981633974483     0.3762386411484783      -0.0000014452821373      -0.0000034680261786
-0.7853981633974483     0.5016515215313043      -0.0000014707790659      -0.0000034681864747
-0.7853981633974483     0.6270644019141304      -0.0000014964138071      -0.0000034683501572
-0.7853981633974483     0.7524772822969564      -0.0000015221895312      -0.0000034685172890
-0.7853981633974483     0.8778901626797825      -0.0000015481094620      -0.0000034686879287
-0.7853981633974483     1.0033030430626086      -0.0000015741768917      -0.0000034688621511
-0.7853981633974483     1.1287159234454347      -0.0000016003951714      -0.0000034690400158
-0.7853981633974483     1.2541288038282608      -0.0000016267677134      -0.0000034692215968
-0.7853981633974483     1.3795416842110868      -0.0000016532979970      -0.0000034694069686
-0.7853981633974483     1.5049545645939129      -0.0000016799895750      -0.0000034695962052
-0.7853981633974483     1.6303674449767389      -0.0000017068460612      -0.0000034697893795
-0.7853981633974483     1.7557803253595650      -0.0000017338711444      -0.0000034699865788
-0.7853981633974483     1.8811932057423910      -0.0000017610685999      -0.0000034701878787
-0.7853981633974483     2.0066060861252173      -0.0000017884422616      -0.0000034703933663
-0.7853981633974483     2.1320189665080433      -0.0000018159960540      -0.0000034706031328
-0.7853981633974483     2.2574318468908694      -0.0000018437339888      -0.0000034708172656
-0.7853981633974483     2.3828447272736955      -0.0000018716601468      -0.0000034710358565
-0.7853981633974483     2.5082576076565215      -0.0000018997787142      -0.0000034712590060
-0.7853981633974483     2.6336704880393476      -0.0000019280939655      -0.0000034714868131
-0.7853981633974483     2.7590833684221736      -0.0000019566102584      -0.0000034717193822
-0.7853981633974483     2.8844962488049997      -0.0000019853320574      -0.0000034719568210
-0.7853981633974483     3.0099091291878257      -0.0000020142639348      -0.0000034721992410
-0.7853981633974483     3.1353220095706518      -0.0000020434105529      -0.0000034724467536
-0.7853981633974483     3.2607348899534778      -0.0000020727766970      -0.0000034726994852
-0.7853981633974483     3.3861477703363039      -0.0000021023672609      -0.0000034729575585
-0.7853981633974483     3.5115606507191299      -0.0000021321872523      -0.0000034732210998
-0.7853981633974483     3.6369735311019560      -0.0000021622418080      -0.0000034734902497
-0.7853981633974483     3.7623864114847820      -0.0000021925361972      -0.0000034737651465
-0.7853981633974483     3.8877992918676081      -0.0000022230758071      -0.0000034740459365
-0.7853981633974483     4.0132121722504346      -0.0000022538661820      -0.0000034743327800
-0.7853981633974483     4.1386250526332606      -0.0000022849130061      -0.0000034746258325
-0.7853981633974483     4.2640379330160867      -0.0000023162221151      -0.0000034749252691
-0.7853981633974483     4.3894508133989127      -0.0000023477995153      -0.0000034752312655
-0.7853981633974483     4.5148636937817388      -0.0000023796513879      -0.0000034755440212
-0.7853981633974483     4.6402765741645648      -0.0000024117840864      -0.0000034758637358
-0.7853981633974483     4.7656894545473909      -0.0000024442041716      -0.0000034761906351
-0.7853981633974483     4.8911023349302170      -0.0000024769184213      -0.0000034765249535
-0.7853981633974483     5.0165152153130430      -0.0000025099338397      -0.0000034768669574
-0.7853981633974483     5.1419280956958691      -0.0000025432576981      -0.0000034772169397
-0.7853981633974483     5.2673409760786951      -0.0000025768975507      -0.0000034775752380
-0.7853981633974483     5.3927538564615212      -0.0000026108612837      -0.0000034779422376
-0.7853981633974483     5.5181667368443472      -0.0000026451571724      -0.0000034783184039
-0.7853981633974483     5.6435796172271733      -0.0000026797939706      -0.0000034787043146
-0.7853981633974483     5.7689924976099993      -0.0000027147810185      -0.0000034791007341
-0.7853981633974483     5.8944053779928254      -0.0000027501284599      -0.0000034795087609
-0.7853981633974483     6.0198182583756514      -0.0000027858475341      -0.0000034799301486
-0.7853981633974483     6.1452311387584775      -0.0000028219511531      -0.0000034803682469
-0.7853981633974483     6.2706440191413035      -0.0000028584541021      -0.0000034808312866
-0.7853981633974483     6.3960568995241296      -0.0000028953636300      -0.0000034813436678
-0.7853981633974483     6.5214697799069556      -0.0000029326130424      -0.0000034818960788
-0.7853981633974483     6.6468826602897817      -0.0000029703335895      -0.0000034823529420
-0.7853981633974483     6.7722955406726077      -0.0000030086189732      -0.0000034829006253
-0.7853981633974483     6.8977084210554338      -0.0000030474493273      -0.0000034835979660
-0.7853981633974483     7.0231213014382599      -0.0000030868817131      -0.0000034846234671
-0.7853981633974483     7.1485341818210859      -0.0000031266083772      -0.0000034866018825
-0.7853981633974483     7.2739470622039120      -0.0000031643376217      -0.0000034885609481
-0.7853981633974483     7.3993599425867380      -0.0000032038952216      -0.0000034875661048
-0.7853981633974483     7.5247728229695641      -0.0000032456013080      -0.0000034882534719
-0.7853981633974483     7.6501857033523901      -0.0000032865698913      -0.0000034904156429
-0.7853981633974483     7.7755985837352162      -0.0000033262420579      -0.0000034912378545
-0.7853981633974483     7.9010114641180422      -0.0000033682672974      -0.0000034902592692
-0.7853981633974483     8.0264243445008692      -0.0000034120496151      -0.0000034907018271
-0.7853981633974483     8.1518372248836961      -0.0000034567487235      -0.0000034923309064
-0.7853981633974483     8.2772501052665231      -0.0000035007053879      -0.0000034972457685
-0.7853981633974483     8.4026629856493500      -0.0000035382959972      -0.0000034988362167
-0.7853981633974483     8.5280758660321769      -0.0000035827164349      -0.0000034953006193
-0.7853981633974483     8.6534887464150039      -0.0000036294749020      -0.0000034961482457
-0.7853981633974483     8.7789016267978308      -0.0000036740530393      -0.0000034975579993
-0.7853981633974483     8.9043145071806578      -0.0000037186082107      -0.0000034968833500
-0.7853981633974483     9.0297273875634847      -0.0000037662108629      -0.0000034952076153
-0.7853981633974483     9.1551402679463116      -0.0000038151099441      -0.0000034951837785
-0.7853981633974483     9.2805531483291386      -0.0000038640944963      -0.0000034954603601
-0.7853981633974483     9.4059660287119655      -0.0000039139439645      -0.0000034958000824
-0.7853981633974483     9.5313789090947925      -0.0000039644413082      -0.0000034963957492
-0.7853981633974483     9.6567917894776194      -0.0000040155734769      -0.0000034971091200
-0.7853981633974483     9.7822046698604463      -0.0000040673793005      -0.0000034979090417
-0.7853981633974483     9.9076175502432733      -0.0000041198531563      -0.0000034987316132
-0.7853981633974483     10.0330304306261002      -0.0000041731329779      -0.0000034995395231
-0.7853981633974483     10.1584433110089272      -0.0000042272269314      -0.0000035004051912
-0.7853981633974483     10.2838561913917541      -0.0000042821409032      -0.0000035013125478
-0.7853981633974483     10.4092690717745811      -0.0000043379034203      -0.0000035022540829
-0.7853981633974483     10.5346819521574080      -0.0000043945439063      -0.0000035032276383
-0.7853981633974483     10.6600948325402349      -0.0000044520916805      -0.0000035042328100
-0.7853981633974483     10.7855077129230619      -0.0000045105762661      -0.0000035052698965
-0.7853981633974483     10.9109205933058888      -0.0000045700277136      -0.0000035063395581
-0.7853981633974483     11.0363334736887158      -0.0000046304768186      -0.0000035074426682
-0.7853981633974483     11.1617463540715427      -0.0000046919552846      -0.0000035085802632
-0.7853981633974483     11.2871592344543696      -0.0000047544958612      -0.0000035097535072
-0.7853981633974483     11.4125721148371966      -0.0000048181324454      -0.0000035109636815
-0.7853981633974483     11.5379849952200235      -0.0000048829001879      -0.0000035122121693
-0.7853981633974483     11.6633978756028505      -0.0000049488355862      -0.0000035135004577
-0.7853981633974483     11.7888107559856774      -0.0000050159765857      -0.0000035148301312
-0.7853981633974483     11.9142236363685043      -0.0000050843626651      -0.0000035162028806
-0.7853981633974483     12.0396365167513313      -0.0000051540349442      -0.0000035176204993
-0.7853981633974483     12.1650493971341582      -0.0000052250362739      -0.0000035190848895
-0.7853981633974483     12.2904622775169852      -0.0000052974113504      -0.0000035205980697
-0.7853981633974483     12.4158751578998121      -0.0000053712068189      -0.0000035221621742
-0.7853981633974483     12.5412880382826391      -0.0000054464713957      -0.0000035237794713
-0.7853981633974483     12.6667009186654660      -0.0000055232559825      -0.0000035254523584
-0.7853981633974483     12.7921137990482929      -0.0000056016138089      -0.0000035271833783
-0.7853981633974483     12.9175266794311199      -0.0000056816005611      -0.0000035289752272
-0.7853981633974483     13.0429395598139468      -0.0000057632745414      -0.0000035308307626
-0.7853981633974483     13.1683524401967738      -0.0000058466968200      -0.0000035327530198
-0.7853981633974483     13.2937653205796007      -0.0000059319314053      -0.0000035347452226
-0.7853981633974483     13.4191782009624276      -0.0000060190454319      -0.0000035368107912
-0.7853981633974483     13.5445910813452546      -0.0000061081093528      -0.0000035389533638
-0.7853981633974483     13.6700039617280815      -0.0000061991971550      -0.0000035411768074
-0.7853981633974483     13.7954168421109085      -0.0000062923865875      -0.0000035434852462
-0.7853981633974483     13.9208297224937354      -0.0000063877593973      -0.0000035458830699
-0.7853981633974483     14.0462426028765623      -0.0000064854016005      -0.0000035483749606
-0.7853981633974483     14.1716554832593893      -0.0000065854037698      -0.0000035509659133
-0.7853981633974483     14.2970683636422162      -0.0000066878613349      -0.0000035536612608
-0.7853981633974483     14.4224812440250432      -0.0000067928749309      -0.0000035564667096
-0.7853981633974483     14.5478941244078701      -0.0000069005507423      -0.0000035593883627
-0.7853981633974483     14.6733070047906971      -0.0000070110009062      -0.0000035624327596
-0.7853981633974483     14.7987198851735240      -0.0000071243439358      -0.0000035656069065
-0.7853981633974483     14.9241327655563509      -0.0000072407051854      -0.0000035689183234
-0.7853981633974483     15.0495456459391779      -0.0000073602173564      -0.0000035723750864
-0.7853981633974483     15.1749585263220048      -0.0000074830210466      -0.0000035759858887
-0.7853981633974483     15.3003714067048318      -0.0000076092653433      -0.0000035797600841
-0.7853981633974483     15.4257842870876587      -0.0000077391084902      -0.0000035837077509
-0.7853981633974483     15.5511971674704856      -0.0000078727186056      -0.0000035878397671
-0.7853981633974483     15.6766100478533126      -0.0000080102744681      -0.0000035921678830
    
-0.5235987755982987     0.0000000000000000      -0.0000008941865319      -0.0000023180097067
-0.5235987755982987     0.1254128803828261      -0.0000009108590254      -0.0000023181025011
-0.5235987755982987     0.2508257607656522      -0.0000009276149572      -0.0000023181973792
-0.5235987755982987     0.3762386411484783      -0.0000009444562960      -0.0000023182943714
-0.5235987755982987     0.5016515215313043      -0.0000009613850399      -0.0000023183935164
-0.5235987755982987     0.6270644019141304      -0.0000009784032313      -0.0000023184948548
-0.5235987755982987     0.7524772822969564      -0.0000009955129436      -0.0000023185984257
-0.5235987755982987     0.8778901626797825      -0.0000010127162857      -0.0000023187042645
-0.5235987755982987     1.0033030430626086      -0.0000010300154106      -0.0000023188124225
-0.5235987755982987     1.1287159234454347      -0.0000010474125112      -0.0000023189229349
-0.5235987755982987     1.2541288038282608      -0.0000010649098173      -0.0000023190358494
-0.5235987755982987     1.3795416842110868      -0.0000010825096037      -0.0000023191512145
-0.5235987755982987     1.5049545645939129      -0.0000011002141955      -0.0000023192690783
-0.5235987755982987     1.6303674449767389      -0.0000011180259522      -0.0000023193894855
-0.5235987755982987     1.7557803253595650      -0.0000011359472842      -0.0000023195124958
-0.5235987755982987     1.8811932057423910      -0.0000011539806606      -0.0000023196381563
-0.5235987755982987     2.0066060861252173      -0.0000011721285846      -0.0000023197665205
-0.5235987755982987     2.1320189665080433      -0.0000011903936214      -0.0000023198976526
-0.5235987755982987     2.2574318468908694      -0.0000012087783927      -0.0000023200316064
-0.5235987755982987     2.3828447272736955      -0.0000012272855632      -0.0000023201684407
-0.5235987755982987     2.5082576076565215      -0.0000012459178672      -0.0000023203082243
-0.5235987755982987     2.6336704880393476      -0.0000012646780999      -0.0000023204510182
-0.5235987755982987     2.7590833684221736      -0.0000012835691064      -0.0000023205968904
-0.5235987755982987     2.8844962488049997      -0.0000013025938049      -0.0000023207459130
-0.5235987755982987     3.0099091291878257      -0.0000013217551859      -0.0000023208981581
-0.5235987755982987     3.1353220095706518      -0.0000013410562940      -0.0000023210536966
-0.5235987755982987     3.2607348899534778      -0.0000013605002602      -0.0000023212126131
-0.5235987755982987     3.3861477703363039      -0.0000013800902891      -0.0000023213749868
-0.5235987755982987     3.5115606507191299      -0.0000013998296556      -0.0000023215409015
-0.5235987755982987     3.6369735311019560      -0.0000014197217240      -0.0000023217104521
-0.5235987755982987     3.7623864114847820      -0.0000014397699490      -0.0000023218837294
-0.5235987755982987     3.8877992918676081      -0.0000014599778614      -0.0000023220608299
-0.5235987755982987     4.0132121722504346      -0.0000014803491012      -0.0000023222418651
-0.5235987755982987     4.1386250526332606      -0.0000015008874055      -0.0000023224269364
-0.5235987755982987     4.2640379330160867      -0.0000015215966125      -0.0000023226161657
-0.5235987755982987     4.3894508133989127      -0.0000015424806817      -0.0000023228096762
-0.5235987755982987     4.5148636937817388      -0.0000015635436926      -0.0000023230076063
-0.5235987755982987     4.6402765741645648      -0.0000015847898484      -0.0000023232100963
-0.5235987755982987     4.7656894545473909      -0.0000016062235008      -0.0000023234173112
-0.5235987755982987     4.8911023349302170      -0.0000016278491593      -0.0000023236294199
-0.5235987755982987     5.0165152153130430      -0.0000016496715018      -0.0000023238466208
-0.5235987755982987     5.1419280956958691      -0.0000016716954046      -0.0000023240691382
-0.5235987755982987     5.2673409760786951      -0.0000016939259609      -0.0000023242972292
-0.5235987755982987     5.3927538564615212      -0.0000017163685222      -0.0000023245311984
-0.5235987755982987     5.5181667368443472      -0.0000017390287505      -0.0000023247714142
-0.5235987755982987     5.6435796172271733      -0.0000017619126954      -0.0000023250183458
-0.5235987755982987     5.7689924976099993      -0.0000017850268811      -0.0000023252726177
-0.5235987755982987     5.8944053779928254      -0.0000018083784875      -0.0000023255351167
-0.5235987755982987     6.0198182583756514      -0.0000018319755939      -0.0000023258072073
-0.5235987755982987     6.1452311387584775      -0.0000018558276623      -0.0000023260913826
-0.5235987755982987     6.2706440191413035      -0.0000018799457492      -0.0000023263933311
-0.5235987755982987     6.3960568995241296      -0.0000019043373414      -0.0000023267287718
-0.5235987755982987     6.5214697799069556      -0.0000019289676911      -0.0000023270946543
-0.5235987755982987     6.6468826602897817      -0.0000019539213067      -0.0000023274158060
-0.5235987755982987     6.7722955406726077      -0.0000019792649298      -0.0000023278136253
-0.5235987755982987     6.8977084210554338      -0.0000020050039164      -0.0000023283548312
-0.5235987755982987     7.0231213014382599      -0.0000020311658380      -0.0000023292518300
-0.5235987755982987     7.1485341818210859      -0.0000020571895464      -0.0000023310022404
-0.5235987755982987     7.2739470622039120      -0.0000020817910699      -0.0000023320199793
-0.5235987755982987     7.3993599425867380      -0.0000021082503630      -0.0000023313930134
-0.5235987755982987     7.5247728229695641      -0.0000021360677683      -0.0000023324035389
-0.5235987755982987     7.6501857033523901      -0.0000021625986044      -0.0000023351444488
-0.5235987755982987     7.7755985837352162      -0.0000021870218682      -0.0000023350675132
-0.5235987755982987     7.9010114641180422      -0.0000022150274238      -0.0000023336189473
-0.5235987755982987     8.0264243445008692      -0.0000022439803811      -0.0000023340020386
-0.5235987755982987     8.1518372248836961      -0.0000022735200729      -0.0000023348101522
-0.5235987755982987     8.2772501052665231      -0.0000023030813199      -0.0000023383487307
-0.5235987755982987     8.4026629856493500      -0.0000023274625517      -0.0000023410811355
-0.5235987755982987     8.5280758660321769      -0.0000023548270001      -0.0000023379764825
-0.5235987755982987     8.6534887464150039      -0.0000023861864904      -0.0000023380726866
-0.5235987755982987     8.7789016267978308      -0.0000024143881818      -0.0000023398191638
-0.5235987755982987     8.9043145071806578      -0.0000024429114145      -0.0000023378583362
-0.5235987755982987     9.0297273875634847      -0.0000024746067551      -0.0000023360172569
-0.5235987755982987     9.1551402679463116      -0.0000025071086354      -0.0000023356912349
-0.5235987755982987     9.2805531483291386      -0.0000025395494548      -0.0000023357895359
-0.5235987755982987     9.4059660287119655      -0.0000025724233194      -0.0000023359747875
-0.5235987755982987     9.5313789090947925      -0.0000026056734257      -0.0000023363341116
-0.5235987755982987     9.6567917894776194      -0.0000026393139036      -0.0000023367938691
-0.5235987755982987     9.7822046698604463      -0.0000026733467318      -0.0000023373703976
-0.5235987755982987     9.9076175502432733      -0.0000027076527648      -0.0000023379088436
-0.5235987755982987     10.0330304306261002      -0.0000027425819538      -0.0000023383094315
-0.5235987755982987     10.1584433110089272      -0.0000027780825503      -0.0000023388098115
-0.5235987755982987     10.2838561913917541      -0.0000028140997931      -0.0000023393636382
-0.5235987755982987     10.4092690717745811      -0.0000028506524107      -0.0000023399483800
-0.5235987755982987     10.5346819521574080      -0.0000028877622630      -0.0000023405574079
-0.5235987755982987     10.6600948325402349      -0.0000029254500999      -0.0000023411885208
-0.5235987755982987     10.7855077129230619      -0.0000029637360365      -0.0000023418410590
-0.5235987755982987     10.9109205933058888      -0.0000030026400706      -0.0000023425150045
-0.5235987755982987     11.0363334736887158      -0.0000030421823967      -0.0000023432106505
-0.5235987755982987     11.1617463540715427      -0.0000030823836138      -0.0000023439284811
-0.5235987755982987     11.2871592344543696      -0.0000031232648719      -0.0000023446691141
-0.5235987755982987     11.4125721148371966      -0.0000031648479530      -0.0000023454332786
-0.5235987755982987     11.5379849952200235      -0.0000032071553666      -0.0000023462217778
-0.5235987755982987     11.6633978756028505      -0.0000032502104237      -0.0000023470354952
-0.5235987755982987     11.7888107559856774      -0.0000032940373088      -0.0000023478753826
-0.5235987755982987     11.9142236363685043      -0.0000033386611377      -0.0000023487424685
-0.5235987755982987     12.0396365167513313      -0.0000033841080278      -0.0000023496378461
-0.5235987755982987     12.1650493971341582      -0.0000034304051603      -0.0000023505626801
-0.5235987755982987     12.2904622775169852      -0.0000034775808535      -0.0000023515182100
-0.5235987755982987     12.4158751578998121      -0.0000035256646276      -0.0000023525057457
-0.5235987755982987     12.5412880382826391      -0.0000035746872832      -0.0000023535266853
-0.5235987755982987     12.6667009186654660      -0.0000036246809708      -0.0000023545825032
-0.5235987755982987     12.7921137990482929      -0.0000036756792836      -0.0000023556747663
-0.5235987755982987     12.9175266794311199      -0.0000037277173304      -0.0000023568051370
-0.5235987755982987     13.0429395598139468      -0.0000037808318399      -0.0000023579753755
-0.5235987755982987     13.1683524401967738      -0.0000038350612514      -0.0000023591873495
-0.5235987755982987     13.2937653205796007      -0.0000038904458218      -0.0000023604430426
-0.5235987755982987     13.4191782009624276      -0.0000039470277418      -0.0000023617445606
-0.5235987755982987     13.5445910813452546      -0.0000040048512463      -0.0000023630941418
-0.5235987755982987     13.6700039617280815      -0.0000040639627519      -0.0000023644941636
-0.5235987755982987     13.7954168421109085      -0.0000041244109951      -0.0000023659471581
-0.5235987755982987     13.9208297224937354      -0.0000041862471772      -0.0000023674558180
-0.5235987755982987     14.0462426028765623      -0.0000042495251264      -0.0000023690230160
-0.5235987755982987     14.1716554832593893      -0.0000043143014762      -0.0000023706518139
-0.5235987755982987     14.2970683636422162      -0.0000043806358387      -0.0000023723454786
-0.5235987755982987     14.4224812440250432      -0.0000044485910242      -0.0000023741074996
-0.5235987755982987     14.5478941244078701      -0.0000045182332487      -0.0000023759416041
-0.5235987755982987     14.6733070047906971      -0.0000045896323761      -0.0000023778517857
-0.5235987755982987     14.7987198851735240      -0.0000046628621716      -0.0000023798423183
-0.5235987755982987     14.9241327655563509      -0.0000047380005842      -0.0000023819177858
-0.5235987755982987     15.0495456459391779      -0.0000048151300456      -0.0000023840831034
-0.5235987755982987     15.1749585263220048      -0.0000048943378088      -0.0000023863435548
-0.5235987755982987     15.3003714067048318      -0.0000049757163003      -0.0000023887048200
-0.5235987755982987     15.4257842870876587      -0.0000050593635201      -0.0000023911730130
-0.5235987755982987     15.5511971674704856      -0.0000051453834689      -0.0000023937547285
-0.5235987755982987     15.6766100478533126      -0.0000052338866138      -0.0000023964570786
    
-0.2617993877991496     0.0000000000000000      -0.0000005429974841      -0.0000014763231791
-0.2617993877991496     0.1254128803828261      -0.0000005534788622      -0.0000014763692101
-0.2617993877991496     0.2508257607656522      -0.0000005640101209      -0.0000014764164650
-0.2617993877991496     0.3762386411484783      -0.0000005745924597      -0.0000014764649664
-0.2617993877991496     0.5016515215313043      -0.0000005852271002      -0.0000014765147325
-0.2617993877991496     0.6270644019141304      -0.0000005959152822      -0.0000014765657861
-0.2617993877991496     0.7524772822969564      -0.0000006066582667      -0.0000014766181490
-0.2617993877991496     0.8778901626797825      -0.0000006174573411      -0.0000014766718452
-0.2617993877991496     1.0033030430626086      -0.0000006283138119      -0.0000014767268954
-0.2617993877991496     1.1287159234454347      -0.0000006392290108      -0.0000014767833273
-0.2617993877991496     1.2541288038282608      -0.0000006502042958      -0.0000014768411650
-0.2617993877991496     1.3795416842110868      -0.0000006612410496      -0.0000014769004339
-0.2617993877991496     1.5049545645939129      -0.0000006723406793      -0.0000014769611632
-0.2617993877991496     1.6303674449767389      -0.0000006835046219      -0.0000014770233833
-0.2617993877991496     1.7557803253595650      -0.0000006947343417      -0.0000014770871211
-0.2617993877991496     1.8811932057423910      -0.0000007060313269      -0.0000014771524090
-0.2617993877991496     2.0066060861252173      -0.0000007173971069      -0.0000014772192778
-0.2617993877991496     2.1320189665080433      -0.0000007288332343      -0.0000014772877616
-0.2617993877991496     2.2574318468908694      -0.0000007403412925      -0.0000014773578947
-0.2617993877991496     2.3828447272736955      -0.0000007519229064      -0.0000014774297138
-0.2617993877991496     2.5082576076565215      -0.0000007635797287      -0.0000014775032539
-0.2617993877991496     2.6336704880393476      -0.0000007753134498      -0.0000014775785545
-0.2617993877991496     2.7590833684221736      -0.0000007871258015      -0.0000014776556549
-0.2617993877991496     2.8844962488049997      -0.0000007990185522      -0.0000014777345968
-0.2617993877991496     3.0099091291878257      -0.0000008109935085      -0.0000014778154225
-0.2617993877991496     3.1353220095706518      -0.0000008230525265      -0.0000014778981788
-0.2617993877991496     3.2607348899534778      -0.0000008351975017      -0.0000014779829087
-0.2617993877991496     3.3861477703363039      -0.0000008474303809      -0.0000014780696630
-0.2617993877991496     3.5115606507191299      -0.0000008597531583      -0.0000014781584960
-0.2617993877991496     3.6369735311019560      -0.0000008721678801      -0.0000014782494603
-0.2617993877991496     3.7623864114847820      -0.0000008846766436      -0.0000014783426152
-0.2617993877991496     3.8877992918676081      -0.0000008972816123      -0.0000014784380220
-0.2617993877991496     4.0132121722504346      -0.0000009099850026      -0.0000014785357455
-0.2617993877991496     4.1386250526332606      -0.0000009227891017      -0.0000014786358557
-0.2617993877991496     4.2640379330160867      -0.0000009356962704      -0.0000014787384279
-0.2617993877991496     4.3894508133989127      -0.0000009487089401      -0.0000014788435485
-0.2617993877991496     4.5148636937817388      -0.0000009618296244      -0.0000014789513054
-0.2617993877991496     4.6402765741645648      -0.0000009750609324      -0.0000014790618005
-0.2617993877991496     4.7656894545473909      -0.0000009884055691      -0.0000014791751424
-0.2617993877991496     4.8911023349302170      -0.0000010018663516      -0.0000014792914585
-0.2617993877991496     5.0165152153130430      -0.0000010154462306      -0.0000014794108894
-0.2617993877991496     5.1419280956958691      -0.0000010291482935      -0.0000014795336084
-0.2617993877991496     5.2673409760786951      -0.0000010429757990      -0.0000014796598109
-0.2617993877991496     5.3927538564615212      -0.0000010569322086      -0.0000014797897369
-0.2617993877991496     5.5181667368443472      -0.0000010710212320      -0.0000014799236770
-0.2617993877991496     5.6435796172271733      -0.0000010852468887      -0.0000014800620134
-0.2617993877991496     5.7689924976099993      -0.0000010996135952      -0.0000014802052507
-0.2617993877991496     5.8944053779928254      -0.0000011141262823      -0.0000014803540874
-0.2617993877991496     6.0198182583756514      -0.0000011287906219      -0.0000014805095277
-0.2617993877991496     6.1452311387584775      -0.0000011436133913      -0.0000014806732319
-0.2617993877991496     6.2706440191413035      -0.0000011586027427      -0.0000014808483572
-0.2617993877991496     6.3960568995241296      -0.0000011737673375      -0.0000014810419025
-0.2617993877991496     6.5214697799069556      -0.0000011891059112      -0.0000014812573546
-0.2617993877991496     6.6468826602897817      -0.0000012046566486      -0.0000014814812753
-0.2617993877991496     6.7722955406726077      -0.0000012204603732      -0.0000014817699673
-0.2617993877991496     6.8977084210554338      -0.0000012365498148      -0.0000014822010809
-0.2617993877991496     7.0231213014382599      -0.0000012529207579      -0.0000014830320617
-0.2617993877991496     7.1485341818210859      -0.0000012687078950      -0.0000014846382674
-0.2617993877991496     7.2739470622039120      -0.0000012836877421      -0.0000014846859039
-0.2617993877991496     7.3993599425867380      -0.0000013006619923      -0.0000014844533629
-0.2617993877991496     7.5247728229695641      -0.0000013181920870      -0.0000014858056535
-0.2617993877991496     7.6501857033523901      -0.0000013339992657      -0.0000014890196419
-0.2617993877991496     7.7755985837352162      -0.0000013470803826      -0.0000014881655894
-0.2617993877991496     7.9010114641180422      -0.0000013648006280      -0.0000014863447788
-0.2617993877991496     8.0264243445008692      -0.0000013827841250      -0.0000014866858871
-0.2617993877991496     8.1518372248836961      -0.0000014011003141      -0.0000014867846161
-0.2617993877991496     8.2772501052665231      -0.0000014202328941      -0.0000014890710386
-0.2617993877991496     8.4026629856493500      -0.0000014353393561      -0.0000014932712800
-0.2617993877991496     8.5280758660321769      -0.0000014493149674      -0.0000014905937904
-0.2617993877991496     8.6534887464150039      -0.0000014692416017      -0.0000014897741760
-0.2617993877991496     8.7789016267978308      -0.0000014853662668      -0.0000014916445359
-0.2617993877991496     8.9043145071806578      -0.0000015022437007      -0.0000014885593970
-0.2617993877991496     9.0297273875634847      -0.0000015222852270      -0.0000014867076050
-0.2617993877991496     9.1551402679463116      -0.0000015426622523      -0.0000014861830707
-0.2617993877991496     9.2805531483291386      -0.0000015628988039      -0.0000014861600414
-0.2617993877991496     9.4059660287119655      -0.0000015832249377      -0.0000014862465222
-0.2617993877991496     9.5313789090947925      -0.0000016037236718      -0.0000014864331807
-0.2617993877991496     9.6567917894776194      -0.0000016244346780      -0.0000014867060679
-0.2617993877991496     9.7822046698604463      -0.0000016453252964      -0.0000014871274054
-0.2617993877991496     9.9076175502432733      -0.0000016661671621      -0.0000014874530946
-0.2617993877991496     10.0330304306261002      -0.0000016875193958      -0.0000014875225139
-0.2617993877991496     10.1584433110089272      -0.0000017092733265      -0.0000014877348295
-0.2617993877991496     10.2838561913917541      -0.0000017313169242      -0.0000014880140948
-0.2617993877991496     10.4092690717745811      -0.0000017536613508      -0.0000014883231952
-0.2617993877991496     10.5346819521574080      -0.0000017763231609      -0.0000014886512031
-0.2617993877991496     10.6600948325402349      -0.0000017993168952      -0.0000014889942507
-0.2617993877991496     10.7855077129230619      -0.0000018226557286      -0.0000014893508277
-0.2617993877991496     10.9109205933058888      -0.0000018463521707      -0.0000014897203450
-0.2617993877991496     11.0363334736887158      -0.0000018704184865      -0.0000014901026270
-0.2617993877991496     11.1617463540715427      -0.0000018948669553      -0.0000014904977213
-0.2617993877991496     11.2871592344543696      -0.0000019197100165      -0.0000014909058201
-0.2617993877991496     11.4125721148371966      -0.0000019449603522      -0.0000014913272238
-0.2617993877991496     11.5379849952200235      -0.0000019706309652      -0.0000014917622909
-0.2617993877991496     11.6633978756028505      -0.0000019967352491      -0.0000014922114383
-0.2617993877991496     11.7888107559856774      -0.0000020232870294      -0.0000014926751346
-0.2617993877991496     11.9142236363685043      -0.0000020503006100      -0.0000014931538966
-0.2617993877991496     12.0396365167513313      -0.0000020777908062      -0.0000014936482819
-0.2617993877991496     12.1650493971341582      -0.0000021057729944      -0.0000014941588891
-0.2617993877991496     12.2904622775169852      -0.0000021342631450      -0.0000014946863575
-0.2617993877991496     12.4158751578998121      -0.0000021632778667      -0.0000014952313683
-0.2617993877991496     12.5412880382826391      -0.0000021928344428      -0.0000014957946463
-0.2617993877991496     12.6667009186654660      -0.0000022229508761      -0.0000014963769603
-0.2617993877991496     12.7921137990482929      -0.0000022536459323      -0.0000014969791262
-0.2617993877991496     12.9175266794311199      -0.0000022849391835      -0.0000014976020114
-0.2617993877991496     13.0429395598139468      -0.0000023168510547      -0.0000014982465336
-0.2617993877991496     13.1683524401967738      -0.0000023494028801      -0.0000014989136617
-0.2617993877991496     13.2937653205796007      -0.0000023826169589      -0.0000014996044236
-0.2617993877991496     13.4191782009624276      -0.0000024165166078      -0.0000015003199155
-0.2617993877991496     13.5445910813452546      -0.0000024511262212      -0.0000015010612961
-0.2617993877991496     13.6700039617280815      -0.0000024864713404      -0.0000015018297970
-0.2617993877991496     13.7954168421109085      -0.0000025225787199      -0.0000015026267208
-0.2617993877991496     13.9208297224937354      -0.0000025594764125      -0.0000015034534537
-0.2617993877991496     14.0462426028765623      -0.0000025971938411      -0.0000015043114701
-0.2617993877991496     14.1716554832593893      -0.0000026357618862      -0.0000015052023422
-0.2617993877991496     14.2970683636422162      -0.0000026752129771      -0.0000015061277411
-0.2617993877991496     14.4224812440250432      -0.0000027155811943      -0.0000015070894421
-0.2617993877991496     14.5478941244078701      -0.0000027569023824      -0.0000015080893381
-0.2617993877991496     14.6733070047906971      -0.0000027992142668      -0.0000015091294496
-0.2617993877991496     14.7987198851735240      -0.0000028425565706      -0.0000015102119397
-0.2617993877991496     14.9241327655563509      -0.0000028869711551      -0.0000015113391157
-0.2617993877991496     15.0495456459391779      -0.0000029325021656      -0.0000015125134475
-0.2617993877991496     15.1749585263220048      -0.0000029791961944      -0.0000015137375714
-0.2617993877991496     15.3003714067048318      -0.0000030271024581      -0.0000015150143169
-0.2617993877991496     15.4257842870876587      -0.0000030762729802      -0.0000015163467228
-0.2617993877991496     15.5511971674704856      -0.0000031267627924      -0.0000015177380527
-0.2617993877991496     15.6766100478533126      -0.0000031786301593      -0.0000015191918129
    
0.0000000000000000     0.0000000000000000      -0.0000004138635681      -0.0000011682170037
0.0000000000000000     0.1254128803828261      -0.0000004220750950      -0.0000011682451127
0.0000000000000000     0.2508257607656522      -0.0000004303241323      -0.0000011682741248
0.0000000000000000     0.3762386411484783      -0.0000004386115957      -0.0000011683040613
0.0000000000000000     0.5016515215313043      -0.0000004469384232      -0.0000011683349322
0.0000000000000000     0.6270644019141304      -0.0000004553055573      -0.0000011683667529
0.0000000000000000     0.7524772822969564      -0.0000004637139599      -0.0000011683995392
0.0000000000000000     0.8778901626797825      -0.0000004721646170      -0.0000011684333122
0.0000000000000000     1.0033030430626086      -0.0000004806585231      -0.0000011684680784
0.0000000000000000     1.1287159234454347      -0.0000004891966918      -0.0000011685038650
0.0000000000000000     1.2541288038282608      -0.0000004977801610      -0.0000011685406867
0.0000000000000000     1.3795416842110868      -0.0000005064099855      -0.0000011685785596
0.0000000000000000     1.5049545645939129      -0.0000005150872318      -0.0000011686175058
0.0000000000000000     1.6303674449767389      -0.0000005238129992      -0.0000011686575522
0.0000000000000000     1.7557803253595650      -0.0000005325884039      -0.0000011686987105
0.0000000000000000     1.8811932057423910      -0.0000005414145699      -0.0000011687410094
0.0000000000000000     2.0066060861252173      -0.0000005502926708      -0.0000011687844722
0.0000000000000000     2.1320189665080433      -0.0000005592238851      -0.0000011688291192
0.0000000000000000     2.2574318468908694      -0.0000005682094122      -0.0000011688749789
0.0000000000000000     2.3828447272736955      -0.0000005772504962      -0.0000011689220806
0.0000000000000000     2.5082576076565215      -0.0000005863483904      -0.0000011689704443
0.0000000000000000     2.6336704880393476      -0.0000005955043761      -0.0000011690201033
0.0000000000000000     2.7590833684221736      -0.0000006047197774      -0.0000011690710861
0.0000000000000000     2.8844962488049997      -0.0000006139959385      -0.0000011691234221
0.0000000000000000     3.0099091291878257      -0.0000006233342270      -0.0000011691771426
0.0000000000000000     3.1353220095706518      -0.0000006327360642      -0.0000011692322868
0.0000000000000000     3.2607348899534778      -0.0000006422028884      -0.0000011692888803
0.0000000000000000     3.3861477703363039      -0.0000006517361819      -0.0000011693469643
0.0000000000000000     3.5115606507191299      -0.0000006613374685      -0.0000011694065827
0.0000000000000000     3.6369735311019560      -0.0000006710083079      -0.0000011694677703
0.0000000000000000     3.7623864114847820      -0.0000006807502946      -0.0000011695305762
0.0000000000000000     3.8877992918676081      -0.0000006905650912      -0.0000011695950490
0.0000000000000000     4.0132121722504346      -0.0000007004543870      -0.0000011696612339
0.0000000000000000     4.1386250526332606      -0.0000007104199335      -0.0000011697291915
0.0000000000000000     4.2640379330160867      -0.0000007204635489      -0.0000011697989782
0.0000000000000000     4.3894508133989127      -0.0000007305870993      -0.0000011698706676
0.0000000000000000     4.5148636937817388      -0.0000007407925201      -0.0000011699443275
0.0000000000000000     4.6402765741645648      -0.0000007510818333      -0.0000011700200477
0.0000000000000000     4.7656894545473909      -0.0000007614571358      -0.0000011700979128
0.0000000000000000     4.8911023349302170      -0.0000007719206192      -0.0000011701780370
0.0000000000000000     5.0165152153130430      -0.0000007824745978      -0.0000011702605379
0.0000000000000000     5.1419280956958691      -0.0000007931214976      -0.0000011703455701
0.0000000000000000     5.2673409760786951      -0.0000008038638994      -0.0000011704333059
0.0000000000000000     5.3927538564615212      -0.0000008147045671      -0.0000011705239605
0.0000000000000000     5.5181667368443472      -0.0000008256464884      -0.0000011706177953
0.0000000000000000     5.6435796172271733      -0.0000008366929302      -0.0000011707151587
0.0000000000000000     5.7689924976099993      -0.0000008478475294      -0.0000011708165085
0.0000000000000000     5.8944053779928254      -0.0000008591143788      -0.0000011709224682
0.0000000000000000     6.0198182583756514      -0.0000008704982521      -0.0000011710338964
0.0000000000000000     6.1452311387584775      -0.0000008820049146      -0.0000011711521113
0.0000000000000000     6.2706440191413035      -0.0000008936414238      -0.0000011712792228
0.0000000000000000     6.3960568995241296      -0.0000009054170504      -0.0000011714186114
0.0000000000000000     6.5214697799069556      -0.0000009173446036      -0.0000011715765078
0.0000000000000000     6.6468826602897817      -0.0000009294431295      -0.0000011717652241
0.0000000000000000     6.7722955406726077      -0.0000009417428467      -0.0000011720140710
0.0000000000000000     6.8977084210554338      -0.0000009542881045      -0.0000011724056133
0.0000000000000000     7.0231213014382599      -0.0000009670612224      -0.0000011732173662
0.0000000000000000     7.1485341818210859      -0.0000009790644030      -0.0000011747745825
0.0000000000000000     7.2739470622039120      -0.0000009905206430      -0.0000011744166161
0.0000000000000000     7.3993599425867380      -0.0000010040416801      -0.0000011743514122
0.0000000000000000     7.5247728229695641      -0.0000010177845304      -0.0000011758482306
0.0000000000000000     7.6501857033523901      -0.0000010296380279      -0.0000011792450786
0.0000000000000000     7.7755985837352162      -0.0000010385339477      -0.0000011780852104
0.0000000000000000     7.9010114641180422      -0.0000010524847854      -0.0000011761224268
0.0000000000000000     8.0264243445008692      -0.0000010664322105      -0.0000011764481242
0.0000000000000000     8.1518372248836961      -0.0000010806170579      -0.0000011762671647
0.0000000000000000     8.2772501052665231      -0.0000010959518643      -0.0000011780503314
0.0000000000000000     8.4026629856493500      -0.0000011077356050      -0.0000011829007397
0.0000000000000000     8.5280758660321769      -0.0000011166489074      -0.0000011804007831
0.0000000000000000     8.6534887464150039      -0.0000011323615034      -0.0000011791813883
0.0000000000000000     8.7789016267978308      -0.0000011440482444      -0.0000011810754694
0.0000000000000000     8.9043145071806578      -0.0000011566785140      -0.0000011775453896
0.0000000000000000     9.0297273875634847      -0.0000011724524882      -0.0000011757093800
0.0000000000000000     9.1551402679463116      -0.0000011883692795      -0.0000011751162783
0.0000000000000000     9.2805531483291386      -0.0000012041214225      -0.0000011750504939
0.0000000000000000     9.4059660287119655      -0.0000012198325592      -0.0000011751033611
0.0000000000000000     9.5313789090947925      -0.0000012356408934      -0.0000011752268742
0.0000000000000000     9.6567917894776194      -0.0000012515964472      -0.0000011754311456
0.0000000000000000     9.7822046698604463      -0.0000012676525026      -0.0000011757971869
0.0000000000000000     9.9076175502432733      -0.0000012835360161      -0.0000011760441515
0.0000000000000000     10.0330304306261002      -0.0000012998923862      -0.0000011759864220
0.0000000000000000     10.1584433110089272      -0.0000013165897554      -0.0000011760895870
0.0000000000000000     10.2838561913917541      -0.0000013334928136      -0.0000011762655259
0.0000000000000000     10.4092690717745811      -0.0000013506098819      -0.0000011764711398
0.0000000000000000     10.5346819521574080      -0.0000013679556143      -0.0000011766937436
0.0000000000000000     10.6600948325402349      -0.0000013855422895      -0.0000011769287958
0.0000000000000000     10.7855077129230619      -0.0000014033805323      -0.0000011771744481
0.0000000000000000     10.9109205933058888      -0.0000014214800873      -0.0000011774298887
0.0000000000000000     11.0363334736887158      -0.0000014398502857      -0.0000011776947625
0.0000000000000000     11.1617463540715427      -0.0000014585003270      -0.0000011779689515
0.0000000000000000     11.2871592344543696      -0.0000014774394215      -0.0000011782524876
0.0000000000000000     11.4125721148371966      -0.0000014966768786      -0.0000011785455095
0.0000000000000000     11.5379849952200235      -0.0000015162221747      -0.0000011788482098
0.0000000000000000     11.6633978756028505      -0.0000015360850247      -0.0000011791608295
0.0000000000000000     11.7888107559856774      -0.0000015562754104      -0.0000011794836574
0.0000000000000000     11.9142236363685043      -0.0000015768036236      -0.0000011798170174
0.0000000000000000     12.0396365167513313      -0.0000015976802840      -0.0000011801612673
0.0000000000000000     12.1650493971341582      -0.0000016189163859      -0.0000011805167938
0.0000000000000000     12.2904622775169852      -0.0000016405233143      -0.0000011808840106
0.0000000000000000     12.4158751578998121      -0.0000016625128831      -0.0000011812633649
0.0000000000000000     12.5412880382826391      -0.0000016848973541      -0.0000011816553278
0.0000000000000000     12.6667009186654660      -0.0000017076894746      -0.0000011820604048
0.0000000000000000     12.7921137990482929      -0.0000017309024998      -0.0000011824791300
0.0000000000000000     12.9175266794311199      -0.0000017545502286      -0.0000011829120731
0.0000000000000000     13.0429395598139468      -0.0000017786470243      -0.0000011833598360
0.0000000000000000     13.1683524401967738      -0.0000018032078617      -0.0000011838230509
0.0000000000000000     13.2937653205796007      -0.0000018282483627      -0.0000011843023871
0.0000000000000000     13.4191782009624276      -0.0000018537848225      -0.0000011847985626
0.0000000000000000     13.5445910813452546      -0.0000018798342550      -0.0000011853123308
0.0000000000000000     13.6700039617280815      -0.0000019064144336      -0.0000011858444942
0.0000000000000000     13.7954168421109085      -0.0000019335439305      -0.0000011863958935
0.0000000000000000     13.9208297224937354      -0.0000019612421811      -0.0000011869674250
0.0000000000000000     14.0462426028765623      -0.0000019895295212      -0.0000011875600378
0.0000000000000000     14.1716554832593893      -0.0000020184272382      -0.0000011881747453
0.0000000000000000     14.2970683636422162      -0.0000020479576358      -0.0000011888126197
0.0000000000000000     14.4224812440250432      -0.0000020781440878      -0.0000011894747916
0.0000000000000000     14.5478941244078701      -0.0000021090111183      -0.0000011901624658
0.0000000000000000     14.6733070047906971      -0.0000021405844709      -0.0000011908769203
0.0000000000000000     14.7987198851735240      -0.0000021728911726      -0.0000011916195256
0.0000000000000000     14.9241327655563509      -0.0000022059596223      -0.0000011923917324
0.0000000000000000     15.0495456459391779      -0.0000022398196793      -0.0000011931950917
0.0000000000000000     15.1749585263220048      -0.0000022745027579      -0.0000011940312433
0.0000000000000000     15.3003714067048318      -0.0000023100419418      -0.0000011949019438
0.0000000000000000     15.4257842870876587      -0.0000023464720827      -0.0000011958090751
0.0000000000000000     15.5511971674704856      -0.0000023838299159      -0.0000011967546456
0.0000000000000000     15.6766100478533126      -0.0000024221541970      -0.0000011977408038
    
0.2617993877991496     0.0000000000000000      -0.0000005429974841      -0.0000014763231791
0.2617993877991496     0.1254128803828261      -0.0000005534788622      -0.0000014763692101
0.2617993877991496     0.2508257607656522      -0.0000005640101209      -0.0000014764164650
0.2617993877991496     0.3762386411484783      -0.0000005745924597      -0.0000014764649664
0.2617993877991496     0.5016515215313043      -0.0000005852271002      -0.0000014765147325
0.2617993877991496     0.6270644019141304      -0.0000005959152822      -0.0000014765657861
0.2617993877991496     0.7524772822969564      -0.0000006066582667      -0.0000014766181490
0.2617993877991496     0.8778901626797825      -0.0000006174573411      -0.0000014766718452
0.2617993877991496     1.0033030430626086      -0.0000006283138119      -0.0000014767268954
0.2617993877991496     1.1287159234454347      -0.0000006392290108      -0.0000014767833273
0.2617993877991496     1.2541288038282608      -0.0000006502042958      -0.0000014768411650
0.2617993877991496     1.3795416842110868      -0.0000006612410496      -0.0000014769004339
0.2617993877991496     1.5049545645939129      -0.0000006723406793      -0.0000014769611632
0.2617993877991496     1.6303674449767389      -0.0000006835046219      -0.0000014770233833
0.2617993877991496     1.7557803253595650      -0.0000006947343417      -0.0000014770871211
0.2617993877991496     1.8811932057423910      -0.0000007060313269      -0.0000014771524090
0.2617993877991496     2.0066060861252173      -0.0000007173971069      -0.0000014772192778
0.2617993877991496     2.1320189665080433      -0.0000007288332343      -0.0000014772877616
0.2617993877991496     2.2574318468908694      -0.0000007403412925      -0.0000014773578947
0.2617993877991496     2.3828447272736955      -0.0000007519229064      -0.0000014774297138
0.2617993877991496     2.5082576076565215      -0.0000007635797287      -0.0000014775032539
0.2617993877991496     2.6336704880393476      -0.0000007753134498      -0.0000014775785545
0.2617993877991496     2.7590833684221736      -0.0000007871258015      -0.0000014776556549
0.2617993877991496     2.8844962488049997      -0.0000007990185522      -0.0000014777345968
0.2617993877991496     3.0099091291878257      -0.0000008109935085      -0.0000014778154225
0.2617993877991496     3.1353220095706518      -0.0000008230525265      -0.0000014778981788
0.2617993877991496     3.2607348899534778      -0.0000008351975017      -0.0000014779829087
0.2617993877991496     3.3861477703363039      -0.0000008474303809      -0.0000014780696630
0.2617993877991496     3.5115606507191299      -0.0000008597531583      -0.0000014781584960
0.2617993877991496     3.6369735311019560      -0.0000008721678801      -0.0000014782494603
0.2617993877991496     3.7623864114847820      -0.0000008846766436      -0.0000014783426152
0.2617993877991496     3.8877992918676081      -0.0000008972816123      -0.0000014784380220
0.2617993877991496     4.0132121722504346      -0.0000009099850026      -0.0000014785357455
0.2617993877991496     4.1386250526332606      -0.0000009227891017      -0.0000014786358557
0.2617993877991496     4.2640379330160867      -0.0000009356962704      -0.0000014787384279
0.2617993877991496     4.3894508133989127      -0.0000009487089401      -0.0000014788435485
0.2617993877991496     4.5148636937817388      -0.0000009618296244      -0.0000014789513054
0.2617993877991496     4.6402765741645648      -0.0000009750609324      -0.0000014790618005
0.2617993877991496     4.7656894545473909      -0.0000009884055691      -0.0000014791751424
0.2617993877991496     4.8911023349302170      -0.0000010018663516      -0.0000014792914585
0.2617993877991496     5.0165152153130430      -0.0000010154462306      -0.0000014794108894
0.2617993877991496     5.1419280956958691      -0.0000010291482935      -0.0000014795336084
0.2617993877991496     5.2673409760786951      -0.0000010429757990      -0.0000014796598109
0.2617993877991496     5.3927538564615212      -0.0000010569322086      -0.0000014797897369
0.2617993877991496     5.5181667368443472      -0.0000010710212320      -0.0000014799236770
0.2617993877991496     5.6435796172271733      -0.0000010852468887      -0.0000014800620134
0.2617993877991496     5.7689924976099993      -0.0000010996135952      -0.0000014802052507
0.2617993877991496     5.8944053779928254      -0.0000011141262823      -0.0000014803540874
0.2617993877991496     6.0198182583756514      -0.0000011287906219      -0.0000014805095277
0.2617993877991496     6.1452311387584775      -0.0000011436133913      -0.0000014806732319
0.2617993877991496     6.2706440191413035      -0.0000011586027427      -0.0000014808483572
0.2617993877991496     6.3960568995241296      -0.0000011737673375      -0.0000014810419025
0.2617993877991496     6.5214697799069556      -0.0000011891059112      -0.0000014812573546
0.2617993877991496     6.6468826602897817      -0.0000012046566486      -0.0000014814812753
0.2617993877991496     6.7722955406726077      -0.0000012204603732      -0.0000014817699673
0.2617993877991496     6.8977084210554338      -0.0000012365498148      -0.0000014822010809
0.2617993877991496     7.0231213014382599      -0.0000012529207579      -0.0000014830320617
0.2617993877991496     7.1485341818210859      -0.0000012687078950      -0.0000014846382674
0.2617993877991496     7.2739470622039120      -0.0000012836877421      -0.0000014846859039
0.2617993877991496     7.3993599425867380      -0.0000013006619923      -0.0000014844533629
0.2617993877991496     7.5247728229695641      -0.0000013181920870      -0.0000014858056535
0.2617993877991496     7.6501857033523901      -0.0000013339992657      -0.0000014890196419
0.2617993877991496     7.7755985837352162      -0.0000013470803826      -0.0000014881655894
0.2617993877991496     7.9010114641180422      -0.0000013648006280      -0.0000014863447788
0.2617993877991496     8.0264243445008692      -0.0000013827841250      -0.0000014866858871
0.2617993877991496     8.1518372248836961      -0.0000014011003141      -0.0000014867846161
0.2617993877991496     8.2772501052665231      -0.0000014202328941      -0.0000014890710386
0.2617993877991496     8.4026629856493500      -0.0000014353393561      -0.0000014932712800
0.2617993877991496     8.5280758660321769      -0.0000014493149674      -0.0000014905937904
0.2617993877991496     8.6534887464150039      -0.0000014692416017      -0.0000014897741760
0.2617993877991496     8.7789016267978308      -0.0000014853662668      -0.0000014916445359
0.2617993877991496     8.9043145071806578      -0.0000015022437007      -0.0000014885593970
0.2617993877991496     9.0297273875634847      -0.0000015222852270      -0.0000014867076050
0.2617993877991496     9.1551402679463116      -0.0000015426622523      -0.0000014861830707
0.2617993877991496     9.2805531483291386      -0.0000015628988039      -0.0000014861600414
0.2617993877991496     9.4059660287119655      -0.0000015832249377      -0.0000014862465222
0.2617993877991496     9.5313789090947925      -0.0000016037236718      -0.0000014864331807
0.2617993877991496     9.6567917894776194      -0.0000016244346780      -0.0000014867060679
0.2617993877991496     9.7822046698604463      -0.0000016453252964      -0.0000014871274054
0.2617993877991496     9.9076175502432733      -0.0000016661671621      -0.0000014874530946
0.2617993877991496     10.0330304306261002      -0.0000016875193958      -0.0000014875225139
0.2617993877991496     10.1584433110089272      -0.0000017092733265      -0.0000014877348295
0.2617993877991496     10.2838561913917541      -0.0000017313169242      -0.0000014880140948
0.2617993877991496     10.4092690717745811      -0.0000017536613508      -0.0000014883231952
0.2617993877991496     10.5346819521574080      -0.0000017763231609      -0.0000014886512031
0.2617993877991496     10.6600948325402349      -0.0000017993168952      -0.0000014889942507
0.2617993877991496     10.7855077129230619      -0.0000018226557286      -0.0000014893508277
0.2617993877991496     10.9109205933058888      -0.0000018463521707      -0.0000014897203450
0.2617993877991496     11.0363334736887158      -0.0000018704184865      -0.0000014901026270
0.2617993877991496     11.1617463540715427      -0.0000018948669553      -0.0000014904977213
0.2617993877991496     11.2871592344543696      -0.0000019197100165      -0.0000014909058201
0.2617993877991496     11.4125721148371966      -0.0000019449603522      -0.0000014913272238
0.2617993877991496     11.5379849952200235      -0.0000019706309652      -0.0000014917622909
0.2617993877991496     11.6633978756028505      -0.0000019967352491      -0.0000014922114383
0.2617993877991496     11.7888107559856774      -0.0000020232870294      -0.0000014926751346
0.2617993877991496     11.9142236363685043      -0.0000020503006100      -0.0000014931538966
0.2617993877991496     12.0396365167513313      -0.0000020777908062      -0.0000014936482819
0.2617993877991496     12.1650493971341582      -0.0000021057729944      -0.0000014941588891
0.2617993877991496     12.2904622775169852      -0.0000021342631450      -0.0000014946863575
0.2617993877991496     12.4158751578998121      -0.0000021632778667      -0.0000014952313683
0.2617993877991496     12.5412880382826391      -0.0000021928344428      -0.0000014957946463
0.2617993877991496     12.6667009186654660      -0.0000022229508761      -0.0000014963769603
0.2617993877991496     12.7921137990482929      -0.0000022536459323      -0.0000014969791262
0.2617993877991496     12.9175266794311199      -0.0000022849391835      -0.0000014976020114
0.2617993877991496     13.0429395598139468      -0.0000023168510547      -0.0000014982465336
0.2617993877991496     13.1683524401967738      -0.0000023494028801      -0.0000014989136617
0.2617993877991496     13.2937653205796007      -0.0000023826169589      -0.0000014996044236
0.2617993877991496     13.4191782009624276      -0.0000024165166078      -0.0000015003199155
0.2617993877991496     13.5445910813452546      -0.0000024511262212      -0.0000015010612961
0.2617993877991496     13.6700039617280815      -0.0000024864713404      -0.0000015018297970
0.2617993877991496     13.7954168421109085      -0.0000025225787199      -0.0000015026267208
0.2617993877991496     13.9208297224937354      -0.0000025594764125      -0.0000015034534537
0.2617993877991496     14.0462426028765623      -0.0000025971938411      -0.0000015043114701
0.2617993877991496     14.1716554832593893      -0.0000026357618862      -0.0000015052023422
0.2617993877991496     14.2970683636422162      -0.0000026752129771      -0.0000015061277411
0.2617993877991496     14.4224812440250432      -0.0000027155811943      -0.0000015070894421
0.2617993877991496     14.5478941244078701      -0.0000027569023824      -0.0000015080893381
0.2617993877991496     14.6733070047906971      -0.0000027992142668      -0.0000015091294496
0.2617993877991496     14.7987198851735240      -0.0000028425565706      -0.0000015102119397
0.2617993877991496     14.9241327655563509      -0.0000028869711551      -0.0000015113391157
0.2617993877991496     15.0495456459391779      -0.0000029325021656      -0.0000015125134475
0.2617993877991496     15.1749585263220048      -0.0000029791961944      -0.0000015137375714
0.2617993877991496     15.3003714067048318      -0.0000030271024581      -0.0000015150143169
0.2617993877991496     15.4257842870876587      -0.0000030762729802      -0.0000015163467228
0.2617993877991496     15.5511971674704856      -0.0000031267627924      -0.0000015177380527
0.2617993877991496     15.6766100478533126      -0.0000031786301593      -0.0000015191918129
    
0.5235987755982987     0.0000000000000000      -0.0000008941865319      -0.0000023180097067
0.5235987755982987     0.1254128803828261      -0.0000009108590254      -0.0000023181025011
0.5235987755982987     0.2508257607656522      -0.0000009276149572      -0.0000023181973792
0.5235987755982987     0.3762386411484783      -0.0000009444562960      -0.0000023182943714
0.5235987755982987     0.5016515215313043      -0.0000009613850399      -0.0000023183935164
0.5235987755982987     0.6270644019141304      -0.0000009784032313      -0.0000023184948548
0.5235987755982987     0.7524772822969564      -0.0000009955129436      -0.0000023185984257
0.5235987755982987     0.8778901626797825      -0.0000010127162857      -0.0000023187042645
0.5235987755982987     1.0033030430626086      -0.0000010300154106      -0.0000023188124225
0.5235987755982987     1.1287159234454347      -0.0000010474125112      -0.0000023189229349
0.5235987755982987     1.2541288038282608      -0.0000010649098173      -0.0000023190358494
0.5235987755982987     1.3795416842110868      -0.0000010825096037      -0.0000023191512145
0.5235987755982987     1.5049545645939129      -0.0000011002141955      -0.0000023192690783
0.5235987755982987     1.6303674449767389      -0.0000011180259522      -0.0000023193894855
0.5235987755982987     1.7557803253595650      -0.0000011359472842      -0.0000023195124958
0.5235987755982987     1.8811932057423910      -0.0000011539806606      -0.0000023196381563
0.5235987755982987     2.0066060861252173      -0.0000011721285846      -0.0000023197665205
0.5235987755982987     2.1320189665080433      -0.0000011903936214      -0.0000023198976526
0.5235987755982987     2.2574318468908694      -0.0000012087783927      -0.0000023200316064
0.5235987755982987     2.3828447272736955      -0.0000012272855632      -0.0000023201684407
0.5235987755982987     2.5082576076565215      -0.0000012459178672      -0.0000023203082243
0.5235987755982987     2.6336704880393476      -0.0000012646780999      -0.0000023204510182
0.5235987755982987     2.7590833684221736      -0.0000012835691064      -0.0000023205968904
0.5235987755982987     2.8844962488049997      -0.0000013025938049      -0.0000023207459130
0.5235987755982987     3.0099091291878257      -0.0000013217551859      -0.0000023208981581
0.5235987755982987     3.1353220095706518      -0.0000013410562940      -0.0000023210536966
0.5235987755982987     3.2607348899534778      -0.0000013605002602      -0.0000023212126131
0.5235987755982987     3.3861477703363039      -0.0000013800902891      -0.0000023213749868
0.5235987755982987     3.5115606507191299      -0.0000013998296556      -0.0000023215409015
0.5235987755982987     3.6369735311019560      -0.0000014197217240      -0.0000023217104521
0.5235987755982987     3.7623864114847820      -0.0000014397699490      -0.0000023218837294
0.5235987755982987     3.8877992918676081      -0.0000014599778614      -0.0000023220608299
0.5235987755982987     4.0132121722504346      -0.0000014803491012      -0.0000023222418651
0.5235987755982987     4.1386250526332606      -0.0000015008874055      -0.0000023224269364
0.5235987755982987     4.2640379330160867      -0.0000015215966125      -0.0000023226161657
0.5235987755982987     4.3894508133989127      -0.0000015424806817      -0.0000023228096762
0.5235987755982987     4.5148636937817388      -0.0000015635436926      -0.0000023230076063
0.5235987755982987     4.6402765741645648      -0.0000015847898484      -0.0000023232100963
0.5235987755982987     4.7656894545473909      -0.0000016062235008      -0.0000023234173112
0.5235987755982987     4.8911023349302170      -0.0000016278491593      -0.0000023236294199
0.5235987755982987     5.0165152153130430      -0.0000016496715018      -0.0000023238466208
0.5235987755982987     5.1419280956958691      -0.0000016716954046      -0.0000023240691382
0.5235987755982987     5.2673409760786951      -0.0000016939259609      -0.0000023242972292
0.5235987755982987     5.3927538564615212      -0.0000017163685222      -0.0000023245311984
0.5235987755982987     5.5181667368443472      -0.0000017390287505      -0.0000023247714142
0.5235987755982987     5.6435796172271733      -0.0000017619126954      -0.0000023250183458
0.5235987755982987     5.7689924976099993      -0.0000017850268811      -0.0000023252726177
0.5235987755982987     5.8944053779928254      -0.0000018083784875      -0.0000023255351167
0.5235987755982987     6.0198182583756514      -0.0000018319755939      -0.0000023258072073
0.5235987755982987     6.1452311387584775      -0.0000018558276623      -0.0000023260913826
0.5235987755982987     6.2706440191413035      -0.0000018799457492      -0.0000023263933311
0.5235987755982987     6.3960568995241296      -0.0000019043373414      -0.0000023267287718
0.5235987755982987     6.5214697799069556      -0.0000019289676911      -0.0000023270946543
0.5235987755982987     6.6468826602897817      -0.0000019539213067      -0.0000023274158060
0.5235987755982987     6.7722955406726077      -0.0000019792649298      -0.0000023278136253
0.5235987755982987     6.8977084210554338      -0.0000020050039164      -0.0000023283548312
0.5235987755982987     7.0231213014382599      -0.0000020311658380      -0.0000023292518300
0.5235987755982987     7.1485341818210859      -0.0000020571895464      -0.0000023310022404
0.5235987755982987     7.2739470622039120      -0.0000020817910699      -0.0000023320199793
0.5235987755982987     7.3993599425867380      -0.0000021082503630      -0.0000023313930134
0.5235987755982987     7.5247728229695641      -0.0000021360677683      -0.0000023324035389
0.5235987755982987     7.6501857033523901      -0.0000021625986044      -0.0000023351444488
0.5235987755982987     7.7755985837352162      -0.0000021870218682      -0.0000023350675132
0.5235987755982987     7.9010114641180422      -0.0000022150274238      -0.0000023336189473
0.5235987755982987     8.0264243445008692      -0.0000022439803811      -0.0000023340020386
0.5235987755982987     8.1518372248836961      -0.0000022735200729      -0.0000023348101522
0.5235987755982987     8.2772501052665231      -0.0000023030813199      -0.0000023383487307
0.5235987755982987     8.4026629856493500      -0.0000023274625517      -0.0000023410811355
0.5235987755982987     8.5280758660321769      -0.0000023548270001      -0.0000023379764825
0.5235987755982987     8.6534887464150039      -0.0000023861864904      -0.0000023380726866
0.5235987755982987     8.7789016267978308      -0.0000024143881818      -0.0000023398191638
0.5235987755982987     8.9043145071806578      -0.0000024429114145      -0.0000023378583362
0.5235987755982987     9.0297273875634847      -0.0000024746067551      -0.0000023360172569
0.5235987755982987     9.1551402679463116      -0.0000025071086354      -0.0000023356912349
0.5235987755982987     9.2805531483291386      -0.0000025395494548      -0.0000023357895359
0.5235987755982987     9.4059660287119655      -0.0000025724233194      -0.0000023359747875
0.5235987755982987     9.5313789090947925      -0.0000026056734257      -0.0000023363341116
0.5235987755982987     9.6567917894776194      -0.0000026393139036      -0.0000023367938691
0.5235987755982987     9.7822046698604463      -0.0000026733467318      -0.0000023373703976
0.5235987755982987     9.9076175502432733      -0.0000027076527648      -0.0000023379088436
0.5235987755982987     10.0330304306261002      -0.0000027425819538      -0.0000023383094315
0.5235987755982987     10.1584433110089272      -0.0000027780825503      -0.0000023388098115
0.5235987755982987     10.2838561913917541      -0.0000028140997931      -0.0000023393636382
0.5235987755982987     10.4092690717745811      -0.0000028506524107      -0.0000023399483800
0.5235987755982987     10.5346819521574080      -0.0000028877622630      -0.0000023405574079
0.5235987755982987     10.6600948325402349      -0.0000029254500999      -0.0000023411885208
0.5235987755982987     10.7855077129230619      -0.0000029637360365      -0.0000023418410590
0.5235987755982987     10.9109205933058888      -0.0000030026400706      -0.0000023425150045
0.5235987755982987     11.0363334736887158      -0.0000030421823967      -0.0000023432106505
0.5235987755982987     11.1617463540715427      -0.0000030823836138      -0.0000023439284811
0.5235987755982987     11.2871592344543696      -0.0000031232648719      -0.0000023446691141
0.5235987755982987     11.4125721148371966      -0.0000031648479530      -0.0000023454332786
0.5235987755982987     11.5379849952200235      -0.0000032071553666      -0.0000023462217778
0.5235987755982987     11.6633978756028505      -0.0000032502104237      -0.0000023470354952
0.5235987755982987     11.7888107559856774      -0.0000032940373088      -0.0000023478753826
0.5235987755982987     11.9142236363685043      -0.0000033386611377      -0.0000023487424685
0.5235987755982987     12.0396365167513313      -0.0000033841080278      -0.0000023496378461
0.5235987755982987     12.1650493971341582      -0.0000034304051603      -0.0000023505626801
0.5235987755982987     12.2904622775169852      -0.0000034775808535      -0.0000023515182100
0.5235987755982987     12.4158751578998121      -0.0000035256646276      -0.0000023525057457
0.5235987755982987     12.5412880382826391      -0.0000035746872832      -0.0000023535266853
0.5235987755982987     12.6667009186654660      -0.0000036246809708      -0.0000023545825032
0.5235987755982987     12.7921137990482929      -0.0000036756792836      -0.0000023556747663
0.5235987755982987     12.9175266794311199      -0.0000037277173304      -0.0000023568051370
0.5235987755982987     13.0429395598139468      -0.0000037808318399      -0.0000023579753755
0.5235987755982987     13.1683524401967738      -0.0000038350612514      -0.0000023591873495
0.5235987755982987     13.2937653205796007      -0.0000038904458218      -0.0000023604430426
0.5235987755982987     13.4191782009624276      -0.0000039470277418      -0.0000023617445606
0.5235987755982987     13.5445910813452546      -0.0000040048512463      -0.0000023630941418
0.5235987755982987     13.6700039617280815      -0.0000040639627519      -0.0000023644941636
0.5235987755982987     13.7954168421109085      -0.0000041244109951      -0.0000023659471581
0.5235987755982987     13.9208297224937354      -0.0000041862471772      -0.0000023674558180
0.5235987755982987     14.0462426028765623      -0.0000042495251264      -0.0000023690230160
0.5235987755982987     14.1716554832593893      -0.0000043143014762      -0.0000023706518139
0.5235987755982987     14.2970683636422162      -0.0000043806358387      -0.0000023723454786
0.5235987755982987     14.4224812440250432      -0.0000044485910242      -0.0000023741074996
0.5235987755982987     14.5478941244078701      -0.0000045182332487      -0.0000023759416041
0.5235987755982987     14.6733070047906971      -0.0000045896323761      -0.0000023778517857
0.5235987755982987     14.7987198851735240      -0.0000046628621716      -0.0000023798423183
0.5235987755982987     14.9241327655563509      -0.0000047380005842      -0.0000023819177858
0.5235987755982987     15.0495456459391779      -0.0000048151300456      -0.0000023840831034
0.5235987755982987     15.1749585263220048      -0.0000048943378088      -0.0000023863435548
0.5235987755982987     15.3003714067048318      -0.0000049757163003      -0.0000023887048200
0.5235987755982987     15.4257842870876587      -0.0000050593635201      -0.0000023911730130
0.5235987755982987     15.5511971674704856      -0.0000051453834689      -0.0000023937547285
0.5235987755982987     15.6766100478533126      -0.0000052338866138      -0.0000023964570786
    
0.7853981633974478     0.0000000000000000      -0.0000013695873449      -0.0000034675650073
0.7853981633974478     0.1254128803828261      -0.0000013946893081      -0.0000034677155010
0.7853981633974478     0.2508257607656522      -0.0000014199199035      -0.0000034678692080
0.7853981633974478     0.3762386411484783      -0.0000014452821373      -0.0000034680261786
0.7853981633974478     0.5016515215313043      -0.0000014707790659      -0.0000034681864747
0.7853981633974478     0.6270644019141304      -0.0000014964138071      -0.0000034683501572
0.7853981633974478     0.7524772822969564      -0.0000015221895312      -0.0000034685172890
0.7853981633974478     0.8778901626797825      -0.0000015481094620      -0.0000034686879287
0.7853981633974478     1.0033030430626086      -0.0000015741768917      -0.0000034688621511
0.7853981633974478     1.1287159234454347      -0.0000016003951714      -0.0000034690400158
0.7853981633974478     1.2541288038282608      -0.0000016267677134      -0.0000034692215968
0.7853981633974478     1.3795416842110868      -0.0000016532979970      -0.0000034694069686
0.7853981633974478     1.5049545645939129      -0.0000016799895750      -0.0000034695962052
0.7853981633974478     1.6303674449767389      -0.0000017068460612      -0.0000034697893795
0.7853981633974478     1.7557803253595650      -0.0000017338711444      -0.0000034699865788
0.7853981633974478     1.8811932057423910      -0.0000017610685999      -0.0000034701878787
0.7853981633974478     2.0066060861252173      -0.0000017884422616      -0.0000034703933663
0.7853981633974478     2.1320189665080433      -0.0000018159960540      -0.0000034706031328
0.7853981633974478     2.2574318468908694      -0.0000018437339888      -0.0000034708172656
0.7853981633974478     2.3828447272736955      -0.0000018716601468      -0.0000034710358565
0.7853981633974478     2.5082576076565215      -0.0000018997787142      -0.0000034712590060
0.7853981633974478     2.6336704880393476      -0.0000019280939655      -0.0000034714868131
0.7853981633974478     2.7590833684221736      -0.0000019566102584      -0.0000034717193822
0.7853981633974478     2.8844962488049997      -0.0000019853320574      -0.0000034719568210
0.7853981633974478     3.0099091291878257      -0.0000020142639348      -0.0000034721992410
0.7853981633974478     3.1353220095706518      -0.0000020434105529      -0.0000034724467536
0.7853981633974478     3.2607348899534778      -0.0000020727766970      -0.0000034726994852
0.7853981633974478     3.3861477703363039      -0.0000021023672609      -0.0000034729575585
0.7853981633974478     3.5115606507191299      -0.0000021321872523      -0.0000034732210998
0.7853981633974478     3.6369735311019560      -0.0000021622418080      -0.0000034734902497
0.7853981633974478     3.7623864114847820      -0.0000021925361972      -0.0000034737651465
0.7853981633974478     3.8877992918676081      -0.0000022230758071      -0.0000034740459365
0.7853981633974478     4.0132121722504346      -0.0000022538661820      -0.0000034743327800
0.7853981633974478     4.1386250526332606      -0.0000022849130061      -0.0000034746258325
0.7853981633974478     4.2640379330160867      -0.0000023162221151      -0.0000034749252691
0.7853981633974478     4.3894508133989127      -0.0000023477995153      -0.0000034752312655
0.7853981633974478     4.5148636937817388      -0.0000023796513879      -0.0000034755440212
0.7853981633974478     4.6402765741645648      -0.0000024117840864      -0.0000034758637358
0.7853981633974478     4.7656894545473909      -0.0000024442041716      -0.0000034761906351
0.7853981633974478     4.8911023349302170      -0.0000024769184213      -0.0000034765249535
0.7853981633974478     5.0165152153130430      -0.0000025099338397      -0.0000034768669574
0.7853981633974478     5.1419280956958691      -0.0000025432576981      -0.0000034772169397
0.7853981633974478     5.2673409760786951      -0.0000025768975507      -0.0000034775752380
0.7853981633974478     5.3927538564615212      -0.0000026108612837      -0.0000034779422376
0.7853981633974478     5.5181667368443472      -0.0000026451571724      -0.0000034783184039
0.7853981633974478     5.6435796172271733      -0.0000026797939706      -0.0000034787043146
0.7853981633974478     5.7689924976099993      -0.0000027147810185      -0.0000034791007341
0.7853981633974478     5.8944053779928254      -0.0000027501284599      -0.0000034795087609
0.7853981633974478     6.0198182583756514      -0.0000027858475341      -0.0000034799301486
0.7853981633974478     6.1452311387584775      -0.0000028219511531      -0.0000034803682469
0.7853981633974478     6.2706440191413035      -0.0000028584541021      -0.0000034808312866
0.7853981633974478     6.3960568995241296      -0.0000028953636300      -0.0000034813436678
0.7853981633974478     6.5214697799069556      -0.0000029326130424      -0.0000034818960788
0.7853981633974478     6.6468826602897817      -0.0000029703335895      -0.0000034823529420
0.7853981633974478     6.7722955406726077      -0.0000030086189732      -0.0000034829006253
0.7853981633974478     6.8977084210554338      -0.0000030474493273      -0.0000034835979660
0.7853981633974478     7.0231213014382599      -0.0000030868817131      -0.0000034846234671
0.7853981633974478     7.1485341818210859      -0.0000031266083772      -0.0000034866018825
0.7853981633974478     7.2739470622039120      -0.0000031643376217      -0.0000034885609481
0.7853981633974478     7.3993599425867380      -0.0000032038952216      -0.0000034875661048
0.7853981633974478     7.5247728229695641      -0.0000032456013080      -0.0000034882534719
0.7853981633974478     7.6501857033523901      -0.0000032865698913      -0.0000034904156429
0.7853981633974478     7.7755985837352162      -0.0000033262420579      -0.0000034912378545
0.7853981633974478     7.9010114641180422      -0.0000033682672974      -0.0000034902592692
0.7853981633974478     8.0264243445008692      -0.0000034120496151      -0.0000034907018271
0.7853981633974478     8.1518372248836961      -0.0000034567487235      -0.0000034923309064
0.7853981633974478     8.2772501052665231      -0.0000035007053879      -0.0000034972457685
0.7853981633974478     8.4026629856493500      -0.0000035382959972      -0.0000034988362167
0.7853981633974478     8.5280758660321769      -0.0000035827164349      -0.0000034953006193
0.7853981633974478     8.6534887464150039      -0.0000036294749020      -0.0000034961482457
0.7853981633974478     8.7789016267978308      -0.0000036740530393      -0.0000034975579993
0.7853981633974478     8.9043145071806578      -0.0000037186082107      -0.0000034968833500
0.7853981633974478     9.0297273875634847      -0.0000037662108629      -0.0000034952076153
0.7853981633974478     9.1551402679463116      -0.0000038151099441      -0.0000034951837785
0.7853981633974478     9.2805531483291386      -0.0000038640944963      -0.0000034954603601
0.7853981633974478     9.4059660287119655      -0.0000039139439645      -0.0000034958000824
0.7853981633974478     9.5313789090947925      -0.0000039644413082      -0.0000034963957492
0.7853981633974478     9.6567917894776194      -0.0000040155734769      -0.0000034971091200
0.7853981633974478     9.7822046698604463      -0.0000040673793005      -0.0000034979090417
0.7853981633974478     9.9076175502432733      -0.0000041198531563      -0.0000034987316132
0.7853981633974478     10.0330304306261002      -0.0000041731329779      -0.0000034995395231
0.7853981633974478     10.1584433110089272      -0.0000042272269314      -0.0000035004051912
0.7853981633974478     10.2838561913917541      -0.0000042821409032      -0.0000035013125478
0.7853981633974478     10.4092690717745811      -0.0000043379034203      -0.0000035022540829
0.7853981633974478     10.5346819521574080      -0.0000043945439063      -0.0000035032276383
0.7853981633974478     10.6600948325402349      -0.0000044520916805      -0.0000035042328100
0.7853981633974478     10.7855077129230619      -0.0000045105762661      -0.0000035052698965
0.7853981633974478     10.9109205933058888      -0.0000045700277136      -0.0000035063395581
0.7853981633974478     11.0363334736887158      -0.0000046304768186      -0.0000035074426682
0.7853981633974478     11.1617463540715427      -0.0000046919552846      -0.0000035085802632
0.7853981633974478     11.2871592344543696      -0.0000047544958612      -0.0000035097535072
0.7853981633974478     11.4125721148371966      -0.0000048181324454      -0.0000035109636815
0.7853981633974478     11.5379849952200235      -0.0000048829001879      -0.0000035122121693
0.7853981633974478     11.6633978756028505      -0.0000049488355862      -0.0000035135004577
0.7853981633974478     11.7888107559856774      -0.0000050159765857      -0.0000035148301312
0.7853981633974478     11.9142236363685043      -0.0000050843626651      -0.0000035162028806
0.7853981633974478     12.0396365167513313      -0.0000051540349442      -0.0000035176204993
0.7853981633974478     12.1650493971341582      -0.0000052250362739      -0.0000035190848895
0.7853981633974478     12.2904622775169852      -0.0000052974113504      -0.0000035205980697
0.7853981633974478     12.4158751578998121      -0.0000053712068189      -0.0000035221621742
0.7853981633974478     12.5412880382826391      -0.0000054464713957      -0.0000035237794713
0.7853981633974478     12.6667009186654660      -0.0000055232559825      -0.0000035254523584
0.7853981633974478     12.7921137990482929      -0.0000056016138089      -0.0000035271833783
0.7853981633974478     12.9175266794311199      -0.0000056816005611      -0.0000035289752272
0.7853981633974478     13.0429395598139468      -0.0000057632745414      -0.0000035308307626
0.7853981633974478     13.1683524401967738      -0.0000058466968200      -0.0000035327530198
0.7853981633974478     13.2937653205796007      -0.0000059319314053      -0.0000035347452226
0.7853981633974478     13.4191782009624276      -0.0000060190454319      -0.0000035368107912
0.7853981633974478     13.5445910813452546      -0.0000061081093528      -0.0000035389533638
0.7853981633974478     13.6700039617280815      -0.0000061991971550      -0.0000035411768074
0.7853981633974478     13.7954168421109085      -0.0000062923865875      -0.0000035434852462
0.7853981633974478     13.9208297224937354      -0.0000063877593973      -0.0000035458830699
0.7853981633974478     14.0462426028765623      -0.0000064854016005      -0.0000035483749606
0.7853981633974478     14.1716554832593893      -0.0000065854037698      -0.0000035509659133
0.7853981633974478     14.2970683636422162      -0.0000066878613349      -0.0000035536612608
0.7853981633974478     14.4224812440250432      -0.0000067928749309      -0.0000035564667096
0.7853981633974478     14.5478941244078701      -0.0000069005507423      -0.0000035593883627
0.7853981633974478     14.6733070047906971      -0.0000070110009062      -0.0000035624327596
0.7853981633974478     14.7987198851735240      -0.0000071243439358      -0.0000035656069065
0.7853981633974478     14.9241327655563509      -0.0000072407051854      -0.0000035689183234
0.7853981633974478     15.0495456459391779      -0.0000073602173564      -0.0000035723750864
0.7853981633974478     15.1749585263220048      -0.0000074830210466      -0.0000035759858887
0.7853981633974478     15.3003714067048318      -0.0000076092653433      -0.0000035797600841
0.7853981633974478     15.4257842870876587      -0.0000077391084902      -0.0000035837077509
0.7853981633974478     15.5511971674704856      -0.0000078727186056      -0.0000035878397671
0.7853981633974478     15.6766100478533126      -0.0000080102744681      -0.0000035921678830
    
1.0471975511965974     0.0000000000000000      -0.0000018385681634      -0.0000046167816005
1.0471975511965974     0.1254128803828261      -0.0000018720576173      -0.0000046169796830
1.0471975511965974     0.2508257607656522      -0.0000019057199203      -0.0000046171820415
1.0471975511965974     0.3762386411484783      -0.0000019395590977      -0.0000046173887522
1.0471975511965974     0.5016515215313043      -0.0000019735792518      -0.0000046175998947
1.0471975511965974     0.6270644019141304      -0.0000020077845513      -0.0000046178155476
1.0471975511965974     0.7524772822969564      -0.0000020421792430      -0.0000046180357963
1.0471975511965974     0.8778901626797825      -0.0000020767676506      -0.0000046182607265
1.0471975511965974     1.0033030430626086      -0.0000021115541812      -0.0000046184904232
1.0471975511965974     1.1287159234454347      -0.0000021465433204      -0.0000046187249796
1.0471975511965974     1.2541288038282608      -0.0000021817396444      -0.0000046189644898
1.0471975511965974     1.3795416842110868      -0.0000022171478152      -0.0000046192090502
1.0471975511965974     1.5049545645939129      -0.0000022527725823      -0.0000046194587593
1.0471975511965974     1.6303674449767389      -0.0000022886187959      -0.0000046197137227
1.0471975511965974     1.7557803253595650      -0.0000023246914004      -0.0000046199740424
1.0471975511965974     1.8811932057423910      -0.0000023609954393      -0.0000046202398284
1.0471975511965974     2.0066060861252173      -0.0000023975360627      -0.0000046205111994
1.0471975511965974     2.1320189665080433      -0.0000024343185238      -0.0000046207882648
1.0471975511965974     2.2574318468908694      -0.0000024713481877      -0.0000046210711483
1.0471975511965974     2.3828447272736955      -0.0000025086305341      -0.0000046213599742
1.0471975511965974     2.5082576076565215      -0.0000025461711646      -0.0000046216548664
1.0471975511965974     2.6336704880393476      -0.0000025839757965      -0.0000046219559632
1.0471975511965974     2.7590833684221736      -0.0000026220502767      -0.0000046222634029
1.0471975511965974     2.8844962488049997      -0.0000026604005811      -0.0000046225773242
1.0471975511965974     3.0099091291878257      -0.0000026990328201      -0.0000046228978748
1.0471975511965974     3.1353220095706518      -0.0000027379532500      -0.0000046232252100
1.0471975511965974     3.2607348899534778      -0.0000027771682668      -0.0000046235594873
1.0471975511965974     3.3861477703363039      -0.0000028166844140      -0.0000046239008727
1.0471975511965974     3.5115606507191299      -0.0000028565083982      -0.0000046242495361
1.0471975511965974     3.6369735311019560      -0.0000028966470865      -0.0000046246056528
1.0471975511965974     3.7623864114847820      -0.0000029371075129      -0.0000046249694108
1.0471975511965974     3.8877992918676081      -0.0000029778968899      -0.0000046253410043
1.0471975511965974     4.0132121722504346      -0.0000030190226119      -0.0000046257206315
1.0471975511965974     4.1386250526332606      -0.0000030604922634      -0.0000046261085064
1.0471975511965974     4.2640379330160867      -0.0000031023136356      -0.0000046265048482
1.0471975511965974     4.3894508133989127      -0.0000031444947273      -0.0000046269098863
1.0471975511965974     4.5148636937817388      -0.0000031870437653      -0.0000046273238709
1.0471975511965974     4.6402765741645648      -0.0000032299692061      -0.0000046277470646
1.0471975511965974     4.7656894545473909      -0.0000032732797609      -0.0000046281797400
1.0471975511965974     4.8911023349302170      -0.0000033169844133      -0.0000046286222002
1.0471975511965974     5.0165152153130430      -0.0000033610924372      -0.0000046290747693
1.0471975511965974     5.1419280956958691      -0.0000034056134296      -0.0000046295378051
1.0471975511965974     5.2673409760786951      -0.0000034505573367      -0.0000046300117168
1.0471975511965974     5.3927538564615212      -0.0000034959345059      -0.0000046304969630
1.0471975511965974     5.5181667368443472      -0.0000035417557439      -0.0000046309940904
1.0471975511965974     5.6435796172271733      -0.0000035880324099      -0.0000046315037674
1.0471975511965974     5.7689924976099993      -0.0000036347765532      -0.0000046320268625
1.0471975511965974     5.8944053779928254      -0.0000036820011257      -0.0000046325646144
1.0471975511965974     6.0198182583756514      -0.0000037297203207      -0.0000046331190032
1.0471975511965974     6.1452311387584775      -0.0000037779501680      -0.0000046336937904
1.0471975511965974     6.2706440191413035      -0.0000038267088109      -0.0000046342982975
1.0471975511965974     6.3960568995241296      -0.0000038760054600      -0.0000046349604657
1.0471975511965974     6.5214697799069556      -0.0000039257634856      -0.0000046356690007
1.0471975511965974     6.6468826602897817      -0.0000039761345808      -0.0000046362661000
1.0471975511965974     6.7722955406726077      -0.0000040272260540      -0.0000046369650794
1.0471975511965974     6.8977084210554338      -0.0000040790123641      -0.0000046378285728
1.0471975511965974     7.0231213014382599      -0.0000041315576546      -0.0000046390467696
1.0471975511965974     7.1485341818210859      -0.0000041845433918      -0.0000046413105047
1.0471975511965974     7.2739470622039120      -0.0000042353687798      -0.0000046435961718
1.0471975511965974     7.3993599425867380      -0.0000042882531186      -0.0000046424946795
1.0471975511965974     7.5247728229695641      -0.0000043435914307      -0.0000046430752779
1.0471975511965974     7.6501857033523901      -0.0000043986802438      -0.0000046447452167
1.0471975511965974     7.7755985837352162      -0.0000044532481806      -0.0000046462063524
1.0471975511965974     7.9010114641180422      -0.0000045092639352      -0.0000046456533211
1.0471975511965974     8.0264243445008692      -0.0000045676414456      -0.0000046461672569
1.0471975511965974     8.1518372248836961      -0.0000046272399447      -0.0000046483946366
1.0471975511965974     8.2772501052665231      -0.0000046858396504      -0.0000046541757053
1.0471975511965974     8.4026629856493500      -0.0000047374767744      -0.0000046560249573
1.0471975511965974     8.5280758660321769      -0.0000047969595796      -0.0000046522736964
1.0471975511965974     8.6534887464150039      -0.0000048587815568      -0.0000046530412818
1.0471975511965974     8.7789016267978308      -0.0000049195815996      -0.0000046538349352
1.0471975511965974     8.9043145071806578      -0.0000049803864784      -0.0000046540613344
1.0471975511965974     9.0297273875634847      -0.0000050438868016      -0.0000046527957848
1.0471975511965974     9.1551402679463116      -0.0000051089290430      -0.0000046531234950
1.0471975511965974     9.2805531483291386      -0.0000051742672889      -0.0000046535983221
1.0471975511965974     9.4059660287119655      -0.0000052408415690      -0.0000046541247077
1.0471975511965974     9.5313789090947925      -0.0000053083249606      -0.0000046549577003
1.0471975511965974     9.6567917894776194      -0.0000053766899512      -0.0000046559219949
1.0471975511965974     9.7822046698604463      -0.0000054459955018      -0.0000046569633637
1.0471975511965974     9.9076175502432733      -0.0000055162925553      -0.0000046580594879
1.0471975511965974     10.0330304306261002      -0.0000055876246841      -0.0000046592025968
1.0471975511965974     10.1584433110089272      -0.0000056600314762      -0.0000046603883215
1.0471975511965974     10.2838561913917541      -0.0000057335514152      -0.0000046616146457
1.0471975511965974     10.4092690717745811      -0.0000058082219763      -0.0000046628812709
1.0471975511965974     10.5346819521574080      -0.0000058840806673      -0.0000046641882721
1.0471975511965974     10.6600948325402349      -0.0000059611655349      -0.0000046655362763
1.0471975511965974     10.7855077129230619      -0.0000060395154053      -0.0000046669262190
1.0471975511965974     10.9109205933058888      -0.0000061191701217      -0.0000046683592767
1.0471975511965974     11.0363334736887158      -0.0000062001707335      -0.0000046698368073
1.0471975511965974     11.1617463540715427      -0.0000062825596482      -0.0000046713603297
1.0471975511965974     11.2871592344543696      -0.0000063663807633      -0.0000046729314995
1.0471975511965974     11.4125721148371966      -0.0000064516796050      -0.0000046745520994
1.0471975511965974     11.5379849952200235      -0.0000065385034421      -0.0000046762240465
1.0471975511965974     11.6633978756028505      -0.0000066269014034      -0.0000046779493821
1.0471975511965974     11.7888107559856774      -0.0000067169246023      -0.0000046797302761
1.0471975511965974     11.9142236363685043      -0.0000068086262574      -0.0000046815690287
1.0471975511965974     12.0396365167513313      -0.0000069020618249      -0.0000046834680813
1.0471975511965974     12.1650493971341582      -0.0000069972891257      -0.0000046854300186
1.0471975511965974     12.2904622775169852      -0.0000070943684883      -0.0000046874575766
1.0471975511965974     12.4158751578998121      -0.0000071933628956      -0.0000046895536550
1.0471975511965974     12.5412880382826391      -0.0000072943381422      -0.0000046917213207
1.0471975511965974     12.6667009186654660      -0.0000073973629984      -0.0000046939638260
1.0471975511965974     12.7921137990482929      -0.0000075025093879      -0.0000046962846129
1.0471975511965974     12.9175266794311199      -0.0000076098525797      -0.0000046986873312
1.0471975511965974     13.0429395598139468      -0.0000077194713859      -0.0000047011758501
1.0471975511965974     13.1683524401967738      -0.0000078314483815      -0.0000047037542799
1.0471975511965974     13.2937653205796007      -0.0000079458701295      -0.0000047064269833
1.0471975511965974     13.4191782009624276      -0.0000080628274296      -0.0000047091985919
1.0471975511965974     13.5445910813452546      -0.0000081824155944      -0.0000047120740292
1.0471975511965974     13.6700039617280815      -0.0000083047347311      -0.0000047150585330
1.0471975511965974     13.7954168421109085      -0.0000084298900491      -0.0000047181576843
1.0471975511965974     13.9208297224937354      -0.0000085579921900      -0.0000047213774313
1.0471975511965974     14.0462426028765623      -0.0000086891575917      -0.0000047247241116
1.0471975511965974     14.1716554832593893      -0.0000088235088710      -0.0000047282044914
1.0471975511965974     14.2970683636422162      -0.0000089611752532      -0.0000047318257948
1.0471975511965974     14.4224812440250432      -0.0000091022930207      -0.0000047355957507
1.0471975511965974     14.5478941244078701      -0.0000092470059976      -0.0000047395226333
1.0471975511965974     14.6733070047906971      -0.0000093954660917      -0.0000047436153004
1.0471975511965974     14.7987198851735240      -0.0000095478338714      -0.0000047478832502
1.0471975511965974     14.9241327655563509      -0.0000097042791982      -0.0000047523366733
1.0471975511965974     15.0495456459391779      -0.0000098649819193      -0.0000047569865226
1.0471975511965974     15.1749585263220048      -0.0000100301326057      -0.0000047618445821
1.0471975511965974     15.3003714067048318      -0.0000101999333699      -0.0000047669235373
1.0471975511965974     15.4257842870876587      -0.0000103745987655      -0.0000047722370594
1.0471975511965974     15.5511971674704856      -0.0000105543567660      -0.0000047777998989
1.0471975511965974     15.6766100478533126      -0.0000107394498461      -0.0000047836279971
    
1.3089969389957474     0.0000000000000000      -0.0000021753030586      -0.0000054576446793
1.3089969389957474     0.1254128803828261      -0.0000022148872400      -0.0000054578646738
1.3089969389957474     0.2508257607656522      -0.0000022546755849      -0.0000054580896451
1.3089969389957474     0.3762386411484783      -0.0000022946728462      -0.0000054583196863
1.3089969389957474     0.5016515215313043      -0.0000023348838685      -0.0000054585548855
1.3089969389957474     0.6270644019141304      -0.0000023753135709      -0.0000054587953353
1.3089969389957474     0.7524772822969564      -0.0000024159669661      -0.0000054590411332
1.3089969389957474     0.8778901626797825      -0.0000024568491614      -0.0000054592923829
1.3089969389957474     1.0033030430626086      -0.0000024979653555      -0.0000054595491755
1.3089969389957474     1.1287159234454347      -0.0000025393208438      -0.0000054598116268
1.3089969389957474     1.2541288038282608      -0.0000025809210272      -0.0000054600798418
1.3089969389957474     1.3795416842110868      -0.0000026227714091      -0.0000054603539310
1.3089969389957474     1.5049545645939129      -0.0000026648775912      -0.0000054606340100
1.3089969389957474     1.6303674449767389      -0.0000027072452999      -0.0000054609202026
1.3089969389957474     1.7557803253595650      -0.0000027498803719      -0.0000054612126218
1.3089969389957474     1.8811932057423910      -0.0000027927887515      -0.0000054615114015
1.3089969389957474     2.0066060861252173      -0.0000028359765209      -0.0000054618166749
1.3089969389957474     2.1320189665080433      -0.0000028794498776      -0.0000054621285684
1.3089969389957474     2.2574318468908694      -0.0000029232151451      -0.0000054624472261
1.3089969389957474     2.3828447272736955      -0.0000029672787972      -0.0000054627727925
1.3089969389957474     2.5082576076565215      -0.0000030116474350      -0.0000054631054101
1.3089969389957474     2.6336704880393476      -0.0000030563277999      -0.0000054634452384
1.3089969389957474     2.7590833684221736      -0.0000031013267930      -0.0000054637924377
1.3089969389957474     2.8844962488049997      -0.0000031466514594      -0.0000054641471690
1.3089969389957474     3.0099091291878257      -0.0000031923089998      -0.0000054645096015
1.3089969389957474     3.1353220095706518      -0.0000032383067958      -0.0000054648799187
1.3089969389957474     3.2607348899534778      -0.0000032846523821      -0.0000054652582989
1.3089969389957474     3.3861477703363039      -0.0000033313534703      -0.0000054656449350
1.3089969389957474     3.5115606507191299      -0.0000033784179660      -0.0000054660400246
1.3089969389957474     3.6369735311019560      -0.0000034258539585      -0.0000054664437671
1.3089969389957474     3.7623864114847820      -0.0000034736697284      -0.0000054668563807
1.3089969389957474     3.8877992918676081      -0.0000035218737758      -0.0000054672780909
1.3089969389957474     4.0132121722504346      -0.0000035704747994      -0.0000054677091209
1.3089969389957474     4.1386250526332606      -0.0000036194817264      -0.0000054681497210
1.3089969389957474     4.2640379330160867      -0.0000036689037236      -0.0000054686001384
1.3089969389957474     4.3894508133989127      -0.0000037187501963      -0.0000054690606407
1.3089969389957474     4.5148636937817388      -0.0000037690308084      -0.0000054695315069
1.3089969389957474     4.6402765741645648      -0.0000038197554985      -0.0000054700130401
1.3089969389957474     4.7656894545473909      -0.0000038709344903      -0.0000054705055448
1.3089969389957474     4.8911023349302170      -0.0000039225783167      -0.0000054710093661
1.3089969389957474     5.0165152153130430      -0.0000039746978470      -0.0000054715248644
1.3089969389957474     5.1419280956958691      -0.0000040273043072      -0.0000054720524402
1.3089969389957474     5.2673409760786951      -0.0000040804093208      -0.0000054725925420
1.3089969389957474     5.3927538564615212      -0.0000041340249530      -0.0000054731456758
1.3089969389957474     5.5181667368443472      -0.0000041881637747      -0.0000054737124295
1.3089969389957474     5.6435796172271733      -0.0000042428389491      -0.0000054742935164
1.3089969389957474     5.7689924976099993      -0.0000042980643813      -0.0000054748898402
1.3089969389957474     5.8944053779928254      -0.0000043538549142      -0.0000054755026585
1.3089969389957474     6.0198182583756514      -0.0000044102266646      -0.0000054761339242
1.3089969389957474     6.1452311387584775      -0.0000044671975690      -0.0000054767871702
1.3089969389957474     6.2706440191413035      -0.0000045247878065      -0.0000054774707666
1.3089969389957474     6.3960568995241296      -0.0000045830107470      -0.0000054782090345
1.3089969389957474     6.5214697799069556      -0.0000046418092896      -0.0000054789944801
1.3089969389957474     6.6468826602897817      -0.0000047013183097      -0.0000054796995256
1.3089969389957474     6.7722955406726077      -0.0000047616391092      -0.0000054805114220
1.3089969389957474     6.8977084210554338      -0.0000048227661153      -0.0000054815108644
1.3089969389957474     7.0231213014382599      -0.0000048847409292      -0.0000054829558925
1.3089969389957474     7.1485341818210859      -0.0000049469017178      -0.0000054855178179
1.3089969389957474     7.2739470622039120      -0.0000050072595269      -0.0000054872886964
1.3089969389957474     7.3993599425867380      -0.0000050701844208      -0.0000054863983946
1.3089969389957474     7.5247728229695641      -0.0000051352032925      -0.0000054871319756
1.3089969389957474     7.6501857033523901      -0.0000052002903828      -0.0000054884938914
1.3089969389957474     7.7755985837352162      -0.0000052654264505      -0.0000054901033069
1.3089969389957474     7.9010114641180422      -0.0000053316964584      -0.0000054898502959
1.3089969389957474     8.0264243445008692      -0.0000054005070289      -0.0000054904523177
1.3089969389957474     8.1518372248836961      -0.0000054707328621      -0.0000054928806435
1.3089969389957474     8.2772501052665231      -0.0000055403757705      -0.0000054987328371
1.3089969389957474     8.4026629856493500      -0.0000056032542101      -0.0000055025354390
1.3089969389957474     8.5280758660321769      -0.0000056712730831      -0.0000054988179422
1.3089969389957474     8.6534887464150039      -0.0000057437472770      -0.0000054984291056
1.3089969389957474     8.7789016267978308      -0.0000058163311040      -0.0000054984013787
1.3089969389957474     8.9043145071806578      -0.0000058893485297      -0.0000054988516609
1.3089969389957474     9.0297273875634847      -0.0000059644991716      -0.0000054981953360
1.3089969389957474     9.1551402679463116      -0.0000060410755034      -0.0000054988401794
1.3089969389957474     9.2805531483291386      -0.0000061181880922      -0.0000054994843230
1.3089969389957474     9.4059660287119655      -0.0000061967313801      -0.0000055001890490
1.3089969389957474     9.5313789090947925      -0.0000062763624733      -0.0000055011975299
1.3089969389957474     9.6567917894776194      -0.0000063570598015      -0.0000055023421239
1.3089969389957474     9.7822046698604463      -0.0000064388766496      -0.0000055035818843
1.3089969389957474     9.9076175502432733      -0.0000065218359513      -0.0000055048649129
1.3089969389957474     10.0330304306261002      -0.0000066060555177      -0.0000055061650611
1.3089969389957474     10.1584433110089272      -0.0000066915632028      -0.0000055075294933
1.3089969389957474     10.2838561913917541      -0.0000067783872152      -0.0000055089467194
1.3089969389957474     10.4092690717745811      -0.0000068665705707      -0.0000055104122193
1.3089969389957474     10.5346819521574080      -0.0000069561573646      -0.0000055119249791
1.3089969389957474     10.6600948325402349      -0.0000070471922681      -0.0000055134854486
1.3089969389957474     10.7855077129230619      -0.0000071397208240      -0.0000055150946445
1.3089969389957474     10.9109205933058888      -0.0000072337897765      -0.0000055167539251
1.3089969389957474     11.0363334736887158      -0.0000073294473069      -0.0000055184648890
1.3089969389957474     11.1617463540715427      -0.0000074267432165      -0.0000055202293244
1.3089969389957474     11.2871592344543696      -0.0000075257290706      -0.0000055220491822
1.3089969389957474     11.4125721148371966      -0.0000076264583700      -0.0000055239265538
1.3089969389957474     11.5379849952200235      -0.0000077289866793      -0.0000055258636905
1.3089969389957474     11.6633978756028505      -0.0000078333717571      -0.0000055278629848
1.3089969389957474     11.7888107559856774      -0.0000079396737016      -0.0000055299269763
1.3089969389957474     11.9142236363685043      -0.0000080479550984      -0.0000055320583533
1.3089969389957474     12.0396365167513313      -0.0000081582811620      -0.0000055342599683
1.3089969389957474     12.1650493971341582      -0.0000082707198945      -0.0000055365348408
1.3089969389957474     12.2904622775169852      -0.0000083853422426      -0.0000055388861648
1.3089969389957474     12.4158751578998121      -0.0000085022222739      -0.0000055413173255
1.3089969389957474     12.5412880382826391      -0.0000086214373577      -0.0000055438318972
1.3089969389957474     12.6667009186654660      -0.0000087430683620      -0.0000055464336744
1.3089969389957474     12.7921137990482929      -0.0000088671998527      -0.0000055491266702
1.3089969389957474     12.9175266794311199      -0.0000089939203243      -0.0000055519151392
1.3089969389957474     13.0429395598139468      -0.0000091233224249      -0.0000055548035921
1.3089969389957474     13.1683524401967738      -0.0000092555032183      -0.0000055577968172
1.3089969389957474     13.2937653205796007      -0.0000093905644437      -0.0000055608998966
1.3089969389957474     13.4191782009624276      -0.0000095286128077      -0.0000055641182266
1.3089969389957474     13.5445910813452546      -0.0000096697603051      -0.0000055674575407
1.3089969389957474     13.6700039617280815      -0.0000098141245479      -0.0000055709239405
1.3089969389957474     13.7954168421109085      -0.0000099618291222      -0.0000055745239206
1.3089969389957474     13.9208297224937354      -0.0000101130039805      -0.0000055782644054
1.3089969389957474     14.0462426028765623      -0.0000102677858579      -0.0000055821527705
1.3089969389957474     14.1716554832593893      -0.0000104263187219      -0.0000055861968889
1.3089969389957474     14.2970683636422162      -0.0000105887542745      -0.0000055904051677
1.3089969389957474     14.4224812440250432      -0.0000107552524656      -0.0000055947865947
1.3089969389957474     14.5478941244078701      -0.0000109259820724      -0.0000055993507921
1.3089969389957474     14.6733070047906971      -0.0000111011213181      -0.0000056041080573
1.3089969389957474     14.7987198851735240      -0.0000112808585485      -0.0000056090694312
1.3089969389957474     14.9241327655563509      -0.0000114653929664      -0.0000056142467576
1.3089969389957474     15.0495456459391779      -0.0000116549354331      -0.0000056196527635
1.3089969389957474     15.1749585263220048      -0.0000118497093302      -0.0000056253011311
1.3089969389957474     15.3003714067048318      -0.0000120499515135      -0.0000056312065900
1.3089969389957474     15.4257842870876587      -0.0000122559133495      -0.0000056373850109
1.3089969389957474     15.5511971674704856      -0.0000124678618530      -0.0000056438535099
1.3089969389957474     15.6766100478533126      -0.0000126860809419      -0.0000056506305809
    
1.5707963267948966     0.0000000000000000      -0.0000022934797434      -0.0000057649082088
1.5707963267948966     0.1254128803828261      -0.0000023352539821      -0.0000057651197962
1.5707963267948966     0.2508257607656522      -0.0000023772428947      -0.0000057653365256
1.5707963267948966     0.3762386411484783      -0.0000024194514843      -0.0000057655584892
1.5707963267948966     0.5016515215313043      -0.0000024618848406      -0.0000057657857761
1.5707963267948966     0.6270644019141304      -0.0000025045481437      -0.0000057660184851
1.5707963267948966     0.7524772822969564      -0.0000025474466662      -0.0000057662567129
1.5707963267948966     0.8778901626797825      -0.0000025905857797      -0.0000057665005633
1.5707963267948966     1.0033030430626086      -0.0000026339709516      -0.0000057667501364
1.5707963267948966     1.1287159234454347      -0.0000026776077554      -0.0000057670055464
1.5707963267948966     1.2541288038282608      -0.0000027215018665      -0.0000057672669003
1.5707963267948966     1.3795416842110868      -0.0000027656590729      -0.0000057675343135
1.5707963267948966     1.5049545645939129      -0.0000028100852710      -0.0000057678079052
1.5707963267948966     1.6303674449767389      -0.0000028547864771      -0.0000057680877964
1.5707963267948966     1.7557803253595650      -0.0000028997688281      -0.0000057683741105
1.5707963267948966     1.8811932057423910      -0.0000029450385794      -0.0000057686669836
1.5707963267948966     2.0066060861252173      -0.0000029906021177      -0.0000057689665442
1.5707963267948966     2.1320189665080433      -0.0000030364659620      -0.0000057692729329
1.5707963267948966     2.2574318468908694      -0.0000030826367619      -0.0000057695862916
1.5707963267948966     2.3828447272736955      -0.0000031291213195      -0.0000057699067658
1.5707963267948966     2.5082576076565215      -0.0000031759265705      -0.0000057702345116
1.5707963267948966     2.6336704880393476      -0.0000032230596055      -0.0000057705696841
1.5707963267948966     2.7590833684221736      -0.0000032705276720      -0.0000057709124483
1.5707963267948966     2.8844962488049997      -0.0000033183381738      -0.0000057712629735
1.5707963267948966     3.0099091291878257      -0.0000033664986827      -0.0000057716214329
1.5707963267948966     3.1353220095706518      -0.0000034150169456      -0.0000057719880111
1.5707963267948966     3.2607348899534778      -0.0000034639008804      -0.0000057723628969
1.5707963267948966     3.3861477703363039      -0.0000035131585916      -0.0000057727462843
1.5707963267948966     3.5115606507191299      -0.0000035627983781      -0.0000057731383754
1.5707963267948966     3.6369735311019560      -0.0000036128287353      -0.0000057735393807
1.5707963267948966     3.7623864114847820      -0.0000036632583641      -0.0000057739495195
1.5707963267948966     3.8877992918676081      -0.0000037140961824      -0.0000057743690230
1.5707963267948966     4.0132121722504346      -0.0000037653513245      -0.0000057747981255
1.5707963267948966     4.1386250526332606      -0.0000038170331657      -0.0000057752370778
1.5707963267948966     4.2640379330160867      -0.0000038691513198      -0.0000057756861359
1.5707963267948966     4.3894508133989127      -0.0000039217156609      -0.0000057761455775
1.5707963267948966     4.5148636937817388      -0.0000039747363242      -0.0000057766156859
1.5707963267948966     4.6402765741645648      -0.0000040282237345      -0.0000057770967679
1.5707963267948966     4.7656894545473909      -0.0000040821886131      -0.0000057775891428
1.5707963267948966     4.8911023349302170      -0.0000041366420017      -0.0000057780931569
1.5707963267948966     5.0165152153130430      -0.0000041915952880      -0.0000057786091812
1.5707963267948966     5.1419280956958691      -0.0000042470602294      -0.0000057791376242
1.5707963267948966     5.2673409760786951      -0.0000043030489941      -0.0000057796789358
1.5707963267948966     5.3927538564615212      -0.0000043595741978      -0.0000057802336318
1.5707963267948966     5.5181667368443472      -0.0000044166489735      -0.0000057808022967
1.5707963267948966     5.6435796172271733      -0.0000044742870517      -0.0000057813856373
1.5707963267948966     5.7689924976099993      -0.0000045325028896      -0.0000057819845268
1.5707963267948966     5.8944053779928254      -0.0000045913118668      -0.0000057826001381
1.5707963267948966     6.0198182583756514      -0.0000046507305614      -0.0000057832341995
1.5707963267948966     6.1452311387584775      -0.0000047107772206      -0.0000057838895631
1.5707963267948966     6.2706440191413035      -0.0000047714723448      -0.0000057845722426
1.5707963267948966     6.3960568995241296      -0.0000048328340996      -0.0000057852980647
1.5707963267948966     6.5214697799069556      -0.0000048948438980      -0.0000057860671554
1.5707963267948966     6.6468826602897817      -0.0000049575937847      -0.0000057868174248
1.5707963267948966     6.7722955406726077      -0.0000050211647896      -0.0000057876740677
1.5707963267948966     6.8977084210554338      -0.0000050855875720      -0.0000057887445287
1.5707963267948966     7.0231213014382599      -0.0000051508620873      -0.0000057903891298
1.5707963267948966     7.1485341818210859      -0.0000052157791341      -0.0000057932062821
1.5707963267948966     7.2739470622039120      -0.0000052795277275      -0.0000057938951505
1.5707963267948966     7.3993599425867380      -0.0000053464748251      -0.0000057933593234
1.5707963267948966     7.5247728229695641      -0.0000054147156413      -0.0000057943505597
1.5707963267948966     7.6501857033523901      -0.0000054831688001      -0.0000057955481491
1.5707963267948966     7.7755985837352162      -0.0000055519787908      -0.0000057968325219
1.5707963267948966     7.9010114641180422      -0.0000056221188594      -0.0000057967664791
1.5707963267948966     8.0264243445008692      -0.0000056945259045      -0.0000057974880553
1.5707963267948966     8.1518372248836961      -0.0000057683926119      -0.0000057997850812
1.5707963267948966     8.2772501052665231      -0.0000058425037716      -0.0000058051281502
1.5707963267948966     8.4026629856493500      -0.0000059104891760      -0.0000058118337806
1.5707963267948966     8.5280758660321769      -0.0000059785846177      -0.0000058082029096
1.5707963267948966     8.6534887464150039      -0.0000060545900780      -0.0000058059244156
1.5707963267948966     8.7789016267978308      -0.0000061315857737      -0.0000058050984347
1.5707963267948966     8.9043145071806578      -0.0000062095543265      -0.0000058051914612
1.5707963267948966     9.0297273875634847      -0.0000062890352091      -0.0000058051426748
1.5707963267948966     9.1551402679463116      -0.0000063695564399      -0.0000058059728710
1.5707963267948966     9.2805531483291386      -0.0000064508201166      -0.0000058067070414
1.5707963267948966     9.4059660287119655      -0.0000065334891571      -0.0000058075311413
1.5707963267948966     9.5313789090947925      -0.0000066172969749      -0.0000058086070928
1.5707963267948966     9.6567917894776194      -0.0000067022457476      -0.0000058098134725
1.5707963267948966     9.7822046698604463      -0.0000067883626668      -0.0000058111504381
1.5707963267948966     9.9076175502432733      -0.0000068755790501      -0.0000058124852464
1.5707963267948966     10.0330304306261002      -0.0000069642076970      -0.0000058137383817
1.5707963267948966     10.1584433110089272      -0.0000070542314348      -0.0000058151020781
1.5707963267948966     10.2838561913917541      -0.0000071456347900      -0.0000058165382402
1.5707963267948966     10.4092690717745811      -0.0000072384616882      -0.0000058180296940
1.5707963267948966     10.5346819521574080      -0.0000073327594945      -0.0000058195718480
1.5707963267948966     10.6600948325402349      -0.0000074285756630      -0.0000058211640010
1.5707963267948966     10.7855077129230619      -0.0000075259581719      -0.0000058228067560
1.5707963267948966     10.9109205933058888      -0.0000076249560734      -0.0000058245013136
1.5707963267948966     11.0363334736887158      -0.0000077256198238      -0.0000058262492306
1.5707963267948966     11.1617463540715427      -0.0000078280015166      -0.0000058280523010
1.5707963267948966     11.2871592344543696      -0.0000079321550618      -0.0000058299125117
1.5707963267948966     11.4125721148371966      -0.0000080381363664      -0.0000058318320038
1.5707963267948966     11.5379849952200235      -0.0000081460034838      -0.0000058338130888
1.5707963267948966     11.6633978756028505      -0.0000082558167407      -0.0000058358582299
1.5707963267948966     11.7888107559856774      -0.0000083676388977      -0.0000058379700370
1.5707963267948966     11.9142236363685043      -0.0000084815353042      -0.0000058401512793
1.5707963267948966     12.0396365167513313      -0.0000085975740407      -0.0000058424048908
1.5707963267948966     12.1650493971341582      -0.0000087158260869      -0.0000058447339807
1.5707963267948966     12.2904622775169852      -0.0000088363654829      -0.0000058471418397
1.5707963267948966     12.4158751578998121      -0.0000089592695091      -0.0000058496319481
1.5707963267948966     12.5412880382826391      -0.0000090846188782      -0.0000058522079865
1.5707963267948966     12.6667009186654660      -0.0000092124979373      -0.0000058548738559
1.5707963267948966     12.7921137990482929      -0.0000093429948739      -0.0000058576336866
1.5707963267948966     12.9175266794311199      -0.0000094762019482      -0.0000058604918554
1.5707963267948966     13.0429395598139468      -0.0000096122157347      -0.0000058634530012
1.5707963267948966     13.1683524401967738      -0.0000097511373856      -0.0000058665220454
1.5707963267948966     13.2937653205796007      -0.0000098930729003      -0.0000058697042124
1.5707963267948966     13.4191782009624276      -0.0000100381334355      -0.0000058730050470
1.5707963267948966     13.5445910813452546      -0.0000101864356187      -0.0000058764304423
1.5707963267948966     13.6700039617280815      -0.0000103381018972      -0.0000058799866668
1.5707963267948966     13.7954168421109085      -0.0000104932609065      -0.0000058836803890
1.5707963267948966     13.9208297224937354      -0.0000106520478734      -0.0000058875187146
1.5707963267948966     14.0462426028765623      -0.0000108146050389      -0.0000058915092169
1.5707963267948966     14.1716554832593893      -0.0000109810821325      -0.0000058956599726
1.5707963267948966     14.2970683636422162      -0.0000111516368698      -0.0000058999796093
1.5707963267948966     14.4224812440250432      -0.0000113264354918      -0.0000059044773429
1.5707963267948966     14.5478941244078701      -0.0000115056533633      -0.0000059091630332
1.5707963267948966     14.6733070047906971      -0.0000116894755978      -0.0000059140472346
1.5707963267948966     14.7987198851735240      -0.0000118780977583      -0.0000059191412555
1.5707963267948966     14.9241327655563509      -0.0000120717266068      -0.0000059244572295
1.5707963267948966     15.0495456459391779      -0.0000122705809156      -0.0000059300081812
1.5707963267948966     15.1749585263220048      -0.0000124748923667      -0.0000059358081069
1.5707963267948966     15.3003714067048318      -0.0000126849065184      -0.0000059418720690
1.5707963267948966     15.4257842870876587      -0.0000129008838649      -0.0000059482162903
1.5707963267948966     15.5511971674704856      -0.0000131231009972      -0.0000059548582628
1.5707963267948966     15.6766100478533126      -0.0000133518518731      -0.0000059618168737
    
1.8325957145940457     0.0000000000000000      -0.0000021681782832      -0.0000054564070430
1.8325957145940457     0.1254128803828261      -0.0000022076893486      -0.0000054565862690
1.8325957145940457     0.2508257607656522      -0.0000022474028609      -0.0000054567702503
1.8325957145940457     0.3762386411484783      -0.0000022873235420      -0.0000054569590664
1.8325957145940457     0.5016515215313043      -0.0000023274561881      -0.0000054571528007
1.8325957145940457     0.6270644019141304      -0.0000023678056921      -0.0000054573515449
1.8325957145940457     0.7524772822969564      -0.0000024083770291      -0.0000054575553864
1.8325957145940457     0.8778901626797825      -0.0000024491752641      -0.0000054577644159
1.8325957145940457     1.0033030430626086      -0.0000024902055576      -0.0000054579787350
1.8325957145940457     1.1287159234454347      -0.0000025314731699      -0.0000054581984401
1.8325957145940457     1.2541288038282608      -0.0000025729834512      -0.0000054584236319
1.8325957145940457     1.3795416842110868      -0.0000026147418616      -0.0000054586544177
1.8325957145940457     1.5049545645939129      -0.0000026567539703      -0.0000054588909067
1.8325957145940457     1.6303674449767389      -0.0000026990254472      -0.0000054591332048
1.8325957145940457     1.7557803253595650      -0.0000027415620793      -0.0000054593814349
1.8325957145940457     1.8811932057423910      -0.0000027843697761      -0.0000054596357164
1.8325957145940457     2.0066060861252173      -0.0000028274545516      -0.0000054598961645
1.8325957145940457     2.1320189665080433      -0.0000028708225584      -0.0000054601629159
1.8325957145940457     2.2574318468908694      -0.0000029144800742      -0.0000054604360966
1.8325957145940457     2.3828447272736955      -0.0000029584335062      -0.0000054607158391
1.8325957145940457     2.5082576076565215      -0.0000030026893977      -0.0000054610022943
1.8325957145940457     2.6336704880393476      -0.0000030472544412      -0.0000054612955989
1.8325957145940457     2.7590833684221736      -0.0000030921354650      -0.0000054615959052
1.8325957145940457     2.8844962488049997      -0.0000031373394536      -0.0000054619033717
1.8325957145940457     3.0099091291878257      -0.0000031828735546      -0.0000054622181596
1.8325957145940457     3.1353220095706518      -0.0000032287450630      -0.0000054625404337
1.8325957145940457     3.2607348899534778      -0.0000032749614509      -0.0000054628703743
1.8325957145940457     3.3861477703363039      -0.0000033215303648      -0.0000054632081572
1.8325957145940457     3.5115606507191299      -0.0000033684596257      -0.0000054635539676
1.8325957145940457     3.6369735311019560      -0.0000034157572460      -0.0000054639080064
1.8325957145940457     3.7623864114847820      -0.0000034634314376      -0.0000054642704720
1.8325957145940457     3.8877992918676081      -0.0000035114906018      -0.0000054646415767
1.8325957145940457     4.0132121722504346      -0.0000035599433595      -0.0000054650215448
1.8325957145940457     4.1386250526332606      -0.0000036087985553      -0.0000054654106005
1.8325957145940457     4.2640379330160867      -0.0000036580652529      -0.0000054658089872
1.8325957145940457     4.3894508133989127      -0.0000037077527695      -0.0000054662169623
1.8325957145940457     4.5148636937817388      -0.0000037578706675      -0.0000054666347908
1.8325957145940457     4.6402765741645648      -0.0000038084287805      -0.0000054670627530
1.8325957145940457     4.7656894545473909      -0.0000038594372279      -0.0000054675011561
1.8325957145940457     4.8911023349302170      -0.0000039109064337      -0.0000054679503173
1.8325957145940457     5.0165152153130430      -0.0000039628471451      -0.0000054684105894
1.8325957145940457     5.1419280956958691      -0.0000040152704674      -0.0000054688823555
1.8325957145940457     5.2673409760786951      -0.0000040681878943      -0.0000054693660385
1.8325957145940457     5.3927538564615212      -0.0000041216113456      -0.0000054698621246
1.8325957145940457     5.5181667368443472      -0.0000041755532364      -0.0000054703711650
1.8325957145940457     5.6435796172271733      -0.0000042300265526      -0.0000054708938230
1.8325957145940457     5.7689924976099993      -0.0000042850449553      -0.0000054714309086
1.8325957145940457     5.8944053779928254      -0.0000043406229790      -0.0000054719834768
1.8325957145940457     6.0198182583756514      -0.0000043967762481      -0.0000054725530004
1.8325957145940457     6.1452311387584775      -0.0000044535218828      -0.0000054731416557
1.8325957145940457     6.2706440191413035      -0.0000045108792022      -0.0000054737531875
1.8325957145940457     6.3960568995241296      -0.0000045688693853      -0.0000054743953353
1.8325957145940457     6.5214697799069556      -0.0000046275086853      -0.0000054750753168
1.8325957145940457     6.6468826602897817      -0.0000046868471516      -0.0000054757928687
1.8325957145940457     6.7722955406726077      -0.0000047469449175      -0.0000054766143589
1.8325957145940457     6.8977084210554338      -0.0000048078653122      -0.0000054776716545
1.8325957145940457     7.0231213014382599      -0.0000048695701203      -0.0000054794184893
1.8325957145940457     7.1485341818210859      -0.0000049303584876      -0.0000054823971590
1.8325957145940457     7.2739470622039120      -0.0000049904241637      -0.0000054820577184
1.8325957145940457     7.3993599425867380      -0.0000050541859953      -0.0000054817047607
1.8325957145940457     7.5247728229695641      -0.0000051185046442      -0.0000054827855237
1.8325957145940457     7.6501857033523901      -0.0000051830905120      -0.0000054838229021
1.8325957145940457     7.7755985837352162      -0.0000052481324988      -0.0000054845353084
1.8325957145940457     7.9010114641180422      -0.0000053148601435      -0.0000054846265360
1.8325957145940457     8.0264243445008692      -0.0000053832807592      -0.0000054855147777
1.8325957145940457     8.1518372248836961      -0.0000054530659999      -0.0000054875951609
1.8325957145940457     8.2772501052665231      -0.0000055237910240      -0.0000054924193543
1.8325957145940457     8.4026629856493500      -0.0000055887563579      -0.0000055015629443
1.8325957145940457     8.5280758660321769      -0.0000056494060225      -0.0000054977479924
1.8325957145940457     8.6534887464150039      -0.0000057211489089      -0.0000054936014573
1.8325957145940457     8.7789016267978308      -0.0000057943354899      -0.0000054922939707
1.8325957145940457     8.9043145071806578      -0.0000058686769397      -0.0000054918449263
1.8325957145940457     9.0297273875634847      -0.0000059440746772      -0.0000054921294984
1.8325957145940457     9.1551402679463116      -0.0000060201027748      -0.0000054929351083
1.8325957145940457     9.2805531483291386      -0.0000060969752368      -0.0000054936443932
1.8325957145940457     9.4059660287119655      -0.0000061750408260      -0.0000054944852217
1.8325957145940457     9.5313789090947925      -0.0000062541609032      -0.0000054955034178
1.8325957145940457     9.6567917894776194      -0.0000063343683914      -0.0000054966377330
1.8325957145940457     9.7822046698604463      -0.0000064156601686      -0.0000054979336673
1.8325957145940457     9.9076175502432733      -0.0000064978686607      -0.0000054991759768
1.8325957145940457     10.0330304306261002      -0.0000065815043215      -0.0000055002297454
1.8325957145940457     10.1584433110089272      -0.0000066664995994      -0.0000055014375049
1.8325957145940457     10.2838561913917541      -0.0000067527893909      -0.0000055027336376
1.8325957145940457     10.4092690717745811      -0.0000068404142152      -0.0000055040876555
1.8325957145940457     10.5346819521574080      -0.0000069294203098      -0.0000055054911270
1.8325957145940457     10.6600948325402349      -0.0000070198533294      -0.0000055069419733
1.8325957145940457     10.7855077129230619      -0.0000071117589262      -0.0000055084401834
1.8325957145940457     10.9109205933058888      -0.0000072051835039      -0.0000055099866014
1.8325957145940457     11.0363334736887158      -0.0000073001746408      -0.0000055115825291
1.8325957145940457     11.1617463540715427      -0.0000073967813643      -0.0000055132295467
1.8325957145940457     11.2871592344543696      -0.0000074950543600      -0.0000055149294436
1.8325957145940457     11.4125721148371966      -0.0000075950461471      -0.0000055166841712
1.8325957145940457     11.5379849952200235      -0.0000076968112332      -0.0000055184958450
1.8325957145940457     11.6633978756028505      -0.0000078004062355      -0.0000055203667292
1.8325957145940457     11.7888107559856774      -0.0000079058900382      -0.0000055222992232
1.8325957145940457     11.9142236363685043      -0.0000080133239360      -0.0000055242958796
1.8325957145940457     12.0396365167513313      -0.0000081227717722      -0.0000055263594021
1.8325957145940457     12.1650493971341582      -0.0000082343000915      -0.0000055284926590
1.8325957145940457     12.2904622775169852      -0.0000083479782952      -0.0000055306986889
1.8325957145940457     12.4158751578998121      -0.0000084638788039      -0.0000055329807000
1.8325957145940457     12.5412880382826391      -0.0000085820772431      -0.0000055353420918
1.8325957145940457     12.6667009186654660      -0.0000087026526268      -0.0000055377864611
1.8325957145940457     12.7921137990482929      -0.0000088256875537      -0.0000055403176220
1.8325957145940457     12.9175266794311199      -0.0000089512684145      -0.0000055429396144
1.8325957145940457     13.0429395598139468      -0.0000090794856261      -0.0000055456567192
1.8325957145940457     13.1683524401967738      -0.0000092104338690      -0.0000055484734769
1.8325957145940457     13.2937653205796007      -0.0000093442123417      -0.0000055513947072
1.8325957145940457     13.4191782009624276      -0.0000094809250525      -0.0000055544255250
1.8325957145940457     13.5445910813452546      -0.0000096206810982      -0.0000055575713687
1.8325957145940457     13.6700039617280815      -0.0000097635949946      -0.0000055608380191
1.8325957145940457     13.7954168421109085      -0.0000099097870209      -0.0000055642316257
1.8325957145940457     13.9208297224937354      -0.0000100593835887      -0.0000055677587356
1.8325957145940457     14.0462426028765623      -0.0000102125176354      -0.0000055714263322
1.8325957145940457     14.1716554832593893      -0.0000103693290661      -0.0000055752418589
1.8325957145940457     14.2970683636422162      -0.0000105299652011      -0.0000055792132666
1.8325957145940457     14.4224812440250432      -0.0000106945812881      -0.0000055833490457
1.8325957145940457     14.5478941244078701      -0.0000108633410509      -0.0000055876582711
1.8325957145940457     14.6733070047906971      -0.0000110364172671      -0.0000055921506626
1.8325957145940457     14.7987198851735240      -0.0000112139924150      -0.0000055968366280
1.8325957145940457     14.9241327655563509      -0.0000113962593621      -0.0000056017273365
1.8325957145940457     15.0495456459391779      -0.0000115834221100      -0.0000056068347660
1.8325957145940457     15.1749585263220048      -0.0000117756966343      -0.0000056121717862
1.8325957145940457     15.3003714067048318      -0.0000119733117689      -0.0000056177522406
1.8325957145940457     15.4257842870876587      -0.0000121765101823      -0.0000056235910354
1.8325957145940457     15.5511971674704856      -0.0000123855494432      -0.0000056297042437
1.8325957145940457     15.6766100478533126      -0.0000126007031787      -0.0000056361092076
    
2.0943951023931957     0.0000000000000000      -0.0000018397185153      -0.0000046149696889
2.0943951023931957     0.1254128803828261      -0.0000018731578565      -0.0000046151053826
2.0943951023931957     0.2508257607656522      -0.0000019067688383      -0.0000046152450245
2.0943951023931957     0.3762386411484783      -0.0000019405554602      -0.0000046153886793
2.0943951023931957     0.5016515215313043      -0.0000019745217883      -0.0000046155364188
2.0943951023931957     0.6270644019141304      -0.0000020086719679      -0.0000046156883149
2.0943951023931957     0.7524772822969564      -0.0000020430102166      -0.0000046158444422
2.0943951023931957     0.8778901626797825      -0.0000020775408262      -0.0000046160048743
2.0943951023931957     1.0033030430626086      -0.0000021122681730      -0.0000046161696968
2.0943951023931957     1.1287159234454347      -0.0000021471967123      -0.0000046163389874
2.0943951023931957     1.2541288038282608      -0.0000021823309820      -0.0000046165128315
2.0943951023931957     1.3795416842110868      -0.0000022176756096      -0.0000046166913172
2.0943951023931957     1.5049545645939129      -0.0000022532353164      -0.0000046168745333
2.0943951023931957     1.6303674449767389      -0.0000022890149111      -0.0000046170625706
2.0943951023931957     1.7557803253595650      -0.0000023250192982      -0.0000046172555312
2.0943951023931957     1.8811932057423910      -0.0000023612534887      -0.0000046174535103
2.0943951023931957     2.0066060861252173      -0.0000023977225834      -0.0000046176566103
2.0943951023931957     2.1320189665080433      -0.0000024344317979      -0.0000046178649385
2.0943951023931957     2.2574318468908694      -0.0000024713864595      -0.0000046180786028
2.0943951023931957     2.3828447272736955      -0.0000025085919976      -0.0000046182977162
2.0943951023931957     2.5082576076565215      -0.0000025460539658      -0.0000046185223993
2.0943951023931957     2.6336704880393476      -0.0000025837780391      -0.0000046187527706
2.0943951023931957     2.7590833684221736      -0.0000026217700098      -0.0000046189889557
2.0943951023931957     2.8844962488049997      -0.0000026600358056      -0.0000046192310850
2.0943951023931957     3.0099091291878257      -0.0000026985814907      -0.0000046194792962
2.0943951023931957     3.1353220095706518      -0.0000027374132545      -0.0000046197337266
2.0943951023931957     3.2607348899534778      -0.0000027765374412      -0.0000046199945247
2.0943951023931957     3.3861477703363039      -0.0000028159605408      -0.0000046202618396
2.0943951023931957     3.5115606507191299      -0.0000028556891944      -0.0000046205358273
2.0943951023931957     3.6369735311019560      -0.0000028957302064      -0.0000046208166552
2.0943951023931957     3.7623864114847820      -0.0000029360905513      -0.0000046211044915
2.0943951023931957     3.8877992918676081      -0.0000029767773670      -0.0000046213995144
2.0943951023931957     4.0132121722504346      -0.0000030177979822      -0.0000046217019128
2.0943951023931957     4.1386250526332606      -0.0000030591599135      -0.0000046220118766
2.0943951023931957     4.2640379330160867      -0.0000031008708742      -0.0000046223296149
2.0943951023931957     4.3894508133989127      -0.0000031429387873      -0.0000046226553437
2.0943951023931957     4.5148636937817388      -0.0000031853717970      -0.0000046229892924
2.0943951023931957     4.6402765741645648      -0.0000032281782785      -0.0000046233317008
2.0943951023931957     4.7656894545473909      -0.0000032713668588      -0.0000046236828340
2.0943951023931957     4.8911023349302170      -0.0000033149464327      -0.0000046240429689
2.0943951023931957     5.0165152153130430      -0.0000033589261780      -0.0000046244124150
2.0943951023931957     5.1419280956958691      -0.0000034033155938      -0.0000046247915083
2.0943951023931957     5.2673409760786951      -0.0000034481245218      -0.0000046251806306
2.0943951023931957     5.3927538564615212      -0.0000034933631938      -0.0000046255802121
2.0943951023931957     5.5181667368443472      -0.0000035390422916      -0.0000046259907598
2.0943951023931957     5.6435796172271733      -0.0000035851730216      -0.0000046264128825
2.0943951023931957     5.7689924976099993      -0.0000036317672178      -0.0000046268473357
2.0943951023931957     5.8944053779928254      -0.0000036788375290      -0.0000046272951030
2.0943951023931957     6.0198182583756514      -0.0000037263976388      -0.0000046277575455
2.0943951023931957     6.1452311387584775      -0.0000037744626454      -0.0000046282366230
2.0943951023931957     6.2706440191413035      -0.0000038230497997      -0.0000046287353714
2.0943951023931957     6.3960568995241296      -0.0000038721795685      -0.0000046292590181
2.0943951023931957     6.5214697799069556      -0.0000039218776996      -0.0000046298171422
2.0943951023931957     6.6468826602897817      -0.0000039721797042      -0.0000046304297006
2.0943951023931957     6.7722955406726077      -0.0000040231380045      -0.0000046311458184
2.0943951023931957     6.8977084210554338      -0.0000040748261663      -0.0000046321090689
2.0943951023931957     7.0231213014382599      -0.0000041271929236      -0.0000046338167985
2.0943951023931957     7.1485341818210859      -0.0000041783463430      -0.0000046368376394
2.0943951023931957     7.2739470622039120      -0.0000042286187284      -0.0000046361301244
2.0943951023931957     7.3993599425867380      -0.0000042827299407      -0.0000046355195233
2.0943951023931957     7.5247728229695641      -0.0000043372110736      -0.0000046362939314
2.0943951023931957     7.6501857033523901      -0.0000043920333126      -0.0000046370345323
2.0943951023931957     7.7755985837352162      -0.0000044473117073      -0.0000046372206093
2.0943951023931957     7.9010114641180422      -0.0000045043974881      -0.0000046375307213
2.0943951023931957     8.0264243445008692      -0.0000045625342854      -0.0000046386357595
2.0943951023931957     8.1518372248836961      -0.0000046218490309      -0.0000046406839274
2.0943951023931957     8.2772501052665231      -0.0000046821586758      -0.0000046455526051
2.0943951023931957     8.4026629856493500      -0.0000047361618507      -0.0000046553789546
2.0943951023931957     8.5280758660321769      -0.0000047847961534      -0.0000046508581809
2.0943951023931957     8.6534887464150039      -0.0000048458980889      -0.0000046456142810
2.0943951023931957     8.7789016267978308      -0.0000049084083094      -0.0000046443507875
2.0943951023931957     8.9043145071806578      -0.0000049715261458      -0.0000046436206998
2.0943951023931957     9.0297273875634847      -0.0000050355884051      -0.0000046437654233
2.0943951023931957     9.1551402679463116      -0.0000051000974591      -0.0000046443146021
2.0943951023931957     9.2805531483291386      -0.0000051654062606      -0.0000046448792565
2.0943951023931957     9.4059660287119655      -0.0000052315922285      -0.0000046456179934
2.0943951023931957     9.5313789090947925      -0.0000052986418369      -0.0000046464695544
2.0943951023931957     9.6567917894776194      -0.0000053666130707      -0.0000046474184832
2.0943951023931957     9.7822046698604463      -0.0000054354855995      -0.0000046485351404
2.0943951023931957     9.9076175502432733      -0.0000055050439631      -0.0000046495701777
2.0943951023931957     10.0330304306261002      -0.0000055758801377      -0.0000046503647476
2.0943951023931957     10.1584433110089272      -0.0000056479002156      -0.0000046513271971
2.0943951023931957     10.2838561913917541      -0.0000057210125672      -0.0000046523799307
2.0943951023931957     10.4092690717745811      -0.0000057952514616      -0.0000046534864342
2.0943951023931957     10.5346819521574080      -0.0000058706577089      -0.0000046546364697
2.0943951023931957     10.6600948325402349      -0.0000059472710691      -0.0000046558271632
2.0943951023931957     10.7855077129230619      -0.0000060251309027      -0.0000046570580382
2.0943951023931957     10.9109205933058888      -0.0000061042769739      -0.0000046583295751
2.0943951023931957     11.0363334736887158      -0.0000061847499140      -0.0000046596427358
2.0943951023931957     11.1617463540715427      -0.0000062665915041      -0.0000046609987696
2.0943951023931957     11.2871592344543696      -0.0000063498448846      -0.0000046623991233
2.0943951023931957     11.4125721148371966      -0.0000064345547178      -0.0000046638454017
2.0943951023931957     11.5379849952200235      -0.0000065207673218      -0.0000046653393558
2.0943951023931957     11.6633978756028505      -0.0000066085307922      -0.0000046668828641
2.0943951023931957     11.7888107559856774      -0.0000066978951330      -0.0000046684779281
2.0943951023931957     11.9142236363685043      -0.0000067889123788      -0.0000046701266768
2.0943951023931957     12.0396365167513313      -0.0000068816367241      -0.0000046718313718
2.0943951023931957     12.1650493971341582      -0.0000069761246433      -0.0000046735944136
2.0943951023931957     12.2904622775169852      -0.0000070724350308      -0.0000046754183456
2.0943951023931957     12.4158751578998121      -0.0000071706293379      -0.0000046773058586
2.0943951023931957     12.5412880382826391      -0.0000072707717309      -0.0000046792598011
2.0943951023931957     12.6667009186654660      -0.0000073729292476      -0.0000046812831897
2.0943951023931957     12.7921137990482929      -0.0000074771719647      -0.0000046833792255
2.0943951023931957     12.9175266794311199      -0.0000075835731741      -0.0000046855512993
2.0943951023931957     13.0429395598139468      -0.0000076922095796      -0.0000046878030055
2.0943951023931957     13.1683524401967738      -0.0000078031614997      -0.0000046901381568
2.0943951023931957     13.2937653205796007      -0.0000079165130886      -0.0000046925607999
2.0943951023931957     13.4191782009624276      -0.0000080323525750      -0.0000046950752325
2.0943951023931957     13.5445910813452546      -0.0000081507725065      -0.0000046976860251
2.0943951023931957     13.6700039617280815      -0.0000082718700241      -0.0000047003980348
2.0943951023931957     13.7954168421109085      -0.0000083957471581      -0.0000047032164309
2.0943951023931957     13.9208297224937354      -0.0000085225111392      -0.0000047061467153
2.0943951023931957     14.0462426028765623      -0.0000086522747394      -0.0000047091947584
2.0943951023931957     14.1716554832593893      -0.0000087851566334      -0.0000047123668219
2.0943951023931957     14.2970683636422162      -0.0000089212817884      -0.0000047156695907
2.0943951023931957     14.4224812440250432      -0.0000090607818964      -0.0000047191102068
2.0943951023931957     14.5478941244078701      -0.0000092037958350      -0.0000047226963017
2.0943951023931957     14.6733070047906971      -0.0000093504701684      -0.0000047264360507
2.0943951023931957     14.7987198851735240      -0.0000095009596865      -0.0000047303382130
2.0943951023931957     14.9241327655563509      -0.0000096554279868      -0.0000047344121857
2.0943951023931957     15.0495456459391779      -0.0000098140481164      -0.0000047386680480
2.0943951023931957     15.1749585263220048      -0.0000099770032741      -0.0000047431166304
2.0943951023931957     15.3003714067048318      -0.0000101444875688      -0.0000047477695812
2.0943951023931957     15.4257842870876587      -0.0000103167068443      -0.0000047526394497
2.0943951023931957     15.5511971674704856      -0.0000104938795781      -0.0000047577397680
2.0943951023931957     15.6766100478533126      -0.0000106762378672      -0.0000047630851366
    
2.3561944901923448     0.0000000000000000      -0.0000014000265247      -0.0000034661211544
2.3561944901923448     0.1254128803828261      -0.0000014252336758      -0.0000034662150386
2.3561944901923448     0.2508257607656522      -0.0000014505718243      -0.0000034663118722
2.3561944901923448     0.3762386411484783      -0.0000014760440101      -0.0000034664117074
2.3561944901923448     0.5016515215313043      -0.0000015016533339      -0.0000034665145998
2.3561944901923448     0.6270644019141304      -0.0000015274029451      -0.0000034666205978
2.3561944901923448     0.7524772822969564      -0.0000015532960553      -0.0000034667297610
2.3561944901923448     0.8778901626797825      -0.0000015793359336      -0.0000034668421471
2.3561944901923448     1.0033030430626086      -0.0000016055259134      -0.0000034669578145
2.3561944901923448     1.1287159234454347      -0.0000016318693832      -0.0000034670768256
2.3561944901923448     1.2541288038282608      -0.0000016583698060      -0.0000034671992453
2.3561944901923448     1.3795416842110868      -0.0000016850307075      -0.0000034673251380
2.3561944901923448     1.5049545645939129      -0.0000017118556807      -0.0000034674545693
2.3561944901923448     1.6303674449767389      -0.0000017388483976      -0.0000034675876152
2.3561944901923448     1.7557803253595650      -0.0000017660125979      -0.0000034677243453
2.3561944901923448     1.8811932057423910      -0.0000017933520969      -0.0000034678648326
2.3561944901923448     2.0066060861252173      -0.0000018208707949      -0.0000034680091635
2.3561944901923448     2.1320189665080433      -0.0000018485726672      -0.0000034681574076
2.3561944901923448     2.2574318468908694      -0.0000018764617792      -0.0000034683096536
2.3561944901923448     2.3828447272736955      -0.0000019045422780      -0.0000034684659918
2.3561944901923448     2.5082576076565215      -0.0000019328184065      -0.0000034686265029
2.3561944901923448     2.6336704880393476      -0.0000019612944936      -0.0000034687912868
2.3561944901923448     2.7590833684221736      -0.0000019899749707      -0.0000034689604376
2.3561944901923448     2.8844962488049997      -0.0000020188643696      -0.0000034691340512
2.3561944901923448     3.0099091291878257      -0.0000020479673204      -0.0000034693122349
2.3561944901923448     3.1353220095706518      -0.0000020772885659      -0.0000034694950970
2.3561944901923448     3.2607348899534778      -0.0000021068329587      -0.0000034696827446
2.3561944901923448     3.3861477703363039      -0.0000021366054650      -0.0000034698752970
2.3561944901923448     3.5115606507191299      -0.0000021666111765      -0.0000034700728760
2.3561944901923448     3.6369735311019560      -0.0000021968553080      -0.0000034702756046
2.3561944901923448     3.7623864114847820      -0.0000022273432018      -0.0000034704836181
2.3561944901923448     3.8877992918676081      -0.0000022580803428      -0.0000034706970552
2.3561944901923448     4.0132121722504346      -0.0000022890723570      -0.0000034709160571
2.3561944901923448     4.1386250526332606      -0.0000023203250165      -0.0000034711407789
2.3561944901923448     4.2640379330160867      -0.0000023518442640      -0.0000034713713836
2.3561944901923448     4.3894508133989127      -0.0000023836361935      -0.0000034716080401
2.3561944901923448     4.5148636937817388      -0.0000024157070876      -0.0000034718509329
2.3561944901923448     4.6402765741645648      -0.0000024480634136      -0.0000034721002589
2.3561944901923448     4.7656894545473909      -0.0000024807118427      -0.0000034723562267
2.3561944901923448     4.8911023349302170      -0.0000025136592667      -0.0000034726190708
2.3561944901923448     5.0165152153130430      -0.0000025469128161      -0.0000034728890470
2.3561944901923448     5.1419280956958691      -0.0000025804798898      -0.0000034731664394
2.3561944901923448     5.2673409760786951      -0.0000026143681784      -0.0000034734515822
2.3561944901923448     5.3927538564615212      -0.0000026485857199      -0.0000034737448482
2.3561944901923448     5.5181667368443472      -0.0000026831409515      -0.0000034740467017
2.3561944901923448     5.6435796172271733      -0.0000027180427874      -0.0000034743577092
2.3561944901923448     5.7689924976099993      -0.0000027533007439      -0.0000034746786071
2.3561944901923448     5.8944053779928254      -0.0000027889251141      -0.0000034750103966
2.3561944901923448     6.0198182583756514      -0.0000028249272603      -0.0000034753545502
2.3561944901923448     6.1452311387584775      -0.0000028613200311      -0.0000034757134528
2.3561944901923448     6.2706440191413035      -0.0000028981184288      -0.0000034760915671
2.3561944901923448     6.3960568995241296      -0.0000029353382267      -0.0000034764991701
2.3561944901923448     6.5214697799069556      -0.0000029729815324      -0.0000034769418962
2.3561944901923448     6.6468826602897817      -0.0000030111074098      -0.0000034774038101
2.3561944901923448     6.7722955406726077      -0.0000030497795639      -0.0000034779730339
2.3561944901923448     6.8977084210554338      -0.0000030890525901      -0.0000034787882609
2.3561944901923448     7.0231213014382599      -0.0000031288952676      -0.0000034803254097
2.3561944901923448     7.1485341818210859      -0.0000031676128231      -0.0000034832818409
2.3561944901923448     7.2739470622039120      -0.0000032045819398      -0.0000034831013427
2.3561944901923448     7.3993599425867380      -0.0000032451212453      -0.0000034817436555
2.3561944901923448     7.5247728229695641      -0.0000032865724175      -0.0000034817838253
2.3561944901923448     7.6501857033523901      -0.0000033285196203      -0.0000034820475583
2.3561944901923448     7.7755985837352162      -0.0000033709201342      -0.0000034819510255
2.3561944901923448     7.9010114641180422      -0.0000034148178299      -0.0000034825758570
2.3561944901923448     8.0264243445008692      -0.0000034592500390      -0.0000034839280974
2.3561944901923448     8.1518372248836961      -0.0000035046440000      -0.0000034862560594
2.3561944901923448     8.2772501052665231      -0.0000035502837236      -0.0000034919545518
2.3561944901923448     8.4026629856493500      -0.0000035880028987      -0.0000035003040500
2.3561944901923448     8.5280758660321769      -0.0000036236257964      -0.0000034945573161
2.3561944901923448     8.6534887464150039      -0.0000036707042355      -0.0000034893140497
2.3561944901923448     8.7789016267978308      -0.0000037187552312      -0.0000034886165788
2.3561944901923448     8.9043145071806578      -0.0000037661083855      -0.0000034880977950
2.3561944901923448     9.0297273875634847      -0.0000038146691348      -0.0000034876294522
2.3561944901923448     9.1551402679463116      -0.0000038638301796      -0.0000034877466734
2.3561944901923448     9.2805531483291386      -0.0000039136123713      -0.0000034880807132
2.3561944901923448     9.4059660287119655      -0.0000039639453175      -0.0000034886230360
2.3561944901923448     9.5313789090947925      -0.0000040148983350      -0.0000034892445746
2.3561944901923448     9.6567917894776194      -0.0000040665410724      -0.0000034899448900
2.3561944901923448     9.7822046698604463      -0.0000041188575685      -0.0000034907870902
2.3561944901923448     9.9076175502432733      -0.0000041716617790      -0.0000034915572248
2.3561944901923448     10.0330304306261002      -0.0000042254612716      -0.0000034921184022
2.3561944901923448     10.1584433110089272      -0.0000042801735819      -0.0000034928216898
2.3561944901923448     10.2838561913917541      -0.0000043357174812      -0.0000034936001248
2.3561944901923448     10.4092690717745811      -0.0000043921200796      -0.0000034944219403
2.3561944901923448     10.5346819521574080      -0.0000044494138570      -0.0000034952781487
2.3561944901923448     10.6600948325402349      -0.0000045076302015      -0.0000034961660667
2.3561944901923448     10.7855077129230619      -0.0000045668000056      -0.0000034970851069
2.3561944901923448     10.9109205933058888      -0.0000046269543312      -0.0000034980355176
2.3561944901923448     11.0363334736887158      -0.0000046881248284      -0.0000034990179574
2.3561944901923448     11.1617463540715427      -0.0000047503439866      -0.0000035000333330
2.3561944901923448     11.2871592344543696      -0.0000048136453114      -0.0000035010827151
2.3561944901923448     11.4125721148371966      -0.0000048780634668      -0.0000035021673132
2.3561944901923448     11.5379849952200235      -0.0000049436343726      -0.0000035032884571
2.3561944901923448     11.6633978756028505      -0.0000050103953243      -0.0000035044475746
2.3561944901923448     11.7888107559856774      -0.0000050783850883      -0.0000035056462022
2.3561944901923448     11.9142236363685043      -0.0000051476439992      -0.0000035068859714
2.3561944901923448     12.0396365167513313      -0.0000052182140717      -0.0000035081686250
2.3561944901923448     12.1650493971341582      -0.0000052901390899      -0.0000035094960128
2.3561944901923448     12.2904622775169852      -0.0000053634647214      -0.0000035108700953
2.3561944901923448     12.4158751578998121      -0.0000054382386297      -0.0000035122929570
2.3561944901923448     12.5412880382826391      -0.0000055145105934      -0.0000035137667993
2.3561944901923448     12.6667009186654660      -0.0000055923326346      -0.0000035152939617
2.3561944901923448     12.7921137990482929      -0.0000056717591482      -0.0000035168769256
2.3561944901923448     12.9175266794311199      -0.0000057528470499      -0.0000035185183228
2.3561944901923448     13.0429395598139468      -0.0000058356559198      -0.0000035202209467
2.3561944901923448     13.1683524401967738      -0.0000059202481716      -0.0000035219877628
2.3561944901923448     13.2937653205796007      -0.0000060066892300      -0.0000035238219190
2.3561944901923448     13.4191782009624276      -0.0000060950477063      -0.0000035257267639
2.3561944901923448     13.5445910813452546      -0.0000061853956114      -0.0000035277058596
2.3561944901923448     13.6700039617280815      -0.0000062778085612      -0.0000035297629950
2.3561944901923448     13.7954168421109085      -0.0000063723660129      -0.0000035319022060
2.3561944901923448     13.9208297224937354      -0.0000064691515152      -0.0000035341277934
2.3561944901923448     14.0462426028765623      -0.0000065682529837      -0.0000035364443457
2.3561944901923448     14.1716554832593893      -0.0000066697629733      -0.0000035388567670
2.3561944901923448     14.2970683636422162      -0.0000067737790091      -0.0000035413702914
2.3561944901923448     14.4224812440250432      -0.0000068804039179      -0.0000035439905192
2.3561944901923448     14.5478941244078701      -0.0000069897461956      -0.0000035467234409
2.3561944901923448     14.6733070047906971      -0.0000071019204182      -0.0000035495754743
2.3561944901923448     14.7987198851735240      -0.0000072170476619      -0.0000035525535093
2.3561944901923448     14.9241327655563509      -0.0000073352559709      -0.0000035556649356
2.3561944901923448     15.0495456459391779      -0.0000074566808838      -0.0000035589176938
2.3561944901923448     15.1749585263220048      -0.0000075814659793      -0.0000035623203228
2.3561944901923448     15.3003714067048318      -0.0000077097634977      -0.0000035658820149
2.3561944901923448     15.4257842870876587      -0.0000078417349997      -0.0000035696126872
2.3561944901923448     15.5511971674704856      -0.0000079775520884      -0.0000035735230407
2.3561944901923448     15.6766100478533126      -0.0000081173972126      -0.0000035776246365
    
2.6179938779914940     0.0000000000000000      -0.0000009667545277      -0.0000023176113275
2.6179938779914940     0.1254128803828261      -0.0000009837714692      -0.0000023176735131
2.6179938779914940     0.2508257607656522      -0.0000010008797396      -0.0000023177377145
2.6179938779914940     0.3762386411484783      -0.0000010180814408      -0.0000023178039703
2.6179938779914940     0.5016515215313043      -0.0000010353787200      -0.0000023178723188
2.6179938779914940     0.6270644019141304      -0.0000010527737548      -0.0000023179427929
2.6179938779914940     0.7524772822969564      -0.0000010702687694      -0.0000023180154348
2.6179938779914940     0.8778901626797825      -0.0000010878660298      -0.0000023180902872
2.6179938779914940     1.0033030430626086      -0.0000011055678452      -0.0000023181673872
2.6179938779914940     1.1287159234454347      -0.0000011233765651      -0.0000023182467808
2.6179938779914940     1.2541288038282608      -0.0000011412945947      -0.0000023183285138
2.6179938779914940     1.3795416842110868      -0.0000011593243810      -0.0000023184126307
2.6179938779914940     1.5049545645939129      -0.0000011774684172      -0.0000023184991782
2.6179938779914940     1.6303674449767389      -0.0000011957292575      -0.0000023185882116
2.6179938779914940     1.7557803253595650      -0.0000012141095031      -0.0000023186797771
2.6179938779914940     1.8811932057423910      -0.0000012326118046      -0.0000023187739285
2.6179938779914940     2.0066060861252173      -0.0000012512388817      -0.0000023188707285
2.6179938779914940     2.1320189665080433      -0.0000012699935012      -0.0000023189702245
2.6179938779914940     2.2574318468908694      -0.0000012888784939      -0.0000023190724813
2.6179938779914940     2.3828447272736955      -0.0000013078967551      -0.0000023191775641
2.6179938779914940     2.5082576076565215      -0.0000013270512443      -0.0000023192855284
2.6179938779914940     2.6336704880393476      -0.0000013463449813      -0.0000023193964482
2.6179938779914940     2.7590833684221736      -0.0000013657810651      -0.0000023195103901
2.6179938779914940     2.8844962488049997      -0.0000013853626635      -0.0000023196274230
2.6179938779914940     3.0099091291878257      -0.0000014050930127      -0.0000023197476224
2.6179938779914940     3.1353220095706518      -0.0000014249754394      -0.0000023198710679
2.6179938779914940     3.2607348899534778      -0.0000014450133433      -0.0000023199978350
2.6179938779914940     3.3861477703363039      -0.0000014652102075      -0.0000023201280116
2.6179938779914940     3.5115606507191299      -0.0000014855696097      -0.0000023202616872
2.6179938779914940     3.6369735311019560      -0.0000015060952158      -0.0000023203989489
2.6179938779914940     3.7623864114847820      -0.0000015267907834      -0.0000023205398976
2.6179938779914940     3.8877992918676081      -0.0000015476601826      -0.0000023206846353
2.6179938779914940     4.0132121722504346      -0.0000015687073827      -0.0000023208332646
2.6179938779914940     4.1386250526332606      -0.0000015899364634      -0.0000023209859044
2.6179938779914940     4.2640379330160867      -0.0000016113516355      -0.0000023211426752
2.6179938779914940     4.3894508133989127      -0.0000016329572232      -0.0000023213037059
2.6179938779914940     4.5148636937817388      -0.0000016547576958      -0.0000023214691381
2.6179938779914940     4.6402765741645648      -0.0000016767576670      -0.0000023216391279
2.6179938779914940     4.7656894545473909      -0.0000016989619094      -0.0000023218138382
2.6179938779914940     4.8911023349302170      -0.0000017213753704      -0.0000023219934596
2.6179938779914940     5.0165152153130430      -0.0000017440031961      -0.0000023221782023
2.6179938779914940     5.1419280956958691      -0.0000017668507480      -0.0000023223683077
2.6179938779914940     5.2673409760786951      -0.0000017899236390      -0.0000023225640614
2.6179938779914940     5.3927538564615212      -0.0000018132277856      -0.0000023227657983
2.6179938779914940     5.5181667368443472      -0.0000018367694625      -0.0000023229739460
2.6179938779914940     5.6435796172271733      -0.0000018605553883      -0.0000023231890511
2.6179938779914940     5.7689924976099993      -0.0000018845928730      -0.0000023234118655
2.6179938779914940     5.8944053779928254      -0.0000019088900051      -0.0000023236434801
2.6179938779914940     6.0198182583756514      -0.0000019334560351      -0.0000023238856421
2.6179938779914940     6.1452311387584775      -0.0000019583018922      -0.0000023241416020
2.6179938779914940     6.2706440191413035      -0.0000019834407019      -0.0000023244187078
2.6179938779914940     6.3960568995241296      -0.0000020088813427      -0.0000023247374196
2.6179938779914940     6.5214697799069556      -0.0000020345802742      -0.0000023250951528
2.6179938779914940     6.6468826602897817      -0.0000020606464059      -0.0000023254018977
2.6179938779914940     6.7722955406726077      -0.0000020871680849      -0.0000023258227935
2.6179938779914940     6.8977084210554338      -0.0000021141613883      -0.0000023264799813
2.6179938779914940     7.0231213014382599      -0.0000021416375437      -0.0000023277823555
2.6179938779914940     7.1485341818210859      -0.0000021683631187      -0.0000023306170621
2.6179938779914940     7.2739470622039120      -0.0000021920605454      -0.0000023315783059
2.6179938779914940     7.3993599425867380      -0.0000022187995102      -0.0000023292123059
2.6179938779914940     7.5247728229695641      -0.0000022474771785      -0.0000023283018446
2.6179938779914940     7.6501857033523901      -0.0000022768668619      -0.0000023280022067
2.6179938779914940     7.7755985837352162      -0.0000023067426273      -0.0000023278832854
2.6179938779914940     7.9010114641180422      -0.0000023374814080      -0.0000023288672621
2.6179938779914940     8.0264243445008692      -0.0000023684431979      -0.0000023304547956
2.6179938779914940     8.1518372248836961      -0.0000024001763952      -0.0000023332852146
2.6179938779914940     8.2772501052665231      -0.0000024308985797      -0.0000023403235981
2.6179938779914940     8.4026629856493500      -0.0000024514966130      -0.0000023457954886
2.6179938779914940     8.5280758660321769      -0.0000024761017298      -0.0000023386075098
2.6179938779914940     8.6534887464150039      -0.0000025094921404      -0.0000023341963413
2.6179938779914940     8.7789016267978308      -0.0000025432384490      -0.0000023343442710
2.6179938779914940     8.9043145071806578      -0.0000025746091537      -0.0000023344219181
2.6179938779914940     9.0297273875634847      -0.0000026076780350      -0.0000023330956710
2.6179938779914940     9.1551402679463116      -0.0000026417451084      -0.0000023327315717
2.6179938779914940     9.2805531483291386      -0.0000026761907319      -0.0000023328150315
2.6179938779914940     9.4059660287119655      -0.0000027109214478      -0.0000023331287480
2.6179938779914940     9.5313789090947925      -0.0000027460390610      -0.0000023335192820
2.6179938779914940     9.6567917894776194      -0.0000027816121740      -0.0000023339736722
2.6179938779914940     9.7822046698604463      -0.0000028176459053      -0.0000023345233626
2.6179938779914940     9.9076175502432733      -0.0000028540405866      -0.0000023350391672
2.6179938779914940     10.0330304306261002      -0.0000028911017240      -0.0000023354390746
2.6179938779914940     10.1584433110089272      -0.0000029287867845      -0.0000023359284320
2.6179938779914940     10.2838561913917541      -0.0000029670529933      -0.0000023364671305
2.6179938779914940     10.4092690717745811      -0.0000030059211516      -0.0000023370359620
2.6179938779914940     10.5346819521574080      -0.0000030454148874      -0.0000023376294232
2.6179938779914940     10.6600948325402349      -0.0000030855570602      -0.0000023382457928
2.6179938779914940     10.7855077129230619      -0.0000031263701987      -0.0000023388846911
2.6179938779914940     10.9109205933058888      -0.0000031678769240      -0.0000023395462943
2.6179938779914940     11.0363334736887158      -0.0000032101002492      -0.0000023402310580
2.6179938779914940     11.1617463540715427      -0.0000032530637761      -0.0000023409396116
2.6179938779914940     11.2871592344543696      -0.0000032967918261      -0.0000023416727078
2.6179938779914940     11.4125721148371966      -0.0000033413095480      -0.0000023424312101
2.6179938779914940     11.5379849952200235      -0.0000033866429906      -0.0000023432160722
2.6179938779914940     11.6633978756028505      -0.0000034328192028      -0.0000023440283237
2.6179938779914940     11.7888107559856774      -0.0000034798663029      -0.0000023448690797
2.6179938779914940     11.9142236363685043      -0.0000035278135558      -0.0000023457395302
2.6179938779914940     12.0396365167513313      -0.0000035766914548      -0.0000023466409493
2.6179938779914940     12.1650493971341582      -0.0000036265317981      -0.0000023475746921
2.6179938779914940     12.2904622775169852      -0.0000036773677708      -0.0000023485421979
2.6179938779914940     12.4158751578998121      -0.0000037292340363      -0.0000023495450032
2.6179938779914940     12.5412880382826391      -0.0000037821668218      -0.0000023505847337
2.6179938779914940     12.6667009186654660      -0.0000038362040176      -0.0000023516631214
2.6179938779914940     12.7921137990482929      -0.0000038913852781      -0.0000023527820030
2.6179938779914940     12.9175266794311199      -0.0000039477521380      -0.0000023539433322
2.6179938779914940     13.0429395598139468      -0.0000040053481168      -0.0000023551491873
2.6179938779914940     13.1683524401967738      -0.0000040642188511      -0.0000023564017789
2.6179938779914940     13.2937653205796007      -0.0000041244122304      -0.0000023577034570
2.6179938779914940     13.4191782009624276      -0.0000041859785300      -0.0000023590567252
2.6179938779914940     13.5445910813452546      -0.0000042489705810      -0.0000023604642497
2.6179938779914940     13.6700039617280815      -0.0000043134439256      -0.0000023619288739
2.6179938779914940     13.7954168421109085      -0.0000043794569979      -0.0000023634536309
2.6179938779914940     13.9208297224937354      -0.0000044470713194      -0.0000023650417617
2.6179938779914940     14.0462426028765623      -0.0000045163517108      -0.0000023666967270
2.6179938779914940     14.1716554832593893      -0.0000045873665050      -0.0000023684222324
2.6179938779914940     14.2970683636422162      -0.0000046601878085      -0.0000023702222407
2.6179938779914940     14.4224812440250432      -0.0000047348917551      -0.0000023721010002
2.6179938779914940     14.5478941244078701      -0.0000048115587947      -0.0000023740630675
2.6179938779914940     14.6733070047906971      -0.0000048902740133      -0.0000023761133313
2.6179938779914940     14.7987198851735240      -0.0000049711274651      -0.0000023782570499
2.6179938779914940     14.9241327655563509      -0.0000050542145439      -0.0000023804998724
2.6179938779914940     15.0495456459391779      -0.0000051396363993      -0.0000023828478869
2.6179938779914940     15.1749585263220048      -0.0000052275003628      -0.0000023853076553
2.6179938779914940     15.3003714067048318      -0.0000053179204432      -0.0000023878862592
2.6179938779914940     15.4257842870876587      -0.0000054110178499      -0.0000023905913543
2.6179938779914940     15.5511971674704856      -0.0000055069215747      -0.0000023934312197
2.6179938779914940     15.6766100478533126      -0.0000056057690344      -0.0000023964148261
    
2.8797932657906431     0.0000000000000000      -0.0000006527489105      -0.0000014769974228
2.8797932657906431     0.1254128803828261      -0.0000006637905187      -0.0000014770409282
2.8797932657906431     0.2508257607656522      -0.0000006748948886      -0.0000014770857979
2.8797932657906431     0.3762386411484783      -0.0000006860634470      -0.0000014771320566
2.8797932657906431     0.5016515215313043      -0.0000006972976442      -0.0000014771797293
2.8797932657906431     0.6270644019141304      -0.0000007085989620      -0.0000014772288443
2.8797932657906431     0.7524772822969564      -0.0000007199689098      -0.0000014772794281
2.8797932657906431     0.8778901626797825      -0.0000007314090280      -0.0000014773315103
2.8797932657906431     1.0033030430626086      -0.0000007429208842      -0.0000014773851208
2.8797932657906431     1.1287159234454347      -0.0000007545060841      -0.0000014774402886
2.8797932657906431     1.2541288038282608      -0.0000007661662631      -0.0000014774970465
2.8797932657906431     1.3795416842110868      -0.0000007779030901      -0.0000014775554285
2.8797932657906431     1.5049545645939129      -0.0000007897182709      -0.0000014776154693
2.8797932657906431     1.6303674449767389      -0.0000008016135457      -0.0000014776772020
2.8797932657906431     1.7557803253595650      -0.0000008135906955      -0.0000014777406653
2.8797932657906431     1.8811932057423910      -0.0000008256515381      -0.0000014778058990
2.8797932657906431     2.0066060861252173      -0.0000008377979321      -0.0000014778729396
2.8797932657906431     2.1320189665080433      -0.0000008500317778      -0.0000014779418338
2.8797932657906431     2.2574318468908694      -0.0000008623550171      -0.0000014780126219
2.8797932657906431     2.3828447272736955      -0.0000008747696409      -0.0000014780853476
2.8797932657906431     2.5082576076565215      -0.0000008872776817      -0.0000014781600613
2.8797932657906431     2.6336704880393476      -0.0000008998812232      -0.0000014782368091
2.8797932657906431     2.7590833684221736      -0.0000009125823984      -0.0000014783156401
2.8797932657906431     2.8844962488049997      -0.0000009253833922      -0.0000014783966094
2.8797932657906431     3.0099091291878257      -0.0000009382864440      -0.0000014784797674
2.8797932657906431     3.1353220095706518      -0.0000009512938536      -0.0000014785651699
2.8797932657906431     3.2607348899534778      -0.0000009644079771      -0.0000014786528788
2.8797932657906431     3.3861477703363039      -0.0000009776312343      -0.0000014787429552
2.8797932657906431     3.5115606507191299      -0.0000009909661077      -0.0000014788354646
2.8797932657906431     3.6369735311019560      -0.0000010044151496      -0.0000014789304760
2.8797932657906431     3.7623864114847820      -0.0000010179809847      -0.0000014790280611
2.8797932657906431     3.8877992918676081      -0.0000010316663132      -0.0000014791282956
2.8797932657906431     4.0132121722504346      -0.0000010454739170      -0.0000014792312626
2.8797932657906431     4.1386250526332606      -0.0000010594066635      -0.0000014793370491
2.8797932657906431     4.2640379330160867      -0.0000010734675099      -0.0000014794457477
2.8797932657906431     4.3894508133989127      -0.0000010876595172      -0.0000014795574621
2.8797932657906431     4.5148636937817388      -0.0000011019858496      -0.0000014796723036
2.8797932657906431     4.6402765741645648      -0.0000011164497885      -0.0000014797903961
2.8797932657906431     4.7656894545473909      -0.0000011310547452      -0.0000014799118797
2.8797932657906431     4.8911023349302170      -0.0000011458042728      -0.0000014800369072
2.8797932657906431     5.0165152153130430      -0.0000011607020934      -0.0000014801656614
2.8797932657906431     5.1419280956958691      -0.0000011757521080      -0.0000014802983575
2.8797932657906431     5.2673409760786951      -0.0000011909584451      -0.0000014804352422
2.8797932657906431     5.3927538564615212      -0.0000012063255010      -0.0000014805766348
2.8797932657906431     5.5181667368443472      -0.0000012218580068      -0.0000014807229372
2.8797932657906431     5.6435796172271733      -0.0000012375611232      -0.0000014808746921
2.8797932657906431     5.7689924976099993      -0.0000012534405943      -0.0000014810326797
2.8797932657906431     5.8944053779928254      -0.0000012695029703      -0.0000014811980899
2.8797932657906431     6.0198182583756514      -0.0000012857560529      -0.0000014813729466
2.8797932657906431     6.1452311387584775      -0.0000013022095241      -0.0000014815613377
2.8797932657906431     6.2706440191413035      -0.0000013188753100      -0.0000014817733974
2.8797932657906431     6.3960568995241296      -0.0000013357562413      -0.0000014820394018
2.8797932657906431     6.5214697799069556      -0.0000013527652660      -0.0000014823487980
2.8797932657906431     6.6468826602897817      -0.0000013700598858      -0.0000014825398346
2.8797932657906431     6.7722955406726077      -0.0000013877526717      -0.0000014828515652
2.8797932657906431     6.8977084210554338      -0.0000014058225936      -0.0000014833888556
2.8797932657906431     7.0231213014382599      -0.0000014243221499      -0.0000014844913107
2.8797932657906431     7.1485341818210859      -0.0000014424742980      -0.0000014872142016
2.8797932657906431     7.2739470622039120      -0.0000014564676919      -0.0000014892922620
2.8797932657906431     7.3993599425867380      -0.0000014730005217      -0.0000014860630069
2.8797932657906431     7.5247728229695641      -0.0000014924474275      -0.0000014843514366
2.8797932657906431     7.6501857033523901      -0.0000015127988617      -0.0000014835899730
2.8797932657906431     7.7755985837352162      -0.0000015336850497      -0.0000014835735565
2.8797932657906431     7.9010114641180422      -0.0000015548130265      -0.0000014848486393
2.8797932657906431     8.0264243445008692      -0.0000015760274007      -0.0000014866068712
2.8797932657906431     8.1518372248836961      -0.0000015978862610      -0.0000014899135086
2.8797932657906431     8.2772501052665231      -0.0000016175785430      -0.0000014981774068
2.8797932657906431     8.4026629856493500      -0.0000016252478617      -0.0000015009108783
2.8797932657906431     8.5280758660321769      -0.0000016426903904      -0.0000014925561420
2.8797932657906431     8.6534887464150039      -0.0000016662204917      -0.0000014891198518
2.8797932657906431     8.7789016267978308      -0.0000016895836769      -0.0000014900092750
2.8797932657906431     8.9043145071806578      -0.0000017091640224      -0.0000014907063015
2.8797932657906431     9.0297273875634847      -0.0000017309009240      -0.0000014886416986
2.8797932657906431     9.1551402679463116      -0.0000017540397122      -0.0000014879025453
2.8797932657906431     9.2805531483291386      -0.0000017773516051      -0.0000014877933875
2.8797932657906431     9.4059660287119655      -0.0000018007814225      -0.0000014879254433
2.8797932657906431     9.5313789090947925      -0.0000018244322318      -0.0000014881465214
2.8797932657906431     9.6567917894776194      -0.0000018483662307      -0.0000014884220936
2.8797932657906431     9.7822046698604463      -0.0000018726116247      -0.0000014887493083
2.8797932657906431     9.9076175502432733      -0.0000018971580941      -0.0000014890836925
2.8797932657906431     10.0330304306261002      -0.0000019221092660      -0.0000014893985302
2.8797932657906431     10.1584433110089272      -0.0000019474648980      -0.0000014897519345
2.8797932657906431     10.2838561913917541      -0.0000019732232387      -0.0000014901308933
2.8797932657906431     10.4092690717745811      -0.0000019994008650      -0.0000014905289785
2.8797932657906431     10.5346819521574080      -0.0000020260146913      -0.0000014909442618
2.8797932657906431     10.6600948325402349      -0.0000020530812716      -0.0000014913760799
2.8797932657906431     10.7855077129230619      -0.0000020806170638      -0.0000014918243530
2.8797932657906431     10.9109205933058888      -0.0000021086386401      -0.0000014922892773
2.8797932657906431     11.0363334736887158      -0.0000021371628581      -0.0000014927712075
2.8797932657906431     11.1617463540715427      -0.0000021662070059      -0.0000014932705988
2.8797932657906431     11.2871592344543696      -0.0000021957889001      -0.0000014937879990
2.8797932657906431     11.4125721148371966      -0.0000022259269535      -0.0000014943240417
2.8797932657906431     11.5379849952200235      -0.0000022566402438      -0.0000014948794250
2.8797932657906431     11.6633978756028505      -0.0000022879485825      -0.0000014954549133
2.8797932657906431     11.7888107559856774      -0.0000023198725758      -0.0000014960513315
2.8797932657906431     11.9142236363685043      -0.0000023524336872      -0.0000014966695747
2.8797932657906431     12.0396365167513313      -0.0000023856542906      -0.0000014973105960
2.8797932657906431     12.1650493971341582      -0.0000024195577469      -0.0000014979754147
2.8797932657906431     12.2904622775169852      -0.0000024541684602      -0.0000014986651191
2.8797932657906431     12.4158751578998121      -0.0000024895119536      -0.0000014993808688
2.8797932657906431     12.5412880382826391      -0.0000025256149343      -0.0000015001239047
2.8797932657906431     12.6667009186654660      -0.0000025625053700      -0.0000015008955447
2.8797932657906431     12.7921137990482929      -0.0000026002125758      -0.0000015016971893
2.8797932657906431     12.9175266794311199      -0.0000026387673003      -0.0000015025303337
2.8797932657906431     13.0429395598139468      -0.0000026782018162      -0.0000015033965734
2.8797932657906431     13.1683524401967738      -0.0000027185500175      -0.0000015042976089
2.8797932657906431     13.2937653205796007      -0.0000027598475256      -0.0000015052352546
2.8797932657906431     13.4191782009624276      -0.0000028021318084      -0.0000015062114433
2.8797932657906431     13.5445910813452546      -0.0000028454423034      -0.0000015072282388
2.8797932657906431     13.6700039617280815      -0.0000028898205504      -0.0000015082878497
2.8797932657906431     13.7954168421109085      -0.0000029353103355      -0.0000015093926370
2.8797932657906431     13.9208297224937354      -0.0000029819578459      -0.0000015105451309
2.8797932657906431     14.0462426028765623      -0.0000030298118339      -0.0000015117480408
2.8797932657906431     14.1716554832593893      -0.0000030789238106      -0.0000015130042679
2.8797932657906431     14.2970683636422162      -0.0000031293482381      -0.0000015143169297
2.8797932657906431     14.4224812440250432      -0.0000031811427463      -0.0000015156893741
2.8797932657906431     14.5478941244078701      -0.0000032343683705      -0.0000015171252045
2.8797932657906431     14.6733070047906971      -0.0000032890897986      -0.0000015186282994
2.8797932657906431     14.7987198851735240      -0.0000033453756590      -0.0000015202028323
2.8797932657906431     14.9241327655563509      -0.0000034032988305      -0.0000015218533060
2.8797932657906431     15.0495456459391779      -0.0000034629367725      -0.0000015235845851
2.8797932657906431     15.1749585263220048      -0.0000035243718918      -0.0000015254019332
2.8797932657906431     15.3003714067048318      -0.0000035876919424      -0.0000015273110496
2.8797932657906431     15.4257842870876587      -0.0000036529904679      -0.0000015293181076
2.8797932657906431     15.5511971674704856      -0.0000037203672990      -0.0000015314298076
2.8797932657906431     15.6766100478533126      -0.0000037899290819      -0.0000015336534359
    
3.1415926535897931     0.0000000000000000      -0.0000005384046806      -0.0000011693389032
3.1415926535897931     0.1254128803828261      -0.0000005472629108      -0.0000011693763766
3.1415926535897931     0.2508257607656522      -0.0000005561735334      -0.0000011694149818
3.1415926535897931     0.3762386411484783      -0.0000005651377306      -0.0000011694547374
3.1415926535897931     0.5016515215313043      -0.0000005741566972      -0.0000011694956632
3.1415926535897931     0.6270644019141304      -0.0000005832316635      -0.0000011695377877
3.1415926535897931     0.7524772822969564      -0.0000005923638789      -0.0000011695811307
3.1415926535897931     0.8778901626797825      -0.0000006015546193      -0.0000011696257162
3.1415926535897931     1.0033030430626086      -0.0000006108051827      -0.0000011696715740
3.1415926535897931     1.1287159234454347      -0.0000006201169058      -0.0000011697187251
3.1415926535897931     1.2541288038282608      -0.0000006294911428      -0.0000011697671981
3.1415926535897931     1.3795416842110868      -0.0000006389292797      -0.0000011698170237
3.1415926535897931     1.5049545645939129      -0.0000006484327380      -0.0000011698682331
3.1415926535897931     1.6303674449767389      -0.0000006580029604      -0.0000011699208488
3.1415926535897931     1.7557803253595650      -0.0000006676414297      -0.0000011699749098
3.1415926535897931     1.8811932057423910      -0.0000006773496636      -0.0000011700304503
3.1415926535897931     2.0066060861252173      -0.0000006871292050      -0.0000011700874950
3.1415926535897931     2.1320189665080433      -0.0000006969816408      -0.0000011701460943
3.1415926535897931     2.2574318468908694      -0.0000007069085905      -0.0000011702062776
3.1415926535897931     2.3828447272736955      -0.0000007169117159      -0.0000011702680796
3.1415926535897931     2.5082576076565215      -0.0000007269927124      -0.0000011703315526
3.1415926535897931     2.6336704880393476      -0.0000007371533256      -0.0000011703967299
3.1415926535897931     2.7590833684221736      -0.0000007473953363      -0.0000011704636548
3.1415926535897931     2.8844962488049997      -0.0000007577205723      -0.0000011705323786
3.1415926535897931     3.0099091291878257      -0.0000007681309134      -0.0000011706029424
3.1415926535897931     3.1353220095706518      -0.0000007786282841      -0.0000011706753920
3.1415926535897931     3.2607348899534778      -0.0000007892146628      -0.0000011707497869
3.1415926535897931     3.3861477703363039      -0.0000007998920846      -0.0000011708261774
3.1415926535897931     3.5115606507191299      -0.0000008106626329      -0.0000011709046197
3.1415926535897931     3.6369735311019560      -0.0000008215284563      -0.0000011709851785
3.1415926535897931     3.7623864114847820      -0.0000008324917702      -0.0000011710679136
3.1415926535897931     3.8877992918676081      -0.0000008435548483      -0.0000011711528909
3.1415926535897931     4.0132121722504346      -0.0000008547200427      -0.0000011712401886
3.1415926535897931     4.1386250526332606      -0.0000008659897826      -0.0000011713298805
3.1415926535897931     4.2640379330160867      -0.0000008773665679      -0.0000011714220499
3.1415926535897931     4.3894508133989127      -0.0000008888530039      -0.0000011715167917
3.1415926535897931     4.5148636937817388      -0.0000009004517810      -0.0000011716142068
3.1415926535897931     4.6402765741645648      -0.0000009121656975      -0.0000011717144061
3.1415926535897931     4.7656894545473909      -0.0000009239976716      -0.0000011718175244
3.1415926535897931     4.8911023349302170      -0.0000009359507517      -0.0000011719236986
3.1415926535897931     5.0165152153130430      -0.0000009480281438      -0.0000011720331030
3.1415926535897931     5.1419280956958691      -0.0000009602332197      -0.0000011721459443
3.1415926535897931     5.2673409760786951      -0.0000009725695719      -0.0000011722624539
3.1415926535897931     5.3927538564615212      -0.0000009850410459      -0.0000011723829481
3.1415926535897931     5.5181667368443472      -0.0000009976518151      -0.0000011725078193
3.1415926535897931     5.6435796172271733      -0.0000010104064792      -0.0000011726376108
3.1415926535897931     5.7689924976099993      -0.0000010233102178      -0.0000011727731161
3.1415926535897931     5.8944053779928254      -0.0000010363690326      -0.0000011729155676
3.1415926535897931     6.0198182583756514      -0.0000010495902121      -0.0000011730671040
3.1415926535897931     6.1452311387584775      -0.0000010629830109      -0.0000011732321565
3.1415926535897931     6.2706440191413035      -0.0000010765589480      -0.0000011734220013
3.1415926535897931     6.3960568995241296      -0.0000010903184607      -0.0000011736709326
3.1415926535897931     6.5214697799069556      -0.0000011041567533      -0.0000011739651308
3.1415926535897931     6.6468826602897817      -0.0000011182512959      -0.0000011741134306
3.1415926535897931     6.7722955406726077      -0.0000011327246448      -0.0000011743851054
3.1415926535897931     6.8977084210554338      -0.0000011475405878      -0.0000011748777854
3.1415926535897931     7.0231213014382599      -0.0000011627685589      -0.0000011759021286
3.1415926535897931     7.1485341818210859      -0.0000011778197264      -0.0000011785802990
3.1415926535897931     7.2739470622039120      -0.0000011882630270      -0.0000011811176634
3.1415926535897931     7.3993599425867380      -0.0000012010415984      -0.0000011775494676
3.1415926535897931     7.5247728229695641      -0.0000012171316382      -0.0000011755252377
3.1415926535897931     7.6501857033523901      -0.0000012342033939      -0.0000011745850336
3.1415926535897931     7.7755985837352162      -0.0000012518328514      -0.0000011746275073
3.1415926535897931     7.9010114641180422      -0.0000012694477528      -0.0000011760148642
3.1415926535897931     8.0264243445008692      -0.0000012871152961      -0.0000011778356204
3.1415926535897931     8.1518372248836961      -0.0000013053831520      -0.0000011813366012
3.1415926535897931     8.2772501052665231      -0.0000013210188269      -0.0000011900940037
3.1415926535897931     8.4026629856493500      -0.0000013238838268      -0.0000011917122433
3.1415926535897931     8.5280758660321769      -0.0000013388663209      -0.0000011829092632
3.1415926535897931     8.6534887464150039      -0.0000013588166212      -0.0000011798943711
3.1415926535897931     8.7789016267978308      -0.0000013783967447      -0.0000011810768231
3.1415926535897931     8.9043145071806578      -0.0000013936460256      -0.0000011820339722
3.1415926535897931     9.0297273875634847      -0.0000014112370950      -0.0000011796794091
3.1415926535897931     9.1551402679463116      -0.0000014303980817      -0.0000011787988833
3.1415926535897931     9.2805531483291386      -0.0000014496520834      -0.0000011786175677
3.1415926535897931     9.4059660287119655      -0.0000014689676938      -0.0000011786805921
3.1415926535897931     9.5313789090947925      -0.0000014884444349      -0.0000011788395908
3.1415926535897931     9.6567917894776194      -0.0000015081411601      -0.0000011790499273
3.1415926535897931     9.7822046698604463      -0.0000015280959036      -0.0000011792942027
3.1415926535897931     9.9076175502432733      -0.0000015483357513      -0.0000011795630328
3.1415926535897931     10.0330304306261002      -0.0000015688807213      -0.0000011798526651
3.1415926535897931     10.1584433110089272      -0.0000015897484018      -0.0000011801600188
3.1415926535897931     10.2838561913917541      -0.0000016109543755      -0.0000011804833388
3.1415926535897931     10.4092690717745811      -0.0000016325137440      -0.0000011808215213
3.1415926535897931     10.5346819521574080      -0.0000016544409234      -0.0000011811741304
3.1415926535897931     10.6600948325402349      -0.0000016767501490      -0.0000011815409541
3.1415926535897931     10.7855077129230619      -0.0000016994556662      -0.0000011819220491
3.1415926535897931     10.9109205933058888      -0.0000017225718577      -0.0000011823176321
3.1415926535897931     11.0363334736887158      -0.0000017461133587      -0.0000011827280293
3.1415926535897931     11.1617463540715427      -0.0000017700951817      -0.0000011831536374
3.1415926535897931     11.2871592344543696      -0.0000017945328026      -0.0000011835949342
3.1415926535897931     11.4125721148371966      -0.0000018194422109      -0.0000011840524737
3.1415926535897931     11.5379849952200235      -0.0000018448399794      -0.0000011845268635
3.1415926535897931     11.6633978756028505      -0.0000018707433190      -0.0000011850187763
3.1415926535897931     11.7888107559856774      -0.0000018971701381      -0.0000011855289336
3.1415926535897931     11.9142236363685043      -0.0000019241391004      -0.0000011860581281
3.1415926535897931     12.0396365167513313      -0.0000019516696654      -0.0000011866071992
3.1415926535897931     12.1650493971341582      -0.0000019797821677      -0.0000011871770480
3.1415926535897931     12.2904622775169852      -0.0000020084978629      -0.0000011877686403
3.1415926535897931     12.4158751578998121      -0.0000020378389973      -0.0000011883830015
3.1415926535897931     12.5412880382826391      -0.0000020678288672      -0.0000011890212389
3.1415926535897931     12.6667009186654660      -0.0000020984918860      -0.0000011896845241
3.1415926535897931     12.7921137990482929      -0.0000021298536670      -0.0000011903741044
3.1415926535897931     12.9175266794311199      -0.0000021619410978      -0.0000011910913145
3.1415926535897931     13.0429395598139468      -0.0000021947824280      -0.0000011918375799
3.1415926535897931     13.1683524401967738      -0.0000022284073524      -0.0000011926144226
3.1415926535897931     13.2937653205796007      -0.0000022628471062      -0.0000011934234699
3.1415926535897931     13.4191782009624276      -0.0000022981345828      -0.0000011942664539
3.1415926535897931     13.5445910813452546      -0.0000023343044354      -0.0000011951452280
3.1415926535897931     13.6700039617280815      -0.0000023713932056      -0.0000011960617789
3.1415926535897931     13.7954168421109085      -0.0000024094394543      -0.0000011970182326
3.1415926535897931     13.9208297224937354      -0.0000024484839007      -0.0000011980168711
3.1415926535897931     14.0462426028765623      -0.0000024885695693      -0.0000011990601425
3.1415926535897931     14.1716554832593893      -0.0000025297419812      -0.0000012001506665
3.1415926535897931     14.2970683636422162      -0.0000025720493163      -0.0000012012912670
3.1415926535897931     14.4224812440250432      -0.0000026155426217      -0.0000012024849787
3.1415926535897931     14.5478941244078701      -0.0000026602760314      -0.0000012037350733
3.1415926535897931     14.6733070047906971      -0.0000027063069846      -0.0000012050450798
3.1415926535897931     14.7987198851735240      -0.0000027536965031      -0.0000012064187944
3.1415926535897931     14.9241327655563509      -0.0000028025094786      -0.0000012078603237
3.1415926535897931     15.0495456459391779      -0.0000028528149710      -0.0000012093741086
3.1415926535897931     15.1749585263220048      -0.0000029046865593      -0.0000012109649645
3.1415926535897931     15.3003714067048318      -0.0000029582027046      -0.0000012126381148
3.1415926535897931     15.4257842870876587      -0.0000030134471675      -0.0000012143992212
3.1415926535897931     15.5511971674704856      -0.0000030705094771      -0.0000012162544420
3.1415926535897931     15.6766100478533126      -0.0000031294854186      -0.0000012182104856
    
