-3.1415926535897931     0.0000000000000000      -0.8028028482080817      -0.9036904565042914
-3.1415926535897931     0.1254128803828261      0.0253097570534515      -1.2749126265884425
-3.1415926535897931     0.2508257607656522      0.3091795848813922      -0.7047577007957452
-3.1415926535897931     0.3762386411484783      0.1442959066886779      -0.5248849718569564
-3.1415926535897931     0.5016515215313043      0.1616917468464553      -0.6237080764042003
-3.1415926535897931     0.6270644019141304      0.2678921381111684      -0.5089307043507555
-3.1415926535897931     0.7524772822969564      0.1994745999270046      -0.5218806195298283
-3.1415926535897931     0.8778901626797825      0.3638465092428973      -0.5617306270423414
-3.1415926535897931     1.0033030430626086      0.5248113831960115      -0.4144734339373491
-3.1415926535897931     1.1287159234454347      0.4966290628147848      -0.2076627154121248
-3.1415926535897931     1.2541288038282608      0.4090458705554685      -0.1196770251731071
-3.1415926535897931     1.3795416842110868      0.3440364180059163      -0.0839733110845117
-3.1415926535897931     1.5049545645939129      0.2986538878349915      -0.0656779514929199
-3.1415926535897931     1.6303674449767389      0.2656601361160522      -0.0538954300276162
-3.1415926535897931     1.7557803253595650      0.2391745638803616      -0.0453665405149341
-3.1415926535897931     1.8811932057423910      0.2173263688489137      -0.0387777441019555
-3.1415926535897931     2.0066060861252173      0.1987507707555689      -0.0342349716042250
-3.1415926535897931     2.1320189665080433      0.1830867216492326      -0.0310641894725935
-3.1415926535897931     2.2574318468908694      0.1698091056708586      -0.0287264658439762
-3.1415926535897931     2.3828447272736955      0.1583862731558753      -0.0269004274121593
-3.1415926535897931     2.5082576076565215      0.1484299809596149      -0.0254461808647147
-3.1415926535897931     2.6336704880393476      0.1396734815220937      -0.0242690888899162
-3.1415926535897931     2.7590833684221736      0.1319084386316453      -0.0232978738255452
-3.1415926535897931     2.8844962488049997      0.1249701562974397      -0.0224845784026236
-3.1415926535897931     3.0099091291878257      0.1187299262907177      -0.0217961130586288
-3.1415926535897931     3.1353220095706518      0.1130854570740668      -0.0212072681315503
-3.1415926535897931     3.2607348899534778      0.1079531422096378      -0.0206988687583903
-3.1415926535897931     3.3861477703363039      0.1032645687431287      -0.0202568530717250
-3.1415926535897931     3.5115606507191299      0.0989637636446388      -0.0198702360447187
-3.1415926535897931     3.6369735311019560      0.0950038043339719      -0.0195295094790968
-3.1415926535897931     3.7623864114847820      0.0913445527360211      -0.0192274959047790
-3.1415926535897931     3.8877992918676081      0.0879522957391592      -0.0189587169399355
-3.1415926535897931     4.0132121722504346      0.0847985923466311      -0.0187184681745692
-3.1415926535897931     4.1386250526332606      0.0818585549604164      -0.0185024734074033
-3.1415926535897931     4.2640379330160867      0.0791104956295047      -0.0183078061135216
-3.1415926535897931     4.3894508133989127      0.0765361920782144      -0.0181319267640358
-3.1415926535897931     4.5148636937817388      0.0741194812931040      -0.0179721890520637
-3.1415926535897931     4.6402765741645648      0.0718458191288971      -0.0178266077666121
-3.1415926535897931     4.7656894545473909      0.0697026492186235      -0.0176936953669839
-3.1415926535897931     4.8911023349302170      0.0676789439405938      -0.0175719343745597
-3.1415926535897931     5.0165152153130430      0.0657646805362232      -0.0174599897518228
-3.1415926535897931     5.1419280956958691      0.0639508961258356      -0.0173569050586853
-3.1415926535897931     5.2673409760786951      0.0622297994438424      -0.0172619113912398
-3.1415926535897931     5.3927538564615212      0.0605944331975570      -0.0171740634031772
-3.1415926535897931     5.5181667368443472      0.0590382528297583      -0.0170925747740749
-3.1415926535897931     5.6435796172271733      0.0575554700939881      -0.0170169959110641
-3.1415926535897931     5.7689924976099993      0.0561410496316618      -0.0169467469777812
-3.1415926535897931     5.8944053779928254      0.0547901748207112      -0.0168811907480546
-3.1415926535897931     6.0198182583756514      0.0534984276687172      -0.0168199965474902
-3.1415926535897931     6.1452311387584775      0.0522619893136718      -0.0167628776888394
-3.1415926535897931     6.2706440191413035      0.0510773526539684      -0.0167093743144126
-3.1415926535897931     6.3960568995241296      0.0499411101840608      -0.0166591406588523
-3.1415926535897931     6.5214697799069556      0.0488502359548752      -0.0166120359885162
-3.1415926535897931     6.6468826602897817      0.0478021144428056      -0.0165678107634321
-3.1415926535897931     6.7722955406726077      0.0467941644084363      -0.0165260979593943
-3.1415926535897931     6.8977084210554338      0.0458239123927610      -0.0164867703923449
-3.1415926535897931     7.0231213014382599      0.0448892995675968      -0.0164497520790646
-3.1415926535897931     7.1485341818210859      0.0439883897356002      -0.0164147499305642
-3.1415926535897931     7.2739470622039120      0.0431191998923968      -0.0163815944342193
-3.1415926535897931     7.3993599425867380      0.0422800246796132      -0.0163502690033340
-3.1415926535897931     7.5247728229695641      0.0414693775429071      -0.0163206000470127
-3.1415926535897931     7.6501857033523901      0.0406856955394293      -0.0162923825932538
-3.1415926535897931     7.7755985837352162      0.0399275290551433      -0.0162655928116582
-3.1415926535897931     7.9010114641180422      0.0391936589315536      -0.0162401819048191
-3.1415926535897931     8.0264243445008692      0.0384829100248673      -0.0162159845139947
-3.1415926535897931     8.1518372248836961      0.0377940666982218      -0.0161929126695487
-3.1415926535897931     8.2772501052665231      0.0371260836125776      -0.0161709831943227
-3.1415926535897931     8.4026629856493500      0.0364780628718608      -0.0161501061844268
-3.1415926535897931     8.5280758660321769      0.0358490387962109      -0.0161301337323148
-3.1415926535897931     8.6534887464150039      0.0352380762832006      -0.0161110640226958
-3.1415926535897931     8.7789016267978308      0.0346444212673364      -0.0160928800702239
-3.1415926535897931     8.9043145071806578      0.0340673170985512      -0.0160754634799491
-3.1415926535897931     9.0297273875634847      0.0335059686834412      -0.0160587753339595
-3.1415926535897931     9.1551402679463116      0.0329597114788941      -0.0160428415550181
-3.1415926535897931     9.2805531483291386      0.0324279700417553      -0.0160275967870479
-3.1415926535897931     9.4059660287119655      0.0319101021628270      -0.0160129410393508
-3.1415926535897931     9.5313789090947925      0.0314054838134614      -0.0159988788964552
-3.1415926535897931     9.6567917894776194      0.0309136183682165      -0.0159854140309973
-3.1415926535897931     9.7822046698604463      0.0304340121950289      -0.0159724547078956
-3.1415926535897931     9.9076175502432733      0.0299661049888719      -0.0159599693689841
-3.1415926535897931     10.0330304306261002      0.0295094478289082      -0.0159480044873307
-3.1415926535897931     10.1584433110089272      0.0290636640884841      -0.0159365109681902
-3.1415926535897931     10.2838561913917541      0.0286283020431883      -0.0159254162914740
-3.1415926535897931     10.4092690717745811      0.0282029336998247      -0.0159147495945680
-3.1415926535897931     10.5346819521574080      0.0277872392333220      -0.0159045048859424
-3.1415926535897931     10.6600948325402349      0.0273808633871656      -0.0158946096431544
-3.1415926535897931     10.7855077129230619      0.0269834158921423      -0.0158850565504288
-3.1415926535897931     10.9109205933058888      0.0265945955317503      -0.0158758742268568
-3.1415926535897931     11.0363334736887158      0.0262141338568888      -0.0158670168164432
-3.1415926535897931     11.1617463540715427      0.0258417038809601      -0.0158584362975964
-3.1415926535897931     11.2871592344543696      0.0254770007794152      -0.0158501520747204
-3.1415926535897931     11.4125721148371966      0.0251197907750780      -0.0158421650462222
-3.1415926535897931     11.5379849952200235      0.0247698225253171      -0.0158344262294149
-3.1415926535897931     11.6633978756028505      0.0244268113784731      -0.0158269295961459
-3.1415926535897931     11.7888107559856774      0.0240905383759099      -0.0158197038608539
-3.1415926535897931     11.9142236363685043      0.0237608141607515      -0.0158127191926860
-3.1415926535897931     12.0396365167513313      0.0234374020916938      -0.0158059410152386
-3.1415926535897931     12.1650493971341582      0.0231200847902943      -0.0157993862827227
-3.1415926535897931     12.2904622775169852      0.0228086948420684      -0.0157930480328498
-3.1415926535897931     12.4158751578998121      0.0225030395975239      -0.0157868889669940
-3.1415926535897931     12.5412880382826391      0.0222029097315563      -0.0157809074745897
-3.1415926535897931     12.6667009186654660      0.0219081407743537      -0.0157751259421311
-3.1415926535897931     12.7921137990482929      0.0216185934500524      -0.0157695259844474
-3.1415926535897931     12.9175266794311199      0.0213340937675711      -0.0157640784943776
-3.1415926535897931     13.0429395598139468      0.0210544718054110      -0.0157587996930321
-3.1415926535897931     13.1683524401967738      0.0207796099878138      -0.0157536930964026
-3.1415926535897931     13.2937653205796007      0.0205093700476107      -0.0157487216090621
-3.1415926535897931     13.4191782009624276      0.0202435880874636      -0.0157438835852689
-3.1415926535897931     13.5445910813452546      0.0199821431841400      -0.0157391952040372
-3.1415926535897931     13.6700039617280815      0.0197249243227320      -0.0157346374241296
-3.1415926535897931     13.7954168421109085      0.0194717946002936      -0.0157301960473375
-3.1415926535897931     13.9208297224937354      0.0192226298296003      -0.0157258832160072
-3.1415926535897931     14.0462426028765623      0.0189773359240749      -0.0157217010186179
-3.1415926535897931     14.1716554832593893      0.0187358092357876      -0.0157176267741451
-3.1415926535897931     14.2970683636422162      0.0184979257002945      -0.0157136552763975
-3.1415926535897931     14.4224812440250432      0.0182635900700916      -0.0157098031546260
-3.1415926535897931     14.5478941244078701      0.0180327240264799      -0.0157060557862312
-3.1415926535897931     14.6733070047906971      0.0178052201250444      -0.0157023939527843
-3.1415926535897931     14.7987198851735240      0.0175809765086946      -0.0156988286468076
-3.1415926535897931     14.9241327655563509      0.0173599204063702      -0.0156953632457211
-3.1415926535897931     15.0495456459391779      0.0171419690453290      -0.0156919803900794
-3.1415926535897931     15.1749585263220048      0.0169270275699824      -0.0156886778149477
-3.1415926535897931     15.3003714067048318      0.0167150191144725      -0.0156854663307960
-3.1415926535897931     15.4257842870876587      0.0165058809268863      -0.0156823387072212
-3.1415926535897931     15.5511971674704856      0.0162995316518089      -0.0156792793654852
-3.1415926535897931     15.6766100478533126      0.0160958880916728      -0.0156762971418359
    
-2.7925268031909272     0.0000000000000000      -0.7945415124474088      -0.8871850370473991
-2.7925268031909272     0.1254128803828261      0.0059405010068859      -1.2665503224066939
-2.7925268031909272     0.2508257607656522      0.3285985548381661      -0.7399254277451337
-2.7925268031909272     0.3762386411484783      0.2112470037569647      -0.4933242755806019
-2.7925268031909272     0.5016515215313043      0.1469859841505675      -0.5175577491410877
-2.7925268031909272     0.6270644019141304      0.1637250240872548      -0.5109952104779841
-2.7925268031909272     0.7524772822969564      0.2035197504116171      -0.5709384565552463
-2.7925268031909272     0.8778901626797825      0.3779786110922115      -0.5582108359398615
-2.7925268031909272     1.0033030430626086      0.5209803222295081      -0.4075588013464163
-2.7925268031909272     1.1287159234454347      0.4913421662317022      -0.2051044478316923
-2.7925268031909272     1.2541288038282608      0.4044751902235451      -0.1183345640017778
-2.7925268031909272     1.3795416842110868      0.3400537395889898      -0.0830279240525708
-2.7925268031909272     1.5049545645939129      0.2950987710838904      -0.0649163421767910
-2.7925268031909272     1.6303674449767389      0.2624256690274817      -0.0532379964145078
-2.7925268031909272     1.7557803253595650      0.2362004498765974      -0.0447895234500354
-2.7925268031909272     1.8811932057423910      0.2145752711733732      -0.0382748169664230
-2.7925268031909272     2.0066060861252173      0.1962051103694346      -0.0337893616087741
-2.7925268031909272     2.1320189665080433      0.1807255132445749      -0.0306518571772832
-2.7925268031909272     2.2574318468908694      0.1675995813355778      -0.0283341840098295
-2.7925268031909272     2.3828447272736955      0.1563075503741080      -0.0265298874789645
-2.7925268031909272     2.5082576076565215      0.1464709530994925      -0.0250937043568338
-2.7925268031909272     2.6336704880393476      0.1378208344507820      -0.0239297087921117
-2.7925268031909272     2.7590833684221736      0.1301501817820301      -0.0229699444469371
-2.7925268031909272     2.8844962488049997      0.1232977634611708      -0.0221671652686529
-2.7925268031909272     3.0099091291878257      0.1171359954307092      -0.0214871009603537
-2.7925268031909272     3.1353220095706518      0.1115625182956911      -0.0209052324013541
-2.7925268031909272     3.2607348899534778      0.1064951224937491      -0.0204034098324407
-2.7925268031909272     3.3861477703363039      0.1018666921970195      -0.0199671580492981
-2.7925268031909272     3.5115606507191299      0.0976211947615615      -0.0195850649331856
-2.7925268031909272     3.6369735311019560      0.0937119101928050      -0.0192486814131196
-2.7925268031909272     3.7623864114847820      0.0900999531284099      -0.0189509413226181
-2.7925268031909272     3.8877992918676081      0.0867520336543826      -0.0186858436443449
-2.7925268031909272     4.0132121722504346      0.0836394522562387      -0.0184487305295659
-2.7925268031909272     4.1386250526332606      0.0807378878409228      -0.0182359786281910
-2.7925268031909272     4.2640379330160867      0.0780263682645671      -0.0180441584288217
-2.7925268031909272     4.3894508133989127      0.0754862774032261      -0.0178704551286347
-2.7925268031909272     4.5148636937817388      0.0731014620877938      -0.0177127895767786
-2.7925268031909272     4.6402765741645648      0.0708579700977214      -0.0175692836271792
-2.7925268031909272     4.7656894545473909      0.0687433680016982      -0.0174381599083616
-2.7925268031909272     4.8911023349302170      0.0667465150617261      -0.0173180389665244
-2.7925268031909272     5.0165152153130430      0.0648576858960506      -0.0172078356039194
-2.7925268031909272     5.1419280956958691      0.0630682824869369      -0.0171064199982877
-2.7925268031909272     5.2673409760786951      0.0613703929408991      -0.0170127674006698
-2.7925268031909272     5.3927538564615212      0.0597569461837182      -0.0169262099559571
-2.7925268031909272     5.5181667368443472      0.0582217653125948      -0.0168460655367094
-2.7925268031909272     5.6435796172271733      0.0567591520717006      -0.0167716032058688
-2.7925268031909272     5.7689924976099993      0.0553638415007136      -0.0167022999828083
-2.7925268031909272     5.8944053779928254      0.0540311906083361      -0.0166377784997021
-2.7925268031909272     6.0198182583756514      0.0527570351270664      -0.0165775818641498
-2.7925268031909272     6.1452311387584775      0.0515374547640287      -0.0165212516114275
-2.7925268031909272     6.2706440191413035      0.0503688377628690      -0.0164685389491774
-2.7925268031909272     6.3960568995241296      0.0492480684034652      -0.0164191888412470
-2.7925268031909272     6.5214697799069556      0.0481721950923679      -0.0163728048753800
-2.7925268031909272     6.6468826602897817      0.0471383696529872      -0.0163291572119163
-2.7925268031909272     6.7722955406726077      0.0461441264822866      -0.0162881298490853
-2.7925268031909272     6.8977084210554338      0.0451872315236053      -0.0162494587846107
-2.7925268031909272     7.0231213014382599      0.0442654653369551      -0.0162129052292472
-2.7925268031909272     7.1485341818210859      0.0433768104551809      -0.0161783988182500
-2.7925268031909272     7.2739470622039120      0.0425195257046429      -0.0161458145759086
-2.7925268031909272     7.3993599425867380      0.0416919158765030      -0.0161149341191708
-2.7925268031909272     7.5247728229695641      0.0408923218138301      -0.0160856581064445
-2.7925268031909272     7.6501857033523901      0.0401193245208477      -0.0160579488750859
-2.7925268031909272     7.7755985837352162      0.0393716164685208      -0.0160316420993381
-2.7925268031909272     7.9010114641180422      0.0386478587893598      -0.0160065997550204
-2.7925268031909272     8.0264243445008692      0.0379468329764806      -0.0159828034059196
-2.7925268031909272     8.1518372248836961      0.0372674947334310      -0.0159601797723265
-2.7925268031909272     8.2772501052665231      0.0366087906838180      -0.0159385929094831
-2.7925268031909272     8.4026629856493500      0.0359696871148490      -0.0159179981796040
-2.7925268031909272     8.5280758660321769      0.0353493003495511      -0.0158983863927979
-2.7925268031909272     8.6534887464150039      0.0347468128311762      -0.0158796595597082
-2.7925268031909272     8.7789016267978308      0.0341613724214949      -0.0158617378307896
-2.7925268031909272     8.9043145071806578      0.0335922049930285      -0.0158446190108936
-2.7925268031909272     9.0297273875634847      0.0330386447487141      -0.0158282601998843
-2.7925268031909272     9.1551402679463116      0.0325000115232341      -0.0158125676304265
-2.7925268031909272     9.2805531483291386      0.0319756160893679      -0.0157975152178468
-2.7925268031909272     9.4059660287119655      0.0314648804582116      -0.0157831155881796
-2.7925268031909272     9.5313789090947925      0.0309672760345100      -0.0157693034273602
-2.7925268031909272     9.6567917894776194      0.0304822250222919      -0.0157560194295848
-2.7925268031909272     9.7822046698604463      0.0300092045677687      -0.0157432854885569
-2.7925268031909272     9.9076175502432733      0.0295477890105804      -0.0157310757780939
-2.7925268031909272     10.0330304306261002      0.0290975113431939      -0.0157193144810101
-2.7925268031909272     10.1584433110089272      0.0286579005419100      -0.0157079985465162
-2.7925268031909272     10.2838561913917541      0.0282285755132851      -0.0156971358172807
-2.7925268031909272     10.4092690717745811      0.0278091692819460      -0.0156866671851867
-2.7925268031909272     10.5346819521574080      0.0273992716229429      -0.0156765579969977
-2.7925268031909272     10.6600948325402349      0.0269985207914212      -0.0156668278358308
-2.7925268031909272     10.7855077129230619      0.0266066180739365      -0.0156574606860893
-2.7925268031909272     10.9109205933058888      0.0262232348442175      -0.0156484064934034
-2.7925268031909272     11.0363334736887158      0.0258480374044060      -0.0156396710096510
-2.7925268031909272     11.1617463540715427      0.0254807655831442      -0.0156312630417304
-2.7925268031909272     11.2871592344543696      0.0251211590414372      -0.0156231360094852
-2.7925268031909272     11.4125721148371966      0.0247689220682917      -0.0156152689608992
-2.7925268031909272     11.5379849952200235      0.0244238021505978      -0.0156076781804280
-2.7925268031909272     11.6633978756028505      0.0240855844668796      -0.0156003464710575
-2.7925268031909272     11.7888107559856774      0.0237540288932950      -0.0155932397976220
-2.7925268031909272     11.9142236363685043      0.0234288944704136      -0.0155863592991397
-2.7925268031909272     12.0396365167513313      0.0231099845016805      -0.0155797138566291
-2.7925268031909272     12.1650493971341582      0.0227971117644045      -0.0155732765731038
-2.7925268031909272     12.2904622775169852      0.0224900613196334      -0.0155670294641213
-2.7925268031909272     12.4158751578998121      0.0221886449932624      -0.0155609886965211
-2.7925268031909272     12.5412880382826391      0.0218927102349169      -0.0155551444595927
-2.7925268031909272     12.6667009186654660      0.0216020791143805      -0.0155494656154027
-2.7925268031909272     12.7921137990482929      0.0213165700552483      -0.0155439583306606
-2.7925268031909272     12.9175266794311199      0.0210360427461393      -0.0155386287513141
-2.7925268031909272     13.0429395598139468      0.0207603555034028      -0.0155334509542236
-2.7925268031909272     13.1683524401967738      0.0204893436044112      -0.0155284133347495
-2.7925268031909272     13.2937653205796007      0.0202228649082871      -0.0155235290312565
-2.7925268031909272     13.4191782009624276      0.0199608027958131      -0.0155187920741115
-2.7925268031909272     13.5445910813452546      0.0197030247121253      -0.0155141821106275
-2.7925268031909272     13.6700039617280815      0.0194493934048089      -0.0155097021450595
-2.7925268031909272     13.7954168421109085      0.0191998017046307      -0.0155053583208519
-2.7925268031909272     13.9208297224937354      0.0189541438375897      -0.0155011306906579
-2.7925268031909272     14.0462426028765623      0.0187122916538629      -0.0154970086859847
-2.7925268031909272     14.1716554832593893      0.0184741358534661      -0.0154930045134629
-2.7925268031909272     14.2970683636422162      0.0182395882033296      -0.0154891128454198
-2.7925268031909272     14.4224812440250432      0.0180085431847811      -0.0154853175189323
-2.7925268031909272     14.5478941244078701      0.0177808947693350      -0.0154816239805545
-2.7925268031909272     14.6733070047906971      0.0175565602370709      -0.0154780382040905
-2.7925268031909272     14.7987198851735240      0.0173354588658270      -0.0154745481427366
-2.7925268031909272     14.9241327655563509      0.0171174960178521      -0.0154711435518211
-2.7925268031909272     15.0495456459391779      0.0169025844235941      -0.0154678309890864
-2.7925268031909272     15.1749585263220048      0.0166906545659208      -0.0154646089583145
-2.7925268031909272     15.3003714067048318      0.0164816276275339      -0.0154614620276140
-2.7925268031909272     15.4257842870876587      0.0162754160219142      -0.0154583918591871
-2.7925268031909272     15.5511971674704856      0.0160719543857482      -0.0154554064269144
-2.7925268031909272     15.6766100478533126      0.0158711801476057      -0.0154524931278334
    
-2.4434609527920612     0.0000000000000000      -0.7784063158840679      -0.8375054129245002
-2.4434609527920612     0.1254128803828261      -0.0639498496987730      -1.2301761300599958
-2.4434609527920612     0.2508257607656522      0.3178567553865073      -0.8251682795369562
-2.4434609527920612     0.3762386411484783      0.2996841636596293      -0.5046605088589267
-2.4434609527920612     0.5016515215313043      0.2051854832276845      -0.4357371898484909
-2.4434609527920612     0.6270644019141304      0.1325631706953455      -0.4391470414583823
-2.4434609527920612     0.7524772822969564      0.1694827543453263      -0.5147823854469937
-2.4434609527920612     0.8778901626797825      0.3090449312723170      -0.5617857474562760
-2.4434609527920612     1.0033030430626086      0.5034002822375269      -0.4270644179945240
-2.4434609527920612     1.1287159234454347      0.4841194842853972      -0.2104413941405031
-2.4434609527920612     1.2541288038282608      0.3976559557560202      -0.1191060749423740
-2.4434609527920612     1.3795416842110868      0.3333498522800448      -0.0824685794709711
-2.4434609527920612     1.5049545645939129      0.2886489492225272      -0.0639532369026295
-2.4434609527920612     1.6303674449767389      0.2562752666873467      -0.0521764319978786
-2.4434609527920612     1.7557803253595650      0.2303906852871668      -0.0437718144736984
-2.4434609527920612     1.8811932057423910      0.2091226378270461      -0.0373581143238441
-2.4434609527920612     2.0066060861252173      0.1911185010243918      -0.0329605902365103
-2.4434609527920612     2.1320189665080433      0.1759830099376810      -0.0298767887758417
-2.4434609527920612     2.2574318468908694      0.1631515089731031      -0.0275913876177770
-2.4434609527920612     2.3828447272736955      0.1521178076026074      -0.0258220897366069
-2.4434609527920612     2.5082576076565215      0.1425168751630910      -0.0244156286155931
-2.4434609527920612     2.6336704880393476      0.1340782623750429      -0.0232755064612983
-2.4434609527920612     2.7590833684221736      0.1265982390689422      -0.0223360657709958
-2.4434609527920612     2.8844962488049997      0.1199183280156071      -0.0215507640097851
-2.4434609527920612     3.0099091291878257      0.1139133938451108      -0.0208862522728628
-2.4434609527920612     3.1353220095706518      0.1084835527906185      -0.0203182751401068
-2.4434609527920612     3.2607348899534778      0.1035481317188547      -0.0198284211793972
-2.4434609527920612     3.3861477703363039      0.0990409757507162      -0.0194026602999143
-2.4434609527920612     3.5115606507191299      0.0949074855860189      -0.0190301083685917
-2.4434609527920612     3.6369735311019560      0.0911021400894746      -0.0187021225056940
-2.4434609527920612     3.7623864114847820      0.0875865740042857      -0.0184117374877089
-2.4434609527920612     3.8877992918676081      0.0843282678180167      -0.0181534063616820
-2.4434609527920612     4.0132121722504346      0.0812995351524652      -0.0179225021510537
-2.4434609527920612     4.1386250526332606      0.0784764451722694      -0.0177151770867257
-2.4434609527920612     4.2640379330160867      0.0758383339150252      -0.0175283083297662
-2.4434609527920612     4.3894508133989127      0.0733672528834171      -0.0173592631299095
-2.4434609527920612     4.5148636937817388      0.0710475254237726      -0.0172058398376989
-2.4434609527920612     4.6402765741645648      0.0688654040312735      -0.0170661270907559
-2.4434609527920612     4.7656894545473909      0.0668087200481736      -0.0169385319911502
-2.4434609527920612     4.8911023349302170      0.0648667698457460      -0.0168217068187611
-2.4434609527920612     5.0165152153130430      0.0630300204023954      -0.0167144136120519
-2.4434609527920612     5.1419280956958691      0.0612899201040712      -0.0166156524920685
-2.4434609527920612     5.2673409760786951      0.0596389039543682      -0.0165245515663450
-2.4434609527920612     5.3927538564615212      0.0580701276709381      -0.0164402878718600
-2.4434609527920612     5.5181667368443472      0.0565774159917398      -0.0163622219973733
-2.4434609527920612     5.6435796172271733      0.0551552503358446      -0.0162897710613374
-2.4434609527920612     5.7689924976099993      0.0537986181711072      -0.0162224205818126
-2.4434609527920612     5.8944053779928254      0.0525030126871839      -0.0161597045669289
-2.4434609527920612     6.0198182583756514      0.0512642930470394      -0.0161011595510066
-2.4434609527920612     6.1452311387584775      0.0500786523809236      -0.0160464355472641
-2.4434609527920612     6.2706440191413035      0.0489426820435709      -0.0159952064733752
-2.4434609527920612     6.3960568995241296      0.0478531955504739      -0.0159471515377409
-2.4434609527920612     6.5214697799069556      0.0468072964289153      -0.0159020521632863
-2.4434609527920612     6.6468826602897817      0.0458023633721997      -0.0158596668742086
-2.4434609527920612     6.7722955406726077      0.0448359396344795      -0.0158197664623977
-2.4434609527920612     6.8977084210554338      0.0439057726256517      -0.0157821804967022
-2.4434609527920612     7.0231213014382599      0.0430098034951051      -0.0157467292572425
-2.4434609527920612     7.1485341818210859      0.0421461132424415      -0.0157132429761154
-2.4434609527920612     7.2739470622039120      0.0413129106099041      -0.0156815607362380
-2.4434609527920612     7.3993599425867380      0.0405085260425673      -0.0156515622542109
-2.4434609527920612     7.5247728229695641      0.0397314327958740      -0.0156231393699151
-2.4434609527920612     7.6501857033523901      0.0389802044629561      -0.0155961701776361
-2.4434609527920612     7.7755985837352162      0.0382534944611796      -0.0155705675131491
-2.4434609527920612     7.9010114641180422      0.0375500809093797      -0.0155462533181232
-2.4434609527920612     8.0264243445008692      0.0368688124092672      -0.0155231273976431
-2.4434609527920612     8.1518372248836961      0.0362085950245455      -0.0155011130671090
-2.4434609527920612     8.2772501052665231      0.0355684210980187      -0.0154801467068032
-2.4434609527920612     8.4026629856493500      0.0349473439638606      -0.0154601539614987
-2.4434609527920612     8.5280758660321769      0.0343444664928622      -0.0154410748214267
-2.4434609527920612     8.6534887464150039      0.0337589496268261      -0.0154228576183776
-2.4434609527920612     8.7789016267978308      0.0331900106014961      -0.0154054560191012
-2.4434609527920612     8.9043145071806578      0.0326369170048324      -0.0153888223001780
-2.4434609527920612     9.0297273875634847      0.0320989710018183      -0.0153729033905725
-2.4434609527920612     9.1551402679463116      0.0315755082482703      -0.0153576649127831
-2.4434609527920612     9.2805531483291386      0.0310659199237441      -0.0153430769017992
-2.4434609527920612     9.4059660287119655      0.0305696273930397      -0.0153290921538563
-2.4434609527920612     9.5313789090947925      0.0300860672718030      -0.0153156800182956
-2.4434609527920612     9.6567917894776194      0.0296147296692145      -0.0153028182017669
-2.4434609527920612     9.7822046698604463      0.0291551243295264      -0.0152904624529063
-2.4434609527920612     9.9076175502432733      0.0287067707354406      -0.0152785852829397
-2.4434609527920612     10.0330304306261002      0.0282692283150541      -0.0152671700131586
-2.4434609527920612     10.1584433110089272      0.0278420790462800      -0.0152561870293196
-2.4434609527920612     10.2838561913917541      0.0274249171777932      -0.0152456153342306
-2.4434609527920612     10.4092690717745811      0.0270173625159587      -0.0152354400067836
-2.4434609527920612     10.5346819521574080      0.0266190594627901      -0.0152256493922717
-2.4434609527920612     10.6600948325402349      0.0262296779506754      -0.0152162209268553
-2.4434609527920612     10.7855077129230619      0.0258488887342181      -0.0152071255491160
-2.4434609527920612     10.9109205933058888      0.0254763743149122      -0.0151983506901737
-2.4434609527920612     11.0363334736887158      0.0251118431374702      -0.0151898785374768
-2.4434609527920612     11.1617463540715427      0.0247550026731092      -0.0151816926138188
-2.4434609527920612     11.2871592344543696      0.0244055828618432      -0.0151737923910628
-2.4434609527920612     11.4125721148371966      0.0240633380702634      -0.0151661643622053
-2.4434609527920612     11.5379849952200235      0.0237280201823129      -0.0151587917746689
-2.4434609527920612     11.6633978756028505      0.0233993953916172      -0.0151516662212150
-2.4434609527920612     11.7888107559856774      0.0230772403990367      -0.0151447752542254
-2.4434609527920612     11.9142236363685043      0.0227613425874144      -0.0151381117410076
-2.4434609527920612     12.0396365167513313      0.0224515005878588      -0.0151316601590736
-2.4434609527920612     12.1650493971341582      0.0221475096622429      -0.0151254093069997
-2.4434609527920612     12.2904622775169852      0.0218491838137160      -0.0151193605423043
-2.4434609527920612     12.4158751578998121      0.0215563498729068      -0.0151134991937970
-2.4434609527920612     12.5412880382826391      0.0212688276399485      -0.0151078155907376
-2.4434609527920612     12.6667009186654660      0.0209864544314911      -0.0151023089413702
-2.4434609527920612     12.7921137990482929      0.0207090746300945      -0.0150969652079235
-2.4434609527920612     12.9175266794311199      0.0204365275163397      -0.0150917779299989
-2.4434609527920612     13.0429395598139468      0.0201686682710459      -0.0150867473109766
-2.4434609527920612     13.1683524401967738      0.0199053592197447      -0.0150818667460647
-2.4434609527920612     13.2937653205796007      0.0196464667317960      -0.0150771292976883
-2.4434609527920612     13.4191782009624276      0.0193918598372983      -0.0150725269249869
-2.4434609527920612     13.5445910813452546      0.0191414101712962      -0.0150680562618565
-2.4434609527920612     13.6700039617280815      0.0188950014769671      -0.0150637139388199
-2.4434609527920612     13.7954168421109085      0.0186525158372044      -0.0150594901268232
-2.4434609527920612     13.9208297224937354      0.0184138368317552      -0.0150553855356099
-2.4434609527920612     14.0462426028765623      0.0181788636036220      -0.0150513984747985
-2.4434609527920612     14.1716554832593893      0.0179474923567069      -0.0150475195668182
-2.4434609527920612     14.2970683636422162      0.0177196204141170      -0.0150437475889903
-2.4434609527920612     14.4224812440250432      0.0174951555690696      -0.0150400783066168
-2.4434609527920612     14.5478941244078701      0.0172740033924011      -0.0150365050341928
-2.4434609527920612     14.6733070047906971      0.0170560723053947      -0.0150330242734037
-2.4434609527920612     14.7987198851735240      0.0168412740640957      -0.0150296325791424
-2.4434609527920612     14.9241327655563509      0.0166295238506152      -0.0150263303708465
-2.4434609527920612     15.0495456459391779      0.0164207446468315      -0.0150231138126519
-2.4434609527920612     15.1749585263220048      0.0162148548586975      -0.0150199772474661
-2.4434609527920612     15.3003714067048318      0.0160117777523298      -0.0150169234837762
-2.4434609527920612     15.4257842870876587      0.0158114455178780      -0.0150139489767362
-2.4434609527920612     15.5511971674704856      0.0156137849263700      -0.0150110481365553
-2.4434609527920612     15.6766100478533126      0.0154187276398585      -0.0150082223897137
    
-2.0943951023931957     0.0000000000000000      -0.7332090234339496      -0.7396729589439754
-2.0943951023931957     0.1254128803828261      -0.1496891123354791      -1.1128141705445318
-2.0943951023931957     0.2508257607656522      0.2239345424095486      -0.8409842415288838
-2.0943951023931957     0.3762386411484783      0.2610960863566570      -0.5421371634270371
-2.0943951023931957     0.5016515215313043      0.2161628597063975      -0.4901850514763374
-2.0943951023931957     0.6270644019141304      0.2004015636835320      -0.4388691497658169
-2.0943951023931957     0.7524772822969564      0.1936527166250386      -0.4309492467855932
-2.0943951023931957     0.8778901626797825      0.2599108866713374      -0.5295858074100354
-2.0943951023931957     1.0033030430626086      0.4765069930826994      -0.4193769074397404
-2.0943951023931957     1.1287159234454347      0.4652207311630586      -0.2055608114341032
-2.0943951023931957     1.2541288038282608      0.3822945830774442      -0.1153757279689090
-2.0943951023931957     1.3795416842110868      0.3202279916471507      -0.0794406380724639
-2.0943951023931957     1.5049545645939129      0.2770744333349893      -0.0613981643356296
-2.0943951023931957     1.6303674449767389      0.2458158020221753      -0.0499682229119376
-2.0943951023931957     1.7557803253595650      0.2208426144923088      -0.0418809822855330
-2.0943951023931957     1.8811932057423910      0.2003621597829288      -0.0357522258813460
-2.0943951023931957     2.0066060861252173      0.1830640581486565      -0.0315586386288039
-2.0943951023931957     2.1320189665080433      0.1685421400912318      -0.0286045891592882
-2.0943951023931957     2.2574318468908694      0.1562273328179407      -0.0264064305467226
-2.0943951023931957     2.3828447272736955      0.1456376397571313      -0.0247071650216455
-2.0943951023931957     2.5082576076565215      0.1364259722113948      -0.0233560553848122
-2.0943951023931957     2.6336704880393476      0.1283309757681765      -0.0222603762355702
-2.0943951023931957     2.7590833684221736      0.1211567235516395      -0.0213572181204741
-2.0943951023931957     2.8844962488049997      0.1147505784918733      -0.0206021053755931
-2.0943951023931957     3.0099091291878257      0.1089925283901506      -0.0199633994486545
-2.0943951023931957     3.1353220095706518      0.1037869229657124      -0.0194175117421158
-2.0943951023931957     3.2607348899534778      0.0990559602890861      -0.0189465208511036
-2.0943951023931957     3.3861477703363039      0.0947358387006399      -0.0185371699044486
-2.0943951023931957     3.5115606507191299      0.0907744216438085      -0.0181792810607405
-2.0943951023931957     3.6369735311019560      0.0871280830261471      -0.0178641089590680
-2.0943951023931957     3.7623864114847820      0.0837596845026033      -0.0175850895484669
-2.0943951023931957     3.8877992918676081      0.0806381621500420      -0.0173369918975988
-2.0943951023931957     4.0132121722504346      0.0777369508212159      -0.0171152556140675
-2.0943951023931957     4.1386250526332606      0.0750330135757518      -0.0169161218122889
-2.0943951023931957     4.2640379330160867      0.0725064432396402      -0.0167366697569116
-2.0943951023931957     4.3894508133989127      0.0701400983054470      -0.0165744110358407
-2.0943951023931957     4.5148636937817388      0.0679189699634501      -0.0164270960061164
-2.0943951023931957     4.6402765741645648      0.0658296929274024      -0.0162928915973631
-2.0943951023931957     4.7656894545473909      0.0638606137727041      -0.0161704224489818
-2.0943951023931957     4.8911023349302170      0.0620016047801097      -0.0160583495058478
-2.0943951023931957     5.0165152153130430      0.0602434611818610      -0.0159553917368199
-2.0943951023931957     5.1419280956958691      0.0585779231530750      -0.0158606268429317
-2.0943951023931957     5.2673409760786951      0.0569977717371266      -0.0157732583556957
-2.0943951023931957     5.3927538564615212      0.0554964810571070      -0.0156924565918064
-2.0943951023931957     5.5181667368443472      0.0540680758857332      -0.0156175656445032
-2.0943951023931957     5.6435796172271733      0.0527072489795132      -0.0155480928698227
-2.0943951023931957     5.7689924976099993      0.0514092745089969      -0.0154835077814808
-2.0943951023931957     5.8944053779928254      0.0501697409051033      -0.0154232830661995
-2.0943951023931957     6.0198182583756514      0.0489846081046416      -0.0153670866361110
-2.0943951023931957     6.1452311387584775      0.0478503462898492      -0.0153146357672798
-2.0943951023931957     6.2706440191413035      0.0467637056392030      -0.0152655113752243
-2.0943951023931957     6.3960568995241296      0.0457215621266428      -0.0152194108808639
-2.0943951023931957     6.5214697799069556      0.0447211500547055      -0.0151761773556503
-2.0943951023931957     6.6468826602897817      0.0437600093529500      -0.0151355516691198
-2.0943951023931957     6.7722955406726077      0.0428357495510369      -0.0150972704122100
-2.0943951023931957     6.8977084210554338      0.0419461746031535      -0.0150611984843781
-2.0943951023931957     7.0231213014382599      0.0410893415169831      -0.0150271942542861
-2.0943951023931957     7.1485341818210859      0.0402634164542971      -0.0149950513914675
-2.0943951023931957     7.2739470622039120      0.0394666396077736      -0.0149646394436330
-2.0943951023931957     7.3993599425867380      0.0386974366854782      -0.0149358879808668
-2.0943951023931957     7.5247728229695641      0.0379544018504129      -0.0149086653045344
-2.0943951023931957     7.6501857033523901      0.0372361331263250      -0.0148828063088041
-2.0943951023931957     7.7755985837352162      0.0365413075825568      -0.0148582602351876
-2.0943951023931957     7.9010114641180422      0.0358687890892134      -0.0148349780360874
-2.0943951023931957     8.0264243445008692      0.0352174939291896      -0.0148128211910671
-2.0943951023931957     8.1518372248836961      0.0345863279821940      -0.0147917103064145
-2.0943951023931957     8.2772501052665231      0.0339743320652012      -0.0147716218108696
-2.0943951023931957     8.4026629856493500      0.0333806304254027      -0.0147524752440917
-2.0943951023931957     8.5280758660321769      0.0328043437452699      -0.0147341841109626
-2.0943951023931957     8.6534887464150039      0.0322446519011585      -0.0147167304570333
-2.0943951023931957     8.7789016267978308      0.0317008404180139      -0.0147000788690090
-2.0943951023931957     8.9043145071806578      0.0311722113950545      -0.0146841405346499
-2.0943951023931957     9.0297273875634847      0.0306580538182112      -0.0146688726152106
-2.0943951023931957     9.1551402679463116      0.0301577484912875      -0.0146542793654972
-2.0943951023931957     9.2805531483291386      0.0296707439608139      -0.0146403026104321
-2.0943951023931957     9.4059660287119655      0.0291964477540947      -0.0146268768791650
-2.0943951023931957     9.5313789090947925      0.0287343116433535      -0.0146140076723990
-2.0943951023931957     9.6567917894776194      0.0282838706909224      -0.0146016778217836
-2.0943951023931957     9.7822046698604463      0.0278446588480664      -0.0145898269582494
-2.0943951023931957     9.9076175502432733      0.0274161981231451      -0.0145784327304415
-2.0943951023931957     10.0330304306261002      0.0269980761318925      -0.0145674955401706
-2.0943951023931957     10.1584433110089272      0.0265899113818869      -0.0145569769043699
-2.0943951023931957     10.2838561913917541      0.0261913014671219      -0.0145468360108328
-2.0943951023931957     10.4092690717745811      0.0258018684925566      -0.0145370798161268
-2.0943951023931957     10.5346819521574080      0.0254212970867541      -0.0145276962012051
-2.0943951023931957     10.6600948325402349      0.0250492596659128      -0.0145186392818435
-2.0943951023931957     10.7855077129230619      0.0246854146115103      -0.0145098968116070
-2.0943951023931957     10.9109205933058888      0.0243294750891536      -0.0145014819088171
-2.0943951023931957     11.0363334736887158      0.0239811810175973      -0.0144933657291988
-2.0943951023931957     11.1617463540715427      0.0236402433596110      -0.0144855180754192
-2.0943951023931957     11.2871592344543696      0.0233063962129310      -0.0144779502595321
-2.0943951023931957     11.4125721148371966      0.0229794186684356      -0.0144706536855522
-2.0943951023931957     11.5379849952200235      0.0226590769252794      -0.0144635940256252
-2.0943951023931957     11.6633978756028505      0.0223451289012964      -0.0144567640331753
-2.0943951023931957     11.7888107559856774      0.0220373690695977      -0.0144501657961525
-2.0943951023931957     11.9142236363685043      0.0217356001557291      -0.0144437761443089
-2.0943951023931957     12.0396365167513313      0.0214396097906592      -0.0144375798070924
-2.0943951023931957     12.1650493971341582      0.0211492037577758      -0.0144315879293830
-2.0943951023931957     12.2904622775169852      0.0208642233231740      -0.0144257970301743
-2.0943951023931957     12.4158751578998121      0.0205844991913659      -0.0144201803330610
-2.0943951023931957     12.5412880382826391      0.0203098495369150      -0.0144147310504996
-2.0943951023931957     12.6667009186654660      0.0200401223893354      -0.0144094544477686
-2.0943951023931957     12.7921137990482929      0.0197751729333322      -0.0144043332799635
-2.0943951023931957     12.9175266794311199      0.0195148432274056      -0.0143993571135637
-2.0943951023931957     13.0429395598139468      0.0192589900516347      -0.0143945310967038
-2.0943951023931957     13.1683524401967738      0.0190074879489189      -0.0143898516191926
-2.0943951023931957     13.2937653205796007      0.0187602078854504      -0.0143853062123978
-2.0943951023931957     13.4191782009624276      0.0185170179006070      -0.0143808911394225
-2.0943951023931957     13.5445910813452546      0.0182778029717103      -0.0143766114468095
-2.0943951023931957     13.6700039617280815      0.0180424587475845      -0.0143724548675110
-2.0943951023931957     13.7954168421109085      0.0178108648432888      -0.0143684070441015
-2.0943951023931957     13.9208297224937354      0.0175829076638543      -0.0143644747579132
-2.0943951023931957     14.0462426028765623      0.0173584959430240      -0.0143606571282614
-2.0943951023931957     14.1716554832593893      0.0171375308411486      -0.0143569392953598
-2.0943951023931957     14.2970683636422162      0.0169199079329148      -0.0143533184922052
-2.0943951023931957     14.4224812440250432      0.0167055368327563      -0.0143497982482039
-2.0943951023931957     14.5478941244078701      0.0164943335843515      -0.0143463715381981
-2.0943951023931957     14.6733070047906971      0.0162862081898455      -0.0143430312629901
-2.0943951023931957     14.7987198851735240      0.0160810730722249      -0.0143397797256813
-2.0943951023931957     14.9241327655563509      0.0158788553547001      -0.0143366177177501
-2.0943951023931957     15.0495456459391779      0.0156794795396124      -0.0143335351306338
-2.0943951023931957     15.1749585263220048      0.0154828638458794      -0.0143305295525044
-2.0943951023931957     15.3003714067048318      0.0152889387013535      -0.0143276047955883
-2.0943951023931957     15.4257842870876587      0.0150976403935724      -0.0143247540104671
-2.0943951023931957     15.5511971674704856      0.0149088961579851      -0.0143219687477360
-2.0943951023931957     15.6766100478533126      0.0147226343897773      -0.0143192513340027
    
-1.7453292519943295     0.0000000000000000      -0.6128086016766061      -0.5811063353891467
-1.7453292519943295     0.1254128803828261      -0.1741719959611387      -0.8753783000134797
-1.7453292519943295     0.2508257607656522      0.1058792929167726      -0.6795162338702717
-1.7453292519943295     0.3762386411484783      0.1222878323128574      -0.4621009378641766
-1.7453292519943295     0.5016515215313043      0.0708960318212935      -0.4541434680023790
-1.7453292519943295     0.6270644019141304      0.0556584846310943      -0.5028566520424248
-1.7453292519943295     0.7524772822969564      0.1886076062038455      -0.5489885353034806
-1.7453292519943295     0.8778901626797825      0.3349774156824880      -0.5155082823206812
-1.7453292519943295     1.0033030430626086      0.4561331368574140      -0.3647844476231171
-1.7453292519943295     1.1287159234454347      0.4300480780794831      -0.1845921057102041
-1.7453292519943295     1.2541288038282608      0.3522345711637425      -0.1052575055095213
-1.7453292519943295     1.3795416842110868      0.2944522795309640      -0.0728708230898846
-1.7453292519943295     1.5049545645939129      0.2542448837159205      -0.0563449338238634
-1.7453292519943295     1.6303674449767389      0.2250960762442862      -0.0457283144246183
-1.7453292519943295     1.7557803253595650      0.2018049098093618      -0.0382180138717641
-1.7453292519943295     1.8811932057423910      0.1827524708263269      -0.0325451599240727
-1.7453292519943295     2.0066060861252173      0.1667069283140876      -0.0286650868074452
-1.7453292519943295     2.1320189665080433      0.1532714318536846      -0.0259255370410596
-1.7453292519943295     2.2574318468908694      0.1418997651851328      -0.0238830632377578
-1.7453292519943295     2.3828447272736955      0.1321355688708106      -0.0223000239878869
-1.7453292519943295     2.5082576076565215      0.1236529067442367      -0.0210419116889258
-1.7453292519943295     2.6336704880393476      0.1162082556439812      -0.0200227330564270
-1.7453292519943295     2.7590833684221736      0.1096189111501767      -0.0191845889446377
-1.7453292519943295     2.8844962488049997      0.1037433233143282      -0.0184854182064261
-1.7453292519943295     3.0099091291878257      0.0984690024435168      -0.0178944107464553
-1.7453292519943295     3.1353220095706518      0.0937056571246152      -0.0173898607619013
-1.7453292519943295     3.2607348899534778      0.0893812492010604      -0.0169557563754042
-1.7453292519943295     3.3861477703363039      0.0854370133287682      -0.0165790749042260
-1.7453292519943295     3.5115606507191299      0.0818236626348923      -0.0162495568619954
-1.7453292519943295     3.6369735311019560      0.0785003215321151      -0.0159600174896104
-1.7453292519943295     3.7623864114847820      0.0754332325622329      -0.0157040833689040
-1.7453292519943295     3.8877992918676081      0.0725932085979966      -0.0154764171528600
-1.7453292519943295     4.0132121722504346      0.0699552822070156      -0.0152730558804758
-1.7453292519943295     4.1386250526332606      0.0674983801664674      -0.0150908360673574
-1.7453292519943295     4.2640379330160867      0.0652043037014509      -0.0149267487079843
-1.7453292519943295     4.3894508133989127      0.0630569550860070      -0.0147783566139397
-1.7453292519943295     4.5148636937817388      0.0610423616671971      -0.0146438822290293
-1.7453292519943295     4.6402765741645648      0.0591485847231202      -0.0145216731447515
-1.7453292519943295     4.7656894545473909      0.0573648818351601      -0.0144100557367455
-1.7453292519943295     4.8911023349302170      0.0556815260562002      -0.0143078439460532
-1.7453292519943295     5.0165152153130430      0.0540901786983590      -0.0142141832777362
-1.7453292519943295     5.1419280956958691      0.0525834807794359      -0.0141280518995420
-1.7453292519943295     5.2673409760786951      0.0511545953906555      -0.0140485663132319
-1.7453292519943295     5.3927538564615212      0.0497974579476375      -0.0139751790442818
-1.7453292519943295     5.5181667368443472      0.0485068110213605      -0.0139073083716080
-1.7453292519943295     5.6435796172271733      0.0472777767616128      -0.0138442786575771
-1.7453292519943295     5.7689924976099993      0.0461057978205653      -0.0137856515906311
-1.7453292519943295     5.8944053779928254      0.0449869447697915      -0.0137311502374004
-1.7453292519943295     6.0198182583756514      0.0439176987091629      -0.0136803216373007
-1.7453292519943295     6.1452311387584775      0.0428946437738486      -0.0136327387411981
-1.7453292519943295     6.2706440191413035      0.0419146816288474      -0.0135882537067913
-1.7453292519943295     6.3960568995241296      0.0409752049804760      -0.0135466418228781
-1.7453292519943295     6.5214697799069556      0.0400736767217287      -0.0135075290189563
-1.7453292519943295     6.6468826602897817      0.0392076462976469      -0.0134707509472427
-1.7453292519943295     6.7722955406726077      0.0383750461962344      -0.0134362258507117
-1.7453292519943295     6.8977084210554338      0.0375739853654853      -0.0134037042931549
-1.7453292519943295     7.0231213014382599      0.0368025633113317      -0.0133729871235839
-1.7453292519943295     7.1485341818210859      0.0360590805598572      -0.0133440246415031
-1.7453292519943295     7.2739470622039120      0.0353420753040389      -0.0133166901914580
-1.7453292519943295     7.3993599425867380      0.0346500939923223      -0.0132907740383459
-1.7453292519943295     7.5247728229695641      0.0339816995909632      -0.0132661990044023
-1.7453292519943295     7.6501857033523901      0.0333356965487992      -0.0132429601082665
-1.7453292519943295     7.7755985837352162      0.0327109984066508      -0.0132209019865087
-1.7453292519943295     7.9010114641180422      0.0321064441018289      -0.0131998932937219
-1.7453292519943295     8.0264243445008692      0.0315209935396365      -0.0131799506120059
-1.7453292519943295     8.1518372248836961      0.0309537959401203      -0.0131610132784514
-1.7453292519943295     8.2772501052665231      0.0304039529584353      -0.0131429422815893
-1.7453292519943295     8.4026629856493500      0.0298705786847244      -0.0131257097804760
-1.7453292519943295     8.5280758660321769      0.0293529403552472      -0.0131093138678032
-1.7453292519943295     8.6534887464150039      0.0288503497420238      -0.0130936510545155
-1.7453292519943295     8.7789016267978308      0.0283620621638166      -0.0130786504457496
-1.7453292519943295     8.9043145071806578      0.0278874202674186      -0.0130643379286385
-1.7453292519943295     9.0297273875634847      0.0274258886996379      -0.0130506777858294
-1.7453292519943295     9.1551402679463116      0.0269768858175478      -0.0130375666720371
-1.7453292519943295     9.2805531483291386      0.0265398131484992      -0.0130250029588146
-1.7453292519943295     9.4059660287119655      0.0261142106349965      -0.0130130054938387
-1.7453292519943295     9.5313789090947925      0.0256996352587843      -0.0130014923787100
-1.7453292519943295     9.6567917894776194      0.0252955811822879      -0.0129904147741026
-1.7453292519943295     9.7822046698604463      0.0249016112499409      -0.0129798007875906
-1.7453292519943295     9.9076175502432733      0.0245173709874002      -0.0129696215956371
-1.7453292519943295     10.0330304306261002      0.0241424590656425      -0.0129598104628529
-1.7453292519943295     10.1584433110089272      0.0237764718624005      -0.0129503725280266
-1.7453292519943295     10.2838561913917541      0.0234190970557408      -0.0129413231684363
-1.7453292519943295     10.4092690717745811      0.0230700326064608      -0.0129326033422263
-1.7453292519943295     10.5346819521574080      0.0227289207222955      -0.0129241829190788
-1.7453292519943295     10.6600948325402349      0.0223954624715508      -0.0129160923765197
-1.7453292519943295     10.7855077129230619      0.0220694213981295      -0.0129083119494667
-1.7453292519943295     10.9109205933058888      0.0217505145482665      -0.0129007856035746
-1.7453292519943295     11.0363334736887158      0.0214384523791854      -0.0128935244680726
-1.7453292519943295     11.1617463540715427      0.0211330233196474      -0.0128865405935394
-1.7453292519943295     11.2871592344543696      0.0208340095219342      -0.0128797856808422
-1.7453292519943295     11.4125721148371966      0.0205411522733340      -0.0128732420274471
-1.7453292519943295     11.5379849952200235      0.0202542402951442      -0.0128669342905654
-1.7453292519943295     11.6633978756028505      0.0199731009465837      -0.0128608450396917
-1.7453292519943295     11.7888107559856774      0.0196975272937137      -0.0128549416724269
-1.7453292519943295     11.9142236363685043      0.0194273164152063      -0.0128492344021635
-1.7453292519943295     12.0396365167513313      0.0191623144649479      -0.0128437298802975
-1.7453292519943295     12.1650493971341582      0.0189023644989565      -0.0128383930479204
-1.7453292519943295     12.2904622775169852      0.0186472752043606      -0.0128332087524936
-1.7453292519943295     12.4158751578998121      0.0183968883018119      -0.0128281982676497
-1.7453292519943295     12.5412880382826391      0.0181510807371473      -0.0128233516855109
-1.7453292519943295     12.6667009186654660      0.0179096993249703      -0.0128186420288373
-1.7453292519943295     12.7921137990482929      0.0176725925383020      -0.0128140792833482
-1.7453292519943295     12.9175266794311199      0.0174396475138224      -0.0128096669622669
-1.7453292519943295     13.0429395598139468      0.0172107441874661      -0.0128053816196145
-1.7453292519943295     13.1683524401967738      0.0169857444792059      -0.0128012139289746
-1.7453292519943295     13.2937653205796007      0.0167645308498046      -0.0127971745140375
-1.7453292519943295     13.4191782009624276      0.0165470069037511      -0.0127932558528720
-1.7453292519943295     13.5445910813452546      0.0163330573942894      -0.0127894365015105
-1.7453292519943295     13.6700039617280815      0.0161225614598175      -0.0127857234501586
-1.7453292519943295     13.7954168421109085      0.0159154335164667      -0.0127821277239933
-1.7453292519943295     13.9208297224937354      0.0157115874934185      -0.0127786290006778
-1.7453292519943295     14.0462426028765623      0.0155109136060732      -0.0127752188198718
-1.7453292519943295     14.1716554832593893      0.0153133219896730      -0.0127719103479931
-1.7453292519943295     14.2970683636422162      0.0151187410769065      -0.0127686982219878
-1.7453292519943295     14.4224812440250432      0.0149270840257087      -0.0127655673063870
-1.7453292519943295     14.5478941244078701      0.0147382618333811      -0.0127625208240991
-1.7453292519943295     14.6733070047906971      0.0145522054140456      -0.0127595625536547
-1.7453292519943295     14.7987198851735240      0.0143688463306720      -0.0127566790656117
-1.7453292519943295     14.9241327655563509      0.0141880996653440      -0.0127538627553983
-1.7453292519943295     15.0495456459391779      0.0140098927778768      -0.0127511244490691
-1.7453292519943295     15.1749585263220048      0.0138341713231868      -0.0127484621720306
-1.7453292519943295     15.3003714067048318      0.0136608678692872      -0.0127458619710423
-1.7453292519943295     15.4257842870876587      0.0134899089322609      -0.0127433265272998
-1.7453292519943295     15.5511971674704856      0.0133212406587840      -0.0127408634163369
-1.7453292519943295     15.6766100478533126      0.0131548129648903      -0.0127384628836855
    
-1.3962634015954636     0.0000000000000000      -0.4850382478692588      -0.4068265455476163
-1.3962634015954636     0.1254128803828261      -0.2043067313452521      -0.6033736473841654
-1.3962634015954636     0.2508257607656522      -0.0748495160599434      -0.4763619635529734
-1.3962634015954636     0.3762386411484783      -0.1202996522120165      -0.4460155452138414
-1.3962634015954636     0.5016515215313043      -0.0237418057607802      -0.5838521289272024
-1.3962634015954636     0.6270644019141304      0.0857088481972879      -0.5300243523580925
-1.3962634015954636     0.7524772822969564      0.1670538343061722      -0.5388120959874720
-1.3962634015954636     0.8778901626797825      0.3252207012127420      -0.4943068434193928
-1.3962634015954636     1.0033030430626086      0.4242487457865901      -0.3480017968522536
-1.3962634015954636     1.1287159234454347      0.4015727410174412      -0.1767918296379991
-1.3962634015954636     1.2541288038282608      0.3273524355949695      -0.0998281812857609
-1.3962634015954636     1.3795416842110868      0.2721759707597935      -0.0683651314150688
-1.3962634015954636     1.5049545645939129      0.2338875410207364      -0.0523564919233983
-1.3962634015954636     1.6303674449767389      0.2062092708173102      -0.0421158846386796
-1.3962634015954636     1.7557803253595650      0.1841981355879277      -0.0349750745943584
-1.3962634015954636     1.8811932057423910      0.1663099601274555      -0.0296404562080672
-1.3962634015954636     2.0066060861252173      0.1513248429081533      -0.0259970925812861
-1.3962634015954636     2.1320189665080433      0.1388283689969851      -0.0234289543010033
-1.3962634015954636     2.2574318468908694      0.1282955581564281      -0.0215175359781702
-1.3962634015954636     2.3828447272736955      0.1192771776406688      -0.0200261472840277
-1.3962634015954636     2.5082576076565215      0.1114538228730088      -0.0188428208621653
-1.3962634015954636     2.6336704880393476      0.1046037025153233      -0.0178892032393654
-1.3962634015954636     2.7590833684221736      0.0985545391577880      -0.0171063370719267
-1.3962634015954636     2.8844962488049997      0.0931705514728282      -0.0164539709616469
-1.3962634015954636     3.0099091291878257      0.0883458109235447      -0.0159042362970917
-1.3962634015954636     3.1353220095706518      0.0839963319365845      -0.0154359190586020
-1.3962634015954636     3.2607348899534778      0.0800535768045558      -0.0150331451568844
-1.3962634015954636     3.3861477703363039      0.0764619950651699      -0.0146844099758196
-1.3962634015954636     3.5115606507191299      0.0731762895591643      -0.0143805103892895
-1.3962634015954636     3.6369735311019560      0.0701584786186421      -0.0141135960815999
-1.3962634015954636     3.7623864114847820      0.0673762926321374      -0.0138778477132586
-1.3962634015954636     3.8877992918676081      0.0648027778989586      -0.0136687347872229
-1.3962634015954636     4.0132121722504346      0.0624151431464148      -0.0134823465841415
-1.3962634015954636     4.1386250526332606      0.0601935552083592      -0.0133152652877622
-1.3962634015954636     4.2640379330160867      0.0581208463470072      -0.0131650504149271
-1.3962634015954636     4.3894508133989127      0.0561824794394333      -0.0130296115235829
-1.3962634015954636     4.5148636937817388      0.0543656870196402      -0.0129068480593102
-1.3962634015954636     4.6402765741645648      0.0526589618623460      -0.0127951986140667
-1.3962634015954636     4.7656894545473909      0.0510524707935446      -0.0126935090168201
-1.3962634015954636     4.8911023349302170      0.0495375952424837      -0.0126005634440070
-1.3962634015954636     5.0165152153130430      0.0481064914132203      -0.0125152870991156
-1.3962634015954636     5.1419280956958691      0.0467521807311606      -0.0124369358070914
-1.3962634015954636     5.2673409760786951      0.0454686073476625      -0.0123648574071121
-1.3962634015954636     5.3927538564615212      0.0442503426894847      -0.0122983066280592
-1.3962634015954636     5.5181667368443472      0.0430922992476420      -0.0122366584340279
-1.3962634015954636     5.6435796172271733      0.0419899905512583      -0.0121795723994523
-1.3962634015954636     5.7689924976099993      0.0409395393073414      -0.0121265864488791
-1.3962634015954636     5.8944053779928254      0.0399372021103275      -0.0120771870181134
-1.3962634015954636     6.0198182583756514      0.0389795714248589      -0.0120311491723138
-1.3962634015954636     6.1452311387584775      0.0380637320274478      -0.0119882417853929
-1.3962634015954636     6.2706440191413035      0.0371869778700740      -0.0119480973077125
-1.3962634015954636     6.3960568995241296      0.0363466961119883      -0.0119104721535475
-1.3962634015954636     6.5214697799069556      0.0355406029038485      -0.0118752408618146
-1.3962634015954636     6.6468826602897817      0.0347666753928565      -0.0118421829765177
-1.3962634015954636     6.7722955406726077      0.0340229295407924      -0.0118110283564790
-1.3962634015954636     6.8977084210554338      0.0333074848288935      -0.0117816852917915
-1.3962634015954636     7.0231213014382599      0.0326187688870154      -0.0117540779519880
-1.3962634015954636     7.1485341818210859      0.0319552934307984      -0.0117279948551909
-1.3962634015954636     7.2739470622039120      0.0313155540708876      -0.0117033146576122
-1.3962634015954636     7.3993599425867380      0.0306982647158016      -0.0116800262263673
-1.3962634015954636     7.5247728229695641      0.0301022947741999      -0.0116579977243990
-1.3962634015954636     7.6501857033523901      0.0295264726471274      -0.0116370756509772
-1.3962634015954636     7.7755985837352162      0.0289697020402491      -0.0116172324098062
-1.3962634015954636     7.9010114641180422      0.0284310618965222      -0.0115984226253250
-1.3962634015954636     8.0264243445008692      0.0279096553407088      -0.0115805169166784
-1.3962634015954636     8.1518372248836961      0.0274045573670708      -0.0115634517792992
-1.3962634015954636     8.2772501052665231      0.0269149839731930      -0.0115472453627022
-1.3962634015954636     8.4026629856493500      0.0264402557458036      -0.0115318240963297
-1.3962634015954636     8.5280758660321769      0.0259796418435163      -0.0115170823210971
-1.3962634015954636     8.6534887464150039      0.0255324406236780      -0.0115030232075563
-1.3962634015954636     8.7789016267978308      0.0250980945802481      -0.0114896357044241
-1.3962634015954636     8.9043145071806578      0.0246760374404598      -0.0114768212367940
-1.3962634015954636     9.0297273875634847      0.0242656659294717      -0.0114645476506180
-1.3962634015954636     9.1551402679463116      0.0238664857479368      -0.0114528380933685
-1.3962634015954636     9.2805531483291386      0.0234780595853530      -0.0114416302458635
-1.3962634015954636     9.4059660287119655      0.0230998940562119      -0.0114308609909893
-1.3962634015954636     9.5313789090947925      0.0227315323369956      -0.0114205433266746
-1.3962634015954636     9.6567917894776194      0.0223726064247401      -0.0114106696378146
-1.3962634015954636     9.7822046698604463      0.0220227385447207      -0.0114011782862415
-1.3962634015954636     9.9076175502432733      0.0216815238680259      -0.0113920513786426
-1.3962634015954636     10.0330304306261002      0.0213486300329795      -0.0113833118215118
-1.3962634015954636     10.1584433110089272      0.0210237733872513      -0.0113749193211090
-1.3962634015954636     10.2838561913917541      0.0207066136134860      -0.0113668181886669
-1.3962634015954636     10.4092690717745811      0.0203968284321355      -0.0113590283139425
-1.3962634015954636     10.5346819521574080      0.0200941784711871      -0.0113515467406067
-1.3962634015954636     10.6600948325402349      0.0197983936332595      -0.0113443199043402
-1.3962634015954636     10.7855077129230619      0.0195091856999857      -0.0113373485868161
-1.3962634015954636     10.9109205933058888      0.0192263338357486      -0.0113306517986712
-1.3962634015954636     11.0363334736887158      0.0189496347331344      -0.0113241951855154
-1.3962634015954636     11.1617463540715427      0.0186788480205324      -0.0113179479860070
-1.3962634015954636     11.2871592344543696      0.0184137511779736      -0.0113119210723798
-1.3962634015954636     11.4125721148371966      0.0181541699743352      -0.0113061133257266
-1.3962634015954636     11.5379849952200235      0.0178999155271403      -0.0113004861177850
-1.3962634015954636     11.6633978756028505      0.0176507757024694      -0.0112950377289781
-1.3962634015954636     11.7888107559856774      0.0174065905424001      -0.0112897892315306
-1.3962634015954636     11.9142236363685043      0.0171672186665078      -0.0112847144083518
-1.3962634015954636     12.0396365167513313      0.0169324799876250      -0.0112797899469995
-1.3962634015954636     12.1650493971341582      0.0167022164231162      -0.0112750315213127
-1.3962634015954636     12.2904622775169852      0.0164763038236427      -0.0112704311568610
-1.3962634015954636     12.4158751578998121      0.0162545973837997      -0.0112659639492762
-1.3962634015954636     12.5412880382826391      0.0160369471052169      -0.0112616316856836
-1.3962634015954636     12.6667009186654660      0.0158232328988241      -0.0112574443201800
-1.3962634015954636     12.7921137990482929      0.0156133475746323      -0.0112533882560252
-1.3962634015954636     12.9175266794311199      0.0154071629628141      -0.0112494449479984
-1.3962634015954636     13.0429395598139468      0.0152045553680193      -0.0112456227692132
-1.3962634015954636     13.1683524401967738      0.0150054335319723      -0.0112419242566868
-1.3962634015954636     13.2937653205796007      0.0148096939495661      -0.0112383252709283
-1.3962634015954636     13.4191782009624276      0.0146172175126469      -0.0112348274727388
-1.3962634015954636     13.5445910813452546      0.0144279179396533      -0.0112314427220564
-1.3962634015954636     13.6700039617280815      0.0142417145398394      -0.0112281560206714
-1.3962634015954636     13.7954168421109085      0.0140585070507718      -0.0112249557135700
-1.3962634015954636     13.9208297224937354      0.0138782057765326      -0.0112218486764980
-1.3962634015954636     14.0462426028765623      0.0137007377990368      -0.0112188333787602
-1.3962634015954636     14.1716554832593893      0.0135260249568944      -0.0112158954720384
-1.3962634015954636     14.2970683636422162      0.0133539778159276      -0.0112130308177805
-1.3962634015954636     14.4224812440250432      0.0131845227002455      -0.0112102493155045
-1.3962634015954636     14.5478941244078701      0.0130175993323364      -0.0112075439272619
-1.3962634015954636     14.6733070047906971      0.0128531294656918      -0.0112049041742576
-1.3962634015954636     14.7987198851735240      0.0126910424321569      -0.0112023408800139
-1.3962634015954636     14.9241327655563509      0.0125312885781978      -0.0111998527285479
-1.3962634015954636     15.0495456459391779      0.0123738053968511      -0.0111974242682134
-1.3962634015954636     15.1749585263220048      0.0122185228340541      -0.0111950545204356
-1.3962634015954636     15.3003714067048318      0.0120653842112481      -0.0111927481993366
-1.3962634015954636     15.4257842870876587      0.0119143391864600      -0.0111905017635204
-1.3962634015954636     15.5511971674704856      0.0117653304725260      -0.0111883071569231
-1.3962634015954636     15.6766100478533126      0.0116182987745281      -0.0111861676689177
    
-1.0471975511965979     0.0000000000000000      -0.3795104898113904      -0.2538075052790218
-1.0471975511965979     0.1254128803828261      -0.2489740541532244      -0.3763196465205583
-1.0471975511965979     0.2508257607656522      -0.2212636620860871      -0.3383376190683493
-1.0471975511965979     0.3762386411484783      -0.2886583586163655      -0.4308366922577737
-1.0471975511965979     0.5016515215313043      -0.0964639411018650      -0.6686841158690232
-1.0471975511965979     0.6270644019141304      0.1320004382018527      -0.5264021186753667
-1.0471975511965979     0.7524772822969564      0.1133755891194642      -0.4664880152022531
-1.0471975511965979     0.8778901626797825      0.2355155817945884      -0.5053993859951317
-1.0471975511965979     1.0033030430626086      0.3981911557629622      -0.3851043971230292
-1.0471975511965979     1.1287159234454347      0.3920102335130115      -0.1887649532638816
-1.0471975511965979     1.2541288038282608      0.3166830327241767      -0.1025669612415508
-1.0471975511965979     1.3795416842110868      0.2604572722558460      -0.0680661942743641
-1.0471975511965979     1.5049545645939129      0.2218018407079680      -0.0509355782412575
-1.0471975511965979     1.6303674449767389      0.1941173754443961      -0.0402626201555537
-1.0471975511965979     1.7557803253595650      0.1723576243389714      -0.0330349072427159
-1.0471975511965979     1.8811932057423910      0.1548774705602382      -0.0277666104483518
-1.0471975511965979     2.0066060861252173      0.1403853620218903      -0.0241909733234090
-1.0471975511965979     2.1320189665080433      0.1283864624748211      -0.0216717806422674
-1.0471975511965979     2.2574318468908694      0.1183281227102158      -0.0198012434364730
-1.0471975511965979     2.3828447272736955      0.1097537507893715      -0.0183423838369959
-1.0471975511965979     2.5082576076565215      0.1023414368935490      -0.0171887120911314
-1.0471975511965979     2.6336704880393476      0.0958728234323563      -0.0162629857386968
-1.0471975511965979     2.7590833684221736      0.0901779286243406      -0.0155065673902663
-1.0471975511965979     2.8844962488049997      0.0851240839735990      -0.0148791741222888
-1.0471975511965979     3.0099091291878257      0.0806072294608965      -0.0143520116650689
-1.0471975511965979     3.1353220095706518      0.0765446396658266      -0.0139044732674595
-1.0471975511965979     3.2607348899534778      0.0728703205123780      -0.0135211154322513
-1.0471975511965979     3.3861477703363039      0.0695303621244855      -0.0131898049267026
-1.0471975511965979     3.5115606507191299      0.0664802926319872      -0.0129014197082275
-1.0471975511965979     3.6369735311019560      0.0636834586974497      -0.0126489351778548
-1.0471975511965979     3.7623864114847820      0.0611092714603935      -0.0124265373342491
-1.0471975511965979     3.8877992918676081      0.0587317729353127      -0.0122295065916030
-1.0471975511965979     4.0132121722504346      0.0565288688802363      -0.0120541181795221
-1.0471975511965979     4.1386250526332606      0.0544817821133973      -0.0118973747598911
-1.0471975511965979     4.2640379330160867      0.0525743734541372      -0.0117566486677898
-1.0471975511965979     4.3894508133989127      0.0507925490285710      -0.0116297666546914
-1.0471975511965979     4.5148636937817388      0.0491240742396609      -0.0115150525353750
-1.0471975511965979     4.6402765741645648      0.0475584083414299      -0.0114109911339068
-1.0471975511965979     4.7656894545473909      0.0460861520836625      -0.0113162229946161
-1.0471975511965979     4.8911023349302170      0.0446989978138017      -0.0112297013217939
-1.0471975511965979     5.0165152153130430      0.0433896946061297      -0.0111505340487286
-1.0471975511965979     5.1419280956958691      0.0421517853861491      -0.0110778506404093
-1.0471975511965979     5.2673409760786951      0.0409794205273642      -0.0110109294920901
-1.0471975511965979     5.3927538564615212      0.0398673941874228      -0.0109492218474259
-1.0471975511965979     5.5181667368443472      0.0388111314405944      -0.0108922269952255
-1.0471975511965979     5.6435796172271733      0.0378064590866958      -0.0108394082250430
-1.0471975511965979     5.7689924976099993      0.0368495349937376      -0.0107903782634544
-1.0471975511965979     5.8944053779928254      0.0359369933078222      -0.0107448371444100
-1.0471975511965979     6.0198182583756514      0.0350657722905458      -0.0107024187800332
-1.0471975511965979     6.1452311387584775      0.0342330222123500      -0.0106628239873959
-1.0471975511965979     6.2706440191413035      0.0334361704465064      -0.0106258427094830
-1.0471975511965979     6.3960568995241296      0.0326729196109805      -0.0105912447423446
-1.0471975511965979     6.5214697799069556      0.0319411123019038      -0.0105587960069005
-1.0471975511965979     6.6468826602897817      0.0312387548477904      -0.0105283367737489
-1.0471975511965979     6.7722955406726077      0.0305640666539430      -0.0104997427877791
-1.0471975511965979     6.8977084210554338      0.0299154255006876      -0.0104728372537245
-1.0471975511965979     7.0231213014382599      0.0292912676175789      -0.0104474685882334
-1.0471975511965979     7.1485341818210859      0.0286901699368298      -0.0104235527124362
-1.0471975511965979     7.2739470622039120      0.0281108685905898      -0.0104009874401891
-1.0471975511965979     7.3993599425867380      0.0275521482022140      -0.0103796349490194
-1.0471975511965979     7.5247728229695641      0.0270128561121040      -0.0103594199887332
-1.0471975511965979     7.6501857033523901      0.0264919661218537      -0.0103402888540297
-1.0471975511965979     7.7755985837352162      0.0259885304941356      -0.0103221491771751
-1.0471975511965979     7.9010114641180422      0.0255016260529608      -0.0103049266829056
-1.0471975511965979     8.0264243445008692      0.0250304142548952      -0.0102885853070035
-1.0471975511965979     8.1518372248836961      0.0245741431426543      -0.0102730624536632
-1.0471975511965979     8.2772501052665231      0.0241320687156192      -0.0102582735124938
-1.0471975511965979     8.4026629856493500      0.0237034795358217      -0.0102441839307850
-1.0471975511965979     8.5280758660321769      0.0232877481850192      -0.0102307709483849
-1.0471975511965979     8.6534887464150039      0.0228842919775637      -0.0102179737209628
-1.0471975511965979     8.7789016267978308      0.0224925195721656      -0.0102057397952127
-1.0471975511965979     8.9043145071806578      0.0221118929174294      -0.0101940615184109
-1.0471975511965979     9.0297273875634847      0.0217419378908506      -0.0101829066470678
-1.0471975511965979     9.1551402679463116      0.0213821747289962      -0.0101722221975309
-1.0471975511965979     9.2805531483291386      0.0210321451771312      -0.0101619979840832
-1.0471975511965979     9.4059660287119655      0.0206914496728637      -0.0101522175225090
-1.0471975511965979     9.5313789090947925      0.0203597009253134      -0.0101428385232074
-1.0471975511965979     9.6567917894776194      0.0200365097073017      -0.0101338348852161
-1.0471975511965979     9.7822046698604463      0.0197215227107309      -0.0101251991758752
-1.0471975511965979     9.9076175502432733      0.0194144183776157      -0.0101169099761929
-1.0471975511965979     10.0330304306261002      0.0191148747627980      -0.0101089360350895
-1.0471975511965979     10.1584433110089272      0.0188225764846430      -0.0101012732317265
-1.0471975511965979     10.2838561913917541      0.0185372570037180      -0.0100939219805792
-1.0471975511965979     10.4092690717745811      0.0182586611373521      -0.0100868512130404
-1.0471975511965979     10.5346819521574080      0.0179865175851920      -0.0100800390984496
-1.0471975511965979     10.6600948325402349      0.0177205852284501      -0.0100734864923263
-1.0471975511965979     10.7855077129230619      0.0174606442892472      -0.0100671740816103
-1.0471975511965979     10.9109205933058888      0.0172064663148454      -0.0100610803392269
-1.0471975511965979     11.0363334736887158      0.0169578340397024      -0.0100552036597268
-1.0471975511965979     11.1617463540715427      0.0167145565292900      -0.0100495395014724
-1.0471975511965979     11.2871592344543696      0.0164764481946685      -0.0100440702874312
-1.0471975511965979     11.4125721148371966      0.0162433173838990      -0.0100387845614846
-1.0471975511965979     11.5379849952200235      0.0160149929797804      -0.0100336865614366
-1.0471975511965979     11.6633978756028505      0.0157913224516550      -0.0100287633093755
-1.0471975511965979     11.7888107559856774      0.0155721412385581      -0.0100239956436877
-1.0471975511965979     11.9142236363685043      0.0153572887774722      -0.0100193852214693
-1.0471975511965979     12.0396365167513313      0.0151466307835935      -0.0100149319906032
-1.0471975511965979     12.1650493971341582      0.0149400317644651      -0.0100106206344427
-1.0471975511965979     12.2904622775169852      0.0147373526550736      -0.0100064464862617
-1.0471975511965979     12.4158751578998121      0.0145384708890540      -0.0100024100485976
-1.0471975511965979     12.5412880382826391      0.0143432706477149      -0.0099985010646017
-1.0471975511965979     12.6667009186654660      0.0141516320538895      -0.0099947101878952
-1.0471975511965979     12.7921137990482929      0.0139634396294489      -0.0099910361126261
-1.0471975511965979     12.9175266794311199      0.0137785913020749      -0.0099874778156852
-1.0471975511965979     13.0429395598139468      0.0135969881888085      -0.0099840256795876
-1.0471975511965979     13.1683524401967738      0.0134185254198975      -0.0099806719700610
-1.0471975511965979     13.2937653205796007      0.0132431077635629      -0.0099774201906536
-1.0471975511965979     13.4191782009624276      0.0130706514069155      -0.0099742634502041
-1.0471975511965979     13.5445910813452546      0.0129010638561080      -0.0099711920170468
-1.0471975511965979     13.6700039617280815      0.0127342559582608      -0.0099682076140940
-1.0471975511965979     13.7954168421109085      0.0125701515765840      -0.0099653101052880
-1.0471975511965979     13.9208297224937354      0.0124086731013058      -0.0099624923538179
-1.0471975511965979     14.0462426028765623      0.0122497421486303      -0.0099597521865310
-1.0471975511965979     14.1716554832593893      0.0120932863704308      -0.0099570909444938
-1.0471975511965979     14.2970683636422162      0.0119392408383116      -0.0099545069781550
-1.0471975511965979     14.4224812440250432      0.0117875396893370      -0.0099519935431826
-1.0471975511965979     14.5478941244078701      0.0116381149757879      -0.0099495488943526
-1.0471975511965979     14.6733070047906971      0.0114909085880300      -0.0099471722908135
-1.0471975511965979     14.7987198851735240      0.0113458601100885      -0.0099448543509668
-1.0471975511965979     14.9241327655563509      0.0112029036364553      -0.0099425939316245
-1.0471975511965979     15.0495456459391779      0.0110619837345860      -0.0099403956582691
-1.0471975511965979     15.1749585263220048      0.0109230504714141      -0.0099382572760522
-1.0471975511965979     15.3003714067048318      0.0107860519263861      -0.0099361754595071
-1.0471975511965979     15.4257842870876587      0.0106509372098490      -0.0099341475619492
-1.0471975511965979     15.5511971674704856      0.0105176574836538      -0.0099321724569652
-1.0471975511965979     15.6766100478533126      0.0103861670517305      -0.0099302470088166
    
-0.6981317007977319     0.0000000000000000      -0.3009006968456344      -0.1425973715732365
-0.6981317007977319     0.1254128803828261      -0.2880120645338513      -0.2339276781315367
-0.6981317007977319     0.2508257607656522      -0.2478105241344223      -0.2985965828856333
-0.6981317007977319     0.3762386411484783      -0.2526543690395541      -0.3189802575453735
-0.6981317007977319     0.5016515215313043      -0.2121735736009439      -0.4556294334794184
-0.6981317007977319     0.6270644019141304      -0.1267230276935860      -0.5127495995042686
-0.6981317007977319     0.7524772822969564      -0.0016004007892781      -0.6180766537844419
-0.6981317007977319     0.8778901626797825      0.2688397526023845      -0.5854988849751606
-0.6981317007977319     1.0033030430626086      0.4097920621385656      -0.3965855320326150
-0.6981317007977319     1.1287159234454347      0.3909547635554338      -0.1934313060206696
-0.6981317007977319     1.2541288038282608      0.3119278956141249      -0.1042503096689363
-0.6981317007977319     1.3795416842110868      0.2539888549059665      -0.0681332461218774
-0.6981317007977319     1.5049545645939129      0.2144434325926055      -0.0501757604093944
-0.6981317007977319     1.6303674449767389      0.1862945778224065      -0.0390922239184299
-0.6981317007977319     1.7557803253595650      0.1643854796454495      -0.0317202961414635
-0.6981317007977319     1.8811932057423910      0.1469614009110382      -0.0264453389506946
-0.6981317007977319     2.0066060861252173      0.1326588234787818      -0.0228821017175213
-0.6981317007977319     2.1320189665080433      0.1209043584081593      -0.0203650385896904
-0.6981317007977319     2.2574318468908694      0.1110947398340769      -0.0184925344422583
-0.6981317007977319     2.3828447272736955      0.1027670842221675      -0.0170410770687311
-0.6981317007977319     2.5082576076565215      0.0955993577057740      -0.0158986073081439
-0.6981317007977319     2.6336704880393476      0.0893676056608850      -0.0149849574918989
-0.6981317007977319     2.7590833684221736      0.0838998274653441      -0.0142413366691540
-0.6981317007977319     2.8844962488049997      0.0790626555816405      -0.0136269118230938
-0.6981317007977319     3.0099091291878257      0.0747518391243743      -0.0131125172201554
-0.6981317007977319     3.1353220095706518      0.0708847845597276      -0.0126771901942550
-0.6981317007977319     3.2607348899534778      0.0673955640570548      -0.0123054045149115
-0.6981317007977319     3.3861477703363039      0.0642308466119399      -0.0119852418352861
-0.6981317007977319     3.5115606507191299      0.0613468622979483      -0.0117074376491776
-0.6981317007977319     3.6369735311019560      0.0587073864694484      -0.0114648356963831
-0.6981317007977319     3.7623864114847820      0.0562822950584770      -0.0112517680583573
-0.6981317007977319     3.8877992918676081      0.0540462877892289      -0.0110635860972828
-0.6981317007977319     4.0132121722504346      0.0519777811210681      -0.0108964904177830
-0.6981317007977319     4.1386250526332606      0.0500584451178586      -0.0107475162058872
-0.6981317007977319     4.2640379330160867      0.0482726053919966      -0.0106140420348069
-0.6981317007977319     4.3894508133989127      0.0466065308590590      -0.0104939080238691
-0.6981317007977319     4.5148636937817388      0.0450483780800228      -0.0103854465031164
-0.6981317007977319     4.6402765741645648      0.0435878754029445      -0.0102871858983366
-0.6981317007977319     4.7656894545473909      0.0422159702915022      -0.0101978712799587
-0.6981317007977319     4.8911023349302170      0.0409247196658915      -0.0101164655457065
-0.6981317007977319     5.0165152153130430      0.0397071067392572      -0.0100420605060726
-0.6981317007977319     5.1419280956958691      0.0385569227486901      -0.0099738811674528
-0.6981317007977319     5.2673409760786951      0.0374686242431242      -0.0099112121541849
-0.6981317007977319     5.3927538564615212      0.0364372128629864      -0.0098534812132366
-0.6981317007977319     5.5181667368443472      0.0354582709516758      -0.0098002161550339
-0.6981317007977319     5.6435796172271733      0.0345278351867524      -0.0097509477799845
-0.6981317007977319     5.7689924976099993      0.0336422790284127      -0.0097052879313247
-0.6981317007977319     5.8944053779928254      0.0327983825025408      -0.0096629319334276
-0.6981317007977319     6.0198182583756514      0.0319932445450028      -0.0096235443858206
-0.6981317007977319     6.1452311387584775      0.0312241713004027      -0.0095868264687262
-0.6981317007977319     6.2706440191413035      0.0304887144500832      -0.0095525540717461
-0.6981317007977319     6.3960568995241296      0.0297846708920925      -0.0095205238916108
-0.6981317007977319     6.5214697799069556      0.0291100221348202      -0.0094905323987408
-0.6981317007977319     6.6468826602897817      0.0284628920875128      -0.0094624032395465
-0.6981317007977319     6.7722955406726077      0.0278415805775100      -0.0094360153998380
-0.6981317007977319     6.8977084210554338      0.0272445647211743      -0.0094112206400293
-0.6981317007977319     7.0231213014382599      0.0266703817595980      -0.0093878490819244
-0.6981317007977319     7.1485341818210859      0.0261176685402654      -0.0093658203292874
-0.6981317007977319     7.2739470622039120      0.0255852289760614      -0.0093450465703148
-0.6981317007977319     7.3993599425867380      0.0250719217866813      -0.0093254095553348
-0.6981317007977319     7.5247728229695641      0.0245766753834514      -0.0093068445744272
-0.6981317007977319     7.6501857033523901      0.0240985360434250      -0.0092892866270721
-0.6981317007977319     7.7755985837352162      0.0236366025768565      -0.0092726486474136
-0.6981317007977319     7.9010114641180422      0.0231900209353419      -0.0092568580103493
-0.6981317007977319     8.0264243445008692      0.0227579907125569      -0.0092418647830923
-0.6981317007977319     8.1518372248836961      0.0223397897225898      -0.0092276283232319
-0.6981317007977319     8.2772501052665231      0.0219347402225847      -0.0092140806091093
-0.6981317007977319     8.4026629856493500      0.0215421742778977      -0.0092011770699722
-0.6981317007977319     8.5280758660321769      0.0211615002840815      -0.0091889051744686
-0.6981317007977319     8.6534887464150039      0.0207921779896940      -0.0091772131522402
-0.6981317007977319     8.7789016267978308      0.0204336657775244      -0.0091660551629047
-0.6981317007977319     8.9043145071806578      0.0200854663877616      -0.0091554126245135
-0.6981317007977319     9.0297273875634847      0.0197471285776225      -0.0091452526264298
-0.6981317007977319     9.1551402679463116      0.0194182124806836      -0.0091355329208205
-0.6981317007977319     9.2805531483291386      0.0190982899956474      -0.0091262272194249
-0.6981317007977319     9.4059660287119655      0.0187869728140392      -0.0091173261470056
-0.6981317007977319     9.5313789090947925      0.0184839062019440      -0.0091088041250187
-0.6981317007977319     9.6567917894776194      0.0181887350098872      -0.0091006307088229
-0.6981317007977319     9.7822046698604463      0.0179011256916470      -0.0090928023177521
-0.6981317007977319     9.9076175502432733      0.0176207896960376      -0.0090853037200135
-0.6981317007977319     10.0330304306261002      0.0173474340448981      -0.0090780963928959
-0.6981317007977319     10.1584433110089272      0.0170807633758034      -0.0090711660541687
-0.6981317007977319     10.2838561913917541      0.0168205190600577      -0.0090645114336570
-0.6981317007977319     10.4092690717745811      0.0165664592218217      -0.0090581090537610
-0.6981317007977319     10.5346819521574080      0.0163183347142577      -0.0090519440652097
-0.6981317007977319     10.6600948325402349      0.0160759222347992      -0.0090460172438042
-0.6981317007977319     10.7855077129230619      0.0158390203559299      -0.0090403123781488
-0.6981317007977319     10.9109205933058888      0.0156074191264733      -0.0090348076162718
-0.6981317007977319     11.0363334736887158      0.0153809149468748      -0.0090294990080508
-0.6981317007977319     11.1617463540715427      0.0151593275605378      -0.0090243859569553
-0.6981317007977319     11.2871592344543696      0.0149424885382545      -0.0090194568326570
-0.6981317007977319     11.4125721148371966      0.0147302265217841      -0.0090146979576235
-0.6981317007977319     11.5379849952200235      0.0145223781617070      -0.0090101096487353
-0.6981317007977319     11.6633978756028505      0.0143188037924684      -0.0090056855765365
-0.6981317007977319     11.7888107559856774      0.0141193563384722      -0.0090014050184195
-0.6981317007977319     11.9142236363685043      0.0139238857866818      -0.0089972649411059
-0.6981317007977319     12.0396365167513313      0.0137322645784922      -0.0089932651359394
-0.6981317007977319     12.1650493971341582      0.0135443671620823      -0.0089893933992316
-0.6981317007977319     12.2904622775169852      0.0133600658382141      -0.0089856451549165
-0.6981317007977319     12.4158751578998121      0.0131792459408565      -0.0089820198361378
-0.6981317007977319     12.5412880382826391      0.0130018008765213      -0.0089785113333865
-0.6981317007977319     12.6667009186654660      0.0128276229446389      -0.0089751072650527
-0.6981317007977319     12.7921137990482929      0.0126565997115406      -0.0089718039409077
-0.6981317007977319     12.9175266794311199      0.0124886346271868      -0.0089686074844602
-0.6981317007977319     13.0429395598139468      0.0123236410934483      -0.0089655090455249
-0.6981317007977319     13.1683524401967738      0.0121615205251751      -0.0089625015169771
-0.6981317007977319     13.2937653205796007      0.0120021863646465      -0.0089595909835641
-0.6981317007977319     13.4191782009624276      0.0118455639931724      -0.0089567716319839
-0.6981317007977319     13.5445910813452546      0.0116915705609120      -0.0089540341172806
-0.6981317007977319     13.6700039617280815      0.0115401261788170      -0.0089513772984632
-0.6981317007977319     13.7954168421109085      0.0113911582114132      -0.0089487990922987
-0.6981317007977319     13.9208297224937354      0.0112445967505122      -0.0089462942893458
-0.6981317007977319     14.0462426028765623      0.0111003695851498      -0.0089438575566489
-0.6981317007977319     14.1716554832593893      0.0109584079521638      -0.0089414903170963
-0.6981317007977319     14.2970683636422162      0.0108186531963355      -0.0089391907367841
-0.6981317007977319     14.4224812440250432      0.0106810418521001      -0.0089369498705971
-0.6981317007977319     14.5478941244078701      0.0105455073484658      -0.0089347688557906
-0.6981317007977319     14.6733070047906971      0.0104119960542815      -0.0089326522395781
-0.6981317007977319     14.7987198851735240      0.0102804580048599      -0.0089305948726554
-0.6981317007977319     14.9241327655563509      0.0101508375569591      -0.0089285916280182
-0.6981317007977319     15.0495456459391779      0.0100230826098975      -0.0089266421978435
-0.6981317007977319     15.1749585263220048      0.0098971451489981      -0.0089247435287599
-0.6981317007977319     15.3003714067048318      0.0097729751057440      -0.0089228909156156
-0.6981317007977319     15.4257842870876587      0.0096505220098744      -0.0089210846557297
-0.6981317007977319     15.5511971674704856      0.0095297428562173      -0.0089193272398044
-0.6981317007977319     15.6766100478533126      0.0094105976492283      -0.0089176145395175
    
-0.3490658503988660     0.0000000000000000      -0.2742956143492842      -0.0883028661008336
-0.3490658503988660     0.1254128803828261      -0.3427802958049867      -0.1886993624321711
-0.3490658503988660     0.2508257607656522      -0.2362871646137064      -0.3637229677772699
-0.3490658503988660     0.3762386411484783      -0.1417179300630481      -0.2755992710791679
-0.3490658503988660     0.5016515215313043      -0.2110998697460187      -0.2931911269397928
-0.3490658503988660     0.6270644019141304      -0.2288386063280456      -0.4387338585779915
-0.3490658503988660     0.7524772822969564      -0.0936196288221434      -0.5760023565576855
-0.3490658503988660     0.8778901626797825      0.1432024944193981      -0.6406486099909411
-0.3490658503988660     1.0033030430626086      0.4035336502558904      -0.4795994213948846
-0.3490658503988660     1.1287159234454347      0.4067935085583722      -0.2231634515854442
-0.3490658503988660     1.2541288038282608      0.3213050374454788      -0.1152733108552244
-0.3490658503988660     1.3795416842110868      0.2584729662129789      -0.0727564529463628
-0.3490658503988660     1.5049545645939129      0.2160698768410635      -0.0521926894562979
-0.3490658503988660     1.6303674449767389      0.1862239009513453      -0.0399040014059362
-0.3490658503988660     1.7557803253595650      0.1633121551898797      -0.0319576282554957
-0.3490658503988660     1.8811932057423910      0.1453006436222909      -0.0264108123644358
-0.3490658503988660     2.0066060861252173      0.1306763153863493      -0.0226977149841225
-0.3490658503988660     2.1320189665080433      0.1187501840307217      -0.0200750367163594
-0.3490658503988660     2.2574318468908694      0.1088381310298920      -0.0181242681185610
-0.3490658503988660     2.3828447272736955      0.1004574830845451      -0.0166286235941439
-0.3490658503988660     2.5082576076565215      0.0932763519644074      -0.0154573173059822
-0.3490658503988660     2.6336704880393476      0.0870536794560406      -0.0145234866276460
-0.3490658503988660     2.7590833684221736      0.0816098005705480      -0.0137664032888451
-0.3490658503988660     2.8844962488049997      0.0768061080931721      -0.0131431636114913
-0.3490658503988660     3.0099091291878257      0.0725350874889485      -0.0126236444803615
-0.3490658503988660     3.1353220095706518      0.0687122334052680      -0.0121855877202650
-0.3490658503988660     3.2607348899534778      0.0652696649059603      -0.0118123753263268
-0.3490658503988660     3.3861477703363039      0.0621526159584458      -0.0114918361128811
-0.3490658503988660     3.5115606507191299      0.0593167088589193      -0.0112145767603965
-0.3490658503988660     3.6369735311019560      0.0567252589335357      -0.0109728680036804
-0.3490658503988660     3.7623864114847820      0.0543474331504757      -0.0107608263275063
-0.3490658503988660     3.8877992918676081      0.0521575934273052      -0.0105739370603056
-0.3490658503988660     4.0132121722504346      0.0501342505184255      -0.0104083330704099
-0.3490658503988660     4.1386250526332606      0.0482588012227236      -0.0102606997234887
-0.3490658503988660     4.2640379330160867      0.0465152761131720      -0.0101286354232386
-0.3490658503988660     4.3894508133989127      0.0448901750503460      -0.0100101245300239
-0.3490658503988660     4.5148636937817388      0.0433717472340768      -0.0099032690565378
-0.3490658503988660     4.6402765741645648      0.0419495825361469      -0.0098065585474209
-0.3490658503988660     4.7656894545473909      0.0406146940441258      -0.0097188428704229
-0.3490658503988660     4.8911023349302170      0.0393592703305833      -0.0096390162373301
-0.3490658503988660     5.0165152153130430      0.0381762769354283      -0.0095660555735926
-0.3490658503988660     5.1419280956958691      0.0370594251118895      -0.0094992492876454
-0.3490658503988660     5.2673409760786951      0.0360033037572057      -0.0094379999831500
-0.3490658503988660     5.3927538564615212      0.0350030641670138      -0.0093816191287036
-0.3490658503988660     5.5181667368443472      0.0340542063819722      -0.0093295648585561
-0.3490658503988660     5.6435796172271733      0.0331527737675785      -0.0092814961021837
-0.3490658503988660     5.7689924976099993      0.0322953241084116      -0.0092370192779648
-0.3490658503988660     5.8944053779928254      0.0314786254720279      -0.0091956943342077
-0.3490658503988660     6.0198182583756514      0.0306996967623475      -0.0091572567560303
-0.3490658503988660     6.1452311387584775      0.0299559522924714      -0.0091215163547994
-0.3490658503988660     6.2706440191413035      0.0292450686692526      -0.0090881679941445
-0.3490658503988660     6.3960568995241296      0.0285647786786784      -0.0090569672341263
-0.3490658503988660     6.5214697799069556      0.0279130895726485      -0.0090278087050777
-0.3490658503988660     6.6468826602897817      0.0272882593290895      -0.0090005079217526
-0.3490658503988660     6.7722955406726077      0.0266885807320538      -0.0089748335285257
-0.3490658503988660     6.8977084210554338      0.0261124432825449      -0.0089507089642814
-0.3490658503988660     7.0231213014382599      0.0255585062842502      -0.0089280760740742
-0.3490658503988660     7.1485341818210859      0.0250255187519846      -0.0089067514514317
-0.3490658503988660     7.2739470622039120      0.0245122043950385      -0.0088866045719535
-0.3490658503988660     7.3993599425867380      0.0240174494924523      -0.0088676154808987
-0.3490658503988660     7.5247728229695641      0.0235402844594560      -0.0088496816682624
-0.3490658503988660     7.6501857033523901      0.0230797192183541      -0.0088326775894038
-0.3490658503988660     7.7755985837352162      0.0226348263950758      -0.0088165821325355
-0.3490658503988660     7.9010114641180422      0.0222048309581147      -0.0088013654789108
-0.3490658503988660     8.0264243445008692      0.0217889925805786      -0.0087869191577322
-0.3490658503988660     8.1518372248836961      0.0213865409415778      -0.0087731755600006
-0.3490658503988660     8.2772501052665231      0.0209968101990939      -0.0087601413945967
-0.3490658503988660     8.4026629856493500      0.0206192278985201      -0.0087477533365247
-0.3490658503988660     8.5280758660321769      0.0202531796365456      -0.0087359218497247
-0.3490658503988660     8.6534887464150039      0.0198980763852723      -0.0087246479687078
-0.3490658503988660     8.7789016267978308      0.0195534476457941      -0.0087139237632386
-0.3490658503988660     8.9043145071806578      0.0192188252384038      -0.0087036739571573
-0.3490658503988660     9.0297273875634847      0.0188937122008971      -0.0086938625430649
-0.3490658503988660     9.1551402679463116      0.0185776824273852      -0.0086845062408597
-0.3490658503988660     9.2805531483291386      0.0182703760391055      -0.0086755720471601
-0.3490658503988660     9.4059660287119655      0.0179713983214036      -0.0086669995192857
-0.3490658503988660     9.5313789090947925      0.0176803620455164      -0.0086587945510784
-0.3490658503988660     9.6567917894776194      0.0173969687292487      -0.0086509574519552
-0.3490658503988660     9.7822046698604463      0.0171209091791603      -0.0086434255437033
-0.3490658503988660     9.9076175502432733      0.0168518376801967      -0.0086361827443019
-0.3490658503988660     10.0330304306261002      0.0165894798494540      -0.0086292548638864
-0.3490658503988660     10.1584433110089272      0.0163336015923781      -0.0086226105496137
-0.3490658503988660     10.2838561913917541      0.0160839266652267      -0.0086162081501982
-0.3490658503988660     10.4092690717745811      0.0158401933564077      -0.0086100607249461
-0.3490658503988660     10.5346819521574080      0.0156022031943011      -0.0086041686436173
-0.3490658503988660     10.6600948325402349      0.0153697437504632      -0.0085984870815126
-0.3490658503988660     10.7855077129230619      0.0151425765368341      -0.0085930063028688
-0.3490658503988660     10.9109205933058888      0.0149205130025592      -0.0085877445134322
-0.3490658503988660     11.0363334736887158      0.0147033894073823      -0.0085826760614351
-0.3490658503988660     11.1617463540715427      0.0144910074313844      -0.0085777745829052
-0.3490658503988660     11.2871592344543696      0.0142831854072318      -0.0085730530508152
-0.3490658503988660     11.4125721148371966      0.0140797850886279      -0.0085685093368982
-0.3490658503988660     11.5379849952200235      0.0138806520162274      -0.0085641101327699
-0.3490658503988660     11.6633978756028505      0.0136856128475145      -0.0085598526600111
-0.3490658503988660     11.7888107559856774      0.0134945338466581      -0.0085557542089843
-0.3490658503988660     11.9142236363685043      0.0133073015801935      -0.0085517987858941
-0.3490658503988660     12.0396365167513313      0.0131237744717716      -0.0085479639064951
-0.3490658503988660     12.1650493971341582      0.0129438183828015      -0.0085442593748906
-0.3490658503988660     12.2904622775169852      0.0127673327765886      -0.0085406866089885
-0.3490658503988660     12.4158751578998121      0.0125942076450599      -0.0085372228284112
-0.3490658503988660     12.5412880382826391      0.0124243175645264      -0.0085338646583519
-0.3490658503988660     12.6667009186654660      0.0122575652412229      -0.0085306252778704
-0.3490658503988660     12.7921137990482929      0.0120938686143544      -0.0085274896263433
-0.3490658503988660     12.9175266794311199      0.0119331189610335      -0.0085244395627262
-0.3490658503988660     13.0429395598139468      0.0117752157185550      -0.0085214859166043
-0.3490658503988660     13.1683524401967738      0.0116200870193338      -0.0085186295286955
-0.3490658503988660     13.2937653205796007      0.0114676488797986      -0.0085158503803295
-0.3490658503988660     13.4191782009624276      0.0113178049127421      -0.0085131478203088
-0.3490658503988660     13.5445910813452546      0.0111704811164837      -0.0085105325600488
-0.3490658503988660     13.6700039617280815      0.0110256152544814      -0.0085079966578698
-0.3490658503988660     13.7954168421109085      0.0108831279772482      -0.0085055264312234
-0.3490658503988660     13.9208297224937354      0.0107429418250153      -0.0085031296551021
-0.3490658503988660     14.0462426028765623      0.0106050024866497      -0.0085008088820592
-0.3490658503988660     14.1716554832593893      0.0104692475468873      -0.0084985489958783
-0.3490658503988660     14.2970683636422162      0.0103356031996351      -0.0084963500948560
-0.3490658503988660     14.4224812440250432      0.0102040158877880      -0.0084942205831183
-0.3490658503988660     14.5478941244078701      0.0100744378470354      -0.0084921506119960
-0.3490658503988660     14.6733070047906971      0.0099468054044467      -0.0084901294012601
-0.3490658503988660     14.7987198851735240      0.0098210575918283      -0.0084881631369173
-0.3490658503988660     14.9241327655563509      0.0096971509983332      -0.0084862562519892
-0.3490658503988660     15.0495456459391779      0.0095750398813320      -0.0084843981317314
-0.3490658503988660     15.1749585263220048      0.0094546665188356      -0.0084825861950775
-0.3490658503988660     15.3003714067048318      0.0093359862125885      -0.0084808292020702
-0.3490658503988660     15.4257842870876587      0.0092189644730604      -0.0084791220644180
-0.3490658503988660     15.5511971674704856      0.0091035527025353      -0.0084774546945522
-0.3490658503988660     15.6766100478533126      0.0089897032101641      -0.0084758327025805
    
0.0000000000000000     0.0000000000000000      -0.2851279806488466      -0.0793910923176794
0.0000000000000000     0.1254128803828261      -0.3885260457490057      -0.1948219587945484
0.0000000000000000     0.2508257607656522      -0.2543281491686522      -0.4321780397874709
0.0000000000000000     0.3762386411484783      -0.1106870171772703      -0.3369940519178024
0.0000000000000000     0.5016515215313043      -0.1070588008904666      -0.3381315809747547
0.0000000000000000     0.6270644019141304      -0.1187844966669539      -0.3361322176378639
0.0000000000000000     0.7524772822969564      -0.1565428699627225      -0.4391904840853577
0.0000000000000000     0.8778901626797825      0.0242497264407166      -0.6640120977140294
0.0000000000000000     1.0033030430626086      0.3956385567422069      -0.5381250787261447
0.0000000000000000     1.1287159234454347      0.4191187747737456      -0.2434429412098985
0.0000000000000000     1.2541288038282608      0.3302644279504334      -0.1227601606602458
0.0000000000000000     1.3795416842110868      0.2645044865771983      -0.0761144012714311
0.0000000000000000     1.5049545645939129      0.2203479117438456      -0.0539509845074025
0.0000000000000000     1.6303674449767389      0.1894279062162621      -0.0409403309254849
0.0000000000000000     1.7557803253595650      0.1658292923545357      -0.0326408986093405
0.0000000000000000     1.8811932057423910      0.1473595370342023      -0.0269162189670727
0.0000000000000000     2.0066060861252173      0.1324276161962118      -0.0231020251445870
0.0000000000000000     2.1320189665080433      0.1202820783095789      -0.0204050365437697
0.0000000000000000     2.2574318468908694      0.1101950790166954      -0.0183994753975657
0.0000000000000000     2.3828447272736955      0.1016750748622336      -0.0168705298299841
0.0000000000000000     2.5082576076565215      0.0943847847422560      -0.0156751721816997
0.0000000000000000     2.6336704880393476      0.0880720501209547      -0.0147221128991186
0.0000000000000000     2.7590833684221736      0.0825521334670926      -0.0139504365784037
0.0000000000000000     2.8844962488049997      0.0776841229548191      -0.0133160956333955
0.0000000000000000     3.0099091291878257      0.0733579432685018      -0.0127871317642776
0.0000000000000000     3.1353220095706518      0.0694864294960204      -0.0123411228829805
0.0000000000000000     3.2607348899534778      0.0660008673106560      -0.0119617293095390
0.0000000000000000     3.3861477703363039      0.0628459020295628      -0.0116360553800239
0.0000000000000000     3.5115606507191299      0.0599759291362642      -0.0113541081452645
0.0000000000000000     3.6369735311019560      0.0573534856274200      -0.0111086695169008
0.0000000000000000     3.7623864114847820      0.0549478549142058      -0.0108936264146689
0.0000000000000000     3.8877992918676081      0.0527328426370428      -0.0107038532801044
0.0000000000000000     4.0132121722504346      0.0506861210869677      -0.0105355962465753
0.0000000000000000     4.1386250526332606      0.0487891313922894      -0.0103859316075306
0.0000000000000000     4.2640379330160867      0.0470259540497325      -0.0102520921574317
0.0000000000000000     4.3894508133989127      0.0453826523992937      -0.0101318190960849
0.0000000000000000     4.5148636937817388      0.0438471653867241      -0.0100234220698639
0.0000000000000000     4.6402765741645648      0.0424092049319066      -0.0099254314233717
0.0000000000000000     4.7656894545473909      0.0410596437583409      -0.0098364025265441
0.0000000000000000     4.8911023349302170      0.0397902860318781      -0.0097552833050802
0.0000000000000000     5.0165152153130430      0.0385941339442706      -0.0096813239668777
0.0000000000000000     5.1419280956958691      0.0374650598326772      -0.0096136088992752
0.0000000000000000     5.2673409760786951      0.0363973570143286      -0.0095513724062001
0.0000000000000000     5.3927538564615212      0.0353860190481677      -0.0094941667363168
0.0000000000000000     5.5181667368443472      0.0344267510884917      -0.0094414840648762
0.0000000000000000     5.6435796172271733      0.0335155657468530      -0.0093927365758464
0.0000000000000000     5.7689924976099993      0.0326487426473264      -0.0093475279553304
0.0000000000000000     5.8944053779928254      0.0318230540302266      -0.0093056226303419
0.0000000000000000     6.0198182583756514      0.0310356610149632      -0.0092666924096544
0.0000000000000000     6.1452311387584775      0.0302838600785321      -0.0092303686974308
0.0000000000000000     6.2706440191413035      0.0295651379249513      -0.0091965041649716
0.0000000000000000     6.3960568995241296      0.0288774200022356      -0.0091649347484347
0.0000000000000000     6.5214697799069556      0.0282186964783091      -0.0091353477069897
0.0000000000000000     6.6468826602897817      0.0275870173925921      -0.0091075999512724
0.0000000000000000     6.7722955406726077      0.0269807515955183      -0.0090816359374434
0.0000000000000000     6.8977084210554338      0.0263984281002546      -0.0090572348012597
0.0000000000000000     7.0231213014382599      0.0258385304215081      -0.0090342157605876
0.0000000000000000     7.1485341818210859      0.0252996987004269      -0.0090125498868750
0.0000000000000000     7.2739470622039120      0.0247808039271868      -0.0089921688487526
0.0000000000000000     7.3993599425867380      0.0242807333422396      -0.0089728948135228
0.0000000000000000     7.5247728229695641      0.0237983700461317      -0.0089546556407802
0.0000000000000000     7.6501857033523901      0.0233327825133033      -0.0089374444043992
0.0000000000000000     7.7755985837352162      0.0228831325337259      -0.0089211334049458
0.0000000000000000     7.9010114641180422      0.0224485166154067      -0.0089056142645869
0.0000000000000000     8.0264243445008692      0.0220281233529860      -0.0088909027194768
0.0000000000000000     8.1518372248836961      0.0216213024313115      -0.0088769620252891
0.0000000000000000     8.2772501052665231      0.0212273698824772      -0.0088636763485589
0.0000000000000000     8.4026629856493500      0.0208456372116618      -0.0088510287806520
0.0000000000000000     8.5280758660321769      0.0204755511634592      -0.0088390274333685
0.0000000000000000     8.6534887464150039      0.0201166008716459      -0.0088275874503839
0.0000000000000000     8.7789016267978308      0.0197682140066900      -0.0088166435105802
0.0000000000000000     8.9043145071806578      0.0194298829775387      -0.0088062164305533
0.0000000000000000     9.0297273875634847      0.0191012037406264      -0.0087962905886026
0.0000000000000000     9.1551402679463116      0.0187817502568150      -0.0087867833830881
0.0000000000000000     9.2805531483291386      0.0184710648778086      -0.0087776778142152
0.0000000000000000     9.4059660287119655      0.0181687890542103      -0.0087689979824605
0.0000000000000000     9.5313789090947925      0.0178746028727415      -0.0087606820179424
0.0000000000000000     9.6567917894776194      0.0175881139456924      -0.0087526833849806
0.0000000000000000     9.7822046698604463      0.0173089924991309      -0.0087450393243142
0.0000000000000000     9.9076175502432733      0.0170369894049142      -0.0087377261783610
0.0000000000000000     10.0330304306261002      0.0167718010697873      -0.0087306783868143
0.0000000000000000     10.1584433110089272      0.0165131163463030      -0.0087239026735935
0.0000000000000000     10.2838561913917541      0.0162607035273443      -0.0087174133098194
0.0000000000000000     10.4092690717745811      0.0160143395261760      -0.0087111657943442
0.0000000000000000     10.5346819521574080      0.0157737550880111      -0.0087051302201629
0.0000000000000000     10.6600948325402349      0.0155387181988524      -0.0086993357017162
0.0000000000000000     10.7855077129230619      0.0153090589964465      -0.0086937758630296
0.0000000000000000     10.9109205933058888      0.0150845729164651      -0.0086884039965552
0.0000000000000000     11.0363334736887158      0.0148650413402379      -0.0086832294025946
0.0000000000000000     11.1617463540715427      0.0146503126303937      -0.0086782624615030
0.0000000000000000     11.2871592344543696      0.0144402269410896      -0.0086734612828277
0.0000000000000000     11.4125721148371966      0.0142345858930210      -0.0086688132037012
0.0000000000000000     11.5379849952200235      0.0140332363733470      -0.0086643429266396
0.0000000000000000     11.6633978756028505      0.0138360575478153      -0.0086600354406100
0.0000000000000000     11.7888107559856774      0.0136428981070192      -0.0086558591649742
0.0000000000000000     11.9142236363685043      0.0134535992396938      -0.0086518178305104
0.0000000000000000     12.0396365167513313      0.0132680449302815      -0.0086479257221372
0.0000000000000000     12.1650493971341582      0.0130861279856451      -0.0086441587801876
0.0000000000000000     12.2904622775169852      0.0129077072526984      -0.0086404980346333
0.0000000000000000     12.4158751578998121      0.0127326612215758      -0.0086369629372126
0.0000000000000000     12.5412880382826391      0.0125609052319453      -0.0086335483107564
0.0000000000000000     12.6667009186654660      0.0123923258719822      -0.0086302271379487
0.0000000000000000     12.7921137990482929      0.0122268045243063      -0.0086270116336974
0.0000000000000000     12.9175266794311199      0.0120642654277297      -0.0086239100278335
0.0000000000000000     13.0429395598139468      0.0119046233233279      -0.0086208991519179
0.0000000000000000     13.1683524401967738      0.0117477723844475      -0.0086179718245183
0.0000000000000000     13.2937653205796007      0.0115936272288472      -0.0086151409767464
0.0000000000000000     13.4191782009624276      0.0114421221210947      -0.0086124017333618
0.0000000000000000     13.5445910813452546      0.0112931761604428      -0.0086097345644095
0.0000000000000000     13.6700039617280815      0.0111466965519551      -0.0086071414656411
0.0000000000000000     13.7954168421109085      0.0110026208022629      -0.0086046362092969
0.0000000000000000     13.9208297224937354      0.0108608917554700      -0.0086022013111117
0.0000000000000000     14.0462426028765623      0.0107214257712683      -0.0085998275638293
0.0000000000000000     14.1716554832593893      0.0105841580019596      -0.0085975283477419
0.0000000000000000     14.2970683636422162      0.0104490398955128      -0.0085952955894580
0.0000000000000000     14.4224812440250432      0.0103160025074268      -0.0085931163329203
0.0000000000000000     14.5478941244078701      0.0101849794533669      -0.0085909977377588
0.0000000000000000     14.6733070047906971      0.0100559239965391      -0.0085889453466867
0.0000000000000000     14.7987198851735240      0.0099287898510201      -0.0085869483513058
0.0000000000000000     14.9241327655563509      0.0098035155447524      -0.0085849969760129
0.0000000000000000     15.0495456459391779      0.0096800445802816      -0.0085831011848071
0.0000000000000000     15.1749585263220048      0.0095583424780663      -0.0085812618576277
0.0000000000000000     15.3003714067048318      0.0094383613385870      -0.0085794624389610
0.0000000000000000     15.4257842870876587      0.0093200420258082      -0.0085777055530153
0.0000000000000000     15.5511971674704856      0.0092033478171688      -0.0085760001747765
0.0000000000000000     15.6766100478533126      0.0090882424948575      -0.0085743358381958
    
0.3490658503988660     0.0000000000000000      -0.2742956143492842      -0.0883028661008336
0.3490658503988660     0.1254128803828261      -0.3427802958049867      -0.1886993624321711
0.3490658503988660     0.2508257607656522      -0.2362871646137064      -0.3637229677772699
0.3490658503988660     0.3762386411484783      -0.1417179300630481      -0.2755992710791679
0.3490658503988660     0.5016515215313043      -0.2110998697460187      -0.2931911269397928
0.3490658503988660     0.6270644019141304      -0.2288386063280456      -0.4387338585779915
0.3490658503988660     0.7524772822969564      -0.0936196288221434      -0.5760023565576855
0.3490658503988660     0.8778901626797825      0.1432024944193981      -0.6406486099909411
0.3490658503988660     1.0033030430626086      0.4035336502558904      -0.4795994213948846
0.3490658503988660     1.1287159234454347      0.4067935085583722      -0.2231634515854442
0.3490658503988660     1.2541288038282608      0.3213050374454788      -0.1152733108552244
0.3490658503988660     1.3795416842110868      0.2584729662129789      -0.0727564529463628
0.3490658503988660     1.5049545645939129      0.2160698768410635      -0.0521926894562979
0.3490658503988660     1.6303674449767389      0.1862239009513453      -0.0399040014059362
0.3490658503988660     1.7557803253595650      0.1633121551898797      -0.0319576282554957
0.3490658503988660     1.8811932057423910      0.1453006436222909      -0.0264108123644358
0.3490658503988660     2.0066060861252173      0.1306763153863493      -0.0226977149841225
0.3490658503988660     2.1320189665080433      0.1187501840307217      -0.0200750367163594
0.3490658503988660     2.2574318468908694      0.1088381310298920      -0.0181242681185610
0.3490658503988660     2.3828447272736955      0.1004574830845451      -0.0166286235941439
0.3490658503988660     2.5082576076565215      0.0932763519644074      -0.0154573173059822
0.3490658503988660     2.6336704880393476      0.0870536794560406      -0.0145234866276460
0.3490658503988660     2.7590833684221736      0.0816098005705480      -0.0137664032888451
0.3490658503988660     2.8844962488049997      0.0768061080931721      -0.0131431636114913
0.3490658503988660     3.0099091291878257      0.0725350874889485      -0.0126236444803615
0.3490658503988660     3.1353220095706518      0.0687122334052680      -0.0121855877202650
0.3490658503988660     3.2607348899534778      0.0652696649059603      -0.0118123753263268
0.3490658503988660     3.3861477703363039      0.0621526159584458      -0.0114918361128811
0.3490658503988660     3.5115606507191299      0.0593167088589193      -0.0112145767603965
0.3490658503988660     3.6369735311019560      0.0567252589335357      -0.0109728680036804
0.3490658503988660     3.7623864114847820      0.0543474331504757      -0.0107608263275063
0.3490658503988660     3.8877992918676081      0.0521575934273052      -0.0105739370603056
0.3490658503988660     4.0132121722504346      0.0501342505184255      -0.0104083330704099
0.3490658503988660     4.1386250526332606      0.0482588012227236      -0.0102606997234887
0.3490658503988660     4.2640379330160867      0.0465152761131720      -0.0101286354232386
0.3490658503988660     4.3894508133989127      0.0448901750503460      -0.0100101245300239
0.3490658503988660     4.5148636937817388      0.0433717472340768      -0.0099032690565378
0.3490658503988660     4.6402765741645648      0.0419495825361469      -0.0098065585474209
0.3490658503988660     4.7656894545473909      0.0406146940441258      -0.0097188428704229
0.3490658503988660     4.8911023349302170      0.0393592703305833      -0.0096390162373301
0.3490658503988660     5.0165152153130430      0.0381762769354283      -0.0095660555735926
0.3490658503988660     5.1419280956958691      0.0370594251118895      -0.0094992492876454
0.3490658503988660     5.2673409760786951      0.0360033037572057      -0.0094379999831500
0.3490658503988660     5.3927538564615212      0.0350030641670138      -0.0093816191287036
0.3490658503988660     5.5181667368443472      0.0340542063819722      -0.0093295648585561
0.3490658503988660     5.6435796172271733      0.0331527737675785      -0.0092814961021837
0.3490658503988660     5.7689924976099993      0.0322953241084116      -0.0092370192779648
0.3490658503988660     5.8944053779928254      0.0314786254720279      -0.0091956943342077
0.3490658503988660     6.0198182583756514      0.0306996967623475      -0.0091572567560303
0.3490658503988660     6.1452311387584775      0.0299559522924714      -0.0091215163547994
0.3490658503988660     6.2706440191413035      0.0292450686692526      -0.0090881679941445
0.3490658503988660     6.3960568995241296      0.0285647786786784      -0.0090569672341263
0.3490658503988660     6.5214697799069556      0.0279130895726485      -0.0090278087050777
0.3490658503988660     6.6468826602897817      0.0272882593290895      -0.0090005079217526
0.3490658503988660     6.7722955406726077      0.0266885807320538      -0.0089748335285257
0.3490658503988660     6.8977084210554338      0.0261124432825449      -0.0089507089642814
0.3490658503988660     7.0231213014382599      0.0255585062842502      -0.0089280760740742
0.3490658503988660     7.1485341818210859      0.0250255187519846      -0.0089067514514317
0.3490658503988660     7.2739470622039120      0.0245122043950385      -0.0088866045719535
0.3490658503988660     7.3993599425867380      0.0240174494924523      -0.0088676154808987
0.3490658503988660     7.5247728229695641      0.0235402844594560      -0.0088496816682624
0.3490658503988660     7.6501857033523901      0.0230797192183541      -0.0088326775894038
0.3490658503988660     7.7755985837352162      0.0226348263950758      -0.0088165821325355
0.3490658503988660     7.9010114641180422      0.0222048309581147      -0.0088013654789108
0.3490658503988660     8.0264243445008692      0.0217889925805786      -0.0087869191577322
0.3490658503988660     8.1518372248836961      0.0213865409415778      -0.0087731755600006
0.3490658503988660     8.2772501052665231      0.0209968101990939      -0.0087601413945967
0.3490658503988660     8.4026629856493500      0.0206192278985201      -0.0087477533365247
0.3490658503988660     8.5280758660321769      0.0202531796365456      -0.0087359218497247
0.3490658503988660     8.6534887464150039      0.0198980763852723      -0.0087246479687078
0.3490658503988660     8.7789016267978308      0.0195534476457941      -0.0087139237632386
0.3490658503988660     8.9043145071806578      0.0192188252384038      -0.0087036739571573
0.3490658503988660     9.0297273875634847      0.0188937122008971      -0.0086938625430649
0.3490658503988660     9.1551402679463116      0.0185776824273852      -0.0086845062408597
0.3490658503988660     9.2805531483291386      0.0182703760391055      -0.0086755720471601
0.3490658503988660     9.4059660287119655      0.0179713983214036      -0.0086669995192857
0.3490658503988660     9.5313789090947925      0.0176803620455164      -0.0086587945510784
0.3490658503988660     9.6567917894776194      0.0173969687292487      -0.0086509574519552
0.3490658503988660     9.7822046698604463      0.0171209091791603      -0.0086434255437033
0.3490658503988660     9.9076175502432733      0.0168518376801967      -0.0086361827443019
0.3490658503988660     10.0330304306261002      0.0165894798494540      -0.0086292548638864
0.3490658503988660     10.1584433110089272      0.0163336015923781      -0.0086226105496137
0.3490658503988660     10.2838561913917541      0.0160839266652267      -0.0086162081501982
0.3490658503988660     10.4092690717745811      0.0158401933564077      -0.0086100607249461
0.3490658503988660     10.5346819521574080      0.0156022031943011      -0.0086041686436173
0.3490658503988660     10.6600948325402349      0.0153697437504632      -0.0085984870815126
0.3490658503988660     10.7855077129230619      0.0151425765368341      -0.0085930063028688
0.3490658503988660     10.9109205933058888      0.0149205130025592      -0.0085877445134322
0.3490658503988660     11.0363334736887158      0.0147033894073823      -0.0085826760614351
0.3490658503988660     11.1617463540715427      0.0144910074313844      -0.0085777745829052
0.3490658503988660     11.2871592344543696      0.0142831854072318      -0.0085730530508152
0.3490658503988660     11.4125721148371966      0.0140797850886279      -0.0085685093368982
0.3490658503988660     11.5379849952200235      0.0138806520162274      -0.0085641101327699
0.3490658503988660     11.6633978756028505      0.0136856128475145      -0.0085598526600111
0.3490658503988660     11.7888107559856774      0.0134945338466581      -0.0085557542089843
0.3490658503988660     11.9142236363685043      0.0133073015801935      -0.0085517987858941
0.3490658503988660     12.0396365167513313      0.0131237744717716      -0.0085479639064951
0.3490658503988660     12.1650493971341582      0.0129438183828015      -0.0085442593748906
0.3490658503988660     12.2904622775169852      0.0127673327765886      -0.0085406866089885
0.3490658503988660     12.4158751578998121      0.0125942076450599      -0.0085372228284112
0.3490658503988660     12.5412880382826391      0.0124243175645264      -0.0085338646583519
0.3490658503988660     12.6667009186654660      0.0122575652412229      -0.0085306252778704
0.3490658503988660     12.7921137990482929      0.0120938686143544      -0.0085274896263433
0.3490658503988660     12.9175266794311199      0.0119331189610335      -0.0085244395627262
0.3490658503988660     13.0429395598139468      0.0117752157185550      -0.0085214859166043
0.3490658503988660     13.1683524401967738      0.0116200870193338      -0.0085186295286955
0.3490658503988660     13.2937653205796007      0.0114676488797986      -0.0085158503803295
0.3490658503988660     13.4191782009624276      0.0113178049127421      -0.0085131478203088
0.3490658503988660     13.5445910813452546      0.0111704811164837      -0.0085105325600488
0.3490658503988660     13.6700039617280815      0.0110256152544814      -0.0085079966578698
0.3490658503988660     13.7954168421109085      0.0108831279772482      -0.0085055264312234
0.3490658503988660     13.9208297224937354      0.0107429418250153      -0.0085031296551021
0.3490658503988660     14.0462426028765623      0.0106050024866497      -0.0085008088820592
0.3490658503988660     14.1716554832593893      0.0104692475468873      -0.0084985489958783
0.3490658503988660     14.2970683636422162      0.0103356031996351      -0.0084963500948560
0.3490658503988660     14.4224812440250432      0.0102040158877880      -0.0084942205831183
0.3490658503988660     14.5478941244078701      0.0100744378470354      -0.0084921506119960
0.3490658503988660     14.6733070047906971      0.0099468054044467      -0.0084901294012601
0.3490658503988660     14.7987198851735240      0.0098210575918283      -0.0084881631369173
0.3490658503988660     14.9241327655563509      0.0096971509983332      -0.0084862562519892
0.3490658503988660     15.0495456459391779      0.0095750398813320      -0.0084843981317314
0.3490658503988660     15.1749585263220048      0.0094546665188356      -0.0084825861950775
0.3490658503988660     15.3003714067048318      0.0093359862125885      -0.0084808292020702
0.3490658503988660     15.4257842870876587      0.0092189644730604      -0.0084791220644180
0.3490658503988660     15.5511971674704856      0.0091035527025353      -0.0084774546945522
0.3490658503988660     15.6766100478533126      0.0089897032101641      -0.0084758327025805
    
0.6981317007977315     0.0000000000000000      -0.3009006968456344      -0.1425973715732366
0.6981317007977315     0.1254128803828261      -0.2880120645338513      -0.2339276781315366
0.6981317007977315     0.2508257607656522      -0.2478105241344222      -0.2985965828856333
0.6981317007977315     0.3762386411484783      -0.2526543690395538      -0.3189802575453732
0.6981317007977315     0.5016515215313043      -0.2121735736009440      -0.4556294334794183
0.6981317007977315     0.6270644019141304      -0.1267230276935862      -0.5127495995042686
0.6981317007977315     0.7524772822969564      -0.0016004007892782      -0.6180766537844421
0.6981317007977315     0.8778901626797825      0.2688397526023846      -0.5854988849751604
0.6981317007977315     1.0033030430626086      0.4097920621385656      -0.3965855320326150
0.6981317007977315     1.1287159234454347      0.3909547635554339      -0.1934313060206697
0.6981317007977315     1.2541288038282608      0.3119278956141250      -0.1042503096689363
0.6981317007977315     1.3795416842110868      0.2539888549059665      -0.0681332461218774
0.6981317007977315     1.5049545645939129      0.2144434325926056      -0.0501757604093943
0.6981317007977315     1.6303674449767389      0.1862945778224066      -0.0390922239184299
0.6981317007977315     1.7557803253595650      0.1643854796454494      -0.0317202961414635
0.6981317007977315     1.8811932057423910      0.1469614009110381      -0.0264453389506946
0.6981317007977315     2.0066060861252173      0.1326588234787818      -0.0228821017175212
0.6981317007977315     2.1320189665080433      0.1209043584081592      -0.0203650385896904
0.6981317007977315     2.2574318468908694      0.1110947398340769      -0.0184925344422583
0.6981317007977315     2.3828447272736955      0.1027670842221674      -0.0170410770687311
0.6981317007977315     2.5082576076565215      0.0955993577057741      -0.0158986073081439
0.6981317007977315     2.6336704880393476      0.0893676056608850      -0.0149849574918988
0.6981317007977315     2.7590833684221736      0.0838998274653440      -0.0142413366691540
0.6981317007977315     2.8844962488049997      0.0790626555816405      -0.0136269118230938
0.6981317007977315     3.0099091291878257      0.0747518391243743      -0.0131125172201554
0.6981317007977315     3.1353220095706518      0.0708847845597276      -0.0126771901942550
0.6981317007977315     3.2607348899534778      0.0673955640570548      -0.0123054045149114
0.6981317007977315     3.3861477703363039      0.0642308466119399      -0.0119852418352861
0.6981317007977315     3.5115606507191299      0.0613468622979482      -0.0117074376491776
0.6981317007977315     3.6369735311019560      0.0587073864694484      -0.0114648356963831
0.6981317007977315     3.7623864114847820      0.0562822950584770      -0.0112517680583573
0.6981317007977315     3.8877992918676081      0.0540462877892289      -0.0110635860972828
0.6981317007977315     4.0132121722504346      0.0519777811210681      -0.0108964904177830
0.6981317007977315     4.1386250526332606      0.0500584451178587      -0.0107475162058872
0.6981317007977315     4.2640379330160867      0.0482726053919966      -0.0106140420348069
0.6981317007977315     4.3894508133989127      0.0466065308590591      -0.0104939080238691
0.6981317007977315     4.5148636937817388      0.0450483780800228      -0.0103854465031164
0.6981317007977315     4.6402765741645648      0.0435878754029444      -0.0102871858983366
0.6981317007977315     4.7656894545473909      0.0422159702915021      -0.0101978712799587
0.6981317007977315     4.8911023349302170      0.0409247196658914      -0.0101164655457065
0.6981317007977315     5.0165152153130430      0.0397071067392572      -0.0100420605060726
0.6981317007977315     5.1419280956958691      0.0385569227486901      -0.0099738811674528
0.6981317007977315     5.2673409760786951      0.0374686242431242      -0.0099112121541849
0.6981317007977315     5.3927538564615212      0.0364372128629864      -0.0098534812132366
0.6981317007977315     5.5181667368443472      0.0354582709516758      -0.0098002161550339
0.6981317007977315     5.6435796172271733      0.0345278351867524      -0.0097509477799845
0.6981317007977315     5.7689924976099993      0.0336422790284126      -0.0097052879313248
0.6981317007977315     5.8944053779928254      0.0327983825025408      -0.0096629319334276
0.6981317007977315     6.0198182583756514      0.0319932445450028      -0.0096235443858206
0.6981317007977315     6.1452311387584775      0.0312241713004027      -0.0095868264687263
0.6981317007977315     6.2706440191413035      0.0304887144500832      -0.0095525540717462
0.6981317007977315     6.3960568995241296      0.0297846708920924      -0.0095205238916108
0.6981317007977315     6.5214697799069556      0.0291100221348202      -0.0094905323987408
0.6981317007977315     6.6468826602897817      0.0284628920875128      -0.0094624032395466
0.6981317007977315     6.7722955406726077      0.0278415805775101      -0.0094360153998380
0.6981317007977315     6.8977084210554338      0.0272445647211744      -0.0094112206400293
0.6981317007977315     7.0231213014382599      0.0266703817595980      -0.0093878490819244
0.6981317007977315     7.1485341818210859      0.0261176685402654      -0.0093658203292874
0.6981317007977315     7.2739470622039120      0.0255852289760614      -0.0093450465703148
0.6981317007977315     7.3993599425867380      0.0250719217866813      -0.0093254095553348
0.6981317007977315     7.5247728229695641      0.0245766753834514      -0.0093068445744272
0.6981317007977315     7.6501857033523901      0.0240985360434250      -0.0092892866270721
0.6981317007977315     7.7755985837352162      0.0236366025768565      -0.0092726486474136
0.6981317007977315     7.9010114641180422      0.0231900209353419      -0.0092568580103493
0.6981317007977315     8.0264243445008692      0.0227579907125569      -0.0092418647830924
0.6981317007977315     8.1518372248836961      0.0223397897225898      -0.0092276283232319
0.6981317007977315     8.2772501052665231      0.0219347402225847      -0.0092140806091093
0.6981317007977315     8.4026629856493500      0.0215421742778977      -0.0092011770699722
0.6981317007977315     8.5280758660321769      0.0211615002840816      -0.0091889051744686
0.6981317007977315     8.6534887464150039      0.0207921779896940      -0.0091772131522402
0.6981317007977315     8.7789016267978308      0.0204336657775244      -0.0091660551629047
0.6981317007977315     8.9043145071806578      0.0200854663877616      -0.0091554126245135
0.6981317007977315     9.0297273875634847      0.0197471285776225      -0.0091452526264299
0.6981317007977315     9.1551402679463116      0.0194182124806836      -0.0091355329208205
0.6981317007977315     9.2805531483291386      0.0190982899956474      -0.0091262272194249
0.6981317007977315     9.4059660287119655      0.0187869728140393      -0.0091173261470056
0.6981317007977315     9.5313789090947925      0.0184839062019440      -0.0091088041250188
0.6981317007977315     9.6567917894776194      0.0181887350098873      -0.0091006307088229
0.6981317007977315     9.7822046698604463      0.0179011256916470      -0.0090928023177521
0.6981317007977315     9.9076175502432733      0.0176207896960376      -0.0090853037200135
0.6981317007977315     10.0330304306261002      0.0173474340448981      -0.0090780963928960
0.6981317007977315     10.1584433110089272      0.0170807633758034      -0.0090711660541687
0.6981317007977315     10.2838561913917541      0.0168205190600577      -0.0090645114336570
0.6981317007977315     10.4092690717745811      0.0165664592218217      -0.0090581090537610
0.6981317007977315     10.5346819521574080      0.0163183347142577      -0.0090519440652097
0.6981317007977315     10.6600948325402349      0.0160759222347992      -0.0090460172438042
0.6981317007977315     10.7855077129230619      0.0158390203559299      -0.0090403123781488
0.6981317007977315     10.9109205933058888      0.0156074191264733      -0.0090348076162718
0.6981317007977315     11.0363334736887158      0.0153809149468748      -0.0090294990080508
0.6981317007977315     11.1617463540715427      0.0151593275605378      -0.0090243859569553
0.6981317007977315     11.2871592344543696      0.0149424885382545      -0.0090194568326570
0.6981317007977315     11.4125721148371966      0.0147302265217841      -0.0090146979576235
0.6981317007977315     11.5379849952200235      0.0145223781617070      -0.0090101096487353
0.6981317007977315     11.6633978756028505      0.0143188037924684      -0.0090056855765365
0.6981317007977315     11.7888107559856774      0.0141193563384722      -0.0090014050184195
0.6981317007977315     11.9142236363685043      0.0139238857866818      -0.0089972649411059
0.6981317007977315     12.0396365167513313      0.0137322645784922      -0.0089932651359394
0.6981317007977315     12.1650493971341582      0.0135443671620823      -0.0089893933992316
0.6981317007977315     12.2904622775169852      0.0133600658382142      -0.0089856451549165
0.6981317007977315     12.4158751578998121      0.0131792459408566      -0.0089820198361378
0.6981317007977315     12.5412880382826391      0.0130018008765212      -0.0089785113333865
0.6981317007977315     12.6667009186654660      0.0128276229446389      -0.0089751072650527
0.6981317007977315     12.7921137990482929      0.0126565997115406      -0.0089718039409077
0.6981317007977315     12.9175266794311199      0.0124886346271868      -0.0089686074844602
0.6981317007977315     13.0429395598139468      0.0123236410934482      -0.0089655090455249
0.6981317007977315     13.1683524401967738      0.0121615205251751      -0.0089625015169771
0.6981317007977315     13.2937653205796007      0.0120021863646466      -0.0089595909835641
0.6981317007977315     13.4191782009624276      0.0118455639931724      -0.0089567716319839
0.6981317007977315     13.5445910813452546      0.0116915705609120      -0.0089540341172806
0.6981317007977315     13.6700039617280815      0.0115401261788170      -0.0089513772984632
0.6981317007977315     13.7954168421109085      0.0113911582114132      -0.0089487990922987
0.6981317007977315     13.9208297224937354      0.0112445967505122      -0.0089462942893458
0.6981317007977315     14.0462426028765623      0.0111003695851498      -0.0089438575566490
0.6981317007977315     14.1716554832593893      0.0109584079521638      -0.0089414903170963
0.6981317007977315     14.2970683636422162      0.0108186531963355      -0.0089391907367841
0.6981317007977315     14.4224812440250432      0.0106810418521001      -0.0089369498705971
0.6981317007977315     14.5478941244078701      0.0105455073484659      -0.0089347688557906
0.6981317007977315     14.6733070047906971      0.0104119960542815      -0.0089326522395781
0.6981317007977315     14.7987198851735240      0.0102804580048599      -0.0089305948726554
0.6981317007977315     14.9241327655563509      0.0101508375569592      -0.0089285916280182
0.6981317007977315     15.0495456459391779      0.0100230826098975      -0.0089266421978435
0.6981317007977315     15.1749585263220048      0.0098971451489981      -0.0089247435287599
0.6981317007977315     15.3003714067048318      0.0097729751057440      -0.0089228909156156
0.6981317007977315     15.4257842870876587      0.0096505220098743      -0.0089210846557297
0.6981317007977315     15.5511971674704856      0.0095297428562172      -0.0089193272398044
0.6981317007977315     15.6766100478533126      0.0094105976492283      -0.0089176145395175
    
1.0471975511965974     0.0000000000000000      -0.3795104898113904      -0.2538075052790216
1.0471975511965974     0.1254128803828261      -0.2489740541532245      -0.3763196465205580
1.0471975511965974     0.2508257607656522      -0.2212636620860872      -0.3383376190683491
1.0471975511965974     0.3762386411484783      -0.2886583586163655      -0.4308366922577737
1.0471975511965974     0.5016515215313043      -0.0964639411018651      -0.6686841158690231
1.0471975511965974     0.6270644019141304      0.1320004382018524      -0.5264021186753666
1.0471975511965974     0.7524772822969564      0.1133755891194641      -0.4664880152022533
1.0471975511965974     0.8778901626797825      0.2355155817945885      -0.5053993859951319
1.0471975511965974     1.0033030430626086      0.3981911557629621      -0.3851043971230291
1.0471975511965974     1.1287159234454347      0.3920102335130113      -0.1887649532638817
1.0471975511965974     1.2541288038282608      0.3166830327241767      -0.1025669612415508
1.0471975511965974     1.3795416842110868      0.2604572722558460      -0.0680661942743643
1.0471975511965974     1.5049545645939129      0.2218018407079679      -0.0509355782412575
1.0471975511965974     1.6303674449767389      0.1941173754443962      -0.0402626201555537
1.0471975511965974     1.7557803253595650      0.1723576243389714      -0.0330349072427159
1.0471975511965974     1.8811932057423910      0.1548774705602381      -0.0277666104483519
1.0471975511965974     2.0066060861252173      0.1403853620218902      -0.0241909733234091
1.0471975511965974     2.1320189665080433      0.1283864624748211      -0.0216717806422674
1.0471975511965974     2.2574318468908694      0.1183281227102159      -0.0198012434364730
1.0471975511965974     2.3828447272736955      0.1097537507893716      -0.0183423838369959
1.0471975511965974     2.5082576076565215      0.1023414368935489      -0.0171887120911314
1.0471975511965974     2.6336704880393476      0.0958728234323564      -0.0162629857386969
1.0471975511965974     2.7590833684221736      0.0901779286243405      -0.0155065673902664
1.0471975511965974     2.8844962488049997      0.0851240839735991      -0.0148791741222888
1.0471975511965974     3.0099091291878257      0.0806072294608965      -0.0143520116650689
1.0471975511965974     3.1353220095706518      0.0765446396658266      -0.0139044732674595
1.0471975511965974     3.2607348899534778      0.0728703205123780      -0.0135211154322512
1.0471975511965974     3.3861477703363039      0.0695303621244855      -0.0131898049267026
1.0471975511965974     3.5115606507191299      0.0664802926319871      -0.0129014197082275
1.0471975511965974     3.6369735311019560      0.0636834586974496      -0.0126489351778548
1.0471975511965974     3.7623864114847820      0.0611092714603935      -0.0124265373342491
1.0471975511965974     3.8877992918676081      0.0587317729353127      -0.0122295065916030
1.0471975511965974     4.0132121722504346      0.0565288688802363      -0.0120541181795221
1.0471975511965974     4.1386250526332606      0.0544817821133972      -0.0118973747598911
1.0471975511965974     4.2640379330160867      0.0525743734541372      -0.0117566486677898
1.0471975511965974     4.3894508133989127      0.0507925490285710      -0.0116297666546915
1.0471975511965974     4.5148636937817388      0.0491240742396609      -0.0115150525353750
1.0471975511965974     4.6402765741645648      0.0475584083414299      -0.0114109911339068
1.0471975511965974     4.7656894545473909      0.0460861520836625      -0.0113162229946161
1.0471975511965974     4.8911023349302170      0.0446989978138017      -0.0112297013217939
1.0471975511965974     5.0165152153130430      0.0433896946061297      -0.0111505340487286
1.0471975511965974     5.1419280956958691      0.0421517853861491      -0.0110778506404093
1.0471975511965974     5.2673409760786951      0.0409794205273642      -0.0110109294920901
1.0471975511965974     5.3927538564615212      0.0398673941874228      -0.0109492218474259
1.0471975511965974     5.5181667368443472      0.0388111314405945      -0.0108922269952256
1.0471975511965974     5.6435796172271733      0.0378064590866958      -0.0108394082250430
1.0471975511965974     5.7689924976099993      0.0368495349937376      -0.0107903782634544
1.0471975511965974     5.8944053779928254      0.0359369933078222      -0.0107448371444100
1.0471975511965974     6.0198182583756514      0.0350657722905458      -0.0107024187800332
1.0471975511965974     6.1452311387584775      0.0342330222123500      -0.0106628239873959
1.0471975511965974     6.2706440191413035      0.0334361704465064      -0.0106258427094829
1.0471975511965974     6.3960568995241296      0.0326729196109806      -0.0105912447423446
1.0471975511965974     6.5214697799069556      0.0319411123019039      -0.0105587960069005
1.0471975511965974     6.6468826602897817      0.0312387548477904      -0.0105283367737489
1.0471975511965974     6.7722955406726077      0.0305640666539430      -0.0104997427877791
1.0471975511965974     6.8977084210554338      0.0299154255006876      -0.0104728372537245
1.0471975511965974     7.0231213014382599      0.0292912676175789      -0.0104474685882333
1.0471975511965974     7.1485341818210859      0.0286901699368298      -0.0104235527124362
1.0471975511965974     7.2739470622039120      0.0281108685905898      -0.0104009874401891
1.0471975511965974     7.3993599425867380      0.0275521482022140      -0.0103796349490194
1.0471975511965974     7.5247728229695641      0.0270128561121040      -0.0103594199887332
1.0471975511965974     7.6501857033523901      0.0264919661218538      -0.0103402888540297
1.0471975511965974     7.7755985837352162      0.0259885304941356      -0.0103221491771751
1.0471975511965974     7.9010114641180422      0.0255016260529608      -0.0103049266829056
1.0471975511965974     8.0264243445008692      0.0250304142548952      -0.0102885853070035
1.0471975511965974     8.1518372248836961      0.0245741431426544      -0.0102730624536632
1.0471975511965974     8.2772501052665231      0.0241320687156192      -0.0102582735124938
1.0471975511965974     8.4026629856493500      0.0237034795358217      -0.0102441839307850
1.0471975511965974     8.5280758660321769      0.0232877481850192      -0.0102307709483849
1.0471975511965974     8.6534887464150039      0.0228842919775637      -0.0102179737209628
1.0471975511965974     8.7789016267978308      0.0224925195721656      -0.0102057397952127
1.0471975511965974     8.9043145071806578      0.0221118929174293      -0.0101940615184109
1.0471975511965974     9.0297273875634847      0.0217419378908505      -0.0101829066470678
1.0471975511965974     9.1551402679463116      0.0213821747289962      -0.0101722221975309
1.0471975511965974     9.2805531483291386      0.0210321451771312      -0.0101619979840832
1.0471975511965974     9.4059660287119655      0.0206914496728636      -0.0101522175225090
1.0471975511965974     9.5313789090947925      0.0203597009253133      -0.0101428385232075
1.0471975511965974     9.6567917894776194      0.0200365097073017      -0.0101338348852161
1.0471975511965974     9.7822046698604463      0.0197215227107309      -0.0101251991758752
1.0471975511965974     9.9076175502432733      0.0194144183776157      -0.0101169099761929
1.0471975511965974     10.0330304306261002      0.0191148747627980      -0.0101089360350895
1.0471975511965974     10.1584433110089272      0.0188225764846430      -0.0101012732317265
1.0471975511965974     10.2838561913917541      0.0185372570037180      -0.0100939219805792
1.0471975511965974     10.4092690717745811      0.0182586611373521      -0.0100868512130404
1.0471975511965974     10.5346819521574080      0.0179865175851920      -0.0100800390984497
1.0471975511965974     10.6600948325402349      0.0177205852284501      -0.0100734864923263
1.0471975511965974     10.7855077129230619      0.0174606442892472      -0.0100671740816104
1.0471975511965974     10.9109205933058888      0.0172064663148454      -0.0100610803392269
1.0471975511965974     11.0363334736887158      0.0169578340397024      -0.0100552036597268
1.0471975511965974     11.1617463540715427      0.0167145565292900      -0.0100495395014724
1.0471975511965974     11.2871592344543696      0.0164764481946686      -0.0100440702874312
1.0471975511965974     11.4125721148371966      0.0162433173838990      -0.0100387845614846
1.0471975511965974     11.5379849952200235      0.0160149929797804      -0.0100336865614366
1.0471975511965974     11.6633978756028505      0.0157913224516550      -0.0100287633093755
1.0471975511965974     11.7888107559856774      0.0155721412385581      -0.0100239956436877
1.0471975511965974     11.9142236363685043      0.0153572887774722      -0.0100193852214693
1.0471975511965974     12.0396365167513313      0.0151466307835935      -0.0100149319906032
1.0471975511965974     12.1650493971341582      0.0149400317644651      -0.0100106206344427
1.0471975511965974     12.2904622775169852      0.0147373526550737      -0.0100064464862618
1.0471975511965974     12.4158751578998121      0.0145384708890540      -0.0100024100485976
1.0471975511965974     12.5412880382826391      0.0143432706477149      -0.0099985010646017
1.0471975511965974     12.6667009186654660      0.0141516320538895      -0.0099947101878952
1.0471975511965974     12.7921137990482929      0.0139634396294489      -0.0099910361126262
1.0471975511965974     12.9175266794311199      0.0137785913020749      -0.0099874778156852
1.0471975511965974     13.0429395598139468      0.0135969881888085      -0.0099840256795876
1.0471975511965974     13.1683524401967738      0.0134185254198975      -0.0099806719700609
1.0471975511965974     13.2937653205796007      0.0132431077635629      -0.0099774201906535
1.0471975511965974     13.4191782009624276      0.0130706514069155      -0.0099742634502041
1.0471975511965974     13.5445910813452546      0.0129010638561081      -0.0099711920170469
1.0471975511965974     13.6700039617280815      0.0127342559582609      -0.0099682076140940
1.0471975511965974     13.7954168421109085      0.0125701515765840      -0.0099653101052880
1.0471975511965974     13.9208297224937354      0.0124086731013058      -0.0099624923538179
1.0471975511965974     14.0462426028765623      0.0122497421486303      -0.0099597521865310
1.0471975511965974     14.1716554832593893      0.0120932863704308      -0.0099570909444938
1.0471975511965974     14.2970683636422162      0.0119392408383116      -0.0099545069781550
1.0471975511965974     14.4224812440250432      0.0117875396893370      -0.0099519935431826
1.0471975511965974     14.5478941244078701      0.0116381149757879      -0.0099495488943526
1.0471975511965974     14.6733070047906971      0.0114909085880300      -0.0099471722908135
1.0471975511965974     14.7987198851735240      0.0113458601100885      -0.0099448543509668
1.0471975511965974     14.9241327655563509      0.0112029036364553      -0.0099425939316244
1.0471975511965974     15.0495456459391779      0.0110619837345860      -0.0099403956582691
1.0471975511965974     15.1749585263220048      0.0109230504714141      -0.0099382572760522
1.0471975511965974     15.3003714067048318      0.0107860519263861      -0.0099361754595071
1.0471975511965974     15.4257842870876587      0.0106509372098490      -0.0099341475619492
1.0471975511965974     15.5511971674704856      0.0105176574836537      -0.0099321724569652
1.0471975511965974     15.6766100478533126      0.0103861670517305      -0.0099302470088165
    
1.3962634015954638     0.0000000000000000      -0.4850382478692589      -0.4068265455476164
1.3962634015954638     0.1254128803828261      -0.2043067313452522      -0.6033736473841658
1.3962634015954638     0.2508257607656522      -0.0748495160599434      -0.4763619635529734
1.3962634015954638     0.3762386411484783      -0.1202996522120163      -0.4460155452138415
1.3962634015954638     0.5016515215313043      -0.0237418057607802      -0.5838521289272023
1.3962634015954638     0.6270644019141304      0.0857088481972879      -0.5300243523580924
1.3962634015954638     0.7524772822969564      0.1670538343061722      -0.5388120959874723
1.3962634015954638     0.8778901626797825      0.3252207012127422      -0.4943068434193929
1.3962634015954638     1.0033030430626086      0.4242487457865901      -0.3480017968522535
1.3962634015954638     1.1287159234454347      0.4015727410174412      -0.1767918296379989
1.3962634015954638     1.2541288038282608      0.3273524355949693      -0.0998281812857611
1.3962634015954638     1.3795416842110868      0.2721759707597935      -0.0683651314150689
1.3962634015954638     1.5049545645939129      0.2338875410207364      -0.0523564919233983
1.3962634015954638     1.6303674449767389      0.2062092708173102      -0.0421158846386796
1.3962634015954638     1.7557803253595650      0.1841981355879277      -0.0349750745943584
1.3962634015954638     1.8811932057423910      0.1663099601274555      -0.0296404562080672
1.3962634015954638     2.0066060861252173      0.1513248429081534      -0.0259970925812860
1.3962634015954638     2.1320189665080433      0.1388283689969851      -0.0234289543010033
1.3962634015954638     2.2574318468908694      0.1282955581564282      -0.0215175359781702
1.3962634015954638     2.3828447272736955      0.1192771776406688      -0.0200261472840277
1.3962634015954638     2.5082576076565215      0.1114538228730089      -0.0188428208621653
1.3962634015954638     2.6336704880393476      0.1046037025153233      -0.0178892032393654
1.3962634015954638     2.7590833684221736      0.0985545391577880      -0.0171063370719266
1.3962634015954638     2.8844962488049997      0.0931705514728282      -0.0164539709616468
1.3962634015954638     3.0099091291878257      0.0883458109235447      -0.0159042362970917
1.3962634015954638     3.1353220095706518      0.0839963319365845      -0.0154359190586020
1.3962634015954638     3.2607348899534778      0.0800535768045558      -0.0150331451568843
1.3962634015954638     3.3861477703363039      0.0764619950651699      -0.0146844099758195
1.3962634015954638     3.5115606507191299      0.0731762895591642      -0.0143805103892894
1.3962634015954638     3.6369735311019560      0.0701584786186421      -0.0141135960815999
1.3962634015954638     3.7623864114847820      0.0673762926321374      -0.0138778477132586
1.3962634015954638     3.8877992918676081      0.0648027778989585      -0.0136687347872230
1.3962634015954638     4.0132121722504346      0.0624151431464148      -0.0134823465841415
1.3962634015954638     4.1386250526332606      0.0601935552083593      -0.0133152652877622
1.3962634015954638     4.2640379330160867      0.0581208463470072      -0.0131650504149271
1.3962634015954638     4.3894508133989127      0.0561824794394333      -0.0130296115235829
1.3962634015954638     4.5148636937817388      0.0543656870196402      -0.0129068480593102
1.3962634015954638     4.6402765741645648      0.0526589618623460      -0.0127951986140667
1.3962634015954638     4.7656894545473909      0.0510524707935446      -0.0126935090168201
1.3962634015954638     4.8911023349302170      0.0495375952424836      -0.0126005634440070
1.3962634015954638     5.0165152153130430      0.0481064914132202      -0.0125152870991156
1.3962634015954638     5.1419280956958691      0.0467521807311605      -0.0124369358070913
1.3962634015954638     5.2673409760786951      0.0454686073476624      -0.0123648574071121
1.3962634015954638     5.3927538564615212      0.0442503426894847      -0.0122983066280592
1.3962634015954638     5.5181667368443472      0.0430922992476420      -0.0122366584340279
1.3962634015954638     5.6435796172271733      0.0419899905512582      -0.0121795723994523
1.3962634015954638     5.7689924976099993      0.0409395393073414      -0.0121265864488790
1.3962634015954638     5.8944053779928254      0.0399372021103275      -0.0120771870181134
1.3962634015954638     6.0198182583756514      0.0389795714248589      -0.0120311491723138
1.3962634015954638     6.1452311387584775      0.0380637320274478      -0.0119882417853929
1.3962634015954638     6.2706440191413035      0.0371869778700740      -0.0119480973077125
1.3962634015954638     6.3960568995241296      0.0363466961119882      -0.0119104721535475
1.3962634015954638     6.5214697799069556      0.0355406029038485      -0.0118752408618146
1.3962634015954638     6.6468826602897817      0.0347666753928565      -0.0118421829765177
1.3962634015954638     6.7722955406726077      0.0340229295407924      -0.0118110283564790
1.3962634015954638     6.8977084210554338      0.0333074848288935      -0.0117816852917915
1.3962634015954638     7.0231213014382599      0.0326187688870154      -0.0117540779519880
1.3962634015954638     7.1485341818210859      0.0319552934307984      -0.0117279948551909
1.3962634015954638     7.2739470622039120      0.0313155540708876      -0.0117033146576122
1.3962634015954638     7.3993599425867380      0.0306982647158016      -0.0116800262263673
1.3962634015954638     7.5247728229695641      0.0301022947741999      -0.0116579977243990
1.3962634015954638     7.6501857033523901      0.0295264726471274      -0.0116370756509772
1.3962634015954638     7.7755985837352162      0.0289697020402492      -0.0116172324098062
1.3962634015954638     7.9010114641180422      0.0284310618965222      -0.0115984226253250
1.3962634015954638     8.0264243445008692      0.0279096553407088      -0.0115805169166784
1.3962634015954638     8.1518372248836961      0.0274045573670708      -0.0115634517792993
1.3962634015954638     8.2772501052665231      0.0269149839731931      -0.0115472453627022
1.3962634015954638     8.4026629856493500      0.0264402557458036      -0.0115318240963296
1.3962634015954638     8.5280758660321769      0.0259796418435163      -0.0115170823210970
1.3962634015954638     8.6534887464150039      0.0255324406236779      -0.0115030232075563
1.3962634015954638     8.7789016267978308      0.0250980945802480      -0.0114896357044241
1.3962634015954638     8.9043145071806578      0.0246760374404598      -0.0114768212367940
1.3962634015954638     9.0297273875634847      0.0242656659294717      -0.0114645476506179
1.3962634015954638     9.1551402679463116      0.0238664857479368      -0.0114528380933685
1.3962634015954638     9.2805531483291386      0.0234780595853530      -0.0114416302458635
1.3962634015954638     9.4059660287119655      0.0230998940562119      -0.0114308609909892
1.3962634015954638     9.5313789090947925      0.0227315323369956      -0.0114205433266746
1.3962634015954638     9.6567917894776194      0.0223726064247401      -0.0114106696378147
1.3962634015954638     9.7822046698604463      0.0220227385447206      -0.0114011782862416
1.3962634015954638     9.9076175502432733      0.0216815238680259      -0.0113920513786426
1.3962634015954638     10.0330304306261002      0.0213486300329795      -0.0113833118215118
1.3962634015954638     10.1584433110089272      0.0210237733872513      -0.0113749193211090
1.3962634015954638     10.2838561913917541      0.0207066136134860      -0.0113668181886669
1.3962634015954638     10.4092690717745811      0.0203968284321355      -0.0113590283139425
1.3962634015954638     10.5346819521574080      0.0200941784711870      -0.0113515467406067
1.3962634015954638     10.6600948325402349      0.0197983936332595      -0.0113443199043402
1.3962634015954638     10.7855077129230619      0.0195091856999857      -0.0113373485868161
1.3962634015954638     10.9109205933058888      0.0192263338357486      -0.0113306517986712
1.3962634015954638     11.0363334736887158      0.0189496347331344      -0.0113241951855154
1.3962634015954638     11.1617463540715427      0.0186788480205324      -0.0113179479860070
1.3962634015954638     11.2871592344543696      0.0184137511779736      -0.0113119210723798
1.3962634015954638     11.4125721148371966      0.0181541699743352      -0.0113061133257266
1.3962634015954638     11.5379849952200235      0.0178999155271403      -0.0113004861177850
1.3962634015954638     11.6633978756028505      0.0176507757024693      -0.0112950377289781
1.3962634015954638     11.7888107559856774      0.0174065905424001      -0.0112897892315306
1.3962634015954638     11.9142236363685043      0.0171672186665078      -0.0112847144083518
1.3962634015954638     12.0396365167513313      0.0169324799876250      -0.0112797899469995
1.3962634015954638     12.1650493971341582      0.0167022164231162      -0.0112750315213128
1.3962634015954638     12.2904622775169852      0.0164763038236427      -0.0112704311568610
1.3962634015954638     12.4158751578998121      0.0162545973837997      -0.0112659639492762
1.3962634015954638     12.5412880382826391      0.0160369471052169      -0.0112616316856836
1.3962634015954638     12.6667009186654660      0.0158232328988241      -0.0112574443201800
1.3962634015954638     12.7921137990482929      0.0156133475746323      -0.0112533882560253
1.3962634015954638     12.9175266794311199      0.0154071629628140      -0.0112494449479984
1.3962634015954638     13.0429395598139468      0.0152045553680193      -0.0112456227692132
1.3962634015954638     13.1683524401967738      0.0150054335319723      -0.0112419242566868
1.3962634015954638     13.2937653205796007      0.0148096939495661      -0.0112383252709283
1.3962634015954638     13.4191782009624276      0.0146172175126469      -0.0112348274727388
1.3962634015954638     13.5445910813452546      0.0144279179396533      -0.0112314427220564
1.3962634015954638     13.6700039617280815      0.0142417145398394      -0.0112281560206714
1.3962634015954638     13.7954168421109085      0.0140585070507718      -0.0112249557135700
1.3962634015954638     13.9208297224937354      0.0138782057765326      -0.0112218486764980
1.3962634015954638     14.0462426028765623      0.0137007377990368      -0.0112188333787602
1.3962634015954638     14.1716554832593893      0.0135260249568945      -0.0112158954720384
1.3962634015954638     14.2970683636422162      0.0133539778159275      -0.0112130308177805
1.3962634015954638     14.4224812440250432      0.0131845227002455      -0.0112102493155045
1.3962634015954638     14.5478941244078701      0.0130175993323365      -0.0112075439272619
1.3962634015954638     14.6733070047906971      0.0128531294656918      -0.0112049041742576
1.3962634015954638     14.7987198851735240      0.0126910424321569      -0.0112023408800139
1.3962634015954638     14.9241327655563509      0.0125312885781978      -0.0111998527285479
1.3962634015954638     15.0495456459391779      0.0123738053968511      -0.0111974242682134
1.3962634015954638     15.1749585263220048      0.0122185228340541      -0.0111950545204355
1.3962634015954638     15.3003714067048318      0.0120653842112481      -0.0111927481993365
1.3962634015954638     15.4257842870876587      0.0119143391864600      -0.0111905017635204
1.3962634015954638     15.5511971674704856      0.0117653304725260      -0.0111883071569231
1.3962634015954638     15.6766100478533126      0.0116182987745281      -0.0111861676689177
    
1.7453292519943293     0.0000000000000000      -0.6128086016766060      -0.5811063353891467
1.7453292519943293     0.1254128803828261      -0.1741719959611387      -0.8753783000134794
1.7453292519943293     0.2508257607656522      0.1058792929167724      -0.6795162338702716
1.7453292519943293     0.3762386411484783      0.1222878323128571      -0.4621009378641765
1.7453292519943293     0.5016515215313043      0.0708960318212935      -0.4541434680023788
1.7453292519943293     0.6270644019141304      0.0556584846310943      -0.5028566520424249
1.7453292519943293     0.7524772822969564      0.1886076062038454      -0.5489885353034807
1.7453292519943293     0.8778901626797825      0.3349774156824881      -0.5155082823206811
1.7453292519943293     1.0033030430626086      0.4561331368574141      -0.3647844476231168
1.7453292519943293     1.1287159234454347      0.4300480780794830      -0.1845921057102039
1.7453292519943293     1.2541288038282608      0.3522345711637423      -0.1052575055095213
1.7453292519943293     1.3795416842110868      0.2944522795309640      -0.0728708230898846
1.7453292519943293     1.5049545645939129      0.2542448837159205      -0.0563449338238634
1.7453292519943293     1.6303674449767389      0.2250960762442860      -0.0457283144246183
1.7453292519943293     1.7557803253595650      0.2018049098093617      -0.0382180138717642
1.7453292519943293     1.8811932057423910      0.1827524708263270      -0.0325451599240727
1.7453292519943293     2.0066060861252173      0.1667069283140876      -0.0286650868074453
1.7453292519943293     2.1320189665080433      0.1532714318536846      -0.0259255370410596
1.7453292519943293     2.2574318468908694      0.1418997651851329      -0.0238830632377578
1.7453292519943293     2.3828447272736955      0.1321355688708107      -0.0223000239878869
1.7453292519943293     2.5082576076565215      0.1236529067442367      -0.0210419116889259
1.7453292519943293     2.6336704880393476      0.1162082556439813      -0.0200227330564269
1.7453292519943293     2.7590833684221736      0.1096189111501767      -0.0191845889446378
1.7453292519943293     2.8844962488049997      0.1037433233143281      -0.0184854182064261
1.7453292519943293     3.0099091291878257      0.0984690024435168      -0.0178944107464553
1.7453292519943293     3.1353220095706518      0.0937056571246152      -0.0173898607619013
1.7453292519943293     3.2607348899534778      0.0893812492010605      -0.0169557563754043
1.7453292519943293     3.3861477703363039      0.0854370133287682      -0.0165790749042260
1.7453292519943293     3.5115606507191299      0.0818236626348923      -0.0162495568619954
1.7453292519943293     3.6369735311019560      0.0785003215321150      -0.0159600174896104
1.7453292519943293     3.7623864114847820      0.0754332325622328      -0.0157040833689040
1.7453292519943293     3.8877992918676081      0.0725932085979966      -0.0154764171528600
1.7453292519943293     4.0132121722504346      0.0699552822070156      -0.0152730558804758
1.7453292519943293     4.1386250526332606      0.0674983801664673      -0.0150908360673573
1.7453292519943293     4.2640379330160867      0.0652043037014509      -0.0149267487079842
1.7453292519943293     4.3894508133989127      0.0630569550860070      -0.0147783566139397
1.7453292519943293     4.5148636937817388      0.0610423616671970      -0.0146438822290293
1.7453292519943293     4.6402765741645648      0.0591485847231202      -0.0145216731447515
1.7453292519943293     4.7656894545473909      0.0573648818351601      -0.0144100557367455
1.7453292519943293     4.8911023349302170      0.0556815260562003      -0.0143078439460531
1.7453292519943293     5.0165152153130430      0.0540901786983590      -0.0142141832777362
1.7453292519943293     5.1419280956958691      0.0525834807794359      -0.0141280518995420
1.7453292519943293     5.2673409760786951      0.0511545953906554      -0.0140485663132319
1.7453292519943293     5.3927538564615212      0.0497974579476375      -0.0139751790442819
1.7453292519943293     5.5181667368443472      0.0485068110213605      -0.0139073083716081
1.7453292519943293     5.6435796172271733      0.0472777767616129      -0.0138442786575771
1.7453292519943293     5.7689924976099993      0.0461057978205653      -0.0137856515906310
1.7453292519943293     5.8944053779928254      0.0449869447697915      -0.0137311502374004
1.7453292519943293     6.0198182583756514      0.0439176987091629      -0.0136803216373007
1.7453292519943293     6.1452311387584775      0.0428946437738487      -0.0136327387411981
1.7453292519943293     6.2706440191413035      0.0419146816288474      -0.0135882537067914
1.7453292519943293     6.3960568995241296      0.0409752049804760      -0.0135466418228781
1.7453292519943293     6.5214697799069556      0.0400736767217287      -0.0135075290189563
1.7453292519943293     6.6468826602897817      0.0392076462976469      -0.0134707509472427
1.7453292519943293     6.7722955406726077      0.0383750461962344      -0.0134362258507117
1.7453292519943293     6.8977084210554338      0.0375739853654853      -0.0134037042931549
1.7453292519943293     7.0231213014382599      0.0368025633113318      -0.0133729871235839
1.7453292519943293     7.1485341818210859      0.0360590805598572      -0.0133440246415031
1.7453292519943293     7.2739470622039120      0.0353420753040389      -0.0133166901914580
1.7453292519943293     7.3993599425867380      0.0346500939923223      -0.0132907740383459
1.7453292519943293     7.5247728229695641      0.0339816995909631      -0.0132661990044023
1.7453292519943293     7.6501857033523901      0.0333356965487992      -0.0132429601082665
1.7453292519943293     7.7755985837352162      0.0327109984066508      -0.0132209019865086
1.7453292519943293     7.9010114641180422      0.0321064441018289      -0.0131998932937219
1.7453292519943293     8.0264243445008692      0.0315209935396365      -0.0131799506120059
1.7453292519943293     8.1518372248836961      0.0309537959401203      -0.0131610132784514
1.7453292519943293     8.2772501052665231      0.0304039529584353      -0.0131429422815893
1.7453292519943293     8.4026629856493500      0.0298705786847243      -0.0131257097804760
1.7453292519943293     8.5280758660321769      0.0293529403552472      -0.0131093138678032
1.7453292519943293     8.6534887464150039      0.0288503497420238      -0.0130936510545155
1.7453292519943293     8.7789016267978308      0.0283620621638166      -0.0130786504457495
1.7453292519943293     8.9043145071806578      0.0278874202674186      -0.0130643379286385
1.7453292519943293     9.0297273875634847      0.0274258886996378      -0.0130506777858294
1.7453292519943293     9.1551402679463116      0.0269768858175478      -0.0130375666720371
1.7453292519943293     9.2805531483291386      0.0265398131484992      -0.0130250029588146
1.7453292519943293     9.4059660287119655      0.0261142106349965      -0.0130130054938387
1.7453292519943293     9.5313789090947925      0.0256996352587843      -0.0130014923787099
1.7453292519943293     9.6567917894776194      0.0252955811822879      -0.0129904147741026
1.7453292519943293     9.7822046698604463      0.0249016112499409      -0.0129798007875906
1.7453292519943293     9.9076175502432733      0.0245173709874002      -0.0129696215956371
1.7453292519943293     10.0330304306261002      0.0241424590656424      -0.0129598104628529
1.7453292519943293     10.1584433110089272      0.0237764718624005      -0.0129503725280266
1.7453292519943293     10.2838561913917541      0.0234190970557407      -0.0129413231684363
1.7453292519943293     10.4092690717745811      0.0230700326064608      -0.0129326033422263
1.7453292519943293     10.5346819521574080      0.0227289207222955      -0.0129241829190788
1.7453292519943293     10.6600948325402349      0.0223954624715508      -0.0129160923765197
1.7453292519943293     10.7855077129230619      0.0220694213981295      -0.0129083119494667
1.7453292519943293     10.9109205933058888      0.0217505145482665      -0.0129007856035746
1.7453292519943293     11.0363334736887158      0.0214384523791854      -0.0128935244680726
1.7453292519943293     11.1617463540715427      0.0211330233196474      -0.0128865405935394
1.7453292519943293     11.2871592344543696      0.0208340095219343      -0.0128797856808422
1.7453292519943293     11.4125721148371966      0.0205411522733340      -0.0128732420274471
1.7453292519943293     11.5379849952200235      0.0202542402951442      -0.0128669342905654
1.7453292519943293     11.6633978756028505      0.0199731009465837      -0.0128608450396917
1.7453292519943293     11.7888107559856774      0.0196975272937137      -0.0128549416724269
1.7453292519943293     11.9142236363685043      0.0194273164152063      -0.0128492344021635
1.7453292519943293     12.0396365167513313      0.0191623144649480      -0.0128437298802974
1.7453292519943293     12.1650493971341582      0.0189023644989565      -0.0128383930479204
1.7453292519943293     12.2904622775169852      0.0186472752043606      -0.0128332087524935
1.7453292519943293     12.4158751578998121      0.0183968883018119      -0.0128281982676497
1.7453292519943293     12.5412880382826391      0.0181510807371472      -0.0128233516855108
1.7453292519943293     12.6667009186654660      0.0179096993249702      -0.0128186420288373
1.7453292519943293     12.7921137990482929      0.0176725925383020      -0.0128140792833482
1.7453292519943293     12.9175266794311199      0.0174396475138223      -0.0128096669622669
1.7453292519943293     13.0429395598139468      0.0172107441874661      -0.0128053816196145
1.7453292519943293     13.1683524401967738      0.0169857444792059      -0.0128012139289746
1.7453292519943293     13.2937653205796007      0.0167645308498046      -0.0127971745140375
1.7453292519943293     13.4191782009624276      0.0165470069037511      -0.0127932558528720
1.7453292519943293     13.5445910813452546      0.0163330573942894      -0.0127894365015104
1.7453292519943293     13.6700039617280815      0.0161225614598176      -0.0127857234501585
1.7453292519943293     13.7954168421109085      0.0159154335164667      -0.0127821277239933
1.7453292519943293     13.9208297224937354      0.0157115874934185      -0.0127786290006778
1.7453292519943293     14.0462426028765623      0.0155109136060732      -0.0127752188198718
1.7453292519943293     14.1716554832593893      0.0153133219896730      -0.0127719103479931
1.7453292519943293     14.2970683636422162      0.0151187410769065      -0.0127686982219877
1.7453292519943293     14.4224812440250432      0.0149270840257087      -0.0127655673063870
1.7453292519943293     14.5478941244078701      0.0147382618333810      -0.0127625208240990
1.7453292519943293     14.6733070047906971      0.0145522054140456      -0.0127595625536547
1.7453292519943293     14.7987198851735240      0.0143688463306719      -0.0127566790656117
1.7453292519943293     14.9241327655563509      0.0141880996653440      -0.0127538627553983
1.7453292519943293     15.0495456459391779      0.0140098927778768      -0.0127511244490691
1.7453292519943293     15.1749585263220048      0.0138341713231868      -0.0127484621720306
1.7453292519943293     15.3003714067048318      0.0136608678692872      -0.0127458619710423
1.7453292519943293     15.4257842870876587      0.0134899089322609      -0.0127433265272998
1.7453292519943293     15.5511971674704856      0.0133212406587839      -0.0127408634163369
1.7453292519943293     15.6766100478533126      0.0131548129648903      -0.0127384628836855
    
2.0943951023931948     0.0000000000000000      -0.7332090234339492      -0.7396729589439751
2.0943951023931948     0.1254128803828261      -0.1496891123354792      -1.1128141705445314
2.0943951023931948     0.2508257607656522      0.2239345424095481      -0.8409842415288837
2.0943951023931948     0.3762386411484783      0.2610960863566568      -0.5421371634270370
2.0943951023931948     0.5016515215313043      0.2161628597063972      -0.4901850514763374
2.0943951023931948     0.6270644019141304      0.2004015636835317      -0.4388691497658171
2.0943951023931948     0.7524772822969564      0.1936527166250387      -0.4309492467855933
2.0943951023931948     0.8778901626797825      0.2599108866713375      -0.5295858074100354
2.0943951023931948     1.0033030430626086      0.4765069930826994      -0.4193769074397404
2.0943951023931948     1.1287159234454347      0.4652207311630587      -0.2055608114341034
2.0943951023931948     1.2541288038282608      0.3822945830774443      -0.1153757279689090
2.0943951023931948     1.3795416842110868      0.3202279916471507      -0.0794406380724638
2.0943951023931948     1.5049545645939129      0.2770744333349890      -0.0613981643356295
2.0943951023931948     1.6303674449767389      0.2458158020221752      -0.0499682229119376
2.0943951023931948     1.7557803253595650      0.2208426144923088      -0.0418809822855331
2.0943951023931948     1.8811932057423910      0.2003621597829287      -0.0357522258813459
2.0943951023931948     2.0066060861252173      0.1830640581486565      -0.0315586386288038
2.0943951023931948     2.1320189665080433      0.1685421400912318      -0.0286045891592881
2.0943951023931948     2.2574318468908694      0.1562273328179407      -0.0264064305467226
2.0943951023931948     2.3828447272736955      0.1456376397571312      -0.0247071650216455
2.0943951023931948     2.5082576076565215      0.1364259722113947      -0.0233560553848122
2.0943951023931948     2.6336704880393476      0.1283309757681764      -0.0222603762355701
2.0943951023931948     2.7590833684221736      0.1211567235516395      -0.0213572181204740
2.0943951023931948     2.8844962488049997      0.1147505784918732      -0.0206021053755931
2.0943951023931948     3.0099091291878257      0.1089925283901506      -0.0199633994486545
2.0943951023931948     3.1353220095706518      0.1037869229657123      -0.0194175117421158
2.0943951023931948     3.2607348899534778      0.0990559602890862      -0.0189465208511036
2.0943951023931948     3.3861477703363039      0.0947358387006399      -0.0185371699044487
2.0943951023931948     3.5115606507191299      0.0907744216438085      -0.0181792810607406
2.0943951023931948     3.6369735311019560      0.0871280830261469      -0.0178641089590680
2.0943951023931948     3.7623864114847820      0.0837596845026032      -0.0175850895484670
2.0943951023931948     3.8877992918676081      0.0806381621500419      -0.0173369918975988
2.0943951023931948     4.0132121722504346      0.0777369508212159      -0.0171152556140675
2.0943951023931948     4.1386250526332606      0.0750330135757518      -0.0169161218122889
2.0943951023931948     4.2640379330160867      0.0725064432396401      -0.0167366697569116
2.0943951023931948     4.3894508133989127      0.0701400983054470      -0.0165744110358407
2.0943951023931948     4.5148636937817388      0.0679189699634501      -0.0164270960061164
2.0943951023931948     4.6402765741645648      0.0658296929274024      -0.0162928915973631
2.0943951023931948     4.7656894545473909      0.0638606137727041      -0.0161704224489817
2.0943951023931948     4.8911023349302170      0.0620016047801097      -0.0160583495058478
2.0943951023931948     5.0165152153130430      0.0602434611818609      -0.0159553917368199
2.0943951023931948     5.1419280956958691      0.0585779231530750      -0.0158606268429317
2.0943951023931948     5.2673409760786951      0.0569977717371267      -0.0157732583556956
2.0943951023931948     5.3927538564615212      0.0554964810571069      -0.0156924565918063
2.0943951023931948     5.5181667368443472      0.0540680758857331      -0.0156175656445032
2.0943951023931948     5.6435796172271733      0.0527072489795132      -0.0155480928698226
2.0943951023931948     5.7689924976099993      0.0514092745089969      -0.0154835077814807
2.0943951023931948     5.8944053779928254      0.0501697409051033      -0.0154232830661995
2.0943951023931948     6.0198182583756514      0.0489846081046415      -0.0153670866361110
2.0943951023931948     6.1452311387584775      0.0478503462898491      -0.0153146357672798
2.0943951023931948     6.2706440191413035      0.0467637056392030      -0.0152655113752243
2.0943951023931948     6.3960568995241296      0.0457215621266427      -0.0152194108808639
2.0943951023931948     6.5214697799069556      0.0447211500547055      -0.0151761773556503
2.0943951023931948     6.6468826602897817      0.0437600093529499      -0.0151355516691197
2.0943951023931948     6.7722955406726077      0.0428357495510369      -0.0150972704122099
2.0943951023931948     6.8977084210554338      0.0419461746031534      -0.0150611984843781
2.0943951023931948     7.0231213014382599      0.0410893415169830      -0.0150271942542860
2.0943951023931948     7.1485341818210859      0.0402634164542970      -0.0149950513914674
2.0943951023931948     7.2739470622039120      0.0394666396077735      -0.0149646394436330
2.0943951023931948     7.3993599425867380      0.0386974366854783      -0.0149358879808667
2.0943951023931948     7.5247728229695641      0.0379544018504129      -0.0149086653045344
2.0943951023931948     7.6501857033523901      0.0372361331263250      -0.0148828063088041
2.0943951023931948     7.7755985837352162      0.0365413075825567      -0.0148582602351876
2.0943951023931948     7.9010114641180422      0.0358687890892134      -0.0148349780360874
2.0943951023931948     8.0264243445008692      0.0352174939291896      -0.0148128211910671
2.0943951023931948     8.1518372248836961      0.0345863279821940      -0.0147917103064145
2.0943951023931948     8.2772501052665231      0.0339743320652011      -0.0147716218108696
2.0943951023931948     8.4026629856493500      0.0333806304254027      -0.0147524752440917
2.0943951023931948     8.5280758660321769      0.0328043437452699      -0.0147341841109626
2.0943951023931948     8.6534887464150039      0.0322446519011585      -0.0147167304570333
2.0943951023931948     8.7789016267978308      0.0317008404180138      -0.0147000788690090
2.0943951023931948     8.9043145071806578      0.0311722113950545      -0.0146841405346499
2.0943951023931948     9.0297273875634847      0.0306580538182112      -0.0146688726152106
2.0943951023931948     9.1551402679463116      0.0301577484912875      -0.0146542793654972
2.0943951023931948     9.2805531483291386      0.0296707439608138      -0.0146403026104321
2.0943951023931948     9.4059660287119655      0.0291964477540947      -0.0146268768791650
2.0943951023931948     9.5313789090947925      0.0287343116433534      -0.0146140076723990
2.0943951023931948     9.6567917894776194      0.0282838706909223      -0.0146016778217837
2.0943951023931948     9.7822046698604463      0.0278446588480664      -0.0145898269582495
2.0943951023931948     9.9076175502432733      0.0274161981231451      -0.0145784327304415
2.0943951023931948     10.0330304306261002      0.0269980761318925      -0.0145674955401706
2.0943951023931948     10.1584433110089272      0.0265899113818869      -0.0145569769043700
2.0943951023931948     10.2838561913917541      0.0261913014671219      -0.0145468360108328
2.0943951023931948     10.4092690717745811      0.0258018684925566      -0.0145370798161268
2.0943951023931948     10.5346819521574080      0.0254212970867540      -0.0145276962012051
2.0943951023931948     10.6600948325402349      0.0250492596659129      -0.0145186392818435
2.0943951023931948     10.7855077129230619      0.0246854146115103      -0.0145098968116070
2.0943951023931948     10.9109205933058888      0.0243294750891536      -0.0145014819088171
2.0943951023931948     11.0363334736887158      0.0239811810175972      -0.0144933657291988
2.0943951023931948     11.1617463540715427      0.0236402433596110      -0.0144855180754192
2.0943951023931948     11.2871592344543696      0.0233063962129310      -0.0144779502595321
2.0943951023931948     11.4125721148371966      0.0229794186684357      -0.0144706536855523
2.0943951023931948     11.5379849952200235      0.0226590769252793      -0.0144635940256252
2.0943951023931948     11.6633978756028505      0.0223451289012963      -0.0144567640331754
2.0943951023931948     11.7888107559856774      0.0220373690695977      -0.0144501657961526
2.0943951023931948     11.9142236363685043      0.0217356001557291      -0.0144437761443089
2.0943951023931948     12.0396365167513313      0.0214396097906592      -0.0144375798070924
2.0943951023931948     12.1650493971341582      0.0211492037577758      -0.0144315879293830
2.0943951023931948     12.2904622775169852      0.0208642233231740      -0.0144257970301743
2.0943951023931948     12.4158751578998121      0.0205844991913659      -0.0144201803330610
2.0943951023931948     12.5412880382826391      0.0203098495369149      -0.0144147310504996
2.0943951023931948     12.6667009186654660      0.0200401223893354      -0.0144094544477685
2.0943951023931948     12.7921137990482929      0.0197751729333322      -0.0144043332799635
2.0943951023931948     12.9175266794311199      0.0195148432274057      -0.0143993571135638
2.0943951023931948     13.0429395598139468      0.0192589900516347      -0.0143945310967038
2.0943951023931948     13.1683524401967738      0.0190074879489189      -0.0143898516191927
2.0943951023931948     13.2937653205796007      0.0187602078854503      -0.0143853062123978
2.0943951023931948     13.4191782009624276      0.0185170179006070      -0.0143808911394225
2.0943951023931948     13.5445910813452546      0.0182778029717103      -0.0143766114468095
2.0943951023931948     13.6700039617280815      0.0180424587475845      -0.0143724548675110
2.0943951023931948     13.7954168421109085      0.0178108648432888      -0.0143684070441015
2.0943951023931948     13.9208297224937354      0.0175829076638543      -0.0143644747579133
2.0943951023931948     14.0462426028765623      0.0173584959430240      -0.0143606571282614
2.0943951023931948     14.1716554832593893      0.0171375308411486      -0.0143569392953598
2.0943951023931948     14.2970683636422162      0.0169199079329148      -0.0143533184922053
2.0943951023931948     14.4224812440250432      0.0167055368327563      -0.0143497982482039
2.0943951023931948     14.5478941244078701      0.0164943335843515      -0.0143463715381981
2.0943951023931948     14.6733070047906971      0.0162862081898454      -0.0143430312629901
2.0943951023931948     14.7987198851735240      0.0160810730722249      -0.0143397797256814
2.0943951023931948     14.9241327655563509      0.0158788553547001      -0.0143366177177501
2.0943951023931948     15.0495456459391779      0.0156794795396124      -0.0143335351306338
2.0943951023931948     15.1749585263220048      0.0154828638458794      -0.0143305295525044
2.0943951023931948     15.3003714067048318      0.0152889387013536      -0.0143276047955883
2.0943951023931948     15.4257842870876587      0.0150976403935724      -0.0143247540104672
2.0943951023931948     15.5511971674704856      0.0149088961579851      -0.0143219687477360
2.0943951023931948     15.6766100478533126      0.0147226343897774      -0.0143192513340027
    
2.4434609527920612     0.0000000000000000      -0.7784063158840679      -0.8375054129245002
2.4434609527920612     0.1254128803828261      -0.0639498496987730      -1.2301761300599958
2.4434609527920612     0.2508257607656522      0.3178567553865073      -0.8251682795369562
2.4434609527920612     0.3762386411484783      0.2996841636596293      -0.5046605088589267
2.4434609527920612     0.5016515215313043      0.2051854832276845      -0.4357371898484909
2.4434609527920612     0.6270644019141304      0.1325631706953455      -0.4391470414583823
2.4434609527920612     0.7524772822969564      0.1694827543453263      -0.5147823854469937
2.4434609527920612     0.8778901626797825      0.3090449312723170      -0.5617857474562760
2.4434609527920612     1.0033030430626086      0.5034002822375269      -0.4270644179945240
2.4434609527920612     1.1287159234454347      0.4841194842853972      -0.2104413941405031
2.4434609527920612     1.2541288038282608      0.3976559557560202      -0.1191060749423740
2.4434609527920612     1.3795416842110868      0.3333498522800448      -0.0824685794709711
2.4434609527920612     1.5049545645939129      0.2886489492225272      -0.0639532369026295
2.4434609527920612     1.6303674449767389      0.2562752666873467      -0.0521764319978786
2.4434609527920612     1.7557803253595650      0.2303906852871668      -0.0437718144736984
2.4434609527920612     1.8811932057423910      0.2091226378270461      -0.0373581143238441
2.4434609527920612     2.0066060861252173      0.1911185010243918      -0.0329605902365103
2.4434609527920612     2.1320189665080433      0.1759830099376810      -0.0298767887758417
2.4434609527920612     2.2574318468908694      0.1631515089731031      -0.0275913876177770
2.4434609527920612     2.3828447272736955      0.1521178076026074      -0.0258220897366069
2.4434609527920612     2.5082576076565215      0.1425168751630910      -0.0244156286155931
2.4434609527920612     2.6336704880393476      0.1340782623750429      -0.0232755064612983
2.4434609527920612     2.7590833684221736      0.1265982390689422      -0.0223360657709958
2.4434609527920612     2.8844962488049997      0.1199183280156071      -0.0215507640097851
2.4434609527920612     3.0099091291878257      0.1139133938451108      -0.0208862522728628
2.4434609527920612     3.1353220095706518      0.1084835527906185      -0.0203182751401068
2.4434609527920612     3.2607348899534778      0.1035481317188547      -0.0198284211793972
2.4434609527920612     3.3861477703363039      0.0990409757507162      -0.0194026602999143
2.4434609527920612     3.5115606507191299      0.0949074855860189      -0.0190301083685917
2.4434609527920612     3.6369735311019560      0.0911021400894746      -0.0187021225056940
2.4434609527920612     3.7623864114847820      0.0875865740042857      -0.0184117374877089
2.4434609527920612     3.8877992918676081      0.0843282678180167      -0.0181534063616820
2.4434609527920612     4.0132121722504346      0.0812995351524652      -0.0179225021510537
2.4434609527920612     4.1386250526332606      0.0784764451722694      -0.0177151770867257
2.4434609527920612     4.2640379330160867      0.0758383339150252      -0.0175283083297662
2.4434609527920612     4.3894508133989127      0.0733672528834171      -0.0173592631299095
2.4434609527920612     4.5148636937817388      0.0710475254237726      -0.0172058398376989
2.4434609527920612     4.6402765741645648      0.0688654040312735      -0.0170661270907559
2.4434609527920612     4.7656894545473909      0.0668087200481736      -0.0169385319911502
2.4434609527920612     4.8911023349302170      0.0648667698457460      -0.0168217068187611
2.4434609527920612     5.0165152153130430      0.0630300204023954      -0.0167144136120519
2.4434609527920612     5.1419280956958691      0.0612899201040712      -0.0166156524920685
2.4434609527920612     5.2673409760786951      0.0596389039543682      -0.0165245515663450
2.4434609527920612     5.3927538564615212      0.0580701276709381      -0.0164402878718600
2.4434609527920612     5.5181667368443472      0.0565774159917398      -0.0163622219973733
2.4434609527920612     5.6435796172271733      0.0551552503358446      -0.0162897710613374
2.4434609527920612     5.7689924976099993      0.0537986181711072      -0.0162224205818126
2.4434609527920612     5.8944053779928254      0.0525030126871839      -0.0161597045669289
2.4434609527920612     6.0198182583756514      0.0512642930470394      -0.0161011595510066
2.4434609527920612     6.1452311387584775      0.0500786523809236      -0.0160464355472641
2.4434609527920612     6.2706440191413035      0.0489426820435709      -0.0159952064733752
2.4434609527920612     6.3960568995241296      0.0478531955504739      -0.0159471515377409
2.4434609527920612     6.5214697799069556      0.0468072964289153      -0.0159020521632863
2.4434609527920612     6.6468826602897817      0.0458023633721997      -0.0158596668742086
2.4434609527920612     6.7722955406726077      0.0448359396344795      -0.0158197664623977
2.4434609527920612     6.8977084210554338      0.0439057726256517      -0.0157821804967022
2.4434609527920612     7.0231213014382599      0.0430098034951051      -0.0157467292572425
2.4434609527920612     7.1485341818210859      0.0421461132424415      -0.0157132429761154
2.4434609527920612     7.2739470622039120      0.0413129106099041      -0.0156815607362380
2.4434609527920612     7.3993599425867380      0.0405085260425673      -0.0156515622542109
2.4434609527920612     7.5247728229695641      0.0397314327958740      -0.0156231393699151
2.4434609527920612     7.6501857033523901      0.0389802044629561      -0.0155961701776361
2.4434609527920612     7.7755985837352162      0.0382534944611796      -0.0155705675131491
2.4434609527920612     7.9010114641180422      0.0375500809093797      -0.0155462533181232
2.4434609527920612     8.0264243445008692      0.0368688124092672      -0.0155231273976431
2.4434609527920612     8.1518372248836961      0.0362085950245455      -0.0155011130671090
2.4434609527920612     8.2772501052665231      0.0355684210980187      -0.0154801467068032
2.4434609527920612     8.4026629856493500      0.0349473439638606      -0.0154601539614987
2.4434609527920612     8.5280758660321769      0.0343444664928622      -0.0154410748214267
2.4434609527920612     8.6534887464150039      0.0337589496268261      -0.0154228576183776
2.4434609527920612     8.7789016267978308      0.0331900106014961      -0.0154054560191012
2.4434609527920612     8.9043145071806578      0.0326369170048324      -0.0153888223001780
2.4434609527920612     9.0297273875634847      0.0320989710018183      -0.0153729033905725
2.4434609527920612     9.1551402679463116      0.0315755082482703      -0.0153576649127831
2.4434609527920612     9.2805531483291386      0.0310659199237441      -0.0153430769017992
2.4434609527920612     9.4059660287119655      0.0305696273930397      -0.0153290921538563
2.4434609527920612     9.5313789090947925      0.0300860672718030      -0.0153156800182956
2.4434609527920612     9.6567917894776194      0.0296147296692145      -0.0153028182017669
2.4434609527920612     9.7822046698604463      0.0291551243295264      -0.0152904624529063
2.4434609527920612     9.9076175502432733      0.0287067707354406      -0.0152785852829397
2.4434609527920612     10.0330304306261002      0.0282692283150541      -0.0152671700131586
2.4434609527920612     10.1584433110089272      0.0278420790462800      -0.0152561870293196
2.4434609527920612     10.2838561913917541      0.0274249171777932      -0.0152456153342306
2.4434609527920612     10.4092690717745811      0.0270173625159587      -0.0152354400067836
2.4434609527920612     10.5346819521574080      0.0266190594627901      -0.0152256493922717
2.4434609527920612     10.6600948325402349      0.0262296779506754      -0.0152162209268553
2.4434609527920612     10.7855077129230619      0.0258488887342181      -0.0152071255491160
2.4434609527920612     10.9109205933058888      0.0254763743149122      -0.0151983506901737
2.4434609527920612     11.0363334736887158      0.0251118431374702      -0.0151898785374768
2.4434609527920612     11.1617463540715427      0.0247550026731092      -0.0151816926138188
2.4434609527920612     11.2871592344543696      0.0244055828618432      -0.0151737923910628
2.4434609527920612     11.4125721148371966      0.0240633380702634      -0.0151661643622053
2.4434609527920612     11.5379849952200235      0.0237280201823129      -0.0151587917746689
2.4434609527920612     11.6633978756028505      0.0233993953916172      -0.0151516662212150
2.4434609527920612     11.7888107559856774      0.0230772403990367      -0.0151447752542254
2.4434609527920612     11.9142236363685043      0.0227613425874144      -0.0151381117410076
2.4434609527920612     12.0396365167513313      0.0224515005878588      -0.0151316601590736
2.4434609527920612     12.1650493971341582      0.0221475096622429      -0.0151254093069997
2.4434609527920612     12.2904622775169852      0.0218491838137160      -0.0151193605423043
2.4434609527920612     12.4158751578998121      0.0215563498729068      -0.0151134991937970
2.4434609527920612     12.5412880382826391      0.0212688276399485      -0.0151078155907376
2.4434609527920612     12.6667009186654660      0.0209864544314911      -0.0151023089413702
2.4434609527920612     12.7921137990482929      0.0207090746300945      -0.0150969652079235
2.4434609527920612     12.9175266794311199      0.0204365275163397      -0.0150917779299989
2.4434609527920612     13.0429395598139468      0.0201686682710459      -0.0150867473109766
2.4434609527920612     13.1683524401967738      0.0199053592197447      -0.0150818667460647
2.4434609527920612     13.2937653205796007      0.0196464667317960      -0.0150771292976883
2.4434609527920612     13.4191782009624276      0.0193918598372983      -0.0150725269249869
2.4434609527920612     13.5445910813452546      0.0191414101712962      -0.0150680562618565
2.4434609527920612     13.6700039617280815      0.0188950014769671      -0.0150637139388199
2.4434609527920612     13.7954168421109085      0.0186525158372044      -0.0150594901268232
2.4434609527920612     13.9208297224937354      0.0184138368317552      -0.0150553855356099
2.4434609527920612     14.0462426028765623      0.0181788636036220      -0.0150513984747985
2.4434609527920612     14.1716554832593893      0.0179474923567069      -0.0150475195668182
2.4434609527920612     14.2970683636422162      0.0177196204141170      -0.0150437475889903
2.4434609527920612     14.4224812440250432      0.0174951555690696      -0.0150400783066168
2.4434609527920612     14.5478941244078701      0.0172740033924011      -0.0150365050341928
2.4434609527920612     14.6733070047906971      0.0170560723053947      -0.0150330242734037
2.4434609527920612     14.7987198851735240      0.0168412740640957      -0.0150296325791424
2.4434609527920612     14.9241327655563509      0.0166295238506152      -0.0150263303708465
2.4434609527920612     15.0495456459391779      0.0164207446468315      -0.0150231138126519
2.4434609527920612     15.1749585263220048      0.0162148548586975      -0.0150199772474661
2.4434609527920612     15.3003714067048318      0.0160117777523298      -0.0150169234837762
2.4434609527920612     15.4257842870876587      0.0158114455178780      -0.0150139489767362
2.4434609527920612     15.5511971674704856      0.0156137849263700      -0.0150110481365553
2.4434609527920612     15.6766100478533126      0.0154187276398585      -0.0150082223897137
    
2.7925268031909276     0.0000000000000000      -0.7945415124474088      -0.8871850370473989
2.7925268031909276     0.1254128803828261      0.0059405010068860      -1.2665503224066939
2.7925268031909276     0.2508257607656522      0.3285985548381660      -0.7399254277451334
2.7925268031909276     0.3762386411484783      0.2112470037569645      -0.4933242755806019
2.7925268031909276     0.5016515215313043      0.1469859841505674      -0.5175577491410882
2.7925268031909276     0.6270644019141304      0.1637250240872551      -0.5109952104779839
2.7925268031909276     0.7524772822969564      0.2035197504116170      -0.5709384565552463
2.7925268031909276     0.8778901626797825      0.3779786110922113      -0.5582108359398614
2.7925268031909276     1.0033030430626086      0.5209803222295077      -0.4075588013464163
2.7925268031909276     1.1287159234454347      0.4913421662317021      -0.2051044478316923
2.7925268031909276     1.2541288038282608      0.4044751902235449      -0.1183345640017778
2.7925268031909276     1.3795416842110868      0.3400537395889899      -0.0830279240525708
2.7925268031909276     1.5049545645939129      0.2950987710838904      -0.0649163421767911
2.7925268031909276     1.6303674449767389      0.2624256690274817      -0.0532379964145079
2.7925268031909276     1.7557803253595650      0.2362004498765975      -0.0447895234500354
2.7925268031909276     1.8811932057423910      0.2145752711733732      -0.0382748169664230
2.7925268031909276     2.0066060861252173      0.1962051103694343      -0.0337893616087742
2.7925268031909276     2.1320189665080433      0.1807255132445748      -0.0306518571772832
2.7925268031909276     2.2574318468908694      0.1675995813355778      -0.0283341840098295
2.7925268031909276     2.3828447272736955      0.1563075503741082      -0.0265298874789645
2.7925268031909276     2.5082576076565215      0.1464709530994927      -0.0250937043568338
2.7925268031909276     2.6336704880393476      0.1378208344507819      -0.0239297087921117
2.7925268031909276     2.7590833684221736      0.1301501817820301      -0.0229699444469371
2.7925268031909276     2.8844962488049997      0.1232977634611707      -0.0221671652686529
2.7925268031909276     3.0099091291878257      0.1171359954307093      -0.0214871009603537
2.7925268031909276     3.1353220095706518      0.1115625182956912      -0.0209052324013541
2.7925268031909276     3.2607348899534778      0.1064951224937490      -0.0204034098324407
2.7925268031909276     3.3861477703363039      0.1018666921970197      -0.0199671580492980
2.7925268031909276     3.5115606507191299      0.0976211947615615      -0.0195850649331857
2.7925268031909276     3.6369735311019560      0.0937119101928050      -0.0192486814131196
2.7925268031909276     3.7623864114847820      0.0900999531284099      -0.0189509413226181
2.7925268031909276     3.8877992918676081      0.0867520336543827      -0.0186858436443449
2.7925268031909276     4.0132121722504346      0.0836394522562386      -0.0184487305295659
2.7925268031909276     4.1386250526332606      0.0807378878409228      -0.0182359786281910
2.7925268031909276     4.2640379330160867      0.0780263682645670      -0.0180441584288216
2.7925268031909276     4.3894508133989127      0.0754862774032262      -0.0178704551286347
2.7925268031909276     4.5148636937817388      0.0731014620877938      -0.0177127895767786
2.7925268031909276     4.6402765741645648      0.0708579700977214      -0.0175692836271792
2.7925268031909276     4.7656894545473909      0.0687433680016982      -0.0174381599083616
2.7925268031909276     4.8911023349302170      0.0667465150617261      -0.0173180389665244
2.7925268031909276     5.0165152153130430      0.0648576858960506      -0.0172078356039193
2.7925268031909276     5.1419280956958691      0.0630682824869368      -0.0171064199982877
2.7925268031909276     5.2673409760786951      0.0613703929408990      -0.0170127674006698
2.7925268031909276     5.3927538564615212      0.0597569461837181      -0.0169262099559571
2.7925268031909276     5.5181667368443472      0.0582217653125947      -0.0168460655367094
2.7925268031909276     5.6435796172271733      0.0567591520717005      -0.0167716032058688
2.7925268031909276     5.7689924976099993      0.0553638415007136      -0.0167022999828083
2.7925268031909276     5.8944053779928254      0.0540311906083361      -0.0166377784997022
2.7925268031909276     6.0198182583756514      0.0527570351270664      -0.0165775818641498
2.7925268031909276     6.1452311387584775      0.0515374547640287      -0.0165212516114275
2.7925268031909276     6.2706440191413035      0.0503688377628691      -0.0164685389491774
2.7925268031909276     6.3960568995241296      0.0492480684034652      -0.0164191888412469
2.7925268031909276     6.5214697799069556      0.0481721950923680      -0.0163728048753800
2.7925268031909276     6.6468826602897817      0.0471383696529872      -0.0163291572119163
2.7925268031909276     6.7722955406726077      0.0461441264822866      -0.0162881298490853
2.7925268031909276     6.8977084210554338      0.0451872315236053      -0.0162494587846107
2.7925268031909276     7.0231213014382599      0.0442654653369551      -0.0162129052292473
2.7925268031909276     7.1485341818210859      0.0433768104551809      -0.0161783988182500
2.7925268031909276     7.2739470622039120      0.0425195257046430      -0.0161458145759086
2.7925268031909276     7.3993599425867380      0.0416919158765030      -0.0161149341191708
2.7925268031909276     7.5247728229695641      0.0408923218138301      -0.0160856581064445
2.7925268031909276     7.6501857033523901      0.0401193245208476      -0.0160579488750859
2.7925268031909276     7.7755985837352162      0.0393716164685208      -0.0160316420993381
2.7925268031909276     7.9010114641180422      0.0386478587893597      -0.0160065997550203
2.7925268031909276     8.0264243445008692      0.0379468329764806      -0.0159828034059196
2.7925268031909276     8.1518372248836961      0.0372674947334309      -0.0159601797723265
2.7925268031909276     8.2772501052665231      0.0366087906838180      -0.0159385929094832
2.7925268031909276     8.4026629856493500      0.0359696871148490      -0.0159179981796040
2.7925268031909276     8.5280758660321769      0.0353493003495511      -0.0158983863927979
2.7925268031909276     8.6534887464150039      0.0347468128311762      -0.0158796595597082
2.7925268031909276     8.7789016267978308      0.0341613724214949      -0.0158617378307897
2.7925268031909276     8.9043145071806578      0.0335922049930285      -0.0158446190108936
2.7925268031909276     9.0297273875634847      0.0330386447487141      -0.0158282601998843
2.7925268031909276     9.1551402679463116      0.0325000115232341      -0.0158125676304266
2.7925268031909276     9.2805531483291386      0.0319756160893679      -0.0157975152178469
2.7925268031909276     9.4059660287119655      0.0314648804582116      -0.0157831155881797
2.7925268031909276     9.5313789090947925      0.0309672760345100      -0.0157693034273602
2.7925268031909276     9.6567917894776194      0.0304822250222919      -0.0157560194295848
2.7925268031909276     9.7822046698604463      0.0300092045677687      -0.0157432854885569
2.7925268031909276     9.9076175502432733      0.0295477890105804      -0.0157310757780940
2.7925268031909276     10.0330304306261002      0.0290975113431939      -0.0157193144810101
2.7925268031909276     10.1584433110089272      0.0286579005419100      -0.0157079985465163
2.7925268031909276     10.2838561913917541      0.0282285755132851      -0.0156971358172808
2.7925268031909276     10.4092690717745811      0.0278091692819460      -0.0156866671851867
2.7925268031909276     10.5346819521574080      0.0273992716229429      -0.0156765579969977
2.7925268031909276     10.6600948325402349      0.0269985207914213      -0.0156668278358308
2.7925268031909276     10.7855077129230619      0.0266066180739365      -0.0156574606860893
2.7925268031909276     10.9109205933058888      0.0262232348442176      -0.0156484064934034
2.7925268031909276     11.0363334736887158      0.0258480374044060      -0.0156396710096510
2.7925268031909276     11.1617463540715427      0.0254807655831442      -0.0156312630417304
2.7925268031909276     11.2871592344543696      0.0251211590414373      -0.0156231360094852
2.7925268031909276     11.4125721148371966      0.0247689220682918      -0.0156152689608992
2.7925268031909276     11.5379849952200235      0.0244238021505978      -0.0156076781804279
2.7925268031909276     11.6633978756028505      0.0240855844668796      -0.0156003464710575
2.7925268031909276     11.7888107559856774      0.0237540288932950      -0.0155932397976220
2.7925268031909276     11.9142236363685043      0.0234288944704136      -0.0155863592991397
2.7925268031909276     12.0396365167513313      0.0231099845016805      -0.0155797138566291
2.7925268031909276     12.1650493971341582      0.0227971117644045      -0.0155732765731039
2.7925268031909276     12.2904622775169852      0.0224900613196335      -0.0155670294641213
2.7925268031909276     12.4158751578998121      0.0221886449932624      -0.0155609886965211
2.7925268031909276     12.5412880382826391      0.0218927102349170      -0.0155551444595926
2.7925268031909276     12.6667009186654660      0.0216020791143805      -0.0155494656154027
2.7925268031909276     12.7921137990482929      0.0213165700552483      -0.0155439583306605
2.7925268031909276     12.9175266794311199      0.0210360427461393      -0.0155386287513141
2.7925268031909276     13.0429395598139468      0.0207603555034028      -0.0155334509542236
2.7925268031909276     13.1683524401967738      0.0204893436044112      -0.0155284133347495
2.7925268031909276     13.2937653205796007      0.0202228649082872      -0.0155235290312566
2.7925268031909276     13.4191782009624276      0.0199608027958131      -0.0155187920741115
2.7925268031909276     13.5445910813452546      0.0197030247121254      -0.0155141821106275
2.7925268031909276     13.6700039617280815      0.0194493934048090      -0.0155097021450595
2.7925268031909276     13.7954168421109085      0.0191998017046307      -0.0155053583208519
2.7925268031909276     13.9208297224937354      0.0189541438375898      -0.0155011306906579
2.7925268031909276     14.0462426028765623      0.0187122916538629      -0.0154970086859847
2.7925268031909276     14.1716554832593893      0.0184741358534661      -0.0154930045134629
2.7925268031909276     14.2970683636422162      0.0182395882033296      -0.0154891128454198
2.7925268031909276     14.4224812440250432      0.0180085431847811      -0.0154853175189323
2.7925268031909276     14.5478941244078701      0.0177808947693350      -0.0154816239805545
2.7925268031909276     14.6733070047906971      0.0175565602370709      -0.0154780382040905
2.7925268031909276     14.7987198851735240      0.0173354588658269      -0.0154745481427366
2.7925268031909276     14.9241327655563509      0.0171174960178521      -0.0154711435518211
2.7925268031909276     15.0495456459391779      0.0169025844235942      -0.0154678309890864
2.7925268031909276     15.1749585263220048      0.0166906545659208      -0.0154646089583145
2.7925268031909276     15.3003714067048318      0.0164816276275339      -0.0154614620276140
2.7925268031909276     15.4257842870876587      0.0162754160219143      -0.0154583918591871
2.7925268031909276     15.5511971674704856      0.0160719543857482      -0.0154554064269144
2.7925268031909276     15.6766100478533126      0.0158711801476058      -0.0154524931278334
    
3.1415926535897931     0.0000000000000000      -0.8028028482080817      -0.9036904565042914
3.1415926535897931     0.1254128803828261      0.0253097570534515      -1.2749126265884425
3.1415926535897931     0.2508257607656522      0.3091795848813922      -0.7047577007957452
3.1415926535897931     0.3762386411484783      0.1442959066886779      -0.5248849718569564
3.1415926535897931     0.5016515215313043      0.1616917468464553      -0.6237080764042003
3.1415926535897931     0.6270644019141304      0.2678921381111684      -0.5089307043507555
3.1415926535897931     0.7524772822969564      0.1994745999270046      -0.5218806195298283
3.1415926535897931     0.8778901626797825      0.3638465092428973      -0.5617306270423414
3.1415926535897931     1.0033030430626086      0.5248113831960115      -0.4144734339373491
3.1415926535897931     1.1287159234454347      0.4966290628147848      -0.2076627154121248
3.1415926535897931     1.2541288038282608      0.4090458705554685      -0.1196770251731071
3.1415926535897931     1.3795416842110868      0.3440364180059163      -0.0839733110845117
3.1415926535897931     1.5049545645939129      0.2986538878349915      -0.0656779514929199
3.1415926535897931     1.6303674449767389      0.2656601361160522      -0.0538954300276162
3.1415926535897931     1.7557803253595650      0.2391745638803616      -0.0453665405149341
3.1415926535897931     1.8811932057423910      0.2173263688489137      -0.0387777441019555
3.1415926535897931     2.0066060861252173      0.1987507707555689      -0.0342349716042250
3.1415926535897931     2.1320189665080433      0.1830867216492326      -0.0310641894725935
3.1415926535897931     2.2574318468908694      0.1698091056708586      -0.0287264658439762
3.1415926535897931     2.3828447272736955      0.1583862731558753      -0.0269004274121593
3.1415926535897931     2.5082576076565215      0.1484299809596149      -0.0254461808647147
3.1415926535897931     2.6336704880393476      0.1396734815220937      -0.0242690888899162
3.1415926535897931     2.7590833684221736      0.1319084386316453      -0.0232978738255452
3.1415926535897931     2.8844962488049997      0.1249701562974397      -0.0224845784026236
3.1415926535897931     3.0099091291878257      0.1187299262907177      -0.0217961130586288
3.1415926535897931     3.1353220095706518      0.1130854570740668      -0.0212072681315503
3.1415926535897931     3.2607348899534778      0.1079531422096378      -0.0206988687583903
3.1415926535897931     3.3861477703363039      0.1032645687431287      -0.0202568530717250
3.1415926535897931     3.5115606507191299      0.0989637636446388      -0.0198702360447187
3.1415926535897931     3.6369735311019560      0.0950038043339719      -0.0195295094790968
3.1415926535897931     3.7623864114847820      0.0913445527360211      -0.0192274959047790
3.1415926535897931     3.8877992918676081      0.0879522957391592      -0.0189587169399355
3.1415926535897931     4.0132121722504346      0.0847985923466311      -0.0187184681745692
3.1415926535897931     4.1386250526332606      0.0818585549604164      -0.0185024734074033
3.1415926535897931     4.2640379330160867      0.0791104956295047      -0.0183078061135216
3.1415926535897931     4.3894508133989127      0.0765361920782144      -0.0181319267640358
3.1415926535897931     4.5148636937817388      0.0741194812931040      -0.0179721890520637
3.1415926535897931     4.6402765741645648      0.0718458191288971      -0.0178266077666121
3.1415926535897931     4.7656894545473909      0.0697026492186235      -0.0176936953669839
3.1415926535897931     4.8911023349302170      0.0676789439405938      -0.0175719343745597
3.1415926535897931     5.0165152153130430      0.0657646805362232      -0.0174599897518228
3.1415926535897931     5.1419280956958691      0.0639508961258356      -0.0173569050586853
3.1415926535897931     5.2673409760786951      0.0622297994438424      -0.0172619113912398
3.1415926535897931     5.3927538564615212      0.0605944331975570      -0.0171740634031772
3.1415926535897931     5.5181667368443472      0.0590382528297583      -0.0170925747740749
3.1415926535897931     5.6435796172271733      0.0575554700939881      -0.0170169959110641
3.1415926535897931     5.7689924976099993      0.0561410496316618      -0.0169467469777812
3.1415926535897931     5.8944053779928254      0.0547901748207112      -0.0168811907480546
3.1415926535897931     6.0198182583756514      0.0534984276687172      -0.0168199965474902
3.1415926535897931     6.1452311387584775      0.0522619893136718      -0.0167628776888394
3.1415926535897931     6.2706440191413035      0.0510773526539684      -0.0167093743144126
3.1415926535897931     6.3960568995241296      0.0499411101840608      -0.0166591406588523
3.1415926535897931     6.5214697799069556      0.0488502359548752      -0.0166120359885162
3.1415926535897931     6.6468826602897817      0.0478021144428056      -0.0165678107634321
3.1415926535897931     6.7722955406726077      0.0467941644084363      -0.0165260979593943
3.1415926535897931     6.8977084210554338      0.0458239123927610      -0.0164867703923449
3.1415926535897931     7.0231213014382599      0.0448892995675968      -0.0164497520790646
3.1415926535897931     7.1485341818210859      0.0439883897356002      -0.0164147499305642
3.1415926535897931     7.2739470622039120      0.0431191998923968      -0.0163815944342193
3.1415926535897931     7.3993599425867380      0.0422800246796132      -0.0163502690033340
3.1415926535897931     7.5247728229695641      0.0414693775429071      -0.0163206000470127
3.1415926535897931     7.6501857033523901      0.0406856955394293      -0.0162923825932538
3.1415926535897931     7.7755985837352162      0.0399275290551433      -0.0162655928116582
3.1415926535897931     7.9010114641180422      0.0391936589315536      -0.0162401819048191
3.1415926535897931     8.0264243445008692      0.0384829100248673      -0.0162159845139947
3.1415926535897931     8.1518372248836961      0.0377940666982218      -0.0161929126695487
3.1415926535897931     8.2772501052665231      0.0371260836125776      -0.0161709831943227
3.1415926535897931     8.4026629856493500      0.0364780628718608      -0.0161501061844268
3.1415926535897931     8.5280758660321769      0.0358490387962109      -0.0161301337323148
3.1415926535897931     8.6534887464150039      0.0352380762832006      -0.0161110640226958
3.1415926535897931     8.7789016267978308      0.0346444212673364      -0.0160928800702239
3.1415926535897931     8.9043145071806578      0.0340673170985512      -0.0160754634799491
3.1415926535897931     9.0297273875634847      0.0335059686834412      -0.0160587753339595
3.1415926535897931     9.1551402679463116      0.0329597114788941      -0.0160428415550181
3.1415926535897931     9.2805531483291386      0.0324279700417553      -0.0160275967870479
3.1415926535897931     9.4059660287119655      0.0319101021628270      -0.0160129410393508
3.1415926535897931     9.5313789090947925      0.0314054838134614      -0.0159988788964552
3.1415926535897931     9.6567917894776194      0.0309136183682165      -0.0159854140309973
3.1415926535897931     9.7822046698604463      0.0304340121950289      -0.0159724547078956
3.1415926535897931     9.9076175502432733      0.0299661049888719      -0.0159599693689841
3.1415926535897931     10.0330304306261002      0.0295094478289082      -0.0159480044873307
3.1415926535897931     10.1584433110089272      0.0290636640884841      -0.0159365109681902
3.1415926535897931     10.2838561913917541      0.0286283020431883      -0.0159254162914740
3.1415926535897931     10.4092690717745811      0.0282029336998247      -0.0159147495945680
3.1415926535897931     10.5346819521574080      0.0277872392333220      -0.0159045048859424
3.1415926535897931     10.6600948325402349      0.0273808633871656      -0.0158946096431544
3.1415926535897931     10.7855077129230619      0.0269834158921423      -0.0158850565504288
3.1415926535897931     10.9109205933058888      0.0265945955317503      -0.0158758742268568
3.1415926535897931     11.0363334736887158      0.0262141338568888      -0.0158670168164432
3.1415926535897931     11.1617463540715427      0.0258417038809601      -0.0158584362975964
3.1415926535897931     11.2871592344543696      0.0254770007794152      -0.0158501520747204
3.1415926535897931     11.4125721148371966      0.0251197907750780      -0.0158421650462222
3.1415926535897931     11.5379849952200235      0.0247698225253171      -0.0158344262294149
3.1415926535897931     11.6633978756028505      0.0244268113784731      -0.0158269295961459
3.1415926535897931     11.7888107559856774      0.0240905383759099      -0.0158197038608539
3.1415926535897931     11.9142236363685043      0.0237608141607515      -0.0158127191926860
3.1415926535897931     12.0396365167513313      0.0234374020916938      -0.0158059410152386
3.1415926535897931     12.1650493971341582      0.0231200847902943      -0.0157993862827227
3.1415926535897931     12.2904622775169852      0.0228086948420684      -0.0157930480328498
3.1415926535897931     12.4158751578998121      0.0225030395975239      -0.0157868889669940
3.1415926535897931     12.5412880382826391      0.0222029097315563      -0.0157809074745897
3.1415926535897931     12.6667009186654660      0.0219081407743537      -0.0157751259421311
3.1415926535897931     12.7921137990482929      0.0216185934500524      -0.0157695259844474
3.1415926535897931     12.9175266794311199      0.0213340937675711      -0.0157640784943776
3.1415926535897931     13.0429395598139468      0.0210544718054110      -0.0157587996930321
3.1415926535897931     13.1683524401967738      0.0207796099878138      -0.0157536930964026
3.1415926535897931     13.2937653205796007      0.0205093700476107      -0.0157487216090621
3.1415926535897931     13.4191782009624276      0.0202435880874636      -0.0157438835852689
3.1415926535897931     13.5445910813452546      0.0199821431841400      -0.0157391952040372
3.1415926535897931     13.6700039617280815      0.0197249243227320      -0.0157346374241296
3.1415926535897931     13.7954168421109085      0.0194717946002936      -0.0157301960473375
3.1415926535897931     13.9208297224937354      0.0192226298296003      -0.0157258832160072
3.1415926535897931     14.0462426028765623      0.0189773359240749      -0.0157217010186179
3.1415926535897931     14.1716554832593893      0.0187358092357876      -0.0157176267741451
3.1415926535897931     14.2970683636422162      0.0184979257002945      -0.0157136552763975
3.1415926535897931     14.4224812440250432      0.0182635900700916      -0.0157098031546260
3.1415926535897931     14.5478941244078701      0.0180327240264799      -0.0157060557862312
3.1415926535897931     14.6733070047906971      0.0178052201250444      -0.0157023939527843
3.1415926535897931     14.7987198851735240      0.0175809765086946      -0.0156988286468076
3.1415926535897931     14.9241327655563509      0.0173599204063702      -0.0156953632457211
3.1415926535897931     15.0495456459391779      0.0171419690453290      -0.0156919803900794
3.1415926535897931     15.1749585263220048      0.0169270275699824      -0.0156886778149477
3.1415926535897931     15.3003714067048318      0.0167150191144725      -0.0156854663307960
3.1415926535897931     15.4257842870876587      0.0165058809268863      -0.0156823387072212
3.1415926535897931     15.5511971674704856      0.0162995316518089      -0.0156792793654852
3.1415926535897931     15.6766100478533126      0.0160958880916728      -0.0156762971418359
    
