-3.1415926535897931     0.0000000000000000      -0.0029057684495313      -0.0068588043141849
-3.1415926535897931     0.1254128803828261      -0.0029508264289970      -0.0068546760330473
-3.1415926535897931     0.2508257607656522      -0.0030038512258635      -0.0068510609458623
-3.1415926535897931     0.3762386411484783      -0.0030565438695037      -0.0068510057694532
-3.1415926535897931     0.5016515215313043      -0.0031086097548970      -0.0068512158309974
-3.1415926535897931     0.6270644019141304      -0.0031611990373885      -0.0068512648097319
-3.1415926535897931     0.7524772822969564      -0.0032137302630398      -0.0068522560889219
-3.1415926535897931     0.8778901626797825      -0.0032660287374852      -0.0068527575516615
-3.1415926535897931     1.0033030430626086      -0.0033188077693282      -0.0068532677417107
-3.1415926535897931     1.1287159234454347      -0.0033716857216969      -0.0068537758301504
-3.1415926535897931     1.2541288038282608      -0.0034249160331882      -0.0068541262881030
-3.1415926535897931     1.3795416842110868      -0.0034785158858313      -0.0068545001801406
-3.1415926535897931     1.5049545645939129      -0.0035324542370878      -0.0068548439905449
-3.1415926535897931     1.6303674449767389      -0.0035867607226929      -0.0068551828036513
-3.1415926535897931     1.7557803253595650      -0.0036414368979068      -0.0068555273787652
-3.1415926535897931     1.8811932057423910      -0.0036964839072369      -0.0068558770981445
-3.1415926535897931     2.0066060861252173      -0.0037519118321224      -0.0068562331206938
-3.1415926535897931     2.1320189665080433      -0.0038077263433335      -0.0068565977615552
-3.1415926535897931     2.2574318468908694      -0.0038639350349275      -0.0068569703641680
-3.1415926535897931     2.3828447272736955      -0.0039205466006095      -0.0068573514708127
-3.1415926535897931     2.5082576076565215      -0.0039775692648055      -0.0068577414494637
-3.1415926535897931     2.6336704880393476      -0.0040350119360296      -0.0068581404228134
-3.1415926535897931     2.7590833684221736      -0.0040928836947358      -0.0068585487044356
-3.1415926535897931     2.8844962488049997      -0.0041511938590436      -0.0068589665274142
-3.1415926535897931     3.0099091291878257      -0.0042099519683713      -0.0068593941295760
-3.1415926535897931     3.1353220095706518      -0.0042691678158699      -0.0068598317479799
-3.1415926535897931     3.2607348899534778      -0.0043288514337487      -0.0068602796278752
-3.1415926535897931     3.3861477703363039      -0.0043890130808731      -0.0068607380235336
-3.1415926535897931     3.5115606507191299      -0.0044496632671788      -0.0068612071754678
-3.1415926535897931     3.6369735311019560      -0.0045108127628426      -0.0068616873485293
-3.1415926535897931     3.7623864114847820      -0.0045724725722657      -0.0068621788076528
-3.1415926535897931     3.8877992918676081      -0.0046346539779134      -0.0068626818101529
-3.1415926535897931     4.0132121722504346      -0.0046973685328457      -0.0068631966397054
-3.1415926535897931     4.1386250526332606      -0.0047606280428120      -0.0068637235742237
-3.1415926535897931     4.2640379330160867      -0.0048244446189286      -0.0068642628865790
-3.1415926535897931     4.3894508133989127      -0.0048888306299510      -0.0068648148913503
-3.1415926535897931     4.5148636937817388      -0.0049537987445580      -0.0068653798374280
-3.1415926535897931     4.6402765741645648      -0.0050193619767324      -0.0068659580872055
-3.1415926535897931     4.7656894545473909      -0.0050855333906461      -0.0068665498484207
-3.1415926535897931     4.8911023349302170      -0.0051523268623338      -0.0068671553037521
-3.1415926535897931     5.0165152153130430      -0.0052197556567139      -0.0068677752940294
-3.1415926535897931     5.1419280956958691      -0.0052878343058201      -0.0068684089856976
-3.1415926535897931     5.2673409760786951      -0.0053565769931904      -0.0068690576129988
-3.1415926535897931     5.3927538564615212      -0.0054259974929688      -0.0068697216102036
-3.1415926535897931     5.5181667368443472      -0.0054961090714857      -0.0068703990848166
-3.1415926535897931     5.6435796172271733      -0.0055669317714172      -0.0068710901981741
-3.1415926535897931     5.7689924976099993      -0.0056384695628866      -0.0068718041451329
-3.1415926535897931     5.8944053779928254      -0.0057107256898981      -0.0068724953621912
-3.1415926535897931     6.0198182583756514      -0.0057837743046873      -0.0068732414122161
-3.1415926535897931     6.1452311387584775      -0.0058574618245043      -0.0068739573628612
-3.1415926535897931     6.2706440191413035      -0.0059321051438864      -0.0068745450738945
-3.1415926535897931     6.3960568995241296      -0.0060074016456611      -0.0068753208430946
-3.1415926535897931     6.5214697799069556      -0.0060834715636859      -0.0068755881284293
-3.1415926535897931     6.6468826602897817      -0.0061608910007220      -0.0068761371992079
-3.1415926535897931     6.7722955406726077      -0.0062388557824346      -0.0068766017117165
-3.1415926535897931     6.8977084210554338      -0.0063179607162633      -0.0068769358920732
-3.1415926535897931     7.0231213014382599      -0.0063975868557770      -0.0068774699844123
-3.1415926535897931     7.1485341818210859      -0.0064785749336038      -0.0068756507497533
-3.1415926535897931     7.2739470622039120      -0.0065609510010660      -0.0068771178037991
-3.1415926535897931     7.3993599425867380      -0.0066445497505469      -0.0068707179356356
-3.1415926535897931     7.5247728229695641      -0.0067409056846767      -0.0068714460389444
-3.1415926535897931     7.6501857033523901      -0.0068275963934149      -0.0068770548849047
-3.1415926535897931     7.7755985837352162      -0.0069251601774726      -0.0068812533655797
-3.1415926535897931     7.9010114641180422      -0.0070146606820445      -0.0069008875814972
-3.1415926535897931     8.0264243445008692      -0.0070978278502223      -0.0069140627708028
-3.1415926535897931     8.1518372248836961      -0.0071688916167375      -0.0069272661614423
-3.1415926535897931     8.2772501052665231      -0.0072462958144834      -0.0069215390120892
-3.1415926535897931     8.4026629856493500      -0.0073277269766945      -0.0069275271401968
-3.1415926535897931     8.5280758660321769      -0.0073999976199353      -0.0069089196311380
-3.1415926535897931     8.6534887464150039      -0.0075022858441076      -0.0068906211395223
-3.1415926535897931     8.7789016267978308      -0.0076029361929787      -0.0068857721781472
-3.1415926535897931     8.9043145071806578      -0.0077074134929140      -0.0068783262160112
-3.1415926535897931     9.0297273875634847      -0.0078188937832443      -0.0068768224320081
-3.1415926535897931     9.1551402679463116      -0.0079272291857731      -0.0068860052788515
-3.1415926535897931     9.2805531483291386      -0.0080279313042832      -0.0068916972235890
-3.1415926535897931     9.4059660287119655      -0.0081347636059603      -0.0068959124402956
-3.1415926535897931     9.5313789090947925      -0.0082366769614530      -0.0069025401543609
-3.1415926535897931     9.6567917894776194      -0.0083411849179717      -0.0069040020665065
-3.1415926535897931     9.7822046698604463      -0.0084484574454219      -0.0069072385743445
-3.1415926535897931     9.9076175502432733      -0.0085566387326576      -0.0069090892953930
-3.1415926535897931     10.0330304306261002      -0.0086673205491989      -0.0069109248280753
-3.1415926535897931     10.1584433110089272      -0.0087797535140154      -0.0069129037200979
-3.1415926535897931     10.2838561913917541      -0.0088941214033742      -0.0069147960639100
-3.1415926535897931     10.4092690717745811      -0.0090104827779083      -0.0069167607176906
-3.1415926535897931     10.5346819521574080      -0.0091288297570213      -0.0069187700341676
-3.1415926535897931     10.6600948325402349      -0.0092492022110046      -0.0069208373058951
-3.1415926535897931     10.7855077129230619      -0.0093716816224967      -0.0069229611427370
-3.1415926535897931     10.9109205933058888      -0.0094963043614939      -0.0069251533945164
-3.1415926535897931     11.0363334736887158      -0.0096231423948369      -0.0069274078755819
-3.1415926535897931     11.1617463540715427      -0.0097522621930171      -0.0069297347942415
-3.1415926535897931     11.2871592344543696      -0.0098837322944186      -0.0069321348022961
-3.1415926535897931     11.4125721148371966      -0.0100176278714706      -0.0069346118181892
-3.1415926535897931     11.5379849952200235      -0.0101540253406767      -0.0069371698231960
-3.1415926535897931     11.6633978756028505      -0.0102930056615632      -0.0069398123591517
-3.1415926535897931     11.7888107559856774      -0.0104346532949089      -0.0069425434213722
-3.1415926535897931     11.9142236363685043      -0.0105790565550954      -0.0069453670691391
-3.1415926535897931     12.0396365167513313      -0.0107263077441037      -0.0069482875599314
-3.1415926535897931     12.1650493971341582      -0.0108765034554611      -0.0069513093771499
-3.1415926535897931     12.2904622775169852      -0.0110297446917182      -0.0069544372352859
-3.1415926535897931     12.4158751578998121      -0.0111861371604596      -0.0069576761056750
-3.1415926535897931     12.5412880382826391      -0.0113457915052465      -0.0069610312415888
-3.1415926535897931     12.6667009186654660      -0.0115088236050889      -0.0069645081952549
-3.1415926535897931     12.7921137990482929      -0.0116753548619196      -0.0069681128539651
-3.1415926535897931     12.9175266794311199      -0.0118455125329591      -0.0069718514434563
-3.1415926535897931     13.0429395598139468      -0.0120194300939203      -0.0069757305770902
-3.1415926535897931     13.1683524401967738      -0.0121972475938379      -0.0069797572779876
-3.1415926535897931     13.2937653205796007      -0.0123791120873765      -0.0069839389966741
-3.1415926535897931     13.4191782009624276      -0.0125651780659793      -0.0069882836769091
-3.1415926535897931     13.5445910813452546      -0.0127556079079413      -0.0069927997565310
-3.1415926535897931     13.6700039617280815      -0.0129505724649441      -0.0069974961998859
-3.1415926535897931     13.7954168421109085      -0.0131502515291468      -0.0070023826728702
-3.1415926535897931     13.9208297224937354      -0.0133548344286671      -0.0070074692994172
-3.1415926535897931     14.0462426028765623      -0.0135645209606863      -0.0070127671484892
-3.1415926535897931     14.1716554832593893      -0.0137795214145673      -0.0070182879897320
-3.1415926535897931     14.2970683636422162      -0.0140000580277290      -0.0070240442352292
-3.1415926535897931     14.4224812440250432      -0.0142263657650586      -0.0070300495745209
-3.1415926535897931     14.5478941244078701      -0.0144586921696615      -0.0070363185663846
-3.1415926535897931     14.6733070047906971      -0.0146973003391124      -0.0070428662884023
-3.1415926535897931     14.7987198851735240      -0.0149424702915603      -0.0070497125865034
-3.1415926535897931     14.9241327655563509      -0.0151944842572481      -0.0070568808373653
-3.1415926535897931     15.0495456459391779      -0.0154536586328741      -0.0070643698320173
-3.1415926535897931     15.1749585263220048      -0.0157203296655293      -0.0070722195276490
-3.1415926535897931     15.3003714067048318      -0.0159948305837382      -0.0070804289933875
-3.1415926535897931     15.4257842870876587      -0.0162775702184133      -0.0070890224092389
-3.1415926535897931     15.5511971674704856      -0.0165689402772963      -0.0070980415122792
-3.1415926535897931     15.6766100478533126      -0.0168693629035532      -0.0071075145811272
    
-2.8797932657906435     0.0000000000000000      0.0030445452590814      -0.0072576561939868
-2.8797932657906435     0.1254128803828261      0.0000106984630964      -0.0029730894160589
-2.8797932657906435     0.2508257607656522      -0.0033741778423905      -0.0032674967230851
-2.8797932657906435     0.3762386411484783      -0.0059588188700101      -0.0044192623777505
-2.8797932657906435     0.5016515215313043      -0.0059048817398430      -0.0081349001096672
-2.8797932657906435     0.6270644019141304      -0.0033180153251677      -0.0083728111670531
-2.8797932657906435     0.7524772822969564      -0.0029492283711384      -0.0074671825663114
-2.8797932657906435     0.8778901626797825      -0.0031036840701135      -0.0071893636741609
-2.8797932657906435     1.0033030430626086      -0.0030254655466745      -0.0070714857387907
-2.8797932657906435     1.1287159234454347      -0.0032228079008477      -0.0068777440030817
-2.8797932657906435     1.2541288038282608      -0.0033392264405384      -0.0069120359075406
-2.8797932657906435     1.3795416842110868      -0.0034206631751815      -0.0068876036171135
-2.8797932657906435     1.5049545645939129      -0.0034983417728103      -0.0069077718716910
-2.8797932657906435     1.6303674449767389      -0.0035491507697087      -0.0069175806298734
-2.8797932657906435     1.7557803253595650      -0.0036032416857985      -0.0069161734844478
-2.8797932657906435     1.8811932057423910      -0.0036590535420150      -0.0069156871854302
-2.8797932657906435     2.0066060861252173      -0.0037155285334253      -0.0069148223823425
-2.8797932657906435     2.1320189665080433      -0.0037723517348650      -0.0069145068612048
-2.8797932657906435     2.2574318468908694      -0.0038295798496918      -0.0069145447304270
-2.8797932657906435     2.3828447272736955      -0.0038867497127547      -0.0069147066260547
-2.8797932657906435     2.5082576076565215      -0.0039442912580747      -0.0069148902947759
-2.8797932657906435     2.6336704880393476      -0.0040021128231368      -0.0069151786960113
-2.8797932657906435     2.7590833684221736      -0.0040602761418063      -0.0069154716057319
-2.8797932657906435     2.8844962488049997      -0.0041188219070108      -0.0069158010417151
-2.8797932657906435     3.0099091291878257      -0.0041777596298514      -0.0069161568969824
-2.8797932657906435     3.1353220095706518      -0.0042371151545530      -0.0069165340997661
-2.8797932657906435     3.2607348899534778      -0.0042969039687460      -0.0069169316750002
-2.8797932657906435     3.3861477703363039      -0.0043571419214612      -0.0069173471316153
-2.8797932657906435     3.5115606507191299      -0.0044178436332003      -0.0069177792325994
-2.8797932657906435     3.6369735311019560      -0.0044790233999087      -0.0069182273642406
-2.8797932657906435     3.7623864114847820      -0.0045406944808066      -0.0069186908602065
-2.8797932657906435     3.8877992918676081      -0.0046028701960557      -0.0069191693288827
-2.8797932657906435     4.0132121722504346      -0.0046655635732937      -0.0069196625754692
-2.8797932657906435     4.1386250526332606      -0.0047287876262514      -0.0069201704463497
-2.8797932657906435     4.2640379330160867      -0.0047925554375330      -0.0069206929055778
-2.8797932657906435     4.3894508133989127      -0.0048568801597602      -0.0069212300147343
-2.8797932657906435     4.5148636937817388      -0.0049217751326981      -0.0069217818321116
-2.8797932657906435     4.6402765741645648      -0.0049872539205486      -0.0069223485635746
-2.8797932657906435     4.7656894545473909      -0.0050533302123370      -0.0069229303751301
-2.8797932657906435     4.8911023349302170      -0.0051200181877736      -0.0069235274505218
-2.8797932657906435     5.0165152153130430      -0.0051873321277131      -0.0069241402809019
-2.8797932657906435     5.1419280956958691      -0.0052552867150267      -0.0069247689848894
-2.8797932657906435     5.2673409760786951      -0.0053238966991644      -0.0069254134827725
-2.8797932657906435     5.3927538564615212      -0.0053931788841671      -0.0069260757920828
-2.8797932657906435     5.5181667368443472      -0.0054631441461441      -0.0069267551115585
-2.8797932657906435     5.6435796172271733      -0.0055338194974995      -0.0069274470482229
-2.8797932657906435     5.7689924976099993      -0.0056052078488608      -0.0069281672084879
-2.8797932657906435     5.8944053779928254      -0.0056773277583935      -0.0069288824970464
-2.8797932657906435     6.0198182583756514      -0.0057502344289300      -0.0069296291893876
-2.8797932657906435     6.1452311387584775      -0.0058238747260934      -0.0069304005812701
-2.8797932657906435     6.2706440191413035      -0.0058983632064852      -0.0069311211232550
-2.8797932657906435     6.3960568995241296      -0.0059737218343228      -0.0069318902346325
-2.8797932657906435     6.5214697799069556      -0.0060500076419043      -0.0069328872146461
-2.8797932657906435     6.6468826602897817      -0.0061270787635652      -0.0069335213929002
-2.8797932657906435     6.7722955406726077      -0.0062060410281036      -0.0069351183706486
-2.8797932657906435     6.8977084210554338      -0.0062835396151951      -0.0069376782943668
-2.8797932657906435     7.0231213014382599      -0.0063629374965893      -0.0069388900510395
-2.8797932657906435     7.1485341818210859      -0.0064417904533243      -0.0069412295117881
-2.8797932657906435     7.2739470622039120      -0.0065186411180370      -0.0069427505459435
-2.8797932657906435     7.3993599425867380      -0.0065981022828051      -0.0069362888517925
-2.8797932657906435     7.5247728229695641      -0.0066878255333351      -0.0069343518836113
-2.8797932657906435     7.6501857033523901      -0.0067696939685592      -0.0069331679515624
-2.8797932657906435     7.7755985837352162      -0.0068669456074146      -0.0069268685511335
-2.8797932657906435     7.9010114641180422      -0.0069617531393595      -0.0069406128113252
-2.8797932657906435     8.0264243445008692      -0.0070497996195127      -0.0069468769867187
-2.8797932657906435     8.1518372248836961      -0.0071352517454360      -0.0069583805921355
-2.8797932657906435     8.2772501052665231      -0.0072186479198951      -0.0069608943110386
-2.8797932657906435     8.4026629856493500      -0.0073043060174059      -0.0069715818887442
-2.8797932657906435     8.5280758660321769      -0.0073784214301776      -0.0069637242862768
-2.8797932657906435     8.6534887464150039      -0.0074760399807089      -0.0069527337538311
-2.8797932657906435     8.7789016267978308      -0.0075698036532528      -0.0069520049054268
-2.8797932657906435     8.9043145071806578      -0.0076688421578728      -0.0069444130210668
-2.8797932657906435     9.0297273875634847      -0.0077754340370671      -0.0069436575836639
-2.8797932657906435     9.1551402679463116      -0.0078790778409296      -0.0069487643107309
-2.8797932657906435     9.2805531483291386      -0.0079796437675466      -0.0069524713378310
-2.8797932657906435     9.4059660287119655      -0.0080841689014543      -0.0069554442946896
-2.8797932657906435     9.5313789090947925      -0.0081862309390315      -0.0069599287884329
-2.8797932657906435     9.6567917894776194      -0.0082904241819162      -0.0069613399027047
-2.8797932657906435     9.7822046698604463      -0.0083969405646137      -0.0069637225807270
-2.8797932657906435     9.9076175502432733      -0.0085047280410001      -0.0069654434661397
-2.8797932657906435     10.0330304306261002      -0.0086145723898438      -0.0069671849189163
-2.8797932657906435     10.1584433110089272      -0.0087262013729389      -0.0069690280930285
-2.8797932657906435     10.2838561913917541      -0.0088396470906421      -0.0069708901516048
-2.8797932657906435     10.4092690717745811      -0.0089549913394213      -0.0069727973059693
-2.8797932657906435     10.5346819521574080      -0.0090722629207655      -0.0069747707025282
-2.8797932657906435     10.6600948325402349      -0.0091914966293904      -0.0069768016002510
-2.8797932657906435     10.7855077129230619      -0.0093127726121728      -0.0069788905253376
-2.8797932657906435     10.9109205933058888      -0.0094361349188657      -0.0069810471332588
-2.8797932657906435     11.0363334736887158      -0.0095616519203465      -0.0069832674230911
-2.8797932657906435     11.1617463540715427      -0.0096893897049816      -0.0069855585780699
-2.8797932657906435     11.2871592344543696      -0.0098194162863550      -0.0069879221139852
-2.8797932657906435     11.4125721148371966      -0.0099518041892843      -0.0069903614119919
-2.8797932657906435     11.5379849952200235      -0.0100866283652469      -0.0069928799971476
-2.8797932657906435     11.6633978756028505      -0.0102239672558034      -0.0069954813168797
-2.8797932657906435     11.7888107559856774      -0.0103639027725106      -0.0069981690236628
-2.8797932657906435     11.9142236363685043      -0.0105065204390334      -0.0070009470005003
-2.8797932657906435     12.0396365167513313      -0.0106519095312467      -0.0070038192899950
-2.8797932657906435     12.1650493971341582      -0.0108001634216630      -0.0070067901775759
-2.8797932657906435     12.2904622775169852      -0.0109513796228794      -0.0070098642139083
-2.8797932657906435     12.4158751578998121      -0.0111056601792618      -0.0070130461022744
-2.8797932657906435     12.5412880382826391      -0.0112631118586360      -0.0070163410916752
-2.8797932657906435     12.6667009186654660      -0.0114238460734386      -0.0070197543739701
-2.8797932657906435     12.7921137990482929      -0.0115879804816491      -0.0070232914800331
-2.8797932657906435     12.9175266794311199      -0.0117556367727992      -0.0070269585447687
-2.8797932657906435     13.0429395598139468      -0.0119269439668445      -0.0070307615469791
-2.8797932657906435     13.1683524401967738      -0.0121020374099568      -0.0070347053105831
-2.8797932657906435     13.2937653205796007      -0.0122810583987581      -0.0070387977849698
-2.8797932657906435     13.4191782009624276      -0.0124641514752321      -0.0070430334820366
-2.8797932657906435     13.5445910813452546      -0.0126515062813179      -0.0070474062373644
-2.8797932657906435     13.6700039617280815      -0.0128432825241668      -0.0070519671465715
-2.8797932657906435     13.7954168421109085      -0.0130397293061858      -0.0070566267630895
-2.8797932657906435     13.9208297224937354      -0.0132411496130613      -0.0070616039960693
-2.8797932657906435     14.0462426028765623      -0.0134474981822050      -0.0070669578928237
-2.8797932657906435     14.1716554832593893      -0.0136594017090836      -0.0070728541757490
-2.8797932657906435     14.2970683636422162      -0.0138764291624049      -0.0070796577861006
-2.8797932657906435     14.4224812440250432      -0.0140981064855588      -0.0070873855965111
-2.8797932657906435     14.5478941244078701      -0.0143254197826270      -0.0070941138823546
-2.8797932657906435     14.6733070047906971      -0.0145603595288339      -0.0071040117422562
-2.8797932657906435     14.7987198851735240      -0.0147948251112463      -0.0071172393977226
-2.8797932657906435     14.9241327655563509      -0.0150381575117042      -0.0071219532127172
-2.8797932657906435     15.0495456459391779      -0.0152691023526499      -0.0071359552050174
-2.8797932657906435     15.1749585263220048      -0.0155200865267048      -0.0071098436648186
-2.8797932657906435     15.3003714067048318      -0.0158147982106937      -0.0071006073703957
-2.8797932657906435     15.4257842870876587      -0.0161027329832145      -0.0071147895322920
-2.8797932657906435     15.5511971674704856      -0.0163970277082153      -0.0071215684541906
-2.8797932657906435     15.6766100478533126      -0.0167050054008879      -0.0071333795804874
    
-2.6179938779914944     0.0000000000000000      -0.0058870831655888      -0.0068534249188793
-2.6179938779914944     0.1254128803828261      -0.0043671615019431      -0.0090475538058718
-2.6179938779914944     0.2508257607656522      -0.0026992166728576      -0.0088782692515457
-2.6179938779914944     0.3762386411484783      -0.0014473311966217      -0.0082797432792418
-2.6179938779914944     0.5016515215313043      -0.0015563603222787      -0.0063572575304102
-2.6179938779914944     0.6270644019141304      -0.0029745262148027      -0.0062355005632298
-2.6179938779914944     0.7524772822969564      -0.0032451076629787      -0.0067027264337507
-2.6179938779914944     0.8778901626797825      -0.0032461556622817      -0.0068467460155113
-2.6179938779914944     1.0033030430626086      -0.0033677146714064      -0.0069083236953560
-2.6179938779914944     1.1287159234454347      -0.0033464549763628      -0.0070092300967465
-2.6179938779914944     1.2541288038282608      -0.0033676055085951      -0.0069918817313130
-2.6179938779914944     1.3795416842110868      -0.0034072793625228      -0.0070050502717302
-2.6179938779914944     1.5049545645939129      -0.0034493541851848      -0.0069950639774679
-2.6179938779914944     1.6303674449767389      -0.0035058613206474      -0.0069904809013038
-2.6179938779914944     1.7557803253595650      -0.0035611466376270      -0.0069917294506201
-2.6179938779914944     1.8811932057423910      -0.0036160663556419      -0.0069925046110334
-2.6179938779914944     2.0066060861252173      -0.0036711786205815      -0.0069934986910065
-2.6179938779914944     2.1320189665080433      -0.0037266608532939      -0.0069942207147268
-2.6179938779914944     2.2574318468908694      -0.0037824979491904      -0.0069947754869738
-2.6179938779914944     2.3828447272736955      -0.0038389458403708      -0.0069952816334468
-2.6179938779914944     2.5082576076565215      -0.0038957948185074      -0.0069957918108630
-2.6179938779914944     2.6336704880393476      -0.0039531078087112      -0.0069962627002870
-2.6179938779914944     2.7590833684221736      -0.0040108672887456      -0.0069967467385600
-2.6179938779914944     2.8844962488049997      -0.0040690669275834      -0.0069972272255976
-2.6179938779914944     3.0099091291878257      -0.0041277169072310      -0.0069977096564649
-2.6179938779914944     3.1353220095706518      -0.0041868189379748      -0.0069981968884349
-2.6179938779914944     3.2607348899534778      -0.0042463804508710      -0.0069986896691233
-2.6179938779914944     3.3861477703363039      -0.0043064089270382      -0.0069991895944600
-2.6179938779914944     3.5115606507191299      -0.0043669127820792      -0.0069996976237932
-2.6179938779914944     3.6369735311019560      -0.0044279009154338      -0.0070002144148260
-2.6179938779914944     3.7623864114847820      -0.0044893831180018      -0.0070007406830423
-2.6179938779914944     3.8877992918676081      -0.0045513695117586      -0.0070012770266750
-2.6179938779914944     4.0132121722504346      -0.0046138707644801      -0.0070018239669661
-2.6179938779914944     4.1386250526332606      -0.0046768979618175      -0.0070023820274374
-2.6179938779914944     4.2640379330160867      -0.0047404626179417      -0.0070029516941458
-2.6179938779914944     4.3894508133989127      -0.0048045766509148      -0.0070035334784070
-2.6179938779914944     4.5148636937817388      -0.0048692524255096      -0.0070041278335918
-2.6179938779914944     4.6402765741645648      -0.0049345027090365      -0.0070047352970015
-2.6179938779914944     4.7656894545473909      -0.0050003407957048      -0.0070053564456956
-2.6179938779914944     4.8911023349302170      -0.0050667802134371      -0.0070059918714152
-2.6179938779914944     5.0165152153130430      -0.0051338358526505      -0.0070066418768644
-2.6179938779914944     5.1419280956958691      -0.0052015218474071      -0.0070073083189461
-2.6179938779914944     5.2673409760786951      -0.0052698531490498      -0.0070079893796101
-2.6179938779914944     5.3927538564615212      -0.0053388506011060      -0.0070086896996965
-2.6179938779914944     5.5181667368443472      -0.0054085209768985      -0.0070094103261407
-2.6179938779914944     5.6435796172271733      -0.0054789014585739      -0.0070101401239346
-2.6179938779914944     5.7689924976099993      -0.0055499929970712      -0.0070109045789145
-2.6179938779914944     5.8944053779928254      -0.0056218370859717      -0.0070116896515827
-2.6179938779914944     6.0198182583756514      -0.0056944599020113      -0.0070124690749336
-2.6179938779914944     6.1452311387584775      -0.0057679605218162      -0.0070133549727846
-2.6179938779914944     6.2706440191413035      -0.0058421462167389      -0.0070143061754576
-2.6179938779914944     6.3960568995241296      -0.0059175313630350      -0.0070150930424972
-2.6179938779914944     6.5214697799069556      -0.0059940769115975      -0.0070172241611588
-2.6179938779914944     6.6468826602897817      -0.0060705512282072      -0.0070180131649660
-2.6179938779914944     6.7722955406726077      -0.0061509586991503      -0.0070213534764555
-2.6179938779914944     6.8977084210554338      -0.0062259502732373      -0.0070273149928317
-2.6179938779914944     7.0231213014382599      -0.0063049319138105      -0.0070295780283541
-2.6179938779914944     7.1485341818210859      -0.0063804739274203      -0.0070382508695517
-2.6179938779914944     7.2739470622039120      -0.0064488675520802      -0.0070398750143947
-2.6179938779914944     7.3993599425867380      -0.0065219769070274      -0.0070333399213290
-2.6179938779914944     7.5247728229695641      -0.0066015606275048      -0.0070273780525968
-2.6179938779914944     7.6501857033523901      -0.0066760359076327      -0.0070159041769593
-2.6179938779914944     7.7755985837352162      -0.0067727378861846      -0.0069936911571957
-2.6179938779914944     7.9010114641180422      -0.0068755222944460      -0.0069985143339408
-2.6179938779914944     8.0264243445008692      -0.0069708951185373      -0.0069943072104298
-2.6179938779914944     8.1518372248836961      -0.0070781034172156      -0.0070032476828747
-2.6179938779914944     8.2772501052665231      -0.0071705115403461      -0.0070182840961417
-2.6179938779914944     8.4026629856493500      -0.0072625011746462      -0.0070361192621139
-2.6179938779914944     8.5280758660321769      -0.0073393310840817      -0.0070445911234610
-2.6179938779914944     8.6534887464150039      -0.0074297757300876      -0.0070447059471620
-2.6179938779914944     8.7789016267978308      -0.0075129988578090      -0.0070502439498254
-2.6179938779914944     8.9043145071806578      -0.0076036922420573      -0.0070424440470481
-2.6179938779914944     9.0297273875634847      -0.0077027722550705      -0.0070428373492755
-2.6179938779914944     9.1551402679463116      -0.0077992006761894      -0.0070417707113762
-2.6179938779914944     9.2805531483291386      -0.0078994622662743      -0.0070424775963911
-2.6179938779914944     9.4059660287119655      -0.0080003859040589      -0.0070435770636576
-2.6179938779914944     9.5313789090947925      -0.0081025710135393      -0.0070448203161114
-2.6179938779914944     9.6567917894776194      -0.0082061814202256      -0.0070461653266921
-2.6179938779914944     9.7822046698604463      -0.0083114422734892      -0.0070472627911726
-2.6179938779914944     9.9076175502432733      -0.0084185212227028      -0.0070487968361587
-2.6179938779914944     10.0330304306261002      -0.0085269807029962      -0.0070504053237083
-2.6179938779914944     10.1584433110089272      -0.0086372724694496      -0.0070520519505118
-2.6179938779914944     10.2838561913917541      -0.0087491982811049      -0.0070538770858932
-2.6179938779914944     10.4092690717745811      -0.0088628750306805      -0.0070557056260859
-2.6179938779914944     10.5346819521574080      -0.0089783870206781      -0.0070576327639721
-2.6179938779914944     10.6600948325402349      -0.0090957611539991      -0.0070596163181730
-2.6179938779914944     10.7855077129230619      -0.0092150753457069      -0.0070616597115177
-2.6179938779914944     10.9109205933058888      -0.0093363850848334      -0.0070637692590127
-2.6179938779914944     11.0363334736887158      -0.0094597530435818      -0.0070659442639422
-2.6179938779914944     11.1617463540715427      -0.0095852444677650      -0.0070681872975055
-2.6179938779914944     11.2871592344543696      -0.0097129262883659      -0.0070705011659122
-2.6179938779914944     11.4125721148371966      -0.0098428666896887      -0.0070728884075009
-2.6179938779914944     11.5379849952200235      -0.0099751380462442      -0.0070753518176379
-2.6179938779914944     11.6633978756028505      -0.0101098145748360      -0.0070778946600524
-2.6179938779914944     11.7888107559856774      -0.0102469738647699      -0.0070805200109826
-2.6179938779914944     11.9142236363685043      -0.0103866966860293      -0.0070832314092695
-2.6179938779914944     12.0396365167513313      -0.0105290671448793      -0.0070860324847918
-2.6179938779914944     12.1650493971341582      -0.0106741729815817      -0.0070889270875027
-2.6179938779914944     12.2904622775169852      -0.0108221057391152      -0.0070919192843724
-2.6179938779914944     12.4158751578998121      -0.0109729609554978      -0.0070950134241273
-2.6179938779914944     12.5412880382826391      -0.0111268384148604      -0.0070982139677383
-2.6179938779914944     12.6667009186654660      -0.0112838425761976      -0.0071015258244497
-2.6179938779914944     12.7921137990482929      -0.0114440821554804      -0.0071049541716938
-2.6179938779914944     12.9175266794311199      -0.0116076717197315      -0.0071085043542054
-2.6179938779914944     13.0429395598139468      -0.0117747304468112      -0.0071121823058495
-2.6179938779914944     13.1683524401967738      -0.0119453831594018      -0.0071159951147022
-2.6179938779914944     13.2937653205796007      -0.0121197610508792      -0.0071199488325280
-2.6179938779914944     13.4191782009624276      -0.0122980036962229      -0.0071240571128055
-2.6179938779914944     13.5445910813452546      -0.0124802379459772      -0.0071283346311804
-2.6179938779914944     13.6700039617280815      -0.0126666175628650      -0.0071327671080151
-2.6179938779914944     13.7954168421109085      -0.0128572620669410      -0.0071374139488083
-2.6179938779914944     13.9208297224937354      -0.0130522758432615      -0.0071421755203878
-2.6179938779914944     14.0462426028765623      -0.0132519576864077      -0.0071470361307615
-2.6179938779914944     14.1716554832593893      -0.0134562725613743      -0.0071519256801580
-2.6179938779914944     14.2970683636422162      -0.0136657489335143      -0.0071566724461012
-2.6179938779914944     14.4224812440250432      -0.0138809547613661      -0.0071612848437514
-2.6179938779914944     14.5478941244078701      -0.0141017187372397      -0.0071667799348976
-2.6179938779914944     14.6733070047906971      -0.0143273688700422      -0.0071710172709475
-2.6179938779914944     14.7987198851735240      -0.0145624841058582      -0.0071739392346005
-2.6179938779914944     14.9241327655563509      -0.0148026152823921      -0.0071817105833589
-2.6179938779914944     15.0495456459391779      -0.0150592027859731      -0.0071851156901819
-2.6179938779914944     15.1749585263220048      -0.0153159016974432      -0.0072097937438224
-2.6179938779914944     15.3003714067048318      -0.0155608997974082      -0.0072262288885348
-2.6179938779914944     15.4257842870876587      -0.0158209000250229      -0.0072310629683559
-2.6179938779914944     15.5511971674704856      -0.0160896284718360      -0.0072403129450392
-2.6179938779914944     15.6766100478533126      -0.0163638609376997      -0.0072475722256975
    
-2.3561944901923448     0.0000000000000000      -0.0189879811002881      -0.0060921896707276
-2.3561944901923448     0.1254128803828261      -0.0108436144354624      -0.0177569581711635
-2.3561944901923448     0.2508257607656522      -0.0017982304096770      -0.0169229935465939
-2.3561944901923448     0.3762386411484783      0.0050564134515416      -0.0137724778474612
-2.3561944901923448     0.5016515215313043      0.0047117357816415      -0.0036243218843394
-2.3561944901923448     0.6270644019141304      -0.0025494407370719      -0.0029768797774272
-2.3561944901923448     0.7524772822969564      -0.0037523123113499      -0.0054493837387273
-2.3561944901923448     0.8778901626797825      -0.0035279712574783      -0.0062091023671460
-2.3561944901923448     1.0033030430626086      -0.0039398648502973      -0.0065324048777307
-2.3561944901923448     1.1287159234454347      -0.0035991869003166      -0.0070630361075688
-2.3561944901923448     1.2541288038282608      -0.0034808274375067      -0.0069704068586481
-2.3561944901923448     1.3795416842110868      -0.0034591443534074      -0.0070383877057542
-2.3561944901923448     1.5049545645939129      -0.0034489021379291      -0.0069844411822442
-2.3561944901923448     1.6303674449767389      -0.0035133553096900      -0.0069588641000999
-2.3561944901923448     1.7557803253595650      -0.0035700775660522      -0.0069639810113910
-2.3561944901923448     1.8811932057423910      -0.0036234130639881      -0.0069665992554448
-2.3561944901923448     2.0066060861252173      -0.0036762826192159      -0.0069702982534509
-2.3561944901923448     2.1320189665080433      -0.0037295793148581      -0.0069725283838004
-2.3561944901923448     2.2574318468908694      -0.0037831820453321      -0.0069738293785523
-2.3561944901923448     2.3828447272736955      -0.0038383934893169      -0.0069748280514094
-2.3561944901923448     2.5082576076565215      -0.0038940710582732      -0.0069758035863403
-2.3561944901923448     2.6336704880393476      -0.0039505017104119      -0.0069765289108333
-2.3561944901923448     2.7590833684221736      -0.0040075519070043      -0.0069772790072920
-2.3561944901923448     2.8844962488049997      -0.0040651463117441      -0.0069779664726494
-2.3561944901923448     3.0099091291878257      -0.0041232956294490      -0.0069786196075851
-2.3561944901923448     3.1353220095706518      -0.0041819662101818      -0.0069792529280960
-2.3561944901923448     3.2607348899534778      -0.0042411535540923      -0.0069798697813569
-2.3561944901923448     3.3861477703363039      -0.0043008528460531      -0.0069804777733359
-2.3561944901923448     3.5115606507191299      -0.0043610634127391      -0.0069810811033874
-2.3561944901923448     3.6369735311019560      -0.0044217862934058      -0.0069816823226681
-2.3561944901923448     3.7623864114847820      -0.0044830262395954      -0.0069822841807410
-2.3561944901923448     3.8877992918676081      -0.0045447887607567      -0.0069828887174820
-2.3561944901923448     4.0132121722504346      -0.0046070811443473      -0.0069834974981594
-2.3561944901923448     4.1386250526332606      -0.0046699117086572      -0.0069841120132854
-2.3561944901923448     4.2640379330160867      -0.0047332897122095      -0.0069847334718246
-2.3561944901923448     4.3894508133989127      -0.0047972252616022      -0.0069853629784937
-2.3561944901923448     4.5148636937817388      -0.0048617292261780      -0.0069860014777110
-2.3561944901923448     4.6402765741645648      -0.0049268131279093      -0.0069866499157558
-2.3561944901923448     4.7656894545473909      -0.0049924891931099      -0.0069873091839200
-2.3561944901923448     4.8911023349302170      -0.0050587701031973      -0.0069879801420159
-2.3561944901923448     5.0165152153130430      -0.0051256698583220      -0.0069886633935895
-2.3561944901923448     5.1419280956958691      -0.0051932019921990      -0.0069893607800610
-2.3561944901923448     5.2673409760786951      -0.0052613808415091      -0.0069900709351932
-2.3561944901923448     5.3927538564615212      -0.0053302261671989      -0.0069907982999293
-2.3561944901923448     5.5181667368443472      -0.0053997448821542      -0.0069915438116523
-2.3561944901923448     5.6435796172271733      -0.0054699723362199      -0.0069922974239258
-2.3561944901923448     5.7689924976099993      -0.0055409094070198      -0.0069930833413908
-2.3561944901923448     5.8944053779928254      -0.0056125940329973      -0.0069938849396010
-2.3561944901923448     6.0198182583756514      -0.0056850561992879      -0.0069946848799003
-2.3561944901923448     6.1452311387584775      -0.0057583732145783      -0.0069955785782767
-2.3561944901923448     6.2706440191413035      -0.0058323955150249      -0.0069965200839511
-2.3561944901923448     6.3960568995241296      -0.0059075676758603      -0.0069973263069504
-2.3561944901923448     6.5214697799069556      -0.0059838640070700      -0.0069993180941254
-2.3561944901923448     6.6468826602897817      -0.0060602066220869      -0.0070001052146091
-2.3561944901923448     6.7722955406726077      -0.0061401901962881      -0.0070032183506820
-2.3561944901923448     6.8977084210554338      -0.0062153123511482      -0.0070087175935131
-2.3561944901923448     7.0231213014382599      -0.0062941250922403      -0.0070108496288904
-2.3561944901923448     7.1485341818210859      -0.0063699028894548      -0.0070186444619438
-2.3561944901923448     7.2739470622039120      -0.0064392548691851      -0.0070202701018693
-2.3561944901923448     7.3993599425867380      -0.0065130204851296      -0.0070137607555124
-2.3561944901923448     7.5247728229695641      -0.0065937907518889      -0.0070083822542031
-2.3561944901923448     7.6501857033523901      -0.0066690594788247      -0.0069983762577431
-2.3561944901923448     7.7755985837352162      -0.0067655827987760      -0.0069784249777588
-2.3561944901923448     7.9010114641180422      -0.0068669784571622      -0.0069845213873613
-2.3561944901923448     8.0264243445008692      -0.0069610487852336      -0.0069818058796171
-2.3561944901923448     8.1518372248836961      -0.0070649101653848      -0.0069911200843975
-2.3561944901923448     8.2772501052665231      -0.0071557658776424      -0.0070043985179767
-2.3561944901923448     8.4026629856493500      -0.0072465753553709      -0.0070212346059233
-2.3561944901923448     8.5280758660321769      -0.0073227295356615      -0.0070274095942420
-2.3561944901923448     8.6534887464150039      -0.0074138887373733      -0.0070259651333164
-2.3561944901923448     8.7789016267978308      -0.0074982947677563      -0.0070306268428918
-2.3561944901923448     8.9043145071806578      -0.0075898538359814      -0.0070228646221881
-2.3561944901923448     9.0297273875634847      -0.0076896744916405      -0.0070231035004085
-2.3561944901923448     9.1551402679463116      -0.0077867938623348      -0.0070229167427276
-2.3561944901923448     9.2805531483291386      -0.0078867616305000      -0.0070240545905058
-2.3561944901923448     9.4059660287119655      -0.0079878488946923      -0.0070254253016269
-2.3561944901923448     9.5313789090947925      -0.0080896627048406      -0.0070271325008508
-2.3561944901923448     9.6567917894776194      -0.0081929924892119      -0.0070284923641651
-2.3561944901923448     9.7822046698604463      -0.0082980583614032      -0.0070297763999692
-2.3561944901923448     9.9076175502432733      -0.0084048552860603      -0.0070313413271130
-2.3561944901923448     10.0330304306261002      -0.0085131181348044      -0.0070329725562828
-2.3561944901923448     10.1584433110089272      -0.0086231959924088      -0.0070346503597405
-2.3561944901923448     10.2838561913917541      -0.0087349227397817      -0.0070364835754220
-2.3561944901923448     10.4092690717745811      -0.0088484098552509      -0.0070383255178444
-2.3561944901923448     10.5346819521574080      -0.0089637333453015      -0.0070402608982445
-2.3561944901923448     10.6600948325402349      -0.0090809207301526      -0.0070422522521749
-2.3561944901923448     10.7855077129230619      -0.0092000497097767      -0.0070443025620066
-2.3561944901923448     10.9109205933058888      -0.0093211736110220      -0.0070464185902495
-2.3561944901923448     11.0363334736887158      -0.0094443553158458      -0.0070485991508122
-2.3561944901923448     11.1617463540715427      -0.0095696595585816      -0.0070508474256807
-2.3561944901923448     11.2871592344543696      -0.0096971527568695      -0.0070531660034041
-2.3561944901923448     11.4125721148371966      -0.0098269029845607      -0.0070555574997028
-2.3561944901923448     11.5379849952200235      -0.0099589822097674      -0.0070580247585319
-2.3561944901923448     11.6633978756028505      -0.0100934644092659      -0.0070605710146023
-2.3561944901923448     11.7888107559856774      -0.0102304268770007      -0.0070631993541760
-2.3561944901923448     11.9142236363685043      -0.0103699500689267      -0.0070659132752346
-2.3561944901923448     12.0396365167513313      -0.0105121177563559      -0.0070687163663208
-2.3561944901923448     12.1650493971341582      -0.0106570172449826      -0.0070716123988907
-2.3561944901923448     12.2904622775169852      -0.0108047397093153      -0.0070746052874045
-2.3561944901923448     12.4158751578998121      -0.0109553801375107      -0.0070776994339896
-2.3561944901923448     12.5412880382826391      -0.0111090376685506      -0.0070808987475008
-2.3561944901923448     12.6667009186654660      -0.0112658168055800      -0.0070842083464913
-2.3561944901923448     12.7921137990482929      -0.0114258240783288      -0.0070876335602648
-2.3561944901923448     12.9175266794311199      -0.0115891752289860      -0.0070911792775259
-2.3561944901923448     13.0429395598139468      -0.0117559874108785      -0.0070948521193972
-2.3561944901923448     13.1683524401967738      -0.0119263832205132      -0.0070986632780278
-2.3561944901923448     13.2937653205796007      -0.0121004931140234      -0.0071026168899725
-2.3561944901923448     13.4191782009624276      -0.0122784643394823      -0.0071067554561125
-2.3561944901923448     13.5445910813452546      -0.0124603480812661      -0.0071111250496885
-2.3561944901923448     13.6700039617280815      -0.0126463063936224      -0.0071156171276099
-2.3561944901923448     13.7954168421109085      -0.0128362878837486      -0.0071205093480881
-2.3561944901923448     13.9208297224937354      -0.0130301266215317      -0.0071252387644776
-2.3561944901923448     14.0462426028765623      -0.0132286437943123      -0.0071296818041783
-2.3561944901923448     14.1716554832593893      -0.0134308614656359      -0.0071334259886161
-2.3561944901923448     14.2970683636422162      -0.0136387315525263      -0.0071355178669224
-2.3561944901923448     14.4224812440250432      -0.0138543670902728      -0.0071359562968822
-2.3561944901923448     14.5478941244078701      -0.0140759358070010      -0.0071400486323174
-2.3561944901923448     14.6733070047906971      -0.0142989110299909      -0.0071364540390438
-2.3561944901923448     14.7987198851735240      -0.0145463963876730      -0.0071247962683052
-2.3561944901923448     14.9241327655563509      -0.0147938705845445      -0.0071375069084954
-2.3561944901923448     15.0495456459391779      -0.0151004972672598      -0.0071259791422468
-2.3561944901923448     15.1749585263220048      -0.0153788249589426      -0.0072252985885133
-2.3561944901923448     15.3003714067048318      -0.0155653154899982      -0.0072797887401754
-2.3561944901923448     15.4257842870876587      -0.0157993105784386      -0.0072716515156116
-2.3561944901923448     15.5511971674704856      -0.0160462800007482      -0.0072852174105129
-2.3561944901923448     15.6766100478533126      -0.0162876694907931      -0.0072866028168629
    
-2.0943951023931957     0.0000000000000000      -0.0029709210746112      -0.0558316813921718
-2.0943951023931957     0.1254128803828261      0.0335069156068808      -0.0202392721472032
-2.0943951023931957     0.2508257607656522      0.0122771231722752      -0.0001340300988377
-2.0943951023931957     0.3762386411484783      0.0062080817550552      -0.0022667053667004
-2.0943951023931957     0.5016515215313043      0.0033245467997061      -0.0014706835168849
-2.0943951023931957     0.6270644019141304      0.0006640000021553      -0.0013247150693912
-2.0943951023931957     0.7524772822969564      -0.0017569256692723      -0.0015816566618301
-2.0943951023931957     0.8778901626797825      -0.0031519763284193      -0.0021445685360514
-2.0943951023931957     1.0033030430626086      -0.0052978025377620      -0.0037729542731049
-2.0943951023931957     1.1287159234454347      -0.0048231509897379      -0.0055681088703533
-2.0943951023931957     1.2541288038282608      -0.0045478420811912      -0.0058923780678718
-2.0943951023931957     1.3795416842110868      -0.0043873831308768      -0.0064812125538108
-2.0943951023931957     1.5049545645939129      -0.0041329306706817      -0.0066365072994236
-2.0943951023931957     1.6303674449767389      -0.0040287883365829      -0.0067253668781361
-2.0943951023931957     1.7557803253595650      -0.0039565962598164      -0.0067823090135213
-2.0943951023931957     1.8811932057423910      -0.0039238087008318      -0.0068053448758294
-2.0943951023931957     2.0066060861252173      -0.0039211003787402      -0.0068226334844585
-2.0943951023931957     2.1320189665080433      -0.0039343304021135      -0.0068350214205405
-2.0943951023931957     2.2574318468908694      -0.0039569855287490      -0.0068440302445448
-2.0943951023931957     2.3828447272736955      -0.0039886926726647      -0.0068509929930176
-2.0943951023931957     2.5082576076565215      -0.0040253738779861      -0.0068567012477185
-2.0943951023931957     2.6336704880393476      -0.0040665535694524      -0.0068608997124716
-2.0943951023931957     2.7590833684221736      -0.0041111954975246      -0.0068644050971436
-2.0943951023931957     2.8844962488049997      -0.0041585715161180      -0.0068672234480362
-2.0943951023931957     3.0099091291878257      -0.0042082609961512      -0.0068695590760794
-2.0943951023931957     3.1353220095706518      -0.0042598531907277      -0.0068715390464637
-2.0943951023931957     3.2607348899534778      -0.0043130755735478      -0.0068732396055808
-2.0943951023931957     3.3861477703363039      -0.0043677140621292      -0.0068747285358710
-2.0943951023931957     3.5115606507191299      -0.0044236045746662      -0.0068760537630806
-2.0943951023931957     3.6369735311019560      -0.0044806179030239      -0.0068772505379864
-2.0943951023931957     3.7623864114847820      -0.0045386564770298      -0.0068783473018111
-2.0943951023931957     3.8877992918676081      -0.0045976427847966      -0.0068793656783993
-2.0943951023931957     4.0132121722504346      -0.0046575173982100      -0.0068803223508443
-2.0943951023931957     4.1386250526332606      -0.0047182342109008      -0.0068812308552669
-2.0943951023931957     4.2640379330160867      -0.0047797578442133      -0.0068821018480152
-2.0943951023931957     4.3894508133989127      -0.0048420615972470      -0.0068829439886890
-2.0943951023931957     4.5148636937817388      -0.0049051257311129      -0.0068837642748625
-2.0943951023931957     4.6402765741645648      -0.0049689362159091      -0.0068845685548657
-2.0943951023931957     4.7656894545473909      -0.0050334835636678      -0.0068853615605607
-2.0943951023931957     4.8911023349302170      -0.0050987625021611      -0.0068861472470090
-2.0943951023931957     5.0165152153130430      -0.0051647705679513      -0.0068869293330498
-2.0943951023931957     5.1419280956958691      -0.0052315084441435      -0.0068877102099613
-2.0943951023931957     5.2673409760786951      -0.0052989787641992      -0.0068884924011581
-2.0943951023931957     5.3927538564615212      -0.0053671870938377      -0.0068892792241398
-2.0943951023931957     5.5181667368443472      -0.0054361362617987      -0.0068900710586127
-2.0943951023931957     5.6435796172271733      -0.0055058433596425      -0.0068908663053514
-2.0943951023931957     5.7689924976099993      -0.0055763049910029      -0.0068916795928586
-2.0943951023931957     5.8944053779928254      -0.0056475289250915      -0.0068924747284712
-2.0943951023931957     6.0198182583756514      -0.0057195714295752      -0.0068933022396932
-2.0943951023931957     6.1452311387584775      -0.0057923422056481      -0.0068941306687668
-2.0943951023931957     6.2706440191413035      -0.0058660176851643      -0.0068948777303796
-2.0943951023931957     6.3960568995241296      -0.0059405106947373      -0.0068957139373327
-2.0943951023931957     6.5214697799069556      -0.0060158957075821      -0.0068965340551059
-2.0943951023931957     6.6468826602897817      -0.0060922616718981      -0.0068971971804663
-2.0943951023931957     6.7722955406726077      -0.0061700903810340      -0.0068984786973543
-2.0943951023931957     6.8977084210554338      -0.0062473099556975      -0.0069003641292072
-2.0943951023931957     7.0231213014382599      -0.0063259855724840      -0.0069014021346705
-2.0943951023931957     7.1485341818210859      -0.0064047400655454      -0.0069024323409238
-2.0943951023931957     7.2739470622039120      -0.0064825970542348      -0.0069039772471422
-2.0943951023931957     7.3993599425867380      -0.0065626129443490      -0.0068975747434999
-2.0943951023931957     7.5247728229695641      -0.0066537013851804      -0.0068965418851427
-2.0943951023931957     7.6501857033523901      -0.0067363430102233      -0.0068976032090308
-2.0943951023931957     7.7755985837352162      -0.0068328961447746      -0.0068947527231140
-2.0943951023931957     7.9010114641180422      -0.0069251713880596      -0.0069104446815652
-2.0943951023931957     8.0264243445008692      -0.0070108183581056      -0.0069189870200737
-2.0943951023931957     8.1518372248836961      -0.0070907694315372      -0.0069310713702119
-2.0943951023931957     8.2772501052665231      -0.0071713884074085      -0.0069309299435190
-2.0943951023931957     8.4026629856493500      -0.0072548339672037      -0.0069401134065518
-2.0943951023931957     8.5280758660321769      -0.0073275015240459      -0.0069287814204530
-2.0943951023931957     8.6534887464150039      -0.0074257807912683      -0.0069154353060773
-2.0943951023931957     8.7789016267978308      -0.0075209139519114      -0.0069133868231694
-2.0943951023931957     8.9043145071806578      -0.0076208382243598      -0.0069058617680704
-2.0943951023931957     9.0297273875634847      -0.0077281233643533      -0.0069048811768386
-2.0943951023931957     9.1551402679463116      -0.0078323817865400      -0.0069113321517380
-2.0943951023931957     9.2805531483291386      -0.0079320640986215      -0.0069157017130159
-2.0943951023931957     9.4059660287119655      -0.0080363959218486      -0.0069190944524093
-2.0943951023931957     9.5313789090947925      -0.0081374485669569      -0.0069242908735207
-2.0943951023931957     9.6567917894776194      -0.0082407654908888      -0.0069257320978056
-2.0943951023931957     9.7822046698604463      -0.0083465307411064      -0.0069284052802943
-2.0943951023931957     9.9076175502432733      -0.0084534299871592      -0.0069301802304941
-2.0943951023931957     10.0330304306261002      -0.0085625105264152      -0.0069319632803924
-2.0943951023931957     10.1584433110089272      -0.0086733441820221      -0.0069338607913472
-2.0943951023931957     10.2838561913917541      -0.0087860117240239      -0.0069357421403661
-2.0943951023931957     10.4092690717745811      -0.0089005867012446      -0.0069376767327611
-2.0943951023931957     10.5346819521574080      -0.0090170853666338      -0.0069396698845396
-2.0943951023931957     10.6600948325402349      -0.0091355435592447      -0.0069417201076632
-2.0943951023931957     10.7855077129230619      -0.0092560412899418      -0.0069438273608310
-2.0943951023931957     10.9109205933058888      -0.0093786196222904      -0.0069460021002419
-2.0943951023931957     11.0363334736887158      -0.0095033476534776      -0.0069482397276905
-2.0943951023931957     11.1617463540715427      -0.0096302912445873      -0.0069505485194515
-2.0943951023931957     11.2871592344543696      -0.0097595183507807      -0.0069529298645254
-2.0943951023931957     11.4125721148371966      -0.0098911022462629      -0.0069553875057354
-2.0943951023931957     11.5379849952200235      -0.0100251184321716      -0.0069579253338523
-2.0943951023931957     11.6633978756028505      -0.0101616464432008      -0.0069605471117650
-2.0943951023931957     11.7888107559856774      -0.0103007695667786      -0.0069632569425191
-2.0943951023931957     11.9142236363685043      -0.0104425751200566      -0.0069660591828608
-2.0943951023931957     12.0396365167513313      -0.0105871547131701      -0.0069689584972136
-2.0943951023931957     12.1650493971341582      -0.0107346044757045      -0.0069719598971150
-2.0943951023931957     12.2904622775169852      -0.0108850258002832      -0.0069750687270531
-2.0943951023931957     12.4158751578998121      -0.0110385251424716      -0.0069782914264136
-2.0943951023931957     12.5412880382826391      -0.0111952145665656      -0.0069816335627468
-2.0943951023931957     12.6667009186654660      -0.0113552147365412      -0.0069851033766090
-2.0943951023931957     12.7921137990482929      -0.0115186476875614      -0.0069887086700815
-2.0943951023931957     12.9175266794311199      -0.0116856519506220      -0.0069924571886687
-2.0943951023931957     13.0429395598139468      -0.0118563687380781      -0.0069963601568881
-2.0943951023931957     13.1683524401967738      -0.0120309445448942      -0.0070004328690853
-2.0943951023931957     13.2937653205796007      -0.0122095387235151      -0.0070046617542471
-2.0943951023931957     13.4191782009624276      -0.0123923771811883      -0.0070090821659571
-2.0943951023931957     13.5445910813452546      -0.0125795569649497      -0.0070136949222858
-2.0943951023931957     13.6700039617280815      -0.0127715296795254      -0.0070182695733161
-2.0943951023931957     13.7954168421109085      -0.0129685715336121      -0.0070234233861658
-2.0943951023931957     13.9208297224937354      -0.0131706256692338      -0.0070281990296712
-2.0943951023931957     14.0462426028765623      -0.0133800094204447      -0.0070337908877661
-2.0943951023931957     14.1716554832593893      -0.0135954941994966      -0.0070407496848205
-2.0943951023931957     14.2970683636422162      -0.0138176742059935      -0.0070495721677142
-2.0943951023931957     14.4224812440250432      -0.0140498774195344      -0.0070605490434401
-2.0943951023931957     14.5478941244078701      -0.0142888241646743      -0.0070785930610444
-2.0943951023931957     14.6733070047906971      -0.0145375716204902      -0.0070979681060260
-2.0943951023931957     14.7987198851735240      -0.0148216876758321      -0.0071464365623343
-2.0943951023931957     14.9241327655563509      -0.0150313129399455      -0.0072774581521228
-2.0943951023931957     15.0495456459391779      -0.0152073195144967      -0.0073034915488832
-2.0943951023931957     15.1749585263220048      -0.0153971899198898      -0.0074032496310723
-2.0943951023931957     15.3003714067048318      -0.0154315279322455      -0.0073695275141097
-2.0943951023931957     15.4257842870876587      -0.0156192966709505      -0.0072058262534110
-2.0943951023931957     15.5511971674704856      -0.0158970464769973      -0.0070499745886868
-2.0943951023931957     15.6766100478533126      -0.0162469273087189      -0.0068997437948835
    
-1.8325957145940459     0.0000000000000000      0.0192326566971353      -0.0080820258188337
-1.8325957145940459     0.1254128803828261      0.0080163170146415      0.0078781642893819
-1.8325957145940459     0.2508257607656522      -0.0044676882618363      0.0067577350566571
-1.8325957145940459     0.3762386411484783      -0.0139619520261686      0.0024564733006938
-1.8325957145940459     0.5016515215313043      -0.0136158270188739      -0.0114082658251034
-1.8325957145940459     0.6270644019141304      -0.0038192171212576      -0.0122945787013570
-1.8325957145940459     0.7524772822969564      -0.0022989507151882      -0.0089160985011191
-1.8325957145940459     0.8778901626797825      -0.0027301065921794      -0.0078784341199107
-1.8325957145940459     1.0033030430626086      -0.0022926738469903      -0.0074374687175602
-1.8325957145940459     1.1287159234454347      -0.0028834237944088      -0.0067134098089122
-1.8325957145940459     1.2541288038282608      -0.0031712346494818      -0.0068406018527561
-1.8325957145940459     1.3795416842110868      -0.0033276632174931      -0.0067485163249781
-1.8325957145940459     1.5049545645939129      -0.0034691913187936      -0.0068229417196925
-1.8325957145940459     1.6303674449767389      -0.0035094874133135      -0.0068586581734023
-1.8325957145940459     1.7557803253595650      -0.0035611160116207      -0.0068524802618622
-1.8325957145940459     1.8811932057423910      -0.0036181938451882      -0.0068497273460109
-1.8325957145940459     2.0066060861252173      -0.0036767509837571      -0.0068455281893620
-1.8325957145940459     2.1320189665080433      -0.0037355883980055      -0.0068433560184671
-1.8325957145940459     2.2574318468908694      -0.0037948930528422      -0.0068424763047333
-1.8325957145940459     2.3828447272736955      -0.0038529091017633      -0.0068420328428073
-1.8325957145940459     2.5082576076565215      -0.0039112175839494      -0.0068416440887635
-1.8325957145940459     2.6336704880393476      -0.0039694495839996      -0.0068416199140967
-1.8325957145940459     2.7590833684221736      -0.0040278096644464      -0.0068415854091629
-1.8325957145940459     2.8844962488049997      -0.0040864232938721      -0.0068416599866347
-1.8325957145940459     3.0099091291878257      -0.0041452989527540      -0.0068418054033601
-1.8325957145940459     3.1353220095706518      -0.0042045058433644      -0.0068420022527104
-1.8325957145940459     3.2607348899534778      -0.0042640738656957      -0.0068422463706644
-1.8325957145940459     3.3861477703363039      -0.0043240337942230      -0.0068425278575798
-1.8325957145940459     3.5115606507191299      -0.0043844112102329      -0.0068428415044523
-1.8325957145940459     3.6369735311019560      -0.0044452298608117      -0.0068431843565452
-1.8325957145940459     3.7623864114847820      -0.0045065089990361      -0.0068435532363994
-1.8325957145940459     3.8877992918676081      -0.0045682673917045      -0.0068439459814853
-1.8325957145940459     4.0132121722504346      -0.0046305219838262      -0.0068443610882507
-1.8325957145940459     4.1386250526332606      -0.0046932889554800      -0.0068447971929454
-1.8325957145940459     4.2640379330160867      -0.0047565838801193      -0.0068452533529986
-1.8325957145940459     4.3894508133989127      -0.0048204218269863      -0.0068457288434194
-1.8325957145940459     4.5148636937817388      -0.0048848176364359      -0.0068462230692918
-1.8325957145940459     4.6402765741645648      -0.0049497860270705      -0.0068467356903944
-1.8325957145940459     4.7656894545473909      -0.0050153414201451      -0.0068472663211571
-1.8325957145940459     4.8911023349302170      -0.0050814987471878      -0.0068478146522581
-1.8325957145940459     5.0165152153130430      -0.0051482721158575      -0.0068483810872277
-1.8325957145940459     5.1419280956958691      -0.0052156766733635      -0.0068489644686185
-1.8325957145940459     5.2673409760786951      -0.0052837270759495      -0.0068495656561158
-1.8325957145940459     5.3927538564615212      -0.0053524375481274      -0.0068501848767041
-1.8325957145940459     5.5181667368443472      -0.0054218214525842      -0.0068508200414785
-1.8325957145940459     5.6435796172271733      -0.0054918992621081      -0.0068514708893406
-1.8325957145940459     5.7689924976099993      -0.0055626749258460      -0.0068521467193478
-1.8325957145940459     5.8944053779928254      -0.0056341523470647      -0.0068528023746153
-1.8325957145940459     6.0198182583756514      -0.0057064046961439      -0.0068535133655350
-1.8325957145940459     6.1452311387584775      -0.0057792828482760      -0.0068541982156777
-1.8325957145940459     6.2706440191413035      -0.0058530941841126      -0.0068547596971105
-1.8325957145940459     6.3960568995241296      -0.0059275507548712      -0.0068555040165271
-1.8325957145940459     6.5214697799069556      -0.0060027695998299      -0.0068557747922636
-1.8325957145940459     6.6468826602897817      -0.0060792934802381      -0.0068562987125791
-1.8325957145940459     6.7722955406726077      -0.0061564056644421      -0.0068567871228409
-1.8325957145940459     6.8977084210554338      -0.0062345189856845      -0.0068571962797819
-1.8325957145940459     7.0231213014382599      -0.0063131971207476      -0.0068577349163248
-1.8325957145940459     7.1485341818210859      -0.0063931293236048      -0.0068560809182685
-1.8325957145940459     7.2739470622039120      -0.0064742729557675      -0.0068575250937136
-1.8325957145940459     7.3993599425867380      -0.0065566818479089      -0.0068510975443219
-1.8325957145940459     7.5247728229695641      -0.0066517114516456      -0.0068516787507259
-1.8325957145940459     7.6501857033523901      -0.0067371366768013      -0.0068569513446385
-1.8325957145940459     7.7755985837352162      -0.0068336193599289      -0.0068606435507201
-1.8325957145940459     7.9010114641180422      -0.0069222734580729      -0.0068799836217567
-1.8325957145940459     8.0264243445008692      -0.0070045502743733      -0.0068928178940171
-1.8325957145940459     8.1518372248836961      -0.0070751359306898      -0.0069059200782824
-1.8325957145940459     8.2772501052665231      -0.0071516503404870      -0.0069005489651329
-1.8325957145940459     8.4026629856493500      -0.0072320839701744      -0.0069067304149224
-1.8325957145940459     8.5280758660321769      -0.0073032202145176      -0.0068885943421983
-1.8325957145940459     8.6534887464150039      -0.0074040464448996      -0.0068706090473572
-1.8325957145940459     8.7789016267978308      -0.0075031036402644      -0.0068659265845435
-1.8325957145940459     8.9043145071806578      -0.0076060245703961      -0.0068584506385529
-1.8325957145940459     9.0297273875634847      -0.0077159430536790      -0.0068569578435434
-1.8325957145940459     9.1551402679463116      -0.0078226938030872      -0.0068659298783947
-1.8325957145940459     9.2805531483291386      -0.0079219875495468      -0.0068715067675734
-1.8325957145940459     9.4059660287119655      -0.0080272776626386      -0.0068756406759153
-1.8325957145940459     9.5313789090947925      -0.0081277265664047      -0.0068821452240708
-1.8325957145940459     9.6567917894776194      -0.0082307124074278      -0.0068835796924907
-1.8325957145940459     9.7822046698604463      -0.0083364049261360      -0.0068867513057080
-1.8325957145940459     9.9076175502432733      -0.0084429839647665      -0.0068885698335082
-1.8325957145940459     10.0330304306261002      -0.0085520028742723      -0.0068903741648517
-1.8325957145940459     10.1584433110089272      -0.0086627328090615      -0.0068923192202168
-1.8325957145940459     10.2838561913917541      -0.0087753490984298      -0.0068941817997183
-1.8325957145940459     10.4092690717745811      -0.0088899098230264      -0.0068961145903983
-1.8325957145940459     10.5346819521574080      -0.0090064071908215      -0.0068980921180468
-1.8325957145940459     10.6600948325402349      -0.0091248791569318      -0.0069001266009985
-1.8325957145940459     10.7855077129230619      -0.0092454053846945      -0.0069022166586985
-1.8325957145940459     10.9109205933058888      -0.0093680207726560      -0.0069043739672236
-1.8325957145940459     11.0363334736887158      -0.0094927952086699      -0.0069065923686068
-1.8325957145940459     11.1617463540715427      -0.0096197931539887      -0.0069088818485958
-1.8325957145940459     11.2871592344543696      -0.0097490810523835      -0.0069112430220438
-1.8325957145940459     11.4125721148371966      -0.0098807317936848      -0.0069136797071380
-1.8325957145940459     11.5379849952200235      -0.0100148194779810      -0.0069161957887394
-1.8325957145940459     11.6633978756028505      -0.0101514226175031      -0.0069187947297964
-1.8325957145940459     11.7888107559856774      -0.0102906231356997      -0.0069214804404952
-1.8325957145940459     11.9142236363685043      -0.0104325067226003      -0.0069242569183024
-1.8325957145940459     12.0396365167513313      -0.0105771629475184      -0.0069271283589499
-1.8325957145940459     12.1650493971341582      -0.0107246856904384      -0.0069300992338073
-1.8325957145940459     12.2904622775169852      -0.0108751729468481      -0.0069331743619238
-1.8325957145940459     12.4158751578998121      -0.0110287275363309      -0.0069363584459459
-1.8325957145940459     12.5412880382826391      -0.0111854571797595      -0.0069396574862738
-1.8325957145940459     12.6667009186654660      -0.0113454734412412      -0.0069430764792152
-1.8325957145940459     12.7921137990482929      -0.0115088969452207      -0.0069466208286779
-1.8325957145940459     12.9175266794311199      -0.0116758482513981      -0.0069502973004683
-1.8325957145940459     13.0429395598139468      -0.0118464592480621      -0.0069541110903162
-1.8325957145940459     13.1683524401967738      -0.0120208684634621      -0.0069580620224976
-1.8325957145940459     13.2937653205796007      -0.0121992185936734      -0.0069621604853367
-1.8325957145940459     13.4191782009624276      -0.0123816452657842      -0.0069663654647412
-1.8325957145940459     13.5445910813452546      -0.0125684321240845      -0.0069706321444033
-1.8325957145940459     13.6700039617280815      -0.0127597293186033      -0.0069751280436665
-1.8325957145940459     13.7954168421109085      -0.0129559975919702      -0.0069794944823512
-1.8325957145940459     13.9208297224937354      -0.0131578743213560      -0.0069845222082626
-1.8325957145940459     14.0462426028765623      -0.0133646705022388      -0.0069904033366726
-1.8325957145940459     14.1716554832593893      -0.0135781774841647      -0.0069977262677792
-1.8325957145940459     14.2970683636422162      -0.0137962090167958      -0.0070078204449252
-1.8325957145940459     14.4224812440250432      -0.0140163856589847      -0.0070207152239199
-1.8325957145940459     14.5478941244078701      -0.0142417443369953      -0.0070291926371241
-1.8325957145940459     14.6733070047906971      -0.0144790330267299      -0.0070487747952347
-1.8325957145940459     14.7987198851735240      -0.0146972943978582      -0.0070800135228206
-1.8325957145940459     14.9241327655563509      -0.0149306428805582      -0.0070786526583555
-1.8325957145940459     15.0495456459391779      -0.0150989384792911      -0.0071111079186227
-1.8325957145940459     15.1749585263220048      -0.0153223465079061      -0.0069929224743316
-1.8325957145940459     15.3003714067048318      -0.0156883912898897      -0.0069367645810210
-1.8325957145940459     15.4257842870876587      -0.0160075707936741      -0.0069669958973291
-1.8325957145940459     15.5511971674704856      -0.0163278953815585      -0.0069684952595399
-1.8325957145940459     15.6766100478533126      -0.0166756077827486      -0.0069876048662316
    
-1.5707963267948966     0.0000000000000000      -0.0256659288330839      -0.0056192815446842
-1.5707963267948966     0.1254128803828261      -0.0141416759405273      -0.0221321174946352
-1.5707963267948966     0.2508257607656522      -0.0013224603308283      -0.0209626024701322
-1.5707963267948966     0.3762386411484783      0.0083987745027613      -0.0165080753761842
-1.5707963267948966     0.5016515215313043      0.0079348014453318      -0.0021546939373752
-1.5707963267948966     0.6270644019141304      -0.0023130886600005      -0.0012380028201894
-1.5707963267948966     0.7524772822969564      -0.0039923619584209      -0.0047364195342693
-1.5707963267948966     0.8778901626797825      -0.0036519596859515      -0.0058112368204363
-1.5707963267948966     1.0033030430626086      -0.0042114683904329      -0.0062684142059603
-1.5707963267948966     1.1287159234454347      -0.0037069109132071      -0.0070187274961824
-1.5707963267948966     1.2541288038282608      -0.0035166447943339      -0.0068876593228411
-1.5707963267948966     1.3795416842110868      -0.0034630460372752      -0.0069836637667501
-1.5707963267948966     1.5049545645939129      -0.0034255302988913      -0.0069072724704587
-1.5707963267948966     1.6303674449767389      -0.0034935151545122      -0.0068709797730137
-1.5707963267948966     1.7557803253595650      -0.0035504592539052      -0.0068780861707067
-1.5707963267948966     1.8811932057423910      -0.0036024760976800      -0.0068816606202755
-1.5707963267948966     2.0066060861252173      -0.0036536955233898      -0.0068867524692668
-1.5707963267948966     2.1320189665080433      -0.0037053751108844      -0.0068897637693096
-1.5707963267948966     2.2574318468908694      -0.0037573387641730      -0.0068914553870429
-1.5707963267948966     2.3828447272736955      -0.0038114231780850      -0.0068927141719691
-1.5707963267948966     2.5082576076565215      -0.0038660087201304      -0.0068939353503731
-1.5707963267948966     2.6336704880393476      -0.0039214961027602      -0.0068947981157646
-1.5707963267948966     2.7590833684221736      -0.0039776921314311      -0.0068956911449216
-1.5707963267948966     2.8844962488049997      -0.0040344858861474      -0.0068964910486776
-1.5707963267948966     3.0099091291878257      -0.0040918879606188      -0.0068972378245953
-1.5707963267948966     3.1353220095706518      -0.0041498463899857      -0.0068979519554675
-1.5707963267948966     3.2607348899534778      -0.0042083503549825      -0.0068986381701234
-1.5707963267948966     3.3861477703363039      -0.0042673885113083      -0.0068993071773491
-1.5707963267948966     3.5115606507191299      -0.0043269553443114      -0.0068999648171768
-1.5707963267948966     3.6369735311019560      -0.0043870477151752      -0.0069006146409932
-1.5707963267948966     3.7623864114847820      -0.0044476675897731      -0.0069012604515536
-1.5707963267948966     3.8877992918676081      -0.0045088179554428      -0.0069019049979876
-1.5707963267948966     4.0132121722504346      -0.0045705042121585      -0.0069025504018715
-1.5707963267948966     4.1386250526332606      -0.0046327330516015      -0.0069031986395086
-1.5707963267948966     4.2640379330160867      -0.0046955123977578      -0.0069038512534652
-1.5707963267948966     4.3894508133989127      -0.0047588512233168      -0.0069045096524851
-1.5707963267948966     4.5148636937817388      -0.0048227593676509      -0.0069051749900270
-1.5707963267948966     4.6402765741645648      -0.0048872474845459      -0.0069058483805159
-1.5707963267948966     4.7656894545473909      -0.0049523268497646      -0.0069065307958256
-1.5707963267948966     4.8911023349302170      -0.0050180095001384      -0.0069072231013520
-1.5707963267948966     5.0165152153130430      -0.0050843081359460      -0.0069079262515404
-1.5707963267948966     5.1419280956958691      -0.0051512357891187      -0.0069086412018254
-1.5707963267948966     5.2673409760786951      -0.0052188059057130      -0.0069093678348739
-1.5707963267948966     5.3927538564615212      -0.0052870350125115      -0.0069101090935603
-1.5707963267948966     5.5181667368443472      -0.0053559319339726      -0.0069108648784040
-1.5707963267948966     5.6435796172271733      -0.0054255250134542      -0.0069116294840584
-1.5707963267948966     5.7689924976099993      -0.0054958157659286      -0.0069124210100393
-1.5707963267948966     5.8944053779928254      -0.0055668271311462      -0.0069132109315996
-1.5707963267948966     6.0198182583756514      -0.0056386067861624      -0.0069140213006669
-1.5707963267948966     6.1452311387584775      -0.0057111357959265      -0.0069148729019953
-1.5707963267948966     6.2706440191413035      -0.0057844572202472      -0.0069156982195087
-1.5707963267948966     6.3960568995241296      -0.0058587055503589      -0.0069165210761532
-1.5707963267948966     6.5214697799069556      -0.0059339149410225      -0.0069178267316810
-1.5707963267948966     6.6468826602897817      -0.0060096920224172      -0.0069185423998773
-1.5707963267948966     6.7722955406726077      -0.0060878087982225      -0.0069205846077485
-1.5707963267948966     6.8977084210554338      -0.0061635304479804      -0.0069239696176567
-1.5707963267948966     7.0231213014382599      -0.0062416096281449      -0.0069254640363553
-1.5707963267948966     7.1485341818210859      -0.0063184542055156      -0.0069292999634361
-1.5707963267948966     7.2739470622039120      -0.0063920879833331      -0.0069308823886233
-1.5707963267948966     7.3993599425867380      -0.0064687914271330      -0.0069244399848513
-1.5707963267948966     7.5247728229695641      -0.0065548593483485      -0.0069216116297372
-1.5707963267948966     7.6501857033523901      -0.0066336775055880      -0.0069180933205468
-1.5707963267948966     7.7755985837352162      -0.0067294257377971      -0.0069081642369873
-1.5707963267948966     7.9010114641180422      -0.0068246630387808      -0.0069198864054242
-1.5707963267948966     8.0264243445008692      -0.0069129599743350      -0.0069237704764737
-1.5707963267948966     8.1518372248836961      -0.0070019520604193      -0.0069347123167450
-1.5707963267948966     8.2772501052665231      -0.0070859241503315      -0.0069401338899631
-1.5707963267948966     8.4026629856493500      -0.0071715089379172      -0.0069524911734315
-1.5707963267948966     8.5280758660321769      -0.0072446851441407      -0.0069484146570852
-1.5707963267948966     8.6534887464150039      -0.0073390544584078      -0.0069400018092192
-1.5707963267948966     8.7789016267978308      -0.0074287585976540      -0.0069407361143721
-1.5707963267948966     8.9043145071806578      -0.0075242053016010      -0.0069331165435662
-1.5707963267948966     9.0297273875634847      -0.0076273584470697      -0.0069326441417031
-1.5707963267948966     9.1551402679463116      -0.0077275920238598      -0.0069363473656408
-1.5707963267948966     9.2805531483291386      -0.0078262971689371      -0.0069393797363533
-1.5707963267948966     9.4059660287119655      -0.0079281603758767      -0.0069419358841172
-1.5707963267948966     9.5313789090947925      -0.0080283735556202      -0.0069456874286715
-1.5707963267948966     9.6567917894776194      -0.0081305100611321      -0.0069470946754326
-1.5707963267948966     9.7822046698604463      -0.0082347678630399      -0.0069491914455894
-1.5707963267948966     9.9076175502432733      -0.0083403738869091      -0.0069508775573969
-1.5707963267948966     10.0330304306261002      -0.0084478306982353      -0.0069525949985707
-1.5707963267948966     10.1584433110089272      -0.0085570307948238      -0.0069543978514491
-1.5707963267948966     10.2838561913917541      -0.0086679513566879      -0.0069562545577258
-1.5707963267948966     10.4092690717745811      -0.0087806802577277      -0.0069581449502302
-1.5707963267948966     10.5346819521574080      -0.0088952569432707      -0.0069601071435183
-1.5707963267948966     10.6600948325402349      -0.0090117121763776      -0.0069621246082939
-1.5707963267948966     10.7855077129230619      -0.0091301232643336      -0.0069641984585287
-1.5707963267948966     10.9109205933058888      -0.0092505344212204      -0.0069663374813272
-1.5707963267948966     11.0363334736887158      -0.0093730101239452      -0.0069685383176042
-1.5707963267948966     11.1617463540715427      -0.0094976135399485      -0.0069708069748613
-1.5707963267948966     11.2871592344543696      -0.0096244095463762      -0.0069731451298182
-1.5707963267948966     11.4125721148371966      -0.0097534666202928      -0.0069755558199949
-1.5707963267948966     11.5379849952200235      -0.0098848558856844      -0.0069780422403871
-1.5707963267948966     11.6633978756028505      -0.0100186513654809      -0.0069806076114826
-1.5707963267948966     11.7888107559856774      -0.0101549303135856      -0.0069832552405504
-1.5707963267948966     11.9142236363685043      -0.0102937732426333      -0.0069859886768456
-1.5707963267948966     12.0396365167513313      -0.0104352640756640      -0.0069888115909427
-1.5707963267948966     12.1650493971341582      -0.0105794902965221      -0.0069917278111445
-1.5707963267948966     12.2904622775169852      -0.0107265433732347      -0.0069947412555224
-1.5707963267948966     12.4158751578998121      -0.0108765185765209      -0.0069978564467834
-1.5707963267948966     12.5412880382826391      -0.0110295153414675      -0.0070010770946306
-1.5707963267948966     12.6667009186654660      -0.0111856389170585      -0.0070044085081578
-1.5707963267948966     12.7921137990482929      -0.0113449955043278      -0.0070078561993293
-1.5707963267948966     12.9175266794311199      -0.0115077023151132      -0.0070114249063204
-1.5707963267948966     13.0429395598139468      -0.0116738764455573      -0.0070151217082613
-1.5707963267948966     13.1683524401967738      -0.0118436403971709      -0.0070189600076803
-1.5707963267948966     13.2937653205796007      -0.0120171254164828      -0.0070229430661680
-1.5707963267948966     13.4191782009624276      -0.0121944839355123      -0.0070271282698990
-1.5707963267948966     13.5445910813452546      -0.0123757298299342      -0.0070315778690048
-1.5707963267948966     13.6700039617280815      -0.0125610309017076      -0.0070361352725107
-1.5707963267948966     13.7954168421109085      -0.0127502500351591      -0.0070411898510735
-1.5707963267948966     13.9208297224937354      -0.0129430849571904      -0.0070459420044216
-1.5707963267948966     14.0462426028765623      -0.0131406257762409      -0.0070502132666556
-1.5707963267948966     14.1716554832593893      -0.0133414146147380      -0.0070534163106184
-1.5707963267948966     14.2970683636422162      -0.0135481334435540      -0.0070541980470676
-1.5707963267948966     14.4224812440250432      -0.0137636875205166      -0.0070525529995735
-1.5707963267948966     14.5478941244078701      -0.0139853985181333      -0.0070559812046834
-1.5707963267948966     14.6733070047906971      -0.0142067730067735      -0.0070484400686414
-1.5707963267948966     14.7987198851735240      -0.0144603850185694      -0.0070293903694624
-1.5707963267948966     14.9241327655563509      -0.0147114606272244      -0.0070446884861874
-1.5707963267948966     15.0495456459391779      -0.0150435592118123      -0.0070255978875739
-1.5707963267948966     15.1749585263220048      -0.0153328875688167      -0.0071631435303458
-1.5707963267948966     15.3003714067048318      -0.0154894757248262      -0.0072371686478925
-1.5707963267948966     15.4257842870876587      -0.0157102391096393      -0.0072224932024334
-1.5707963267948966     15.5511971674704856      -0.0159462105064836      -0.0072383644279423
-1.5707963267948966     15.6766100478533126      -0.0161710070511911      -0.0072368534849094
    
-1.3089969389957472     0.0000000000000000      -0.0248291067848855      -0.0057473736643040
-1.3089969389957472     0.1254128803828261      -0.0136889892810077      -0.0216853007777712
-1.3089969389957472     0.2508257607656522      -0.0013125031158899      -0.0205488925499861
-1.3089969389957472     0.3762386411484783      0.0080718655839543      -0.0162455058753757
-1.3089969389957472     0.5016515215313043      0.0076208776961230      -0.0023824821406597
-1.3089969389957472     0.6270644019141304      -0.0022786041540673      -0.0014976105693674
-1.3089969389957472     0.7524772822969564      -0.0039024599433910      -0.0048752182927323
-1.3089969389957472     0.8778901626797825      -0.0035762003650283      -0.0059131965188523
-1.3089969389957472     1.0033030430626086      -0.0041188553358574      -0.0063548212074915
-1.3089969389957472     1.1287159234454347      -0.0036334544742769      -0.0070795950472625
-1.3089969389957472     1.2541288038282608      -0.0034516301979386      -0.0069529856115448
-1.3089969389957472     1.3795416842110868      -0.0034017609436131      -0.0070457481511525
-1.3089969389957472     1.5049545645939129      -0.0033674033555022      -0.0069719622800119
-1.3089969389957472     1.6303674449767389      -0.0034349469951223      -0.0069369221609397
-1.3089969389957472     1.7557803253595650      -0.0034918019395487      -0.0069438037471103
-1.3089969389957472     1.8811932057423910      -0.0035438943894457      -0.0069472695131317
-1.3089969389957472     2.0066060861252173      -0.0035952106398720      -0.0069522065691668
-1.3089969389957472     2.1320189665080433      -0.0036469670267653      -0.0069551336927348
-1.3089969389957472     2.2574318468908694      -0.0036989944445175      -0.0069567878300877
-1.3089969389957472     2.3828447272736955      -0.0037530684098815      -0.0069580252524444
-1.3089969389957472     2.5082576076565215      -0.0038076247224031      -0.0069592273767670
-1.3089969389957472     2.6336704880393476      -0.0038630515226033      -0.0069600840954970
-1.3089969389957472     2.7590833684221736      -0.0039191626918007      -0.0069609709163649
-1.3089969389957472     2.8844962488049997      -0.0039758515889917      -0.0069617684536495
-1.3089969389957472     3.0099091291878257      -0.0040331289753312      -0.0069625153200102
-1.3089969389957472     3.1353220095706518      -0.0040909450154611      -0.0069632312542712
-1.3089969389957472     3.2607348899534778      -0.0041492896322336      -0.0069639207753986
-1.3089969389957472     3.3861477703363039      -0.0042081522044646      -0.0069645942035824
-1.3089969389957472     3.5115606507191299      -0.0042675277129515      -0.0069652571676448
-1.3089969389957472     3.6369735311019560      -0.0043274134074005      -0.0069659130838062
-1.3089969389957472     3.7623864114847820      -0.0043878114679134      -0.0069665656196906
-1.3089969389957472     3.8877992918676081      -0.0044487250534859      -0.0069672174393934
-1.3089969389957472     4.0132121722504346      -0.0045101596462629      -0.0069678705992556
-1.3089969389957472     4.1386250526332606      -0.0045721219967093      -0.0069685270241411
-1.3089969389957472     4.2640379330160867      -0.0046346200594426      -0.0069691882346005
-1.3089969389957472     4.3894508133989127      -0.0046976628263952      -0.0069698556349926
-1.3089969389957472     4.5148636937817388      -0.0047612601701487      -0.0069705303900088
-1.3089969389957472     4.6402765741645648      -0.0048254227650069      -0.0069712136296080
-1.3089969389957472     4.7656894545473909      -0.0048901621086290      -0.0069719064536222
-1.3089969389957472     4.8911023349302170      -0.0049554901282844      -0.0069726098836879
-1.3089969389957472     5.0165152153130430      -0.0050214204122218      -0.0069733245489387
-1.3089969389957472     5.1419280956958691      -0.0050879658086569      -0.0069740527586380
-1.3089969389957472     5.2673409760786951      -0.0051551401635674      -0.0069747927788856
-1.3089969389957472     5.3927538564615212      -0.0052229636518176      -0.0069755496992829
-1.3089969389957472     5.5181667368443472      -0.0052914417119894      -0.0069763249143955
-1.3089969389957472     5.6435796172271733      -0.0053606115217391      -0.0069771068483126
-1.3089969389957472     5.7689924976099993      -0.0054304729832880      -0.0069779220109102
-1.3089969389957472     5.8944053779928254      -0.0055010687802395      -0.0069787581757345
-1.3089969389957472     6.0198182583756514      -0.0055724216884788      -0.0069795836312665
-1.3089969389957472     6.1452311387584775      -0.0056446434843789      -0.0069805211481990
-1.3089969389957472     6.2706440191413035      -0.0057175133493108      -0.0069815326847960
-1.3089969389957472     6.3960568995241296      -0.0057915885931436      -0.0069823594558928
-1.3089969389957472     6.5214697799069556      -0.0058668208224426      -0.0069846281643448
-1.3089969389957472     6.6468826602897817      -0.0059418808159669      -0.0069854663734870
-1.3089969389957472     6.7722955406726077      -0.0060210295623622      -0.0069889956178427
-1.3089969389957472     6.8977084210554338      -0.0060943848072596      -0.0069952920211822
-1.3089969389957472     7.0231213014382599      -0.0061718883679981      -0.0069976799231092
-1.3089969389957472     7.1485341818210859      -0.0062456668960710      -0.0070069455057362
-1.3089969389957472     7.2739470622039120      -0.0063118107810825      -0.0070086078314993
-1.3089969389957472     7.3993599425867380      -0.0063828272435836      -0.0070020940345228
-1.3089969389957472     7.5247728229695641      -0.0064599505833776      -0.0069958013059834
-1.3089969389957472     7.6501857033523901      -0.0065321774237690      -0.0069834389314777
-1.3089969389957472     7.7755985837352162      -0.0066272057407810      -0.0069598368630288
-1.3089969389957472     7.9010114641180422      -0.0067290396433687      -0.0069638908779955
-1.3089969389957472     8.0264243445008692      -0.0068233690327199      -0.0069587757969935
-1.3089969389957472     8.1518372248836961      -0.0069307790242846      -0.0069675095739979
-1.3089969389957472     8.2772501052665231      -0.0070222194334635      -0.0069836776280065
-1.3089969389957472     8.4026629856493500      -0.0071129648997484      -0.0070021657905221
-1.3089969389957472     8.5280758660321769      -0.0071881896290186      -0.0070121049427250
-1.3089969389957472     8.6534887464150039      -0.0072761097613789      -0.0070132217982667
-1.3089969389957472     8.7789016267978308      -0.0073564673413384      -0.0070193310223613
-1.3089969389957472     8.9043145071806578      -0.0074444458868167      -0.0070115265074145
-1.3089969389957472     9.0297273875634847      -0.0075408393507873      -0.0070120342452009
-1.3089969389957472     9.1551402679463116      -0.0076345606947974      -0.0070104298270421
-1.3089969389957472     9.2805531483291386      -0.0077326810451865      -0.0070108795507822
-1.3089969389957472     9.4059660287119655      -0.0078311205078908      -0.0070118205685539
-1.3089969389957472     9.5313789090947925      -0.0079311004624382      -0.0070127824857396
-1.3089969389957472     9.6567917894776194      -0.0080323894773059      -0.0070141266464652
-1.3089969389957472     9.7822046698604463      -0.0081352137810818      -0.0070151134336931
-1.3089969389957472     9.9076175502432733      -0.0082398474053035      -0.0070166327110919
-1.3089969389957472     10.0330304306261002      -0.0083457421320007      -0.0070182295289193
-1.3089969389957472     10.1584433110089272      -0.0084534118598920      -0.0070198570973668
-1.3089969389957472     10.2838561913917541      -0.0085626356624838      -0.0070216755068994
-1.3089969389957472     10.4092690717745811      -0.0086735312369217      -0.0070234917088172
-1.3089969389957472     10.5346819521574080      -0.0087861853466586      -0.0070254073900363
-1.3089969389957472     10.6600948325402349      -0.0089006216335829      -0.0070273772851538
-1.3089969389957472     10.7855077129230619      -0.0090169151309693      -0.0070294049879455
-1.3089969389957472     10.9109205933058888      -0.0091351194956663      -0.0070314964022544
-1.3089969389957472     11.0363334736887158      -0.0092552939261713      -0.0070336509897157
-1.3089969389957472     11.1617463540715427      -0.0093775004649480      -0.0070358707889223
-1.3089969389957472     11.2871592344543696      -0.0095018026417776      -0.0070381585704946
-1.3089969389957472     11.4125721148371966      -0.0096282647815526      -0.0070405166370557
-1.3089969389957472     11.5379849952200235      -0.0097569553536436      -0.0070429475501570
-1.3089969389957472     11.6633978756028505      -0.0098879443052070      -0.0070454543631124
-1.3089969389957472     11.7888107559856774      -0.0100213047219615      -0.0070480398864697
-1.3089969389957472     11.9142236363685043      -0.0101571125726984      -0.0070507073785643
-1.3089969389957472     12.0396365167513313      -0.0102954468723177      -0.0070534601635961
-1.3089969389957472     12.1650493971341582      -0.0104363898362928      -0.0070563017254147
-1.3089969389957472     12.2904622775169852      -0.0105800273001118      -0.0070592356390395
-1.3089969389957472     12.4158751578998121      -0.0107264485265214      -0.0070622660579240
-1.3089969389957472     12.5412880382826391      -0.0108757465572745      -0.0070653963405576
-1.3089969389957472     12.6667009186654660      -0.0110280197873534      -0.0070686313813312
-1.3089969389957472     12.7921137990482929      -0.0111833672592401      -0.0070719762518015
-1.3089969389957472     12.9175266794311199      -0.0113418983618758      -0.0070754352658009
-1.3089969389957472     13.0429395598139468      -0.0115037220562930      -0.0070790149737203
-1.3089969389957472     13.1683524401967738      -0.0116689521990242      -0.0070827280126822
-1.3089969389957472     13.2937653205796007      -0.0118377107293018      -0.0070865771991794
-1.3089969389957472     13.4191782009624276      -0.0120101396755982      -0.0070906176005672
-1.3089969389957472     13.5445910813452546      -0.0121862468030559      -0.0070949089512681
-1.3089969389957472     13.6700039617280815      -0.0123661881276829      -0.0070992995639637
-1.3089969389957472     13.7954168421109085      -0.0125498246458996      -0.0071041650916035
-1.3089969389957472     13.9208297224937354      -0.0127368572716583      -0.0071087326483691
-1.3089969389957472     14.0462426028765623      -0.0129283313724310      -0.0071128293595401
-1.3089969389957472     14.1716554832593893      -0.0131228304702254      -0.0071158872852016
-1.3089969389957472     14.2970683636422162      -0.0133229359664690      -0.0071165991525673
-1.3089969389957472     14.4224812440250432      -0.0135314444995085      -0.0071149584143234
-1.3089969389957472     14.5478941244078701      -0.0137457583381754      -0.0071182092828656
-1.3089969389957472     14.6733070047906971      -0.0139595940675930      -0.0071108544666035
-1.3089969389957472     14.7987198851735240      -0.0142044041359483      -0.0070923739820362
-1.3089969389957472     14.9241327655563509      -0.0144465809131932      -0.0071070611496538
-1.3089969389957472     15.0495456459391779      -0.0147668237178464      -0.0070885143157552
-1.3089969389957472     15.1749585263220048      -0.0150455443149044      -0.0072212515763451
-1.3089969389957472     15.3003714067048318      -0.0151958181870230      -0.0072926106420999
-1.3089969389957472     15.4257842870876587      -0.0154078401052290      -0.0072782724928006
-1.3089969389957472     15.5511971674704856      -0.0156342879153888      -0.0072934205129781
-1.3089969389957472     15.6766100478533126      -0.0158496552892356      -0.0072917579324121
    
-1.0471975511965979     0.0000000000000000      -0.0030968529645584      -0.1541211388143918
-1.0471975511965979     0.1254128803828261      0.1065981471334025      -0.0471869352426729
-1.0471975511965979     0.2508257607656522      0.0429843045805889      0.0132277047954473
-1.0471975511965979     0.3762386411484783      0.0248482158855391      0.0068664455155717
-1.0471975511965979     0.5016515215313043      0.0162790077124343      0.0092704677106780
-1.0471975511965979     0.6270644019141304      0.0083872092863617      0.0097165495509944
-1.0471975511965979     0.7524772822969564      0.0012179770698818      0.0089521791340468
-1.0471975511965979     0.8778901626797825      -0.0028707064487967      0.0072666053243133
-1.0471975511965979     1.0033030430626086      -0.0092086064942771      0.0023840154011678
-1.0471975511965979     1.1287159234454347      -0.0076836065181411      -0.0029992983227060
-1.0471975511965979     1.2541288038282608      -0.0067550314886006      -0.0039705672278890
-1.0471975511965979     1.3795416842110868      -0.0061696074565667      -0.0057356869350884
-1.0471975511965979     1.5049545645939129      -0.0053010267357871      -0.0062004106732271
-1.0471975511965979     1.6303674449767389      -0.0048822278572014      -0.0064659470415589
-1.0471975511965979     1.7557803253595650      -0.0045582240053486      -0.0066357908636595
-1.0471975511965979     1.8811932057423910      -0.0043514392528093      -0.0067039614414975
-1.0471975511965979     2.0066060861252173      -0.0042339237127653      -0.0067549210094154
-1.0471975511965979     2.1320189665080433      -0.0041632789188917      -0.0067911951535678
-1.0471975511965979     2.2574318468908694      -0.0041199779169172      -0.0068173427061296
-1.0471975511965979     2.3828447272736955      -0.0041029062694680      -0.0068373563532922
-1.0471975511965979     2.5082576076565215      -0.0040998315591542      -0.0068536060268815
-1.0471975511965979     2.6336704880393476      -0.0041093237286791      -0.0068653224537444
-1.0471975511965979     2.7590833684221736      -0.0041282678070187      -0.0068749526200900
-1.0471975511965979     2.8844962488049997      -0.0041544706638445      -0.0068825122602009
-1.0471975511965979     3.0099091291878257      -0.0041866595725029      -0.0068886122982876
-1.0471975511965979     3.1353220095706518      -0.0042235896793725      -0.0068936321510856
-1.0471975511965979     3.2607348899534778      -0.0042644292957715      -0.0068977990786309
-1.0471975511965979     3.3861477703363039      -0.0043085206660817      -0.0069013150974373
-1.0471975511965979     3.5115606507191299      -0.0043553548701317      -0.0069043227768691
-1.0471975511965979     3.6369735311019560      -0.0044045265149321      -0.0069069267953301
-1.0471975511965979     3.7623864114847820      -0.0044557240973926      -0.0069092114701522
-1.0471975511965979     3.8877992918676081      -0.0045086953752188      -0.0069112407176202
-1.0471975511965979     4.0132121722504346      -0.0045632414678551      -0.0069130637207768
-1.0471975511965979     4.1386250526332606      -0.0046192025911612      -0.0069147202317891
-1.0471975511965979     4.2640379330160867      -0.0046764503566078      -0.0069162413934260
-1.0471975511965979     4.3894508133989127      -0.0047348816541900      -0.0069176523857591
-1.0471975511965979     4.5148636937817388      -0.0047944134263987      -0.0069189735059309
-1.0471975511965979     4.6402765741645648      -0.0048549789588710      -0.0069202213941192
-1.0471975511965979     4.7656894545473909      -0.0049165248809470      -0.0069214097352520
-1.0471975511965979     4.8911023349302170      -0.0049790087035144      -0.0069225498799829
-1.0471975511965979     5.0165152153130430      -0.0050423975374975      -0.0069236511915124
-1.0471975511965979     5.1419280956958691      -0.0051066652577586      -0.0069247224386080
-1.0471975511965979     5.2673409760786951      -0.0051717922198624      -0.0069257686195047
-1.0471975511965979     5.3927538564615212      -0.0052377683414963      -0.0069267987623503
-1.0471975511965979     5.5181667368443472      -0.0053045762359102      -0.0069278177337139
-1.0471975511965979     5.6435796172271733      -0.0053722277284522      -0.0069288203414233
-1.0471975511965979     5.7689924976099993      -0.0054407052644900      -0.0069298320463200
-1.0471975511965979     5.8944053779928254      -0.0055100261846103      -0.0069308353351459
-1.0471975511965979     6.0198182583756514      -0.0055802114989809      -0.0069318266288363
-1.0471975511965979     6.1452311387584775      -0.0056512979173033      -0.0069328813923750
-1.0471975511965979     6.2706440191413035      -0.0057231813764073      -0.0069339490041683
-1.0471975511965979     6.3960568995241296      -0.0057962059902620      -0.0069349084013917
-1.0471975511965979     6.5214697799069556      -0.0058703550546777      -0.0069368369296683
-1.0471975511965979     6.6468826602897817      -0.0059447435761565      -0.0069377313055145
-1.0471975511965979     6.7722955406726077      -0.0060224255997040      -0.0069406503759890
-1.0471975511965979     6.8977084210554338      -0.0060959961630452      -0.0069456422165527
-1.0471975511965979     7.0231213014382599      -0.0061728890074972      -0.0069476923017365
-1.0471975511965979     7.1485341818210859      -0.0062472914238007      -0.0069544260015799
-1.0471975511965979     7.2739470622039120      -0.0063162224188130      -0.0069561315460308
-1.0471975511965979     7.3993599425867380      -0.0063891820889433      -0.0069497290246313
-1.0471975511965979     7.5247728229695641      -0.0064698425556784      -0.0069451797597960
-1.0471975511965979     7.6501857033523901      -0.0065444910029284      -0.0069371517652543
-1.0471975511965979     7.7755985837352162      -0.0066391258746934      -0.0069202095607155
-1.0471975511965979     7.9010114641180422      -0.0067370518763983      -0.0069280235294631
-1.0471975511965979     8.0264243445008692      -0.0068277581649520      -0.0069273072055406
-1.0471975511965979     8.1518372248836961      -0.0069255817567435      -0.0069371610303126
-1.0471975511965979     8.2772501052665231      -0.0070127266583464      -0.0069481980775094
-1.0471975511965979     8.4026629856493500      -0.0071002970187526      -0.0069637793173488
-1.0471975511965979     8.5280758660321769      -0.0071738538730259      -0.0069670059489820
-1.0471975511965979     8.6534887464150039      -0.0072642100462045      -0.0069635722301663
-1.0471975511965979     8.7789016267978308      -0.0073484045166972      -0.0069671330097042
-1.0471975511965979     8.9043145071806578      -0.0074393171322531      -0.0069594596996875
-1.0471975511965979     9.0297273875634847      -0.0075383052912560      -0.0069595353132318
-1.0471975511965979     9.1551402679463116      -0.0076345031691000      -0.0069605310656934
-1.0471975511965979     9.2805531483291386      -0.0077322408849656      -0.0069622651389658
-1.0471975511965979     9.4059660287119655      -0.0078316671529842      -0.0069640226869684
-1.0471975511965979     9.5313789090947925      -0.0079310944812778      -0.0069663667154601
-1.0471975511965979     9.6567917894776194      -0.0080321263825798      -0.0069677770615585
-1.0471975511965979     9.7822046698604463      -0.0081349752533918      -0.0069693344191842
-1.0471975511965979     9.9076175502432733      -0.0082394099535273      -0.0069709689227088
-1.0471975511965979     10.0330304306261002      -0.0083453891385184      -0.0069726584279377
-1.0471975511965979     10.1584433110089272      -0.0084531271938007      -0.0069744049745848
-1.0471975511965979     10.2838561913917541      -0.0085624991106348      -0.0069762764475475
-1.0471975511965979     10.4092690717745811      -0.0086736087158691      -0.0069781634016558
-1.0471975511965979     10.5346819521574080      -0.0087865207212957      -0.0069801371082227
-1.0471975511965979     10.6600948325402349      -0.0089012631834273      -0.0069821664774474
-1.0471975511965979     10.7855077129230619      -0.0090179134776839      -0.0069842542236905
-1.0471975511965979     10.9109205933058888      -0.0091365223021874      -0.0069864080298949
-1.0471975511965979     11.0363334736887158      -0.0092571533403820      -0.0069886264618694
-1.0471975511965979     11.1617463540715427      -0.0093798715611721      -0.0069909139852935
-1.0471975511965979     11.2871592344543696      -0.0095047440655463      -0.0069932734733999
-1.0471975511965979     11.4125721148371966      -0.0096318407003804      -0.0069957083300752
-1.0471975511965979     11.5379849952200235      -0.0097612355053609      -0.0069982222999685
-1.0471975511965979     11.6633978756028505      -0.0098930055631048      -0.0070008196033970
-1.0471975511965979     11.7888107559856774      -0.0100272322414507      -0.0070035045904611
-1.0471975511965979     11.9142236363685043      -0.0101640013064843      -0.0070062822435711
-1.0471975511965979     12.0396365167513313      -0.0103034034652032      -0.0070091580772320
-1.0471975511965979     12.1650493971341582      -0.0104455344139072      -0.0070121381980181
-1.0471975511965979     12.2904622775169852      -0.0105904968662585      -0.0070152292366226
-1.0471975511965979     12.4158751578998121      -0.0107383993537439      -0.0070184406208948
-1.0471975511965979     12.5412880382826391      -0.0108893573836326      -0.0070217785833735
-1.0471975511965979     12.6667009186654660      -0.0110435018615134      -0.0070252567857439
-1.0471975511965979     12.7921137990482929      -0.0112009567841656      -0.0070288869287644
-1.0471975511965979     12.9175266794311199      -0.0113618839739518      -0.0070326798370038
-1.0471975511965979     13.0429395598139468      -0.0115264409416502      -0.0070366560242122
-1.0471975511965979     13.1683524401967738      -0.0116947879231771      -0.0070408474005875
-1.0471975511965979     13.2937653205796007      -0.0118671098155261      -0.0070451984164992
-1.0471975511965979     13.4191782009624276      -0.0120437763371231      -0.0070497993477476
-1.0471975511965979     13.5445910813452546      -0.0122247549286873      -0.0070546358280836
-1.0471975511965979     13.6700039617280815      -0.0124110598876007      -0.0070589986399538
-1.0471975511965979     13.7954168421109085      -0.0126031615199033      -0.0070647203403894
-1.0471975511965979     13.9208297224937354      -0.0128005121114826      -0.0070689087297517
-1.0471975511965979     14.0462426028765623      -0.0130096655089728      -0.0070751254196179
-1.0471975511965979     14.1716554832593893      -0.0132265164926823      -0.0070849988278599
-1.0471975511965979     14.2970683636422162      -0.0134524051112875      -0.0070999943117652
-1.0471975511965979     14.4224812440250432      -0.0136968472810361      -0.0071209566356000
-1.0471975511965979     14.5478941244078701      -0.0139495112454962      -0.0071625944905538
-1.0471975511965979     14.6733070047906971      -0.0142190470825021      -0.0072076706141625
-1.0471975511965979     14.7987198851735240      -0.0145815968021133      -0.0073394359139571
-1.0471975511965979     14.9241327655563509      -0.0147070200344064      -0.0077182186971383
-1.0471975511965979     15.0495456459391779      -0.0147173045899338      -0.0077813978528345
-1.0471975511965979     15.1749585263220048      -0.0147542288616702      -0.0080650322597280
-1.0471975511965979     15.3003714067048318      -0.0143089427307233      -0.0079475083686309
-1.0471975511965979     15.4257842870876587      -0.0143075244154959      -0.0074392868952262
-1.0471975511965979     15.5511971674704856      -0.0145588368824139      -0.0069537701601046
-1.0471975511965979     15.6766100478533126      -0.0150084936332452      -0.0064842112739974
    
-0.7853981633974483     0.0000000000000000      0.0133882921652232      -0.0077400814980069
-0.7853981633974483     0.1254128803828261      0.0051673039547008      0.0039460352752828
-0.7853981633974483     0.2508257607656522      -0.0039854482510555      0.0031277231198506
-0.7853981633974483     0.3762386411484783      -0.0109498969532203      -0.0000207949479808
-0.7853981633974483     0.5016515215313043      -0.0107100476908592      -0.0101707552985851
-0.7853981633974483     0.6270644019141304      -0.0035517027326995      -0.0108197814409763
-0.7853981633974483     0.7524772822969564      -0.0024521920781807      -0.0083464604715521
-0.7853981633974483     0.8778901626797825      -0.0027813703768508      -0.0075869161551419
-0.7853981633974483     1.0033030430626086      -0.0024747266412676      -0.0072642164920631
-0.7853981633974483     1.1287159234454347      -0.0029207792711636      -0.0067342783514960
-0.7853981633974483     1.2541288038282608      -0.0031451463544903      -0.0068274794954502
-0.7853981633974483     1.3795416842110868      -0.0032734053158156      -0.0067601703444512
-0.7853981633974483     1.5049545645939129      -0.0033908307616249      -0.0068147479245713
-0.7853981633974483     1.6303674449767389      -0.0034342338638094      -0.0068409926001315
-0.7853981633974483     1.7557803253595650      -0.0034860120366332      -0.0068365724479379
-0.7853981633974483     1.8811932057423910      -0.0035418634789119      -0.0068346607187789
-0.7853981633974483     2.0066060861252173      -0.0035988839030517      -0.0068316934689830
-0.7853981633974483     2.1320189665080433      -0.0036561975767583      -0.0068302122114546
-0.7853981633974483     2.2574318468908694      -0.0037139434971452      -0.0068296795465718
-0.7853981633974483     2.3828447272736955      -0.0037708386858396      -0.0068294687123224
-0.7853981633974483     2.5082576076565215      -0.0038280425314955      -0.0068293003975604
-0.7853981633974483     2.6336704880393476      -0.0038852873042126      -0.0068294013953286
-0.7853981633974483     2.7590833684221736      -0.0039427249923798      -0.0068294973581668
-0.7853981633974483     2.8844962488049997      -0.0040004496945871      -0.0068296757076705
-0.7853981633974483     3.0099091291878257      -0.0040584699566934      -0.0068299084793642
-0.7853981633974483     3.1353220095706518      -0.0041168387910380      -0.0068301815275798
-0.7853981633974483     3.2607348899534778      -0.0041755804642728      -0.0068304918499780
-0.7853981633974483     3.3861477703363039      -0.0042347199536427      -0.0068308322386642
-0.7853981633974483     3.5115606507191299      -0.0042942784756509      -0.0068311989507104
-0.7853981633974483     3.6369735311019560      -0.0043542759408872      -0.0068315898730876
-0.7853981633974483     3.7623864114847820      -0.0044147290478932      -0.0068320027379244
-0.7853981633974483     3.8877992918676081      -0.0044756541767343      -0.0068324360396299
-0.7853981633974483     4.0132121722504346      -0.0045370664307449      -0.0068328887313166
-0.7853981633974483     4.1386250526332606      -0.0045989804400823      -0.0068333598862115
-0.7853981633974483     4.2640379330160867      -0.0046614104301794      -0.0068338488980405
-0.7853981633974483     4.3894508133989127      -0.0047243703316003      -0.0068343553020523
-0.7853981633974483     4.5148636937817388      -0.0047878740026729      -0.0068348787422764
-0.7853981633974483     4.6402765741645648      -0.0048519352605965      -0.0068354190769170
-0.7853981633974483     4.7656894545473909      -0.0049165677825175      -0.0068359760954191
-0.7853981633974483     4.8911023349302170      -0.0049817857413805      -0.0068365496689252
-0.7853981633974483     5.0165152153130430      -0.0050476027858878      -0.0068371402214355
-0.7853981633974483     5.1419280956958691      -0.0051140333758020      -0.0068377470437654
-0.7853981633974483     5.2673409760786951      -0.0051810916561514      -0.0068383706507782
-0.7853981633974483     5.3927538564615212      -0.0052487922254674      -0.0068390119044940
-0.7853981633974483     5.5181667368443472      -0.0053171469635484      -0.0068396691731027
-0.7853981633974483     5.6435796172271733      -0.0053861781300368      -0.0068403406747155
-0.7853981633974483     5.7689924976099993      -0.0054558886730690      -0.0068410379942886
-0.7853981633974483     5.8944053779928254      -0.0055262872206226      -0.0068417203815610
-0.7853981633974483     6.0198182583756514      -0.0055974396917903      -0.0068424489684466
-0.7853981633974483     6.1452311387584775      -0.0056692314123229      -0.0068431696273657
-0.7853981633974483     6.2706440191413035      -0.0057418984653882      -0.0068437930515270
-0.7853981633974483     6.3960568995241296      -0.0058152655981691      -0.0068445497302323
-0.7853981633974483     6.5214697799069556      -0.0058894271275715      -0.0068450891500104
-0.7853981633974483     6.6468826602897817      -0.0059646744169688      -0.0068456557948187
-0.7853981633974483     6.7722955406726077      -0.0060409570187957      -0.0068465518342746
-0.7853981633974483     6.8977084210554338      -0.0061173078591979      -0.0068477495780346
-0.7853981633974483     7.0231213014382599      -0.0061946803555437      -0.0068485354017573
-0.7853981633974483     7.1485341818210859      -0.0062726159239096      -0.0068483433429138
-0.7853981633974483     7.2739470622039120      -0.0063505531469105      -0.0068498152890511
-0.7853981633974483     7.3993599425867380      -0.0064302135551394      -0.0068433742568447
-0.7853981633974483     7.5247728229695641      -0.0065215958891073      -0.0068430321333622
-0.7853981633974483     7.6501857033523901      -0.0066039775745883      -0.0068459392173884
-0.7853981633974483     7.7755985837352162      -0.0066989623811766      -0.0068459711753404
-0.7853981633974483     7.9010114641180422      -0.0067880505896101      -0.0068632592280159
-0.7853981633974483     8.0264243445008692      -0.0068705810282989      -0.0068736839305603
-0.7853981633974483     8.1518372248836961      -0.0069447089308009      -0.0068861953071791
-0.7853981633974483     8.2772501052665231      -0.0070218005968745      -0.0068837040930700
-0.7853981633974483     8.4026629856493500      -0.0071021606384367      -0.0068915279451292
-0.7853981633974483     8.5280758660321769      -0.0071723559944411      -0.0068771460141682
-0.7853981633974483     8.6534887464150039      -0.0072699300804668      -0.0068617120480719
-0.7853981633974483     8.7789016267978308      -0.0073649226942486      -0.0068584665449406
-0.7853981633974483     8.9043145071806578      -0.0074642461660979      -0.0068509362130666
-0.7853981633974483     9.0297273875634847      -0.0075707195993131      -0.0068497003859940
-0.7853981633974483     9.1551402679463116      -0.0076740524465962      -0.0068572442544880
-0.7853981633974483     9.2805531483291386      -0.0077714754533008      -0.0068621218397496
-0.7853981633974483     9.4059660287119655      -0.0078740922849710      -0.0068658144690904
-0.7853981633974483     9.5313789090947925      -0.0079726794454169      -0.0068715617926801
-0.7853981633974483     9.6567917894776194      -0.0080735940523628      -0.0068729683778756
-0.7853981633974483     9.7822046698604463      -0.0081770118327319      -0.0068758302942964
-0.7853981633974483     9.9076175502432733      -0.0082813915301294      -0.0068775905138108
-0.7853981633974483     10.0330304306261002      -0.0083880031603383      -0.0068793475071588
-0.7853981633974483     10.1584433110089272      -0.0084962825932380      -0.0068812290805715
-0.7853981633974483     10.2838561913917541      -0.0086063501658874      -0.0068830633488648
-0.7853981633974483     10.4092690717745811      -0.0087182699205753      -0.0068849565769743
-0.7853981633974483     10.5346819521574080      -0.0088320446763429      -0.0068869002309767
-0.7853981633974483     10.6600948325402349      -0.0089477082762355      -0.0068888987648585
-0.7853981633974483     10.7855077129230619      -0.0090653374526629      -0.0068909513467786
-0.7853981633974483     10.9109205933058888      -0.0091849672334923      -0.0068930687796217
-0.7853981633974483     11.0363334736887158      -0.0093066635355050      -0.0068952455678874
-0.7853981633974483     11.1617463540715427      -0.0094304878352628      -0.0068974905005338
-0.7853981633974483     11.2871592344543696      -0.0095565034084807      -0.0068998043628536
-0.7853981633974483     11.4125721148371966      -0.0096847790578025      -0.0069021906438783
-0.7853981633974483     11.5379849952200235      -0.0098153850476087      -0.0069046529041685
-0.7853981633974483     11.6633978756028505      -0.0099483954991291      -0.0069071944081341
-0.7853981633974483     11.7888107559856774      -0.0100838877313959      -0.0069098187587318
-0.7853981633974483     11.9142236363685043      -0.0102219425337837      -0.0069125296846764
-0.7853981633974483     12.0396365167513313      -0.0103626442635649      -0.0069153310826191
-0.7853981633974483     12.1650493971341582      -0.0105060812388812      -0.0069182270969722
-0.7853981633974483     12.2904622775169852      -0.0106523455980875      -0.0069212221769393
-0.7853981633974483     12.4158751578998121      -0.0108015338798561      -0.0069243207222433
-0.7853981633974483     12.5412880382826391      -0.0109537471298586      -0.0069275281429269
-0.7853981633974483     12.6667009186654660      -0.0111090901558434      -0.0069308491666628
-0.7853981633974483     12.7921137990482929      -0.0112676754213442      -0.0069342888690571
-0.7853981633974483     12.9175266794311199      -0.0114296164092000      -0.0069378534023714
-0.7853981633974483     13.0429395598139468      -0.0115950360085158      -0.0069415478225573
-0.7853981633974483     13.1683524401967738      -0.0117640631779698      -0.0069453733228634
-0.7853981633974483     13.2937653205796007      -0.0119368311722215      -0.0069493389174030
-0.7853981633974483     13.4191782009624276      -0.0121134694061097      -0.0069534160537870
-0.7853981633974483     13.5445910813452546      -0.0122942170702869      -0.0069575734977074
-0.7853981633974483     13.6700039617280815      -0.0124792171057446      -0.0069619355527197
-0.7853981633974483     13.7954168421109085      -0.0126688414022135      -0.0069662414064467
-0.7853981633974483     13.9208297224937354      -0.0128635928278037      -0.0069710717874106
-0.7853981633974483     14.0462426028765623      -0.0130630050792218      -0.0069765693019456
-0.7853981633974483     14.1716554832593893      -0.0132684294852140      -0.0069831667932013
-0.7853981633974483     14.2970683636422162      -0.0134783075450786      -0.0069918397967685
-0.7853981633974483     14.4224812440250432      -0.0136909415238307      -0.0070026121251139
-0.7853981633974483     14.5478941244078701      -0.0139086008252954      -0.0070102025883272
-0.7853981633974483     14.6733070047906971      -0.0141362739957042      -0.0070259764719473
-0.7853981633974483     14.7987198851735240      -0.0143513508771020      -0.0070503410019731
-0.7853981633974483     14.9241327655563509      -0.0145788570559727      -0.0070509023539161
-0.7853981633974483     15.0495456459391779      -0.0147601850470966      -0.0070762811269039
-0.7853981633974483     15.1749585263220048      -0.0149833602322327      -0.0069914526828163
-0.7853981633974483     15.3003714067048318      -0.0153125168753668      -0.0069520993720403
-0.7853981633974483     15.4257842870876587      -0.0156090017216986      -0.0069760604955837
-0.7853981633974483     15.5511971674704856      -0.0159080307471453      -0.0069790675628594
-0.7853981633974483     15.6766100478533126      -0.0162288894316415      -0.0069950499996977
    
-0.5235987755982987     0.0000000000000000      -0.0454467747335083      -0.0043930552907354
-0.5235987755982987     0.1254128803828261      -0.0239172139150996      -0.0352224911646177
-0.5235987755982987     0.2508257607656522      0.0000528383788643      -0.0330519211819416
-0.5235987755982987     0.3762386411484783      0.0182430990399935      -0.0247410833331266
-0.5235987755982987     0.5016515215313043      0.0174239774086035      0.0020433629511533
-0.5235987755982987     0.6270644019141304      -0.0016538010873587      0.0037551589722262
-0.5235987755982987     0.7524772822969564      -0.0047420549243895      -0.0027743670862996
-0.5235987755982987     0.8778901626797825      -0.0040603367082021      -0.0047800676507376
-0.5235987755982987     1.0033030430626086      -0.0050578476068035      -0.0056328684685323
-0.5235987755982987     1.1287159234454347      -0.0040700380387001      -0.0070325873223041
-0.5235987755982987     1.2541288038282608      -0.0036683985415912      -0.0067877899615549
-0.5235987755982987     1.3795416842110868      -0.0035215721841633      -0.0069666157281114
-0.5235987755982987     1.5049545645939129      -0.0034045139194328      -0.0068238140295569
-0.5235987755982987     1.6303674449767389      -0.0034840133827938      -0.0067558082398594
-0.5235987755982987     1.7557803253595650      -0.0035426500073195      -0.0067687660935164
-0.5235987755982987     1.8811932057423910      -0.0035917962988001      -0.0067751326274095
-0.5235987755982987     2.0066060861252173      -0.0036391539296206      -0.0067843149202361
-0.5235987755982987     2.1320189665080433      -0.0036870606690335      -0.0067896082107583
-0.5235987755982987     2.2574318468908694      -0.0037351795761496      -0.0067924294017499
-0.5235987755982987     2.3828447272736955      -0.0037869282513975      -0.0067944336440076
-0.5235987755982987     2.5082576076565215      -0.0038392771667373      -0.0067963587164243
-0.5235987755982987     2.6336704880393476      -0.0038929649449068      -0.0067976062848302
-0.5235987755982987     2.7590833684221736      -0.0039476227881205      -0.0067989012933957
-0.5235987755982987     2.8844962488049997      -0.0040030352087788      -0.0068000136341395
-0.5235987755982987     3.0099091291878257      -0.0040592132980706      -0.0068010177715448
-0.5235987755982987     3.1353220095706518      -0.0041160514599563      -0.0068019518485666
-0.5235987755982987     3.2607348899534778      -0.0041735206208461      -0.0068028245381054
-0.5235987755982987     3.3861477703363039      -0.0042315906855043      -0.0068036556405839
-0.5235987755982987     3.5115606507191299      -0.0042902422260137      -0.0068044559166647
-0.5235987755982987     3.6369735311019560      -0.0043494600473261      -0.0068052317819874
-0.5235987755982987     3.7623864114847820      -0.0044092383401722      -0.0068059901079566
-0.5235987755982987     3.8877992918676081      -0.0044695729552839      -0.0068067358315483
-0.5235987755982987     4.0132121722504346      -0.0045304640004314      -0.0068074726318885
-0.5235987755982987     4.1386250526332606      -0.0045919138202234      -0.0068082039305454
-0.5235987755982987     4.2640379330160867      -0.0046539267326944      -0.0068089323522046
-0.5235987755982987     4.3894508133989127      -0.0047165087565558      -0.0068096601684353
-0.5235987755982987     4.5148636937817388      -0.0047796672320285      -0.0068103892460799
-0.5235987755982987     4.6402765741645648      -0.0048434106608382      -0.0068111212929797
-0.5235987755982987     4.7656894545473909      -0.0049077482991131      -0.0068118576357818
-0.5235987755982987     4.8911023349302170      -0.0049726906982739      -0.0068125994357677
-0.5235987755982987     5.0165152153130430      -0.0050382483283380      -0.0068133482887093
-0.5235987755982987     5.1419280956958691      -0.0051044331338302      -0.0068141042250991
-0.5235987755982987     5.2673409760786951      -0.0051712570437573      -0.0068148688552912
-0.5235987755982987     5.3927538564615212      -0.0052387322317932      -0.0068156434087083
-0.5235987755982987     5.5181667368443472      -0.0053068695783546      -0.0068164266375708
-0.5235987755982987     5.6435796172271733      -0.0053756885506131      -0.0068172182792607
-0.5235987755982987     5.7689924976099993      -0.0054451912043019      -0.0068180290228716
-0.5235987755982987     5.8944053779928254      -0.0055153819145505      -0.0068188158682538
-0.5235987755982987     6.0198182583756514      -0.0055863298169385      -0.0068196491783630
-0.5235987755982987     6.1452311387584775      -0.0056578979564755      -0.0068204583877202
-0.5235987755982987     6.2706440191413035      -0.0057303651480511      -0.0068211496504818
-0.5235987755982987     6.3960568995241296      -0.0058034859588479      -0.0068220002345621
-0.5235987755982987     6.5214697799069556      -0.0058773677313623      -0.0068224720790697
-0.5235987755982987     6.6468826602897817      -0.0059524553022315      -0.0068231059833478
-0.5235987755982987     6.7722955406726077      -0.0060282882621910      -0.0068238415495724
-0.5235987755982987     6.8977084210554338      -0.0061047459935470      -0.0068246414209368
-0.5235987755982987     7.0231213014382599      -0.0061819277825184      -0.0068253584844970
-0.5235987755982987     7.1485341818210859      -0.0062600790390017      -0.0068243486324536
-0.5235987755982987     7.2739470622039120      -0.0063389560904442      -0.0068258803706527
-0.5235987755982987     7.3993599425867380      -0.0064192556846039      -0.0068195215754053
-0.5235987755982987     7.5247728229695641      -0.0065118088130342      -0.0068198175864503
-0.5235987755982987     7.6501857033523901      -0.0065949695022988      -0.0068242456690508
-0.5235987755982987     7.7755985837352162      -0.0066897623850058      -0.0068265910209554
-0.5235987755982987     7.9010114641180422      -0.0067774496768743      -0.0068452025180880
-0.5235987755982987     8.0264243445008692      -0.0068586664837421      -0.0068571677465667
-0.5235987755982987     8.1518372248836961      -0.0069294371599634      -0.0068701005375935
-0.5235987755982987     8.2772501052665231      -0.0070049669111587      -0.0068658975140112
-0.5235987755982987     8.4026629856493500      -0.0070841383813158      -0.0068727672076066
-0.5235987755982987     8.5280758660321769      -0.0071536505259091      -0.0068561322605015
-0.5235987755982987     8.6534887464150039      -0.0072519324809427      -0.0068391817250008
-0.5235987755982987     8.7789016267978308      -0.0073481025213286      -0.0068351017480712
-0.5235987755982987     8.9043145071806578      -0.0074482866048802      -0.0068276503890473
-0.5235987755982987     9.0297273875634847      -0.0075554959956363      -0.0068263003626895
-0.5235987755982987     9.1551402679463116      -0.0076595158024145      -0.0068347629138935
-0.5235987755982987     9.2805531483291386      -0.0077566421093943      -0.0068401095650712
-0.5235987755982987     9.4059660287119655      -0.0078594203111599      -0.0068441107844289
-0.5235987755982987     9.5313789090947925      -0.0079576345581230      -0.0068503586564174
-0.5235987755982987     9.6567917894776194      -0.0080582675608997      -0.0068518159376671
-0.5235987755982987     9.7822046698604463      -0.0081614899839549      -0.0068548995432624
-0.5235987755982987     9.9076175502432733      -0.0082655878674189      -0.0068567250399095
-0.5235987755982987     10.0330304306261002      -0.0083720036624786      -0.0068585384868462
-0.5235987755982987     10.1584433110089272      -0.0084800705086734      -0.0068604842991781
-0.5235987755982987     10.2838561913917541      -0.0085899408243208      -0.0068623590523263
-0.5235987755982987     10.4092690717745811      -0.0087016732072231      -0.0068642974580376
-0.5235987755982987     10.5346819521574080      -0.0088152620983018      -0.0068662805156991
-0.5235987755982987     10.6600948325402349      -0.0089307418895468      -0.0068683173832043
-0.5235987755982987     10.7855077129230619      -0.0090481890174860      -0.0068704068045158
-0.5235987755982987     10.9109205933058888      -0.0091676362203342      -0.0068725600236511
-0.5235987755982987     11.0363334736887158      -0.0092891494934451      -0.0068747710348044
-0.5235987755982987     11.1617463540715427      -0.0094127896324940      -0.0068770492287806
-0.5235987755982987     11.2871592344543696      -0.0095386191810859      -0.0068793951404576
-0.5235987755982987     11.4125721148371966      -0.0096667065709482      -0.0068818122914908
-0.5235987755982987     11.5379849952200235      -0.0097971213373738      -0.0068843042337114
-0.5235987755982987     11.6633978756028505      -0.0099299369496743      -0.0068868741253489
-0.5235987755982987     11.7888107559856774      -0.0100652299315582      -0.0068895254743786
-0.5235987755982987     11.9142236363685043      -0.0102030801245187      -0.0068922618115949
-0.5235987755982987     12.0396365167513313      -0.0103435708137530      -0.0068950868135861
-0.5235987755982987     12.1650493971341582      -0.0104867887546828      -0.0068980042488901
-0.5235987755982987     12.2904622775169852      -0.0106328248210775      -0.0069010178560701
-0.5235987755982987     12.4158751578998121      -0.0107817734604986      -0.0069041322761686
-0.5235987755982987     12.5412880382826391      -0.0109337331821492      -0.0069073504269453
-0.5235987755982987     12.6667009186654660      -0.0110888093767277      -0.0069106779731070
-0.5235987755982987     12.7921137990482929      -0.0112471050573647      -0.0069141206899896
-0.5235987755982987     12.9175266794311199      -0.0114087393571392      -0.0069176826714161
-0.5235987755982987     13.0429395598139468      -0.0115738264817386      -0.0069213720724744
-0.5235987755982987     13.1683524401967738      -0.0117424857833266      -0.0069252085295709
-0.5235987755982987     13.2937653205796007      -0.0119148476438712      -0.0069291924695511
-0.5235987755982987     13.4191782009624276      -0.0120910763385381      -0.0069334249062772
-0.5235987755982987     13.5445910813452546      -0.0122710717375488      -0.0069380155697260
-0.5235987755982987     13.6700039617280815      -0.0124550145113168      -0.0069426654811296
-0.5235987755982987     13.7954168421109085      -0.0126425096667082      -0.0069480938244610
-0.5235987755982987     13.9208297224937354      -0.0128328470168638      -0.0069528009233176
-0.5235987755982987     14.0462426028765623      -0.0130279064696906      -0.0069564455854017
-0.5235987755982987     14.1716554832593893      -0.0132248055916536      -0.0069579229572124
-0.5235987755982987     14.2970683636422162      -0.0134283782338931      -0.0069546984096312
-0.5235987755982987     14.4224812440250432      -0.0136438650553218      -0.0069467523567310
-0.5235987755982987     14.5478941244078701      -0.0138660788258237      -0.0069480673904873
-0.5235987755982987     14.6733070047906971      -0.0140827033312221      -0.0069286989608063
-0.5235987755982987     14.7987198851735240      -0.0143543039112703      -0.0068876271205655
-0.5235987755982987     14.9241327655563509      -0.0146157791117918      -0.0069103981222234
-0.5235987755982987     15.0495456459391779      -0.0150228049807900      -0.0068687543588897
-0.5235987755982987     15.1749585263220048      -0.0153441369240579      -0.0071191062230002
-0.5235987755982987     15.3003714067048318      -0.0154116443278161      -0.0072506553455049
-0.5235987755982987     15.4257842870876587      -0.0155924522459592      -0.0072164013068732
-0.5235987755982987     15.5511971674704856      -0.0157948931476225      -0.0072388208619535
-0.5235987755982987     15.6766100478533126      -0.0159694221160260      -0.0072284610543883
    
-0.2617993877991496     0.0000000000000000      -0.0086421179539265      -0.0065661251461113
-0.2617993877991496     0.1254128803828261      -0.0056861813395511      -0.0108316551120943
-0.2617993877991496     0.2508257607656522      -0.0024081611124838      -0.0105225976718566
-0.2617993877991496     0.3762386411484783      0.0000671119380376      -0.0093691735691200
-0.2617993877991496     0.5016515215313043      -0.0000913332812276      -0.0056554383459602
-0.2617993877991496     0.6270644019141304      -0.0027808433862379      -0.0054190131986718
-0.2617993877991496     0.7524772822969564      -0.0032531647757059      -0.0063238083917182
-0.2617993877991496     0.8778901626797825      -0.0032035090502866      -0.0066020562793132
-0.2617993877991496     1.0033030430626086      -0.0033868399069686      -0.0067206505710580
-0.2617993877991496     1.1287159234454347      -0.0032947604567486      -0.0069151380364255
-0.2617993877991496     1.2541288038282608      -0.0032842610846747      -0.0068814509228657
-0.2617993877991496     1.3795416842110868      -0.0033093233190031      -0.0069065818292171
-0.2617993877991496     1.5049545645939129      -0.0033387566058167      -0.0068870579607561
-0.2617993877991496     1.6303674449767389      -0.0033957484312552      -0.0068779256816429
-0.2617993877991496     1.7557803253595650      -0.0034501092313873      -0.0068800396193323
-0.2617993877991496     1.8811932057423910      -0.0035034397406378      -0.0068812422200764
-0.2617993877991496     2.0066060861252173      -0.0035568134409676      -0.0068828480393771
-0.2617993877991496     2.1320189665080433      -0.0036105620872620      -0.0068839212160195
-0.2617993877991496     2.2574318468908694      -0.0036646464113121      -0.0068846600925704
-0.2617993877991496     2.3828447272736955      -0.0037195489208658      -0.0068852941353741
-0.2617993877991496     2.5082576076565215      -0.0037748562489632      -0.0068859255451348
-0.2617993877991496     2.6336704880393476      -0.0038306790339570      -0.0068864711717572
-0.2617993877991496     2.7590833684221736      -0.0038869737962586      -0.0068870318696206
-0.2617993877991496     2.8844962488049997      -0.0039437185045247      -0.0068875756868323
-0.2617993877991496     3.0099091291878257      -0.0040009227464774      -0.0068881131138079
-0.2617993877991496     3.1353220095706518      -0.0040585799396795      -0.0068886495703067
-0.2617993877991496     3.2607348899534778      -0.0041166943267209      -0.0068891864118368
-0.2617993877991496     3.3861477703363039      -0.0041752701197521      -0.0068897265665096
-0.2617993877991496     3.5115606507191299      -0.0042343131935412      -0.0068902716974525
-0.2617993877991496     3.6369735311019560      -0.0042938301845336      -0.0068908228982470
-0.2617993877991496     3.7623864114847820      -0.0043538292078424      -0.0068913813315763
-0.2617993877991496     3.8877992918676081      -0.0044143188190882      -0.0068919478928582
-0.2617993877991496     4.0132121722504346      -0.0044753083818145      -0.0068925233348435
-0.2617993877991496     4.1386250526332606      -0.0045368077714424      -0.0068931083770520
-0.2617993877991496     4.2640379330160867      -0.0045988274073197      -0.0068937036336170
-0.2617993877991496     4.3894508133989127      -0.0046613781726279      -0.0068943097290553
-0.2617993877991496     4.5148636937817388      -0.0047244714146316      -0.0068949271853890
-0.2617993877991496     4.6402765741645648      -0.0047881189329064      -0.0068955565871967
-0.2617993877991496     4.7656894545473909      -0.0048523329384397      -0.0068961984861855
-0.2617993877991496     4.8911023349302170      -0.0049171260854004      -0.0068968534107614
-0.2617993877991496     5.0165152153130430      -0.0049825117747097      -0.0068975218973279
-0.2617993877991496     5.1419280956958691      -0.0050485033105370      -0.0068982049797452
-0.2617993877991496     5.2673409760786951      -0.0051151144346082      -0.0068989018701742
-0.2617993877991496     5.3927538564615212      -0.0051823627291434      -0.0068996158696900
-0.2617993877991496     5.5181667368443472      -0.0052502561082710      -0.0069003470922217
-0.2617993877991496     5.6435796172271733      -0.0053188251920771      -0.0069010880939346
-0.2617993877991496     5.7689924976099993      -0.0053880709113662      -0.0069018590736230
-0.2617993877991496     5.8944053779928254      -0.0054580212873868      -0.0069026357404781
-0.2617993877991496     6.0198182583756514      -0.0055287170591575      -0.0069034256185571
-0.2617993877991496     6.1452311387584775      -0.0056001740080033      -0.0069042767059415
-0.2617993877991496     6.2706440191413035      -0.0056723641350189      -0.0069051292881060
-0.2617993877991496     6.3960568995241296      -0.0057455348287200      -0.0069059313695312
-0.2617993877991496     6.5214697799069556      -0.0058196976942526      -0.0069074739745598
-0.2617993877991496     6.6468826602897817      -0.0058942081300167      -0.0069082020224434
-0.2617993877991496     6.7722955406726077      -0.0059715045583246      -0.0069106227921183
-0.2617993877991496     6.8977084210554338      -0.0060454723744510      -0.0069147685133835
-0.2617993877991496     7.0231213014382599      -0.0061222541002329      -0.0069164833716192
-0.2617993877991496     7.1485341818210859      -0.0061971098590906      -0.0069217555656010
-0.2617993877991496     7.2739470622039120      -0.0062675447653958      -0.0069233411000138
-0.2617993877991496     7.3993599425867380      -0.0063415070751706      -0.0069168615140756
-0.2617993877991496     7.5247728229695641      -0.0064239349466966      -0.0069130870282988
-0.2617993877991496     7.6501857033523901      -0.0064997168078864      -0.0069071812464706
-0.2617993877991496     7.7755985837352162      -0.0065939744501995      -0.0068935708464266
-0.2617993877991496     7.9010114641180422      -0.0066896532506900      -0.0069032207271548
-0.2617993877991496     8.0264243445008692      -0.0067782113587320      -0.0069046757920078
-0.2617993877991496     8.1518372248836961      -0.0068707533148094      -0.0069150081931984
-0.2617993877991496     8.2772501052665231      -0.0069553104417643      -0.0069232914615739
-0.2617993877991496     8.4026629856493500      -0.0070408299651966      -0.0069372735450071
-0.2617993877991496     8.5280758660321769      -0.0071130740879888      -0.0069369342762825
-0.2617993877991496     8.6534887464150039      -0.0072042004981667      -0.0069310564159359
-0.2617993877991496     8.7789016267978308      -0.0072898502336840      -0.0069332120676657
-0.2617993877991496     8.9043145071806578      -0.0073817098742410      -0.0069255235270707
-0.2617993877991496     9.0297273875634847      -0.0074814286500819      -0.0069252939401891
-0.2617993877991496     9.1551402679463116      -0.0075782556837637      -0.0069275548631485
-0.2617993877991496     9.2805531483291386      -0.0076751026302256      -0.0069298744837099
-0.2617993877991496     9.4059660287119655      -0.0077743058779253      -0.0069319764892595
-0.2617993877991496     9.5313789090947925      -0.0078726715303571      -0.0069349584972235
-0.2617993877991496     9.6567917894776194      -0.0079727520002296      -0.0069363260454290
-0.2617993877991496     9.7822046698604463      -0.0080747513230916      -0.0069381017967616
-0.2617993877991496     9.9076175502432733      -0.0081781754208308      -0.0069397187419977
-0.2617993877991496     10.0330304306261002      -0.0082832436470991      -0.0069413784624341
-0.2617993877991496     10.1584433110089272      -0.0083900132923174      -0.0069431079365035
-0.2617993877991496     10.2838561913917541      -0.0084984066562340      -0.0069449268939273
-0.2617993877991496     10.4092690717745811      -0.0086085177161898      -0.0069467687611117
-0.2617993877991496     10.5346819521574080      -0.0087203966400253      -0.0069486886008520
-0.2617993877991496     10.6600948325402349      -0.0088340702316006      -0.0069506621056134
-0.2617993877991496     10.7855077129230619      -0.0089496130408978      -0.0069526909618512
-0.2617993877991496     10.9109205933058888      -0.0090670695763635      -0.0069547830940334
-0.2617993877991496     11.0363334736887158      -0.0091865005534688      -0.0069569358108168
-0.2617993877991496     11.1617463540715427      -0.0093079663845466      -0.0069591539557004
-0.2617993877991496     11.2871592344543696      -0.0094315290261543      -0.0069614393972937
-0.2617993877991496     11.4125721148371966      -0.0095572531667735      -0.0069637948741119
-0.2617993877991496     11.5379849952200235      -0.0096852064229199      -0.0069662233047169
-0.2617993877991496     11.6633978756028505      -0.0098154588152781      -0.0069687277562506
-0.2617993877991496     11.7888107559856774      -0.0099480834430249      -0.0069713112978837
-0.2617993877991496     11.9142236363685043      -0.0100831564419855      -0.0069739773052162
-0.2617993877991496     12.0396365167513313      -0.0102207571186114      -0.0069767292569392
-0.2617993877991496     12.1650493971341582      -0.0103609681942783      -0.0069795708239522
-0.2617993877991496     12.2904622775169852      -0.0105038759846584      -0.0069825058483891
-0.2617993877991496     12.4158751578998121      -0.0106495705272752      -0.0069855384817614
-0.2617993877991496     12.5412880382826391      -0.0107981458175522      -0.0069886728317542
-0.2617993877991496     12.6667009186654660      -0.0109497004040463      -0.0069919135976031
-0.2617993877991496     12.7921137990482929      -0.0111043362966851      -0.0069952657242384
-0.2617993877991496     12.9175266794311199      -0.0112621617556992      -0.0069987341592170
-0.2617993877991496     13.0429395598139468      -0.0114232886093702      -0.0070023246715820
-0.2617993877991496     13.1683524401967738      -0.0115878338929848      -0.0070060449018657
-0.2617993877991496     13.2937653205796007      -0.0117559209394795      -0.0070099000976352
-0.2617993877991496     13.4191782009624276      -0.0119276828759144      -0.0070139097989848
-0.2617993877991496     13.5445910813452546      -0.0121032214694017      -0.0070180950957804
-0.2617993877991496     13.6700039617280815      -0.0122826831815011      -0.0070224207302049
-0.2617993877991496     13.7954168421109085      -0.0124661406488510      -0.0070269931411509
-0.2617993877991496     13.9208297224937354      -0.0126536291053084      -0.0070316113040423
-0.2617993877991496     14.0462426028765623      -0.0128455502015600      -0.0070362352281734
-0.2617993877991496     14.1716554832593893      -0.0130416522798385      -0.0070407197998068
-0.2617993877991496     14.2970683636422162      -0.0132427614445706      -0.0070447223080628
-0.2617993877991496     14.4224812440250432      -0.0134497689502513      -0.0070482487479083
-0.2617993877991496     14.5478941244078701      -0.0136621277569834      -0.0070532493353711
-0.2617993877991496     14.6733070047906971      -0.0138783109669398      -0.0070555793871482
-0.2617993877991496     14.7987198851735240      -0.0141069158674659      -0.0070551092283165
-0.2617993877991496     14.9241327655563509      -0.0143391084931732      -0.0070637214012600
-0.2617993877991496     15.0495456459391779      -0.0145967018959437      -0.0070636278716266
-0.2617993877991496     15.1749585263220048      -0.0148478462194760      -0.0071042916388128
-0.2617993877991496     15.3003714067048318      -0.0150694524909538      -0.0071287303050590
-0.2617993877991496     15.4257842870876587      -0.0153127168576691      -0.0071304411603009
-0.2617993877991496     15.5511971674704856      -0.0155651939586871      -0.0071403085605608
-0.2617993877991496     15.6766100478533126      -0.0158202958631093      -0.0071459440560993
    
0.0000000000000000     0.0000000000000000      -0.0031625625449680      -25.2609233617271016
0.0000000000000000     0.1254128803828261      12.5747012419776674      -13.2784167427745228
0.0000000000000000     0.2508257607656522      10.3028548453593753      -5.5230823965291247
0.0000000000000000     0.3762386411484783      7.7950032502638020      -2.8694787656862477
0.0000000000000000     0.5016515215313043      6.1346613541681956      -1.7543537218753296
0.0000000000000000     0.6270644019141304      5.0173501979392814      -1.2004540122284169
0.0000000000000000     0.7524772822969564      4.2275472416731814      -0.8897482099609835
0.0000000000000000     0.8778901626797825      3.6467163628778652      -0.7000646446775900
0.0000000000000000     1.0033030430626086      3.1980244233346924      -0.5803633697086239
0.0000000000000000     1.1287159234454347      2.8530345644600743      -0.5002521628109160
0.0000000000000000     1.2541288038282608      2.5740199430099704      -0.4387269631069040
0.0000000000000000     1.3795416842110868      2.3439038356923625      -0.3943933499960877
0.0000000000000000     1.5049545645939129      2.1516263025333986      -0.3593848589078887
0.0000000000000000     1.6303674449767389      1.9878260153058487      -0.3319405462496872
0.0000000000000000     1.7557803253595650      1.8469055332565858      -0.3100653099878204
0.0000000000000000     1.8811932057423910      1.7243355295460419      -0.2922968759759009
0.0000000000000000     2.0066060861252173      1.6167501149751164      -0.2777290827942802
0.0000000000000000     2.1320189665080433      1.5215856127936727      -0.2656345922934113
0.0000000000000000     2.2574318468908694      1.4368187049377164      -0.2554844574409026
0.0000000000000000     2.3828447272736955      1.3608254467140295      -0.2468850402283572
0.0000000000000000     2.5082576076565215      1.2923167317005375      -0.2395371321993361
0.0000000000000000     2.6336704880393476      1.2302342082395297      -0.2332071912714015
0.0000000000000000     2.7590833684221736      1.1737120938698689      -0.2277173228651559
0.0000000000000000     2.8844962488049997      1.1220329198304060      -0.2229247233460379
0.0000000000000000     3.0099091291878257      1.0745967865431718      -0.2187163840764875
0.0000000000000000     3.1353220095706518      1.0308990793549040      -0.2150012029642935
0.0000000000000000     3.2607348899534778      0.9905118257651573      -0.2117050860017078
0.0000000000000000     3.3861477703363039      0.9530698647966364      -0.2087673789767447
0.0000000000000000     3.5115606507191299      0.9182597285639056      -0.2061379976662238
0.0000000000000000     3.6369735311019560      0.8858108339986125      -0.2037752994726011
0.0000000000000000     3.7623864114847820      0.8554883835380556      -0.2016444424464281
0.0000000000000000     3.8877992918676081      0.8270876630879780      -0.1997160892733197
0.0000000000000000     4.0132121722504346      0.8004293704352267      -0.1979653969955305
0.0000000000000000     4.1386250526332606      0.7753557989004518      -0.1963712180615075
0.0000000000000000     4.2640379330160867      0.7517276839338729      -0.1949154584169680
0.0000000000000000     4.3894508133989127      0.7294215862365974      -0.1935825644916551
0.0000000000000000     4.5148636937817388      0.7083277083365663      -0.1923591067509035
0.0000000000000000     4.6402765741645648      0.6883480620361693      -0.1912334412504881
0.0000000000000000     4.7656894545473909      0.6693949233600894      -0.1901954322989427
0.0000000000000000     4.8911023349302170      0.6513895240464648      -0.1892362239849518
0.0000000000000000     5.0165152153130430      0.6342609364589046      -0.1883480507957626
0.0000000000000000     5.1419280956958691      0.6179451243413389      -0.1875240825200309
0.0000000000000000     5.2673409760786951      0.6023841244904549      -0.1867582868812692
0.0000000000000000     5.3927538564615212      0.5875253381268145      -0.1860453303008897
0.0000000000000000     5.5181667368443472      0.5733209445612781      -0.1853804741751783
0.0000000000000000     5.6435796172271733      0.5597273268983669      -0.1847594865781922
0.0000000000000000     5.7689924976099993      0.5467046831646750      -0.1841786271526055
0.0000000000000000     5.8944053779928254      0.5342165447536300      -0.1836345129540547
0.0000000000000000     6.0198182583756514      0.5222294908916497      -0.1831240860826492
0.0000000000000000     6.1452311387584775      0.5107127248932646      -0.1826447536309681
0.0000000000000000     6.2706440191413035      0.4996382441609314      -0.1821940281557799
0.0000000000000000     6.3960568995241296      0.4889794520921387      -0.1817694280423475
0.0000000000000000     6.5214697799069556      0.4787123722514652      -0.1813706178598763
0.0000000000000000     6.6468826602897817      0.4688161479212803      -0.1809928461819463
0.0000000000000000     6.7722955406726077      0.4592658531258692      -0.1806386631844744
0.0000000000000000     6.8977084210554338      0.4500524674195325      -0.1803066463482559
0.0000000000000000     7.0231213014382599      0.4411481415779631      -0.1799886304898013
0.0000000000000000     7.1485341818210859      0.4325444165599336      -0.1796943837445262
0.0000000000000000     7.2739470622039120      0.4242299209650517      -0.1794079338415034
0.0000000000000000     7.3993599425867380      0.4161776169944394      -0.1791278446288360
0.0000000000000000     7.5247728229695641      0.4083730899116731      -0.1788614386835632
0.0000000000000000     7.6501857033523901      0.4008146602459541      -0.1786014729443773
0.0000000000000000     7.7755985837352162      0.3934628247892120      -0.1783419851137369
0.0000000000000000     7.9010114641180422      0.3863225874137613      -0.1781215052502580
0.0000000000000000     8.0264243445008692      0.3793982774796573      -0.1779022594596621
0.0000000000000000     8.1518372248836961      0.3726592243761159      -0.1777069149252617
0.0000000000000000     8.2772501052665231      0.3661262550069367      -0.1775286848827639
0.0000000000000000     8.4026629856493500      0.3597752822010143      -0.1773612896742342
0.0000000000000000     8.5280758660321769      0.3536131520492522      -0.1771937952123791
0.0000000000000000     8.6534887464150039      0.3476042934817608      -0.1770250221811570
0.0000000000000000     8.7789016267978308      0.3417616519665808      -0.1768683607344751
0.0000000000000000     8.9043145071806578      0.3360631611035665      -0.1767044495474847
0.0000000000000000     9.0297273875634847      0.3305017255794234      -0.1765553737175715
0.0000000000000000     9.1551402679463116      0.3250824526244266      -0.1764100935960530
0.0000000000000000     9.2805531483291386      0.3197923979331415      -0.1762727652813821
0.0000000000000000     9.4059660287119655      0.3146305800836310      -0.1761414571419421
0.0000000000000000     9.5313789090947925      0.3095904761093004      -0.1760153365297976
0.0000000000000000     9.6567917894776194      0.3046676264198624      -0.1758946342022432
0.0000000000000000     9.7822046698604463      0.2998572252917875      -0.1757782263493094
0.0000000000000000     9.9076175502432733      0.2951546143692335      -0.1756668377540163
0.0000000000000000     10.0330304306261002      0.2905562482027728      -0.1755597611979393
0.0000000000000000     10.1584433110089272      0.2860576635352972      -0.1754567392726044
0.0000000000000000     10.2838561913917541      0.2816553516948022      -0.1753577443350752
0.0000000000000000     10.4092690717745811      0.2773456366631752      -0.1752623944490324
0.0000000000000000     10.5346819521574080      0.2731250413763661      -0.1751706216198056
0.0000000000000000     10.6600948325402349      0.2689903124512006      -0.1750822177498459
0.0000000000000000     10.7855077129230619      0.2649382943062907      -0.1749970341484151
0.0000000000000000     10.9109205933058888      0.2609659930470596      -0.1749149330392478
0.0000000000000000     11.0363334736887158      0.2570705423750601      -0.1748357786255439
0.0000000000000000     11.1617463540715427      0.2532491980699684      -0.1747594451511849
0.0000000000000000     11.2871592344543696      0.2494993324161055      -0.1746858149845713
0.0000000000000000     11.4125721148371966      0.2458184283402250      -0.1746147767395582
0.0000000000000000     11.5379849952200235      0.2422040696312768      -0.1745462256785605
0.0000000000000000     11.6633978756028505      0.2386539378567224      -0.1744800636290798
0.0000000000000000     11.7888107559856774      0.2351658050185346      -0.1744161978839715
0.0000000000000000     11.9142236363685043      0.2317375285323084      -0.1743545416479690
0.0000000000000000     12.0396365167513313      0.2283670458445982      -0.1742950135472474
0.0000000000000000     12.1650493971341582      0.2250523700883271      -0.1742375374047554
0.0000000000000000     12.2904622775169852      0.2217915832696925      -0.1741820418652377
0.0000000000000000     12.4158751578998121      0.2185828340878783      -0.1741284631871437
0.0000000000000000     12.5412880382826391      0.2154243328358507      -0.1740767369851482
0.0000000000000000     12.6667009186654660      0.2123143368083683      -0.1740268121800441
0.0000000000000000     12.7921137990482929      0.2092511769400839      -0.1739786382817215
0.0000000000000000     12.9175266794311199      0.2062331952161356      -0.1739321665999487
0.0000000000000000     13.0429395598139468      0.2032587980872320      -0.1738873641827390
0.0000000000000000     13.1683524401967738      0.2003264445547847      -0.1738442159059733
0.0000000000000000     13.2937653205796007      0.1974346144701228      -0.1738025924421685
0.0000000000000000     13.4191782009624276      0.1945815926588794      -0.1737625612492099
0.0000000000000000     13.5445910813452546      0.1917662497490814      -0.1737240524427294
0.0000000000000000     13.6700039617280815      0.1889861079040656      -0.1736860716647923
0.0000000000000000     13.7954168421109085      0.1862394601424536      -0.1736510155260760
0.0000000000000000     13.9208297224937354      0.1835260008845308      -0.1736149827463865
0.0000000000000000     14.0462426028765623      0.1808359976895864      -0.1735826779783102
0.0000000000000000     14.1716554832593893      0.1781739702968372      -0.1735562310053513
0.0000000000000000     14.2970683636422162      0.1755372183348156      -0.1735375553062350
0.0000000000000000     14.4224812440250432      0.1729121780524100      -0.1735277380943427
0.0000000000000000     14.5478941244078701      0.1703117863523090      -0.1735463537122744
0.0000000000000000     14.6733070047906971      0.1677237101146591      -0.1735703808387562
0.0000000000000000     14.7987198851735240      0.1650456534219639      -0.1737107791202091
0.0000000000000000     14.9241327655563509      0.1627170639935225      -0.1741812887381231
0.0000000000000000     15.0495456459391779      0.1605745935245024      -0.1742317203815531
0.0000000000000000     15.1749585263220048      0.1584285367622781      -0.1745767792299324
0.0000000000000000     15.3003714067048318      0.1569567190247848      -0.1743876233408851
0.0000000000000000     15.4257842870876587      0.1549237783414531      -0.1736781603220712
0.0000000000000000     15.5511971674704856      0.1525839753202073      -0.1729995573233672
0.0000000000000000     15.6766100478533126      0.1500092845319566      -0.1723427919620589
    
0.2617993877991496     0.0000000000000000      -0.0086421179539265      -0.0065661251461113
0.2617993877991496     0.1254128803828261      -0.0056861813395511      -0.0108316551120943
0.2617993877991496     0.2508257607656522      -0.0024081611124838      -0.0105225976718566
0.2617993877991496     0.3762386411484783      0.0000671119380376      -0.0093691735691200
0.2617993877991496     0.5016515215313043      -0.0000913332812276      -0.0056554383459602
0.2617993877991496     0.6270644019141304      -0.0027808433862379      -0.0054190131986718
0.2617993877991496     0.7524772822969564      -0.0032531647757059      -0.0063238083917182
0.2617993877991496     0.8778901626797825      -0.0032035090502866      -0.0066020562793132
0.2617993877991496     1.0033030430626086      -0.0033868399069686      -0.0067206505710580
0.2617993877991496     1.1287159234454347      -0.0032947604567486      -0.0069151380364255
0.2617993877991496     1.2541288038282608      -0.0032842610846747      -0.0068814509228657
0.2617993877991496     1.3795416842110868      -0.0033093233190031      -0.0069065818292171
0.2617993877991496     1.5049545645939129      -0.0033387566058167      -0.0068870579607561
0.2617993877991496     1.6303674449767389      -0.0033957484312552      -0.0068779256816429
0.2617993877991496     1.7557803253595650      -0.0034501092313873      -0.0068800396193323
0.2617993877991496     1.8811932057423910      -0.0035034397406378      -0.0068812422200764
0.2617993877991496     2.0066060861252173      -0.0035568134409676      -0.0068828480393771
0.2617993877991496     2.1320189665080433      -0.0036105620872620      -0.0068839212160195
0.2617993877991496     2.2574318468908694      -0.0036646464113121      -0.0068846600925704
0.2617993877991496     2.3828447272736955      -0.0037195489208658      -0.0068852941353741
0.2617993877991496     2.5082576076565215      -0.0037748562489632      -0.0068859255451348
0.2617993877991496     2.6336704880393476      -0.0038306790339570      -0.0068864711717572
0.2617993877991496     2.7590833684221736      -0.0038869737962586      -0.0068870318696206
0.2617993877991496     2.8844962488049997      -0.0039437185045247      -0.0068875756868323
0.2617993877991496     3.0099091291878257      -0.0040009227464774      -0.0068881131138079
0.2617993877991496     3.1353220095706518      -0.0040585799396795      -0.0068886495703067
0.2617993877991496     3.2607348899534778      -0.0041166943267209      -0.0068891864118368
0.2617993877991496     3.3861477703363039      -0.0041752701197521      -0.0068897265665096
0.2617993877991496     3.5115606507191299      -0.0042343131935412      -0.0068902716974525
0.2617993877991496     3.6369735311019560      -0.0042938301845336      -0.0068908228982470
0.2617993877991496     3.7623864114847820      -0.0043538292078424      -0.0068913813315763
0.2617993877991496     3.8877992918676081      -0.0044143188190882      -0.0068919478928582
0.2617993877991496     4.0132121722504346      -0.0044753083818145      -0.0068925233348435
0.2617993877991496     4.1386250526332606      -0.0045368077714424      -0.0068931083770520
0.2617993877991496     4.2640379330160867      -0.0045988274073197      -0.0068937036336170
0.2617993877991496     4.3894508133989127      -0.0046613781726279      -0.0068943097290553
0.2617993877991496     4.5148636937817388      -0.0047244714146316      -0.0068949271853890
0.2617993877991496     4.6402765741645648      -0.0047881189329064      -0.0068955565871967
0.2617993877991496     4.7656894545473909      -0.0048523329384397      -0.0068961984861855
0.2617993877991496     4.8911023349302170      -0.0049171260854004      -0.0068968534107614
0.2617993877991496     5.0165152153130430      -0.0049825117747097      -0.0068975218973279
0.2617993877991496     5.1419280956958691      -0.0050485033105370      -0.0068982049797452
0.2617993877991496     5.2673409760786951      -0.0051151144346082      -0.0068989018701742
0.2617993877991496     5.3927538564615212      -0.0051823627291434      -0.0068996158696900
0.2617993877991496     5.5181667368443472      -0.0052502561082710      -0.0069003470922217
0.2617993877991496     5.6435796172271733      -0.0053188251920771      -0.0069010880939346
0.2617993877991496     5.7689924976099993      -0.0053880709113662      -0.0069018590736230
0.2617993877991496     5.8944053779928254      -0.0054580212873868      -0.0069026357404781
0.2617993877991496     6.0198182583756514      -0.0055287170591575      -0.0069034256185571
0.2617993877991496     6.1452311387584775      -0.0056001740080033      -0.0069042767059415
0.2617993877991496     6.2706440191413035      -0.0056723641350189      -0.0069051292881060
0.2617993877991496     6.3960568995241296      -0.0057455348287200      -0.0069059313695312
0.2617993877991496     6.5214697799069556      -0.0058196976942526      -0.0069074739745598
0.2617993877991496     6.6468826602897817      -0.0058942081300167      -0.0069082020224434
0.2617993877991496     6.7722955406726077      -0.0059715045583246      -0.0069106227921183
0.2617993877991496     6.8977084210554338      -0.0060454723744510      -0.0069147685133835
0.2617993877991496     7.0231213014382599      -0.0061222541002329      -0.0069164833716192
0.2617993877991496     7.1485341818210859      -0.0061971098590906      -0.0069217555656010
0.2617993877991496     7.2739470622039120      -0.0062675447653958      -0.0069233411000138
0.2617993877991496     7.3993599425867380      -0.0063415070751706      -0.0069168615140756
0.2617993877991496     7.5247728229695641      -0.0064239349466966      -0.0069130870282988
0.2617993877991496     7.6501857033523901      -0.0064997168078864      -0.0069071812464706
0.2617993877991496     7.7755985837352162      -0.0065939744501995      -0.0068935708464266
0.2617993877991496     7.9010114641180422      -0.0066896532506900      -0.0069032207271548
0.2617993877991496     8.0264243445008692      -0.0067782113587320      -0.0069046757920078
0.2617993877991496     8.1518372248836961      -0.0068707533148094      -0.0069150081931984
0.2617993877991496     8.2772501052665231      -0.0069553104417643      -0.0069232914615739
0.2617993877991496     8.4026629856493500      -0.0070408299651966      -0.0069372735450071
0.2617993877991496     8.5280758660321769      -0.0071130740879888      -0.0069369342762825
0.2617993877991496     8.6534887464150039      -0.0072042004981667      -0.0069310564159359
0.2617993877991496     8.7789016267978308      -0.0072898502336840      -0.0069332120676657
0.2617993877991496     8.9043145071806578      -0.0073817098742410      -0.0069255235270707
0.2617993877991496     9.0297273875634847      -0.0074814286500819      -0.0069252939401891
0.2617993877991496     9.1551402679463116      -0.0075782556837637      -0.0069275548631485
0.2617993877991496     9.2805531483291386      -0.0076751026302256      -0.0069298744837099
0.2617993877991496     9.4059660287119655      -0.0077743058779253      -0.0069319764892595
0.2617993877991496     9.5313789090947925      -0.0078726715303571      -0.0069349584972235
0.2617993877991496     9.6567917894776194      -0.0079727520002296      -0.0069363260454290
0.2617993877991496     9.7822046698604463      -0.0080747513230916      -0.0069381017967616
0.2617993877991496     9.9076175502432733      -0.0081781754208308      -0.0069397187419977
0.2617993877991496     10.0330304306261002      -0.0082832436470991      -0.0069413784624341
0.2617993877991496     10.1584433110089272      -0.0083900132923174      -0.0069431079365035
0.2617993877991496     10.2838561913917541      -0.0084984066562340      -0.0069449268939273
0.2617993877991496     10.4092690717745811      -0.0086085177161898      -0.0069467687611117
0.2617993877991496     10.5346819521574080      -0.0087203966400253      -0.0069486886008520
0.2617993877991496     10.6600948325402349      -0.0088340702316006      -0.0069506621056134
0.2617993877991496     10.7855077129230619      -0.0089496130408978      -0.0069526909618512
0.2617993877991496     10.9109205933058888      -0.0090670695763635      -0.0069547830940334
0.2617993877991496     11.0363334736887158      -0.0091865005534688      -0.0069569358108168
0.2617993877991496     11.1617463540715427      -0.0093079663845466      -0.0069591539557004
0.2617993877991496     11.2871592344543696      -0.0094315290261543      -0.0069614393972937
0.2617993877991496     11.4125721148371966      -0.0095572531667735      -0.0069637948741119
0.2617993877991496     11.5379849952200235      -0.0096852064229199      -0.0069662233047169
0.2617993877991496     11.6633978756028505      -0.0098154588152781      -0.0069687277562506
0.2617993877991496     11.7888107559856774      -0.0099480834430249      -0.0069713112978837
0.2617993877991496     11.9142236363685043      -0.0100831564419855      -0.0069739773052162
0.2617993877991496     12.0396365167513313      -0.0102207571186114      -0.0069767292569392
0.2617993877991496     12.1650493971341582      -0.0103609681942783      -0.0069795708239522
0.2617993877991496     12.2904622775169852      -0.0105038759846584      -0.0069825058483891
0.2617993877991496     12.4158751578998121      -0.0106495705272752      -0.0069855384817614
0.2617993877991496     12.5412880382826391      -0.0107981458175522      -0.0069886728317542
0.2617993877991496     12.6667009186654660      -0.0109497004040463      -0.0069919135976031
0.2617993877991496     12.7921137990482929      -0.0111043362966851      -0.0069952657242384
0.2617993877991496     12.9175266794311199      -0.0112621617556992      -0.0069987341592170
0.2617993877991496     13.0429395598139468      -0.0114232886093702      -0.0070023246715820
0.2617993877991496     13.1683524401967738      -0.0115878338929848      -0.0070060449018657
0.2617993877991496     13.2937653205796007      -0.0117559209394795      -0.0070099000976352
0.2617993877991496     13.4191782009624276      -0.0119276828759144      -0.0070139097989848
0.2617993877991496     13.5445910813452546      -0.0121032214694017      -0.0070180950957804
0.2617993877991496     13.6700039617280815      -0.0122826831815011      -0.0070224207302049
0.2617993877991496     13.7954168421109085      -0.0124661406488510      -0.0070269931411509
0.2617993877991496     13.9208297224937354      -0.0126536291053084      -0.0070316113040423
0.2617993877991496     14.0462426028765623      -0.0128455502015600      -0.0070362352281734
0.2617993877991496     14.1716554832593893      -0.0130416522798385      -0.0070407197998068
0.2617993877991496     14.2970683636422162      -0.0132427614445706      -0.0070447223080628
0.2617993877991496     14.4224812440250432      -0.0134497689502513      -0.0070482487479083
0.2617993877991496     14.5478941244078701      -0.0136621277569834      -0.0070532493353711
0.2617993877991496     14.6733070047906971      -0.0138783109669398      -0.0070555793871482
0.2617993877991496     14.7987198851735240      -0.0141069158674659      -0.0070551092283165
0.2617993877991496     14.9241327655563509      -0.0143391084931732      -0.0070637214012600
0.2617993877991496     15.0495456459391779      -0.0145967018959437      -0.0070636278716266
0.2617993877991496     15.1749585263220048      -0.0148478462194760      -0.0071042916388128
0.2617993877991496     15.3003714067048318      -0.0150694524909538      -0.0071287303050590
0.2617993877991496     15.4257842870876587      -0.0153127168576691      -0.0071304411603009
0.2617993877991496     15.5511971674704856      -0.0155651939586871      -0.0071403085605608
0.2617993877991496     15.6766100478533126      -0.0158202958631093      -0.0071459440560993
    
0.5235987755982987     0.0000000000000000      -0.0454467747335083      -0.0043930552907354
0.5235987755982987     0.1254128803828261      -0.0239172139150996      -0.0352224911646177
0.5235987755982987     0.2508257607656522      0.0000528383788643      -0.0330519211819416
0.5235987755982987     0.3762386411484783      0.0182430990399935      -0.0247410833331266
0.5235987755982987     0.5016515215313043      0.0174239774086035      0.0020433629511533
0.5235987755982987     0.6270644019141304      -0.0016538010873587      0.0037551589722262
0.5235987755982987     0.7524772822969564      -0.0047420549243895      -0.0027743670862996
0.5235987755982987     0.8778901626797825      -0.0040603367082021      -0.0047800676507376
0.5235987755982987     1.0033030430626086      -0.0050578476068035      -0.0056328684685323
0.5235987755982987     1.1287159234454347      -0.0040700380387001      -0.0070325873223041
0.5235987755982987     1.2541288038282608      -0.0036683985415912      -0.0067877899615549
0.5235987755982987     1.3795416842110868      -0.0035215721841633      -0.0069666157281114
0.5235987755982987     1.5049545645939129      -0.0034045139194328      -0.0068238140295569
0.5235987755982987     1.6303674449767389      -0.0034840133827938      -0.0067558082398594
0.5235987755982987     1.7557803253595650      -0.0035426500073195      -0.0067687660935164
0.5235987755982987     1.8811932057423910      -0.0035917962988001      -0.0067751326274095
0.5235987755982987     2.0066060861252173      -0.0036391539296206      -0.0067843149202361
0.5235987755982987     2.1320189665080433      -0.0036870606690335      -0.0067896082107583
0.5235987755982987     2.2574318468908694      -0.0037351795761496      -0.0067924294017499
0.5235987755982987     2.3828447272736955      -0.0037869282513975      -0.0067944336440076
0.5235987755982987     2.5082576076565215      -0.0038392771667373      -0.0067963587164243
0.5235987755982987     2.6336704880393476      -0.0038929649449068      -0.0067976062848302
0.5235987755982987     2.7590833684221736      -0.0039476227881205      -0.0067989012933957
0.5235987755982987     2.8844962488049997      -0.0040030352087788      -0.0068000136341395
0.5235987755982987     3.0099091291878257      -0.0040592132980706      -0.0068010177715448
0.5235987755982987     3.1353220095706518      -0.0041160514599563      -0.0068019518485666
0.5235987755982987     3.2607348899534778      -0.0041735206208461      -0.0068028245381054
0.5235987755982987     3.3861477703363039      -0.0042315906855043      -0.0068036556405839
0.5235987755982987     3.5115606507191299      -0.0042902422260137      -0.0068044559166647
0.5235987755982987     3.6369735311019560      -0.0043494600473261      -0.0068052317819874
0.5235987755982987     3.7623864114847820      -0.0044092383401722      -0.0068059901079566
0.5235987755982987     3.8877992918676081      -0.0044695729552839      -0.0068067358315483
0.5235987755982987     4.0132121722504346      -0.0045304640004314      -0.0068074726318885
0.5235987755982987     4.1386250526332606      -0.0045919138202234      -0.0068082039305454
0.5235987755982987     4.2640379330160867      -0.0046539267326944      -0.0068089323522046
0.5235987755982987     4.3894508133989127      -0.0047165087565558      -0.0068096601684353
0.5235987755982987     4.5148636937817388      -0.0047796672320285      -0.0068103892460799
0.5235987755982987     4.6402765741645648      -0.0048434106608382      -0.0068111212929797
0.5235987755982987     4.7656894545473909      -0.0049077482991131      -0.0068118576357818
0.5235987755982987     4.8911023349302170      -0.0049726906982739      -0.0068125994357677
0.5235987755982987     5.0165152153130430      -0.0050382483283380      -0.0068133482887093
0.5235987755982987     5.1419280956958691      -0.0051044331338302      -0.0068141042250991
0.5235987755982987     5.2673409760786951      -0.0051712570437573      -0.0068148688552912
0.5235987755982987     5.3927538564615212      -0.0052387322317932      -0.0068156434087083
0.5235987755982987     5.5181667368443472      -0.0053068695783546      -0.0068164266375708
0.5235987755982987     5.6435796172271733      -0.0053756885506131      -0.0068172182792607
0.5235987755982987     5.7689924976099993      -0.0054451912043019      -0.0068180290228716
0.5235987755982987     5.8944053779928254      -0.0055153819145505      -0.0068188158682538
0.5235987755982987     6.0198182583756514      -0.0055863298169385      -0.0068196491783630
0.5235987755982987     6.1452311387584775      -0.0056578979564755      -0.0068204583877202
0.5235987755982987     6.2706440191413035      -0.0057303651480511      -0.0068211496504818
0.5235987755982987     6.3960568995241296      -0.0058034859588479      -0.0068220002345621
0.5235987755982987     6.5214697799069556      -0.0058773677313623      -0.0068224720790697
0.5235987755982987     6.6468826602897817      -0.0059524553022315      -0.0068231059833478
0.5235987755982987     6.7722955406726077      -0.0060282882621910      -0.0068238415495724
0.5235987755982987     6.8977084210554338      -0.0061047459935470      -0.0068246414209368
0.5235987755982987     7.0231213014382599      -0.0061819277825184      -0.0068253584844970
0.5235987755982987     7.1485341818210859      -0.0062600790390017      -0.0068243486324536
0.5235987755982987     7.2739470622039120      -0.0063389560904442      -0.0068258803706527
0.5235987755982987     7.3993599425867380      -0.0064192556846039      -0.0068195215754053
0.5235987755982987     7.5247728229695641      -0.0065118088130342      -0.0068198175864503
0.5235987755982987     7.6501857033523901      -0.0065949695022988      -0.0068242456690508
0.5235987755982987     7.7755985837352162      -0.0066897623850058      -0.0068265910209554
0.5235987755982987     7.9010114641180422      -0.0067774496768743      -0.0068452025180880
0.5235987755982987     8.0264243445008692      -0.0068586664837421      -0.0068571677465667
0.5235987755982987     8.1518372248836961      -0.0069294371599634      -0.0068701005375935
0.5235987755982987     8.2772501052665231      -0.0070049669111587      -0.0068658975140112
0.5235987755982987     8.4026629856493500      -0.0070841383813158      -0.0068727672076066
0.5235987755982987     8.5280758660321769      -0.0071536505259091      -0.0068561322605015
0.5235987755982987     8.6534887464150039      -0.0072519324809427      -0.0068391817250008
0.5235987755982987     8.7789016267978308      -0.0073481025213286      -0.0068351017480712
0.5235987755982987     8.9043145071806578      -0.0074482866048802      -0.0068276503890473
0.5235987755982987     9.0297273875634847      -0.0075554959956363      -0.0068263003626895
0.5235987755982987     9.1551402679463116      -0.0076595158024145      -0.0068347629138935
0.5235987755982987     9.2805531483291386      -0.0077566421093943      -0.0068401095650712
0.5235987755982987     9.4059660287119655      -0.0078594203111599      -0.0068441107844289
0.5235987755982987     9.5313789090947925      -0.0079576345581230      -0.0068503586564174
0.5235987755982987     9.6567917894776194      -0.0080582675608997      -0.0068518159376671
0.5235987755982987     9.7822046698604463      -0.0081614899839549      -0.0068548995432624
0.5235987755982987     9.9076175502432733      -0.0082655878674189      -0.0068567250399095
0.5235987755982987     10.0330304306261002      -0.0083720036624786      -0.0068585384868462
0.5235987755982987     10.1584433110089272      -0.0084800705086734      -0.0068604842991781
0.5235987755982987     10.2838561913917541      -0.0085899408243208      -0.0068623590523263
0.5235987755982987     10.4092690717745811      -0.0087016732072231      -0.0068642974580376
0.5235987755982987     10.5346819521574080      -0.0088152620983018      -0.0068662805156991
0.5235987755982987     10.6600948325402349      -0.0089307418895468      -0.0068683173832043
0.5235987755982987     10.7855077129230619      -0.0090481890174860      -0.0068704068045158
0.5235987755982987     10.9109205933058888      -0.0091676362203342      -0.0068725600236511
0.5235987755982987     11.0363334736887158      -0.0092891494934451      -0.0068747710348044
0.5235987755982987     11.1617463540715427      -0.0094127896324940      -0.0068770492287806
0.5235987755982987     11.2871592344543696      -0.0095386191810859      -0.0068793951404576
0.5235987755982987     11.4125721148371966      -0.0096667065709482      -0.0068818122914908
0.5235987755982987     11.5379849952200235      -0.0097971213373738      -0.0068843042337114
0.5235987755982987     11.6633978756028505      -0.0099299369496743      -0.0068868741253489
0.5235987755982987     11.7888107559856774      -0.0100652299315582      -0.0068895254743786
0.5235987755982987     11.9142236363685043      -0.0102030801245187      -0.0068922618115949
0.5235987755982987     12.0396365167513313      -0.0103435708137530      -0.0068950868135861
0.5235987755982987     12.1650493971341582      -0.0104867887546828      -0.0068980042488901
0.5235987755982987     12.2904622775169852      -0.0106328248210775      -0.0069010178560701
0.5235987755982987     12.4158751578998121      -0.0107817734604986      -0.0069041322761686
0.5235987755982987     12.5412880382826391      -0.0109337331821492      -0.0069073504269453
0.5235987755982987     12.6667009186654660      -0.0110888093767277      -0.0069106779731070
0.5235987755982987     12.7921137990482929      -0.0112471050573647      -0.0069141206899896
0.5235987755982987     12.9175266794311199      -0.0114087393571392      -0.0069176826714161
0.5235987755982987     13.0429395598139468      -0.0115738264817386      -0.0069213720724744
0.5235987755982987     13.1683524401967738      -0.0117424857833266      -0.0069252085295709
0.5235987755982987     13.2937653205796007      -0.0119148476438712      -0.0069291924695511
0.5235987755982987     13.4191782009624276      -0.0120910763385381      -0.0069334249062772
0.5235987755982987     13.5445910813452546      -0.0122710717375488      -0.0069380155697260
0.5235987755982987     13.6700039617280815      -0.0124550145113168      -0.0069426654811296
0.5235987755982987     13.7954168421109085      -0.0126425096667082      -0.0069480938244610
0.5235987755982987     13.9208297224937354      -0.0128328470168638      -0.0069528009233176
0.5235987755982987     14.0462426028765623      -0.0130279064696906      -0.0069564455854017
0.5235987755982987     14.1716554832593893      -0.0132248055916536      -0.0069579229572124
0.5235987755982987     14.2970683636422162      -0.0134283782338931      -0.0069546984096312
0.5235987755982987     14.4224812440250432      -0.0136438650553218      -0.0069467523567310
0.5235987755982987     14.5478941244078701      -0.0138660788258237      -0.0069480673904873
0.5235987755982987     14.6733070047906971      -0.0140827033312221      -0.0069286989608063
0.5235987755982987     14.7987198851735240      -0.0143543039112703      -0.0068876271205655
0.5235987755982987     14.9241327655563509      -0.0146157791117918      -0.0069103981222234
0.5235987755982987     15.0495456459391779      -0.0150228049807900      -0.0068687543588897
0.5235987755982987     15.1749585263220048      -0.0153441369240579      -0.0071191062230002
0.5235987755982987     15.3003714067048318      -0.0154116443278161      -0.0072506553455049
0.5235987755982987     15.4257842870876587      -0.0155924522459592      -0.0072164013068732
0.5235987755982987     15.5511971674704856      -0.0157948931476225      -0.0072388208619535
0.5235987755982987     15.6766100478533126      -0.0159694221160260      -0.0072284610543883
    
0.7853981633974478     0.0000000000000000      0.0133882921652231      -0.0077400814980198
0.7853981633974478     0.1254128803828261      0.0051673039547072      0.0039460352752759
0.7853981633974478     0.2508257607656522      -0.0039854482510502      0.0031277231198476
0.7853981633974478     0.3762386411484783      -0.0109498969532162      -0.0000207949479824
0.7853981633974478     0.5016515215313043      -0.0107100476908560      -0.0101707552985860
0.7853981633974478     0.6270644019141304      -0.0035517027326969      -0.0108197814409770
0.7853981633974478     0.7524772822969564      -0.0024521920781785      -0.0083464604715526
0.7853981633974478     0.8778901626797825      -0.0027813703768489      -0.0075869161551423
0.7853981633974478     1.0033030430626086      -0.0024747266412659      -0.0072642164920634
0.7853981633974478     1.1287159234454347      -0.0029207792711621      -0.0067342783514963
0.7853981633974478     1.2541288038282608      -0.0031451463544889      -0.0068274794954505
0.7853981633974478     1.3795416842110868      -0.0032734053158144      -0.0067601703444514
0.7853981633974478     1.5049545645939129      -0.0033908307616238      -0.0068147479245715
0.7853981633974478     1.6303674449767389      -0.0034342338638084      -0.0068409926001316
0.7853981633974478     1.7557803253595650      -0.0034860120366322      -0.0068365724479380
0.7853981633974478     1.8811932057423910      -0.0035418634789110      -0.0068346607187791
0.7853981633974478     2.0066060861252173      -0.0035988839030508      -0.0068316934689831
0.7853981633974478     2.1320189665080433      -0.0036561975767575      -0.0068302122114548
0.7853981633974478     2.2574318468908694      -0.0037139434971444      -0.0068296795465719
0.7853981633974478     2.3828447272736955      -0.0037708386858389      -0.0068294687123225
0.7853981633974478     2.5082576076565215      -0.0038280425314949      -0.0068293003975606
0.7853981633974478     2.6336704880393476      -0.0038852873042120      -0.0068294013953287
0.7853981633974478     2.7590833684221736      -0.0039427249923792      -0.0068294973581670
0.7853981633974478     2.8844962488049997      -0.0040004496945865      -0.0068296757076706
0.7853981633974478     3.0099091291878257      -0.0040584699566928      -0.0068299084793643
0.7853981633974478     3.1353220095706518      -0.0041168387910375      -0.0068301815275799
0.7853981633974478     3.2607348899534778      -0.0041755804642723      -0.0068304918499781
0.7853981633974478     3.3861477703363039      -0.0042347199536422      -0.0068308322386643
0.7853981633974478     3.5115606507191299      -0.0042942784756504      -0.0068311989507105
0.7853981633974478     3.6369735311019560      -0.0043542759408867      -0.0068315898730877
0.7853981633974478     3.7623864114847820      -0.0044147290478927      -0.0068320027379245
0.7853981633974478     3.8877992918676081      -0.0044756541767339      -0.0068324360396299
0.7853981633974478     4.0132121722504346      -0.0045370664307445      -0.0068328887313167
0.7853981633974478     4.1386250526332606      -0.0045989804400819      -0.0068333598862115
0.7853981633974478     4.2640379330160867      -0.0046614104301790      -0.0068338488980406
0.7853981633974478     4.3894508133989127      -0.0047243703315999      -0.0068343553020524
0.7853981633974478     4.5148636937817388      -0.0047878740026726      -0.0068348787422764
0.7853981633974478     4.6402765741645648      -0.0048519352605961      -0.0068354190769171
0.7853981633974478     4.7656894545473909      -0.0049165677825172      -0.0068359760954192
0.7853981633974478     4.8911023349302170      -0.0049817857413801      -0.0068365496689252
0.7853981633974478     5.0165152153130430      -0.0050476027858874      -0.0068371402214355
0.7853981633974478     5.1419280956958691      -0.0051140333758017      -0.0068377470437654
0.7853981633974478     5.2673409760786951      -0.0051810916561511      -0.0068383706507783
0.7853981633974478     5.3927538564615212      -0.0052487922254671      -0.0068390119044941
0.7853981633974478     5.5181667368443472      -0.0053171469635481      -0.0068396691731028
0.7853981633974478     5.6435796172271733      -0.0053861781300366      -0.0068403406747156
0.7853981633974478     5.7689924976099993      -0.0054558886730687      -0.0068410379942888
0.7853981633974478     5.8944053779928254      -0.0055262872206223      -0.0068417203815611
0.7853981633974478     6.0198182583756514      -0.0055974396917900      -0.0068424489684467
0.7853981633974478     6.1452311387584775      -0.0056692314123227      -0.0068431696273658
0.7853981633974478     6.2706440191413035      -0.0057418984653880      -0.0068437930515270
0.7853981633974478     6.3960568995241296      -0.0058152655981688      -0.0068445497302324
0.7853981633974478     6.5214697799069556      -0.0058894271275712      -0.0068450891500104
0.7853981633974478     6.6468826602897817      -0.0059646744169685      -0.0068456557948188
0.7853981633974478     6.7722955406726077      -0.0060409570187955      -0.0068465518342746
0.7853981633974478     6.8977084210554338      -0.0061173078591977      -0.0068477495780346
0.7853981633974478     7.0231213014382599      -0.0061946803555435      -0.0068485354017574
0.7853981633974478     7.1485341818210859      -0.0062726159239094      -0.0068483433429138
0.7853981633974478     7.2739470622039120      -0.0063505531469103      -0.0068498152890512
0.7853981633974478     7.3993599425867380      -0.0064302135551392      -0.0068433742568448
0.7853981633974478     7.5247728229695641      -0.0065215958891071      -0.0068430321333624
0.7853981633974478     7.6501857033523901      -0.0066039775745880      -0.0068459392173885
0.7853981633974478     7.7755985837352162      -0.0066989623811764      -0.0068459711753405
0.7853981633974478     7.9010114641180422      -0.0067880505896098      -0.0068632592280160
0.7853981633974478     8.0264243445008692      -0.0068705810282987      -0.0068736839305604
0.7853981633974478     8.1518372248836961      -0.0069447089308006      -0.0068861953071792
0.7853981633974478     8.2772501052665231      -0.0070218005968743      -0.0068837040930700
0.7853981633974478     8.4026629856493500      -0.0071021606384365      -0.0068915279451292
0.7853981633974478     8.5280758660321769      -0.0071723559944409      -0.0068771460141683
0.7853981633974478     8.6534887464150039      -0.0072699300804666      -0.0068617120480720
0.7853981633974478     8.7789016267978308      -0.0073649226942485      -0.0068584665449407
0.7853981633974478     8.9043145071806578      -0.0074642461660977      -0.0068509362130667
0.7853981633974478     9.0297273875634847      -0.0075707195993129      -0.0068497003859940
0.7853981633974478     9.1551402679463116      -0.0076740524465960      -0.0068572442544881
0.7853981633974478     9.2805531483291386      -0.0077714754533006      -0.0068621218397496
0.7853981633974478     9.4059660287119655      -0.0078740922849709      -0.0068658144690905
0.7853981633974478     9.5313789090947925      -0.0079726794454167      -0.0068715617926801
0.7853981633974478     9.6567917894776194      -0.0080735940523627      -0.0068729683778757
0.7853981633974478     9.7822046698604463      -0.0081770118327317      -0.0068758302942965
0.7853981633974478     9.9076175502432733      -0.0082813915301292      -0.0068775905138109
0.7853981633974478     10.0330304306261002      -0.0083880031603380      -0.0068793475071589
0.7853981633974478     10.1584433110089272      -0.0084962825932378      -0.0068812290805716
0.7853981633974478     10.2838561913917541      -0.0086063501658872      -0.0068830633488649
0.7853981633974478     10.4092690717745811      -0.0087182699205751      -0.0068849565769744
0.7853981633974478     10.5346819521574080      -0.0088320446763427      -0.0068869002309768
0.7853981633974478     10.6600948325402349      -0.0089477082762354      -0.0068888987648585
0.7853981633974478     10.7855077129230619      -0.0090653374526627      -0.0068909513467787
0.7853981633974478     10.9109205933058888      -0.0091849672334922      -0.0068930687796218
0.7853981633974478     11.0363334736887158      -0.0093066635355049      -0.0068952455678874
0.7853981633974478     11.1617463540715427      -0.0094304878352626      -0.0068974905005339
0.7853981633974478     11.2871592344543696      -0.0095565034084806      -0.0068998043628536
0.7853981633974478     11.4125721148371966      -0.0096847790578024      -0.0069021906438783
0.7853981633974478     11.5379849952200235      -0.0098153850476086      -0.0069046529041686
0.7853981633974478     11.6633978756028505      -0.0099483954991290      -0.0069071944081341
0.7853981633974478     11.7888107559856774      -0.0100838877313957      -0.0069098187587318
0.7853981633974478     11.9142236363685043      -0.0102219425337836      -0.0069125296846765
0.7853981633974478     12.0396365167513313      -0.0103626442635648      -0.0069153310826192
0.7853981633974478     12.1650493971341582      -0.0105060812388811      -0.0069182270969722
0.7853981633974478     12.2904622775169852      -0.0106523455980874      -0.0069212221769394
0.7853981633974478     12.4158751578998121      -0.0108015338798559      -0.0069243207222433
0.7853981633974478     12.5412880382826391      -0.0109537471298585      -0.0069275281429269
0.7853981633974478     12.6667009186654660      -0.0111090901558432      -0.0069308491666629
0.7853981633974478     12.7921137990482929      -0.0112676754213441      -0.0069342888690571
0.7853981633974478     12.9175266794311199      -0.0114296164091999      -0.0069378534023715
0.7853981633974478     13.0429395598139468      -0.0115950360085156      -0.0069415478225573
0.7853981633974478     13.1683524401967738      -0.0117640631779697      -0.0069453733228635
0.7853981633974478     13.2937653205796007      -0.0119368311722214      -0.0069493389174031
0.7853981633974478     13.4191782009624276      -0.0121134694061096      -0.0069534160537871
0.7853981633974478     13.5445910813452546      -0.0122942170702868      -0.0069575734977075
0.7853981633974478     13.6700039617280815      -0.0124792171057445      -0.0069619355527198
0.7853981633974478     13.7954168421109085      -0.0126688414022134      -0.0069662414064468
0.7853981633974478     13.9208297224937354      -0.0128635928278035      -0.0069710717874106
0.7853981633974478     14.0462426028765623      -0.0130630050792217      -0.0069765693019456
0.7853981633974478     14.1716554832593893      -0.0132684294852139      -0.0069831667932013
0.7853981633974478     14.2970683636422162      -0.0134783075450786      -0.0069918397967685
0.7853981633974478     14.4224812440250432      -0.0136909415238306      -0.0070026121251140
0.7853981633974478     14.5478941244078701      -0.0139086008252952      -0.0070102025883272
0.7853981633974478     14.6733070047906971      -0.0141362739957041      -0.0070259764719474
0.7853981633974478     14.7987198851735240      -0.0143513508771019      -0.0070503410019731
0.7853981633974478     14.9241327655563509      -0.0145788570559727      -0.0070509023539162
0.7853981633974478     15.0495456459391779      -0.0147601850470965      -0.0070762811269039
0.7853981633974478     15.1749585263220048      -0.0149833602322326      -0.0069914526828164
0.7853981633974478     15.3003714067048318      -0.0153125168753667      -0.0069520993720404
0.7853981633974478     15.4257842870876587      -0.0156090017216985      -0.0069760604955838
0.7853981633974478     15.5511971674704856      -0.0159080307471451      -0.0069790675628595
0.7853981633974478     15.6766100478533126      -0.0162288894316414      -0.0069950499996978
    
1.0471975511965974     0.0000000000000000      -0.0030968529645583      -0.1541211388143814
1.0471975511965974     0.1254128803828261      0.1065981471333972      -0.0471869352426675
1.0471975511965974     0.2508257607656522      0.0429843045805846      0.0132277047954496
1.0471975511965974     0.3762386411484783      0.0248482158855357      0.0068664455155729
1.0471975511965974     0.5016515215313043      0.0162790077124317      0.0092704677106787
1.0471975511965974     0.6270644019141304      0.0083872092863597      0.0097165495509949
1.0471975511965974     0.7524772822969564      0.0012179770698801      0.0089521791340471
1.0471975511965974     0.8778901626797825      -0.0028707064487982      0.0072666053243135
1.0471975511965974     1.0033030430626086      -0.0092086064942783      0.0023840154011680
1.0471975511965974     1.1287159234454347      -0.0076836065181422      -0.0029992983227058
1.0471975511965974     1.2541288038282608      -0.0067550314886016      -0.0039705672278888
1.0471975511965974     1.3795416842110868      -0.0061696074565676      -0.0057356869350882
1.0471975511965974     1.5049545645939129      -0.0053010267357880      -0.0062004106732270
1.0471975511965974     1.6303674449767389      -0.0048822278572022      -0.0064659470415588
1.0471975511965974     1.7557803253595650      -0.0045582240053494      -0.0066357908636593
1.0471975511965974     1.8811932057423910      -0.0043514392528100      -0.0067039614414974
1.0471975511965974     2.0066060861252173      -0.0042339237127659      -0.0067549210094153
1.0471975511965974     2.1320189665080433      -0.0041632789188923      -0.0067911951535677
1.0471975511965974     2.2574318468908694      -0.0041199779169178      -0.0068173427061295
1.0471975511965974     2.3828447272736955      -0.0041029062694686      -0.0068373563532921
1.0471975511965974     2.5082576076565215      -0.0040998315591547      -0.0068536060268814
1.0471975511965974     2.6336704880393476      -0.0041093237286796      -0.0068653224537443
1.0471975511965974     2.7590833684221736      -0.0041282678070192      -0.0068749526200899
1.0471975511965974     2.8844962488049997      -0.0041544706638450      -0.0068825122602009
1.0471975511965974     3.0099091291878257      -0.0041866595725033      -0.0068886122982876
1.0471975511965974     3.1353220095706518      -0.0042235896793730      -0.0068936321510856
1.0471975511965974     3.2607348899534778      -0.0042644292957719      -0.0068977990786308
1.0471975511965974     3.3861477703363039      -0.0043085206660821      -0.0069013150974372
1.0471975511965974     3.5115606507191299      -0.0043553548701321      -0.0069043227768690
1.0471975511965974     3.6369735311019560      -0.0044045265149325      -0.0069069267953300
1.0471975511965974     3.7623864114847820      -0.0044557240973930      -0.0069092114701521
1.0471975511965974     3.8877992918676081      -0.0045086953752191      -0.0069112407176201
1.0471975511965974     4.0132121722504346      -0.0045632414678554      -0.0069130637207768
1.0471975511965974     4.1386250526332606      -0.0046192025911616      -0.0069147202317890
1.0471975511965974     4.2640379330160867      -0.0046764503566082      -0.0069162413934259
1.0471975511965974     4.3894508133989127      -0.0047348816541903      -0.0069176523857590
1.0471975511965974     4.5148636937817388      -0.0047944134263990      -0.0069189735059309
1.0471975511965974     4.6402765741645648      -0.0048549789588713      -0.0069202213941191
1.0471975511965974     4.7656894545473909      -0.0049165248809472      -0.0069214097352519
1.0471975511965974     4.8911023349302170      -0.0049790087035146      -0.0069225498799828
1.0471975511965974     5.0165152153130430      -0.0050423975374978      -0.0069236511915123
1.0471975511965974     5.1419280956958691      -0.0051066652577589      -0.0069247224386079
1.0471975511965974     5.2673409760786951      -0.0051717922198626      -0.0069257686195046
1.0471975511965974     5.3927538564615212      -0.0052377683414965      -0.0069267987623503
1.0471975511965974     5.5181667368443472      -0.0053045762359104      -0.0069278177337138
1.0471975511965974     5.6435796172271733      -0.0053722277284524      -0.0069288203414233
1.0471975511965974     5.7689924976099993      -0.0054407052644902      -0.0069298320463199
1.0471975511965974     5.8944053779928254      -0.0055100261846105      -0.0069308353351458
1.0471975511965974     6.0198182583756514      -0.0055802114989812      -0.0069318266288362
1.0471975511965974     6.1452311387584775      -0.0056512979173036      -0.0069328813923749
1.0471975511965974     6.2706440191413035      -0.0057231813764076      -0.0069339490041682
1.0471975511965974     6.3960568995241296      -0.0057962059902622      -0.0069349084013916
1.0471975511965974     6.5214697799069556      -0.0058703550546779      -0.0069368369296682
1.0471975511965974     6.6468826602897817      -0.0059447435761567      -0.0069377313055144
1.0471975511965974     6.7722955406726077      -0.0060224255997041      -0.0069406503759889
1.0471975511965974     6.8977084210554338      -0.0060959961630453      -0.0069456422165527
1.0471975511965974     7.0231213014382599      -0.0061728890074973      -0.0069476923017364
1.0471975511965974     7.1485341818210859      -0.0062472914238008      -0.0069544260015798
1.0471975511965974     7.2739470622039120      -0.0063162224188132      -0.0069561315460307
1.0471975511965974     7.3993599425867380      -0.0063891820889435      -0.0069497290246312
1.0471975511965974     7.5247728229695641      -0.0064698425556786      -0.0069451797597959
1.0471975511965974     7.6501857033523901      -0.0065444910029286      -0.0069371517652542
1.0471975511965974     7.7755985837352162      -0.0066391258746935      -0.0069202095607155
1.0471975511965974     7.9010114641180422      -0.0067370518763984      -0.0069280235294631
1.0471975511965974     8.0264243445008692      -0.0068277581649522      -0.0069273072055405
1.0471975511965974     8.1518372248836961      -0.0069255817567436      -0.0069371610303125
1.0471975511965974     8.2772501052665231      -0.0070127266583465      -0.0069481980775093
1.0471975511965974     8.4026629856493500      -0.0071002970187527      -0.0069637793173487
1.0471975511965974     8.5280758660321769      -0.0071738538730261      -0.0069670059489819
1.0471975511965974     8.6534887464150039      -0.0072642100462047      -0.0069635722301662
1.0471975511965974     8.7789016267978308      -0.0073484045166973      -0.0069671330097041
1.0471975511965974     8.9043145071806578      -0.0074393171322532      -0.0069594596996874
1.0471975511965974     9.0297273875634847      -0.0075383052912561      -0.0069595353132318
1.0471975511965974     9.1551402679463116      -0.0076345031691001      -0.0069605310656933
1.0471975511965974     9.2805531483291386      -0.0077322408849658      -0.0069622651389657
1.0471975511965974     9.4059660287119655      -0.0078316671529844      -0.0069640226869684
1.0471975511965974     9.5313789090947925      -0.0079310944812779      -0.0069663667154600
1.0471975511965974     9.6567917894776194      -0.0080321263825800      -0.0069677770615585
1.0471975511965974     9.7822046698604463      -0.0081349752533920      -0.0069693344191842
1.0471975511965974     9.9076175502432733      -0.0082394099535275      -0.0069709689227088
1.0471975511965974     10.0330304306261002      -0.0083453891385185      -0.0069726584279376
1.0471975511965974     10.1584433110089272      -0.0084531271938008      -0.0069744049745847
1.0471975511965974     10.2838561913917541      -0.0085624991106349      -0.0069762764475474
1.0471975511965974     10.4092690717745811      -0.0086736087158692      -0.0069781634016558
1.0471975511965974     10.5346819521574080      -0.0087865207212958      -0.0069801371082226
1.0471975511965974     10.6600948325402349      -0.0089012631834274      -0.0069821664774474
1.0471975511965974     10.7855077129230619      -0.0090179134776840      -0.0069842542236905
1.0471975511965974     10.9109205933058888      -0.0091365223021876      -0.0069864080298949
1.0471975511965974     11.0363334736887158      -0.0092571533403821      -0.0069886264618694
1.0471975511965974     11.1617463540715427      -0.0093798715611722      -0.0069909139852935
1.0471975511965974     11.2871592344543696      -0.0095047440655464      -0.0069932734733999
1.0471975511965974     11.4125721148371966      -0.0096318407003805      -0.0069957083300752
1.0471975511965974     11.5379849952200235      -0.0097612355053609      -0.0069982222999684
1.0471975511965974     11.6633978756028505      -0.0098930055631049      -0.0070008196033969
1.0471975511965974     11.7888107559856774      -0.0100272322414508      -0.0070035045904610
1.0471975511965974     11.9142236363685043      -0.0101640013064844      -0.0070062822435710
1.0471975511965974     12.0396365167513313      -0.0103034034652033      -0.0070091580772319
1.0471975511965974     12.1650493971341582      -0.0104455344139073      -0.0070121381980180
1.0471975511965974     12.2904622775169852      -0.0105904968662586      -0.0070152292366225
1.0471975511965974     12.4158751578998121      -0.0107383993537440      -0.0070184406208948
1.0471975511965974     12.5412880382826391      -0.0108893573836327      -0.0070217785833734
1.0471975511965974     12.6667009186654660      -0.0110435018615135      -0.0070252567857438
1.0471975511965974     12.7921137990482929      -0.0112009567841657      -0.0070288869287643
1.0471975511965974     12.9175266794311199      -0.0113618839739520      -0.0070326798370037
1.0471975511965974     13.0429395598139468      -0.0115264409416502      -0.0070366560242122
1.0471975511965974     13.1683524401967738      -0.0116947879231771      -0.0070408474005875
1.0471975511965974     13.2937653205796007      -0.0118671098155262      -0.0070451984164992
1.0471975511965974     13.4191782009624276      -0.0120437763371232      -0.0070497993477475
1.0471975511965974     13.5445910813452546      -0.0122247549286874      -0.0070546358280835
1.0471975511965974     13.6700039617280815      -0.0124110598876008      -0.0070589986399537
1.0471975511965974     13.7954168421109085      -0.0126031615199034      -0.0070647203403893
1.0471975511965974     13.9208297224937354      -0.0128005121114827      -0.0070689087297516
1.0471975511965974     14.0462426028765623      -0.0130096655089729      -0.0070751254196179
1.0471975511965974     14.1716554832593893      -0.0132265164926823      -0.0070849988278598
1.0471975511965974     14.2970683636422162      -0.0134524051112876      -0.0070999943117652
1.0471975511965974     14.4224812440250432      -0.0136968472810362      -0.0071209566356000
1.0471975511965974     14.5478941244078701      -0.0139495112454963      -0.0071625944905538
1.0471975511965974     14.6733070047906971      -0.0142190470825022      -0.0072076706141624
1.0471975511965974     14.7987198851735240      -0.0145815968021134      -0.0073394359139570
1.0471975511965974     14.9241327655563509      -0.0147070200344065      -0.0077182186971382
1.0471975511965974     15.0495456459391779      -0.0147173045899338      -0.0077813978528345
1.0471975511965974     15.1749585263220048      -0.0147542288616702      -0.0080650322597280
1.0471975511965974     15.3003714067048318      -0.0143089427307233      -0.0079475083686308
1.0471975511965974     15.4257842870876587      -0.0143075244154960      -0.0074392868952261
1.0471975511965974     15.5511971674704856      -0.0145588368824140      -0.0069537701601045
1.0471975511965974     15.6766100478533126      -0.0150084936332453      -0.0064842112739973
    
1.3089969389957474     0.0000000000000000      -0.0248291067848855      -0.0057473736643015
1.3089969389957474     0.1254128803828261      -0.0136889892810090      -0.0216853007777700
1.3089969389957474     0.2508257607656522      -0.0013125031158910      -0.0205488925499855
1.3089969389957474     0.3762386411484783      0.0080718655839535      -0.0162455058753754
1.3089969389957474     0.5016515215313043      0.0076208776961224      -0.0023824821406595
1.3089969389957474     0.6270644019141304      -0.0022786041540678      -0.0014976105693674
1.3089969389957474     0.7524772822969564      -0.0039024599433913      -0.0048752182927322
1.3089969389957474     0.8778901626797825      -0.0035762003650287      -0.0059131965188522
1.3089969389957474     1.0033030430626086      -0.0041188553358577      -0.0063548212074914
1.3089969389957474     1.1287159234454347      -0.0036334544742772      -0.0070795950472625
1.3089969389957474     1.2541288038282608      -0.0034516301979388      -0.0069529856115448
1.3089969389957474     1.3795416842110868      -0.0034017609436133      -0.0070457481511524
1.3089969389957474     1.5049545645939129      -0.0033674033555023      -0.0069719622800119
1.3089969389957474     1.6303674449767389      -0.0034349469951225      -0.0069369221609397
1.3089969389957474     1.7557803253595650      -0.0034918019395489      -0.0069438037471103
1.3089969389957474     1.8811932057423910      -0.0035438943894458      -0.0069472695131317
1.3089969389957474     2.0066060861252173      -0.0035952106398721      -0.0069522065691667
1.3089969389957474     2.1320189665080433      -0.0036469670267654      -0.0069551336927347
1.3089969389957474     2.2574318468908694      -0.0036989944445176      -0.0069567878300876
1.3089969389957474     2.3828447272736955      -0.0037530684098816      -0.0069580252524443
1.3089969389957474     2.5082576076565215      -0.0038076247224033      -0.0069592273767669
1.3089969389957474     2.6336704880393476      -0.0038630515226035      -0.0069600840954970
1.3089969389957474     2.7590833684221736      -0.0039191626918008      -0.0069609709163649
1.3089969389957474     2.8844962488049997      -0.0039758515889918      -0.0069617684536495
1.3089969389957474     3.0099091291878257      -0.0040331289753313      -0.0069625153200102
1.3089969389957474     3.1353220095706518      -0.0040909450154613      -0.0069632312542711
1.3089969389957474     3.2607348899534778      -0.0041492896322337      -0.0069639207753985
1.3089969389957474     3.3861477703363039      -0.0042081522044648      -0.0069645942035823
1.3089969389957474     3.5115606507191299      -0.0042675277129516      -0.0069652571676448
1.3089969389957474     3.6369735311019560      -0.0043274134074006      -0.0069659130838062
1.3089969389957474     3.7623864114847820      -0.0043878114679136      -0.0069665656196906
1.3089969389957474     3.8877992918676081      -0.0044487250534860      -0.0069672174393934
1.3089969389957474     4.0132121722504346      -0.0045101596462629      -0.0069678705992556
1.3089969389957474     4.1386250526332606      -0.0045721219967094      -0.0069685270241411
1.3089969389957474     4.2640379330160867      -0.0046346200594427      -0.0069691882346005
1.3089969389957474     4.3894508133989127      -0.0046976628263953      -0.0069698556349926
1.3089969389957474     4.5148636937817388      -0.0047612601701488      -0.0069705303900088
1.3089969389957474     4.6402765741645648      -0.0048254227650070      -0.0069712136296080
1.3089969389957474     4.7656894545473909      -0.0048901621086291      -0.0069719064536222
1.3089969389957474     4.8911023349302170      -0.0049554901282845      -0.0069726098836879
1.3089969389957474     5.0165152153130430      -0.0050214204122219      -0.0069733245489387
1.3089969389957474     5.1419280956958691      -0.0050879658086570      -0.0069740527586379
1.3089969389957474     5.2673409760786951      -0.0051551401635675      -0.0069747927788856
1.3089969389957474     5.3927538564615212      -0.0052229636518177      -0.0069755496992829
1.3089969389957474     5.5181667368443472      -0.0052914417119894      -0.0069763249143954
1.3089969389957474     5.6435796172271733      -0.0053606115217392      -0.0069771068483126
1.3089969389957474     5.7689924976099993      -0.0054304729832881      -0.0069779220109102
1.3089969389957474     5.8944053779928254      -0.0055010687802395      -0.0069787581757344
1.3089969389957474     6.0198182583756514      -0.0055724216884789      -0.0069795836312665
1.3089969389957474     6.1452311387584775      -0.0056446434843790      -0.0069805211481990
1.3089969389957474     6.2706440191413035      -0.0057175133493108      -0.0069815326847960
1.3089969389957474     6.3960568995241296      -0.0057915885931436      -0.0069823594558928
1.3089969389957474     6.5214697799069556      -0.0058668208224426      -0.0069846281643449
1.3089969389957474     6.6468826602897817      -0.0059418808159670      -0.0069854663734871
1.3089969389957474     6.7722955406726077      -0.0060210295623622      -0.0069889956178427
1.3089969389957474     6.8977084210554338      -0.0060943848072596      -0.0069952920211822
1.3089969389957474     7.0231213014382599      -0.0061718883679981      -0.0069976799231092
1.3089969389957474     7.1485341818210859      -0.0062456668960710      -0.0070069455057362
1.3089969389957474     7.2739470622039120      -0.0063118107810825      -0.0070086078314993
1.3089969389957474     7.3993599425867380      -0.0063828272435836      -0.0070020940345228
1.3089969389957474     7.5247728229695641      -0.0064599505833776      -0.0069958013059834
1.3089969389957474     7.6501857033523901      -0.0065321774237691      -0.0069834389314776
1.3089969389957474     7.7755985837352162      -0.0066272057407811      -0.0069598368630287
1.3089969389957474     7.9010114641180422      -0.0067290396433688      -0.0069638908779955
1.3089969389957474     8.0264243445008692      -0.0068233690327199      -0.0069587757969935
1.3089969389957474     8.1518372248836961      -0.0069307790242846      -0.0069675095739979
1.3089969389957474     8.2772501052665231      -0.0070222194334635      -0.0069836776280065
1.3089969389957474     8.4026629856493500      -0.0071129648997484      -0.0070021657905221
1.3089969389957474     8.5280758660321769      -0.0071881896290186      -0.0070121049427249
1.3089969389957474     8.6534887464150039      -0.0072761097613790      -0.0070132217982667
1.3089969389957474     8.7789016267978308      -0.0073564673413384      -0.0070193310223613
1.3089969389957474     8.9043145071806578      -0.0074444458868168      -0.0070115265074145
1.3089969389957474     9.0297273875634847      -0.0075408393507873      -0.0070120342452009
1.3089969389957474     9.1551402679463116      -0.0076345606947974      -0.0070104298270422
1.3089969389957474     9.2805531483291386      -0.0077326810451864      -0.0070108795507823
1.3089969389957474     9.4059660287119655      -0.0078311205078908      -0.0070118205685539
1.3089969389957474     9.5313789090947925      -0.0079311004624382      -0.0070127824857396
1.3089969389957474     9.6567917894776194      -0.0080323894773058      -0.0070141266464652
1.3089969389957474     9.7822046698604463      -0.0081352137810818      -0.0070151134336930
1.3089969389957474     9.9076175502432733      -0.0082398474053035      -0.0070166327110919
1.3089969389957474     10.0330304306261002      -0.0083457421320007      -0.0070182295289193
1.3089969389957474     10.1584433110089272      -0.0084534118598920      -0.0070198570973667
1.3089969389957474     10.2838561913917541      -0.0085626356624838      -0.0070216755068994
1.3089969389957474     10.4092690717745811      -0.0086735312369217      -0.0070234917088171
1.3089969389957474     10.5346819521574080      -0.0087861853466587      -0.0070254073900362
1.3089969389957474     10.6600948325402349      -0.0089006216335830      -0.0070273772851538
1.3089969389957474     10.7855077129230619      -0.0090169151309693      -0.0070294049879454
1.3089969389957474     10.9109205933058888      -0.0091351194956664      -0.0070314964022544
1.3089969389957474     11.0363334736887158      -0.0092552939261713      -0.0070336509897157
1.3089969389957474     11.1617463540715427      -0.0093775004649480      -0.0070358707889222
1.3089969389957474     11.2871592344543696      -0.0095018026417776      -0.0070381585704946
1.3089969389957474     11.4125721148371966      -0.0096282647815526      -0.0070405166370556
1.3089969389957474     11.5379849952200235      -0.0097569553536436      -0.0070429475501569
1.3089969389957474     11.6633978756028505      -0.0098879443052071      -0.0070454543631124
1.3089969389957474     11.7888107559856774      -0.0100213047219616      -0.0070480398864696
1.3089969389957474     11.9142236363685043      -0.0101571125726984      -0.0070507073785643
1.3089969389957474     12.0396365167513313      -0.0102954468723177      -0.0070534601635961
1.3089969389957474     12.1650493971341582      -0.0104363898362928      -0.0070563017254147
1.3089969389957474     12.2904622775169852      -0.0105800273001119      -0.0070592356390395
1.3089969389957474     12.4158751578998121      -0.0107264485265214      -0.0070622660579240
1.3089969389957474     12.5412880382826391      -0.0108757465572745      -0.0070653963405576
1.3089969389957474     12.6667009186654660      -0.0110280197873534      -0.0070686313813312
1.3089969389957474     12.7921137990482929      -0.0111833672592401      -0.0070719762518014
1.3089969389957474     12.9175266794311199      -0.0113418983618758      -0.0070754352658008
1.3089969389957474     13.0429395598139468      -0.0115037220562930      -0.0070790149737202
1.3089969389957474     13.1683524401967738      -0.0116689521990242      -0.0070827280126822
1.3089969389957474     13.2937653205796007      -0.0118377107293019      -0.0070865771991794
1.3089969389957474     13.4191782009624276      -0.0120101396755982      -0.0070906176005672
1.3089969389957474     13.5445910813452546      -0.0121862468030559      -0.0070949089512681
1.3089969389957474     13.6700039617280815      -0.0123661881276830      -0.0070992995639637
1.3089969389957474     13.7954168421109085      -0.0125498246458996      -0.0071041650916035
1.3089969389957474     13.9208297224937354      -0.0127368572716584      -0.0071087326483690
1.3089969389957474     14.0462426028765623      -0.0129283313724311      -0.0071128293595401
1.3089969389957474     14.1716554832593893      -0.0131228304702254      -0.0071158872852016
1.3089969389957474     14.2970683636422162      -0.0133229359664691      -0.0071165991525673
1.3089969389957474     14.4224812440250432      -0.0135314444995085      -0.0071149584143234
1.3089969389957474     14.5478941244078701      -0.0137457583381755      -0.0071182092828656
1.3089969389957474     14.6733070047906971      -0.0139595940675930      -0.0071108544666036
1.3089969389957474     14.7987198851735240      -0.0142044041359483      -0.0070923739820363
1.3089969389957474     14.9241327655563509      -0.0144465809131932      -0.0071070611496538
1.3089969389957474     15.0495456459391779      -0.0147668237178465      -0.0070885143157552
1.3089969389957474     15.1749585263220048      -0.0150455443149044      -0.0072212515763451
1.3089969389957474     15.3003714067048318      -0.0151958181870230      -0.0072926106420999
1.3089969389957474     15.4257842870876587      -0.0154078401052290      -0.0072782724928006
1.3089969389957474     15.5511971674704856      -0.0156342879153887      -0.0072934205129781
1.3089969389957474     15.6766100478533126      -0.0158496552892355      -0.0072917579324120
    
1.5707963267948966     0.0000000000000000      -0.0256659288330839      -0.0056192815446842
1.5707963267948966     0.1254128803828261      -0.0141416759405273      -0.0221321174946352
1.5707963267948966     0.2508257607656522      -0.0013224603308283      -0.0209626024701322
1.5707963267948966     0.3762386411484783      0.0083987745027613      -0.0165080753761842
1.5707963267948966     0.5016515215313043      0.0079348014453318      -0.0021546939373752
1.5707963267948966     0.6270644019141304      -0.0023130886600005      -0.0012380028201894
1.5707963267948966     0.7524772822969564      -0.0039923619584209      -0.0047364195342693
1.5707963267948966     0.8778901626797825      -0.0036519596859515      -0.0058112368204363
1.5707963267948966     1.0033030430626086      -0.0042114683904329      -0.0062684142059603
1.5707963267948966     1.1287159234454347      -0.0037069109132071      -0.0070187274961824
1.5707963267948966     1.2541288038282608      -0.0035166447943339      -0.0068876593228411
1.5707963267948966     1.3795416842110868      -0.0034630460372752      -0.0069836637667501
1.5707963267948966     1.5049545645939129      -0.0034255302988913      -0.0069072724704587
1.5707963267948966     1.6303674449767389      -0.0034935151545122      -0.0068709797730137
1.5707963267948966     1.7557803253595650      -0.0035504592539052      -0.0068780861707067
1.5707963267948966     1.8811932057423910      -0.0036024760976800      -0.0068816606202755
1.5707963267948966     2.0066060861252173      -0.0036536955233898      -0.0068867524692668
1.5707963267948966     2.1320189665080433      -0.0037053751108844      -0.0068897637693096
1.5707963267948966     2.2574318468908694      -0.0037573387641730      -0.0068914553870429
1.5707963267948966     2.3828447272736955      -0.0038114231780850      -0.0068927141719691
1.5707963267948966     2.5082576076565215      -0.0038660087201304      -0.0068939353503731
1.5707963267948966     2.6336704880393476      -0.0039214961027602      -0.0068947981157646
1.5707963267948966     2.7590833684221736      -0.0039776921314311      -0.0068956911449216
1.5707963267948966     2.8844962488049997      -0.0040344858861474      -0.0068964910486776
1.5707963267948966     3.0099091291878257      -0.0040918879606188      -0.0068972378245953
1.5707963267948966     3.1353220095706518      -0.0041498463899857      -0.0068979519554675
1.5707963267948966     3.2607348899534778      -0.0042083503549825      -0.0068986381701234
1.5707963267948966     3.3861477703363039      -0.0042673885113083      -0.0068993071773491
1.5707963267948966     3.5115606507191299      -0.0043269553443114      -0.0068999648171768
1.5707963267948966     3.6369735311019560      -0.0043870477151752      -0.0069006146409932
1.5707963267948966     3.7623864114847820      -0.0044476675897731      -0.0069012604515536
1.5707963267948966     3.8877992918676081      -0.0045088179554428      -0.0069019049979876
1.5707963267948966     4.0132121722504346      -0.0045705042121585      -0.0069025504018715
1.5707963267948966     4.1386250526332606      -0.0046327330516015      -0.0069031986395086
1.5707963267948966     4.2640379330160867      -0.0046955123977578      -0.0069038512534652
1.5707963267948966     4.3894508133989127      -0.0047588512233168      -0.0069045096524851
1.5707963267948966     4.5148636937817388      -0.0048227593676509      -0.0069051749900270
1.5707963267948966     4.6402765741645648      -0.0048872474845459      -0.0069058483805159
1.5707963267948966     4.7656894545473909      -0.0049523268497646      -0.0069065307958256
1.5707963267948966     4.8911023349302170      -0.0050180095001384      -0.0069072231013520
1.5707963267948966     5.0165152153130430      -0.0050843081359460      -0.0069079262515404
1.5707963267948966     5.1419280956958691      -0.0051512357891187      -0.0069086412018254
1.5707963267948966     5.2673409760786951      -0.0052188059057130      -0.0069093678348739
1.5707963267948966     5.3927538564615212      -0.0052870350125115      -0.0069101090935603
1.5707963267948966     5.5181667368443472      -0.0053559319339726      -0.0069108648784040
1.5707963267948966     5.6435796172271733      -0.0054255250134542      -0.0069116294840584
1.5707963267948966     5.7689924976099993      -0.0054958157659286      -0.0069124210100393
1.5707963267948966     5.8944053779928254      -0.0055668271311462      -0.0069132109315996
1.5707963267948966     6.0198182583756514      -0.0056386067861624      -0.0069140213006669
1.5707963267948966     6.1452311387584775      -0.0057111357959265      -0.0069148729019953
1.5707963267948966     6.2706440191413035      -0.0057844572202472      -0.0069156982195087
1.5707963267948966     6.3960568995241296      -0.0058587055503589      -0.0069165210761532
1.5707963267948966     6.5214697799069556      -0.0059339149410225      -0.0069178267316810
1.5707963267948966     6.6468826602897817      -0.0060096920224172      -0.0069185423998773
1.5707963267948966     6.7722955406726077      -0.0060878087982225      -0.0069205846077485
1.5707963267948966     6.8977084210554338      -0.0061635304479804      -0.0069239696176567
1.5707963267948966     7.0231213014382599      -0.0062416096281449      -0.0069254640363553
1.5707963267948966     7.1485341818210859      -0.0063184542055156      -0.0069292999634361
1.5707963267948966     7.2739470622039120      -0.0063920879833331      -0.0069308823886233
1.5707963267948966     7.3993599425867380      -0.0064687914271330      -0.0069244399848513
1.5707963267948966     7.5247728229695641      -0.0065548593483485      -0.0069216116297372
1.5707963267948966     7.6501857033523901      -0.0066336775055880      -0.0069180933205468
1.5707963267948966     7.7755985837352162      -0.0067294257377971      -0.0069081642369873
1.5707963267948966     7.9010114641180422      -0.0068246630387808      -0.0069198864054242
1.5707963267948966     8.0264243445008692      -0.0069129599743350      -0.0069237704764737
1.5707963267948966     8.1518372248836961      -0.0070019520604193      -0.0069347123167450
1.5707963267948966     8.2772501052665231      -0.0070859241503315      -0.0069401338899631
1.5707963267948966     8.4026629856493500      -0.0071715089379172      -0.0069524911734315
1.5707963267948966     8.5280758660321769      -0.0072446851441407      -0.0069484146570852
1.5707963267948966     8.6534887464150039      -0.0073390544584078      -0.0069400018092192
1.5707963267948966     8.7789016267978308      -0.0074287585976540      -0.0069407361143721
1.5707963267948966     8.9043145071806578      -0.0075242053016010      -0.0069331165435662
1.5707963267948966     9.0297273875634847      -0.0076273584470697      -0.0069326441417031
1.5707963267948966     9.1551402679463116      -0.0077275920238598      -0.0069363473656408
1.5707963267948966     9.2805531483291386      -0.0078262971689371      -0.0069393797363533
1.5707963267948966     9.4059660287119655      -0.0079281603758767      -0.0069419358841172
1.5707963267948966     9.5313789090947925      -0.0080283735556202      -0.0069456874286715
1.5707963267948966     9.6567917894776194      -0.0081305100611321      -0.0069470946754326
1.5707963267948966     9.7822046698604463      -0.0082347678630399      -0.0069491914455894
1.5707963267948966     9.9076175502432733      -0.0083403738869091      -0.0069508775573969
1.5707963267948966     10.0330304306261002      -0.0084478306982353      -0.0069525949985707
1.5707963267948966     10.1584433110089272      -0.0085570307948238      -0.0069543978514491
1.5707963267948966     10.2838561913917541      -0.0086679513566879      -0.0069562545577258
1.5707963267948966     10.4092690717745811      -0.0087806802577277      -0.0069581449502302
1.5707963267948966     10.5346819521574080      -0.0088952569432707      -0.0069601071435183
1.5707963267948966     10.6600948325402349      -0.0090117121763776      -0.0069621246082939
1.5707963267948966     10.7855077129230619      -0.0091301232643336      -0.0069641984585287
1.5707963267948966     10.9109205933058888      -0.0092505344212204      -0.0069663374813272
1.5707963267948966     11.0363334736887158      -0.0093730101239452      -0.0069685383176042
1.5707963267948966     11.1617463540715427      -0.0094976135399485      -0.0069708069748613
1.5707963267948966     11.2871592344543696      -0.0096244095463762      -0.0069731451298182
1.5707963267948966     11.4125721148371966      -0.0097534666202928      -0.0069755558199949
1.5707963267948966     11.5379849952200235      -0.0098848558856844      -0.0069780422403871
1.5707963267948966     11.6633978756028505      -0.0100186513654809      -0.0069806076114826
1.5707963267948966     11.7888107559856774      -0.0101549303135856      -0.0069832552405504
1.5707963267948966     11.9142236363685043      -0.0102937732426333      -0.0069859886768456
1.5707963267948966     12.0396365167513313      -0.0104352640756640      -0.0069888115909427
1.5707963267948966     12.1650493971341582      -0.0105794902965221      -0.0069917278111445
1.5707963267948966     12.2904622775169852      -0.0107265433732347      -0.0069947412555224
1.5707963267948966     12.4158751578998121      -0.0108765185765209      -0.0069978564467834
1.5707963267948966     12.5412880382826391      -0.0110295153414675      -0.0070010770946306
1.5707963267948966     12.6667009186654660      -0.0111856389170585      -0.0070044085081578
1.5707963267948966     12.7921137990482929      -0.0113449955043278      -0.0070078561993293
1.5707963267948966     12.9175266794311199      -0.0115077023151132      -0.0070114249063204
1.5707963267948966     13.0429395598139468      -0.0116738764455573      -0.0070151217082613
1.5707963267948966     13.1683524401967738      -0.0118436403971709      -0.0070189600076803
1.5707963267948966     13.2937653205796007      -0.0120171254164828      -0.0070229430661680
1.5707963267948966     13.4191782009624276      -0.0121944839355123      -0.0070271282698990
1.5707963267948966     13.5445910813452546      -0.0123757298299342      -0.0070315778690048
1.5707963267948966     13.6700039617280815      -0.0125610309017076      -0.0070361352725107
1.5707963267948966     13.7954168421109085      -0.0127502500351591      -0.0070411898510735
1.5707963267948966     13.9208297224937354      -0.0129430849571904      -0.0070459420044216
1.5707963267948966     14.0462426028765623      -0.0131406257762409      -0.0070502132666556
1.5707963267948966     14.1716554832593893      -0.0133414146147380      -0.0070534163106184
1.5707963267948966     14.2970683636422162      -0.0135481334435540      -0.0070541980470676
1.5707963267948966     14.4224812440250432      -0.0137636875205166      -0.0070525529995735
1.5707963267948966     14.5478941244078701      -0.0139853985181333      -0.0070559812046834
1.5707963267948966     14.6733070047906971      -0.0142067730067735      -0.0070484400686414
1.5707963267948966     14.7987198851735240      -0.0144603850185694      -0.0070293903694624
1.5707963267948966     14.9241327655563509      -0.0147114606272244      -0.0070446884861874
1.5707963267948966     15.0495456459391779      -0.0150435592118123      -0.0070255978875739
1.5707963267948966     15.1749585263220048      -0.0153328875688167      -0.0071631435303458
1.5707963267948966     15.3003714067048318      -0.0154894757248262      -0.0072371686478925
1.5707963267948966     15.4257842870876587      -0.0157102391096393      -0.0072224932024334
1.5707963267948966     15.5511971674704856      -0.0159462105064836      -0.0072383644279423
1.5707963267948966     15.6766100478533126      -0.0161710070511911      -0.0072368534849094
    
1.8325957145940457     0.0000000000000000      0.0192326566971353      -0.0080820258188337
1.8325957145940457     0.1254128803828261      0.0080163170146416      0.0078781642893819
1.8325957145940457     0.2508257607656522      -0.0044676882618363      0.0067577350566571
1.8325957145940457     0.3762386411484783      -0.0139619520261686      0.0024564733006937
1.8325957145940457     0.5016515215313043      -0.0136158270188739      -0.0114082658251034
1.8325957145940457     0.6270644019141304      -0.0038192171212575      -0.0122945787013570
1.8325957145940457     0.7524772822969564      -0.0022989507151882      -0.0089160985011191
1.8325957145940457     0.8778901626797825      -0.0027301065921794      -0.0078784341199107
1.8325957145940457     1.0033030430626086      -0.0022926738469903      -0.0074374687175602
1.8325957145940457     1.1287159234454347      -0.0028834237944088      -0.0067134098089122
1.8325957145940457     1.2541288038282608      -0.0031712346494818      -0.0068406018527561
1.8325957145940457     1.3795416842110868      -0.0033276632174931      -0.0067485163249781
1.8325957145940457     1.5049545645939129      -0.0034691913187937      -0.0068229417196925
1.8325957145940457     1.6303674449767389      -0.0035094874133135      -0.0068586581734024
1.8325957145940457     1.7557803253595650      -0.0035611160116207      -0.0068524802618622
1.8325957145940457     1.8811932057423910      -0.0036181938451882      -0.0068497273460109
1.8325957145940457     2.0066060861252173      -0.0036767509837571      -0.0068455281893620
1.8325957145940457     2.1320189665080433      -0.0037355883980055      -0.0068433560184671
1.8325957145940457     2.2574318468908694      -0.0037948930528422      -0.0068424763047332
1.8325957145940457     2.3828447272736955      -0.0038529091017633      -0.0068420328428073
1.8325957145940457     2.5082576076565215      -0.0039112175839494      -0.0068416440887635
1.8325957145940457     2.6336704880393476      -0.0039694495839995      -0.0068416199140967
1.8325957145940457     2.7590833684221736      -0.0040278096644463      -0.0068415854091629
1.8325957145940457     2.8844962488049997      -0.0040864232938721      -0.0068416599866347
1.8325957145940457     3.0099091291878257      -0.0041452989527540      -0.0068418054033601
1.8325957145940457     3.1353220095706518      -0.0042045058433645      -0.0068420022527103
1.8325957145940457     3.2607348899534778      -0.0042640738656957      -0.0068422463706644
1.8325957145940457     3.3861477703363039      -0.0043240337942230      -0.0068425278575797
1.8325957145940457     3.5115606507191299      -0.0043844112102329      -0.0068428415044523
1.8325957145940457     3.6369735311019560      -0.0044452298608118      -0.0068431843565452
1.8325957145940457     3.7623864114847820      -0.0045065089990361      -0.0068435532363994
1.8325957145940457     3.8877992918676081      -0.0045682673917045      -0.0068439459814853
1.8325957145940457     4.0132121722504346      -0.0046305219838262      -0.0068443610882507
1.8325957145940457     4.1386250526332606      -0.0046932889554800      -0.0068447971929454
1.8325957145940457     4.2640379330160867      -0.0047565838801193      -0.0068452533529986
1.8325957145940457     4.3894508133989127      -0.0048204218269863      -0.0068457288434194
1.8325957145940457     4.5148636937817388      -0.0048848176364359      -0.0068462230692918
1.8325957145940457     4.6402765741645648      -0.0049497860270705      -0.0068467356903944
1.8325957145940457     4.7656894545473909      -0.0050153414201450      -0.0068472663211571
1.8325957145940457     4.8911023349302170      -0.0050814987471877      -0.0068478146522580
1.8325957145940457     5.0165152153130430      -0.0051482721158575      -0.0068483810872277
1.8325957145940457     5.1419280956958691      -0.0052156766733635      -0.0068489644686185
1.8325957145940457     5.2673409760786951      -0.0052837270759495      -0.0068495656561157
1.8325957145940457     5.3927538564615212      -0.0053524375481274      -0.0068501848767041
1.8325957145940457     5.5181667368443472      -0.0054218214525842      -0.0068508200414785
1.8325957145940457     5.6435796172271733      -0.0054918992621081      -0.0068514708893407
1.8325957145940457     5.7689924976099993      -0.0055626749258460      -0.0068521467193477
1.8325957145940457     5.8944053779928254      -0.0056341523470647      -0.0068528023746153
1.8325957145940457     6.0198182583756514      -0.0057064046961439      -0.0068535133655350
1.8325957145940457     6.1452311387584775      -0.0057792828482760      -0.0068541982156777
1.8325957145940457     6.2706440191413035      -0.0058530941841126      -0.0068547596971105
1.8325957145940457     6.3960568995241296      -0.0059275507548712      -0.0068555040165271
1.8325957145940457     6.5214697799069556      -0.0060027695998299      -0.0068557747922636
1.8325957145940457     6.6468826602897817      -0.0060792934802381      -0.0068562987125791
1.8325957145940457     6.7722955406726077      -0.0061564056644420      -0.0068567871228409
1.8325957145940457     6.8977084210554338      -0.0062345189856844      -0.0068571962797819
1.8325957145940457     7.0231213014382599      -0.0063131971207475      -0.0068577349163248
1.8325957145940457     7.1485341818210859      -0.0063931293236048      -0.0068560809182685
1.8325957145940457     7.2739470622039120      -0.0064742729557675      -0.0068575250937136
1.8325957145940457     7.3993599425867380      -0.0065566818479089      -0.0068510975443219
1.8325957145940457     7.5247728229695641      -0.0066517114516456      -0.0068516787507259
1.8325957145940457     7.6501857033523901      -0.0067371366768013      -0.0068569513446385
1.8325957145940457     7.7755985837352162      -0.0068336193599288      -0.0068606435507201
1.8325957145940457     7.9010114641180422      -0.0069222734580729      -0.0068799836217567
1.8325957145940457     8.0264243445008692      -0.0070045502743732      -0.0068928178940171
1.8325957145940457     8.1518372248836961      -0.0070751359306898      -0.0069059200782824
1.8325957145940457     8.2772501052665231      -0.0071516503404870      -0.0069005489651328
1.8325957145940457     8.4026629856493500      -0.0072320839701744      -0.0069067304149224
1.8325957145940457     8.5280758660321769      -0.0073032202145177      -0.0068885943421983
1.8325957145940457     8.6534887464150039      -0.0074040464448996      -0.0068706090473573
1.8325957145940457     8.7789016267978308      -0.0075031036402643      -0.0068659265845435
1.8325957145940457     8.9043145071806578      -0.0076060245703961      -0.0068584506385529
1.8325957145940457     9.0297273875634847      -0.0077159430536790      -0.0068569578435434
1.8325957145940457     9.1551402679463116      -0.0078226938030871      -0.0068659298783947
1.8325957145940457     9.2805531483291386      -0.0079219875495467      -0.0068715067675734
1.8325957145940457     9.4059660287119655      -0.0080272776626386      -0.0068756406759152
1.8325957145940457     9.5313789090947925      -0.0081277265664047      -0.0068821452240708
1.8325957145940457     9.6567917894776194      -0.0082307124074278      -0.0068835796924906
1.8325957145940457     9.7822046698604463      -0.0083364049261360      -0.0068867513057080
1.8325957145940457     9.9076175502432733      -0.0084429839647665      -0.0068885698335082
1.8325957145940457     10.0330304306261002      -0.0085520028742723      -0.0068903741648517
1.8325957145940457     10.1584433110089272      -0.0086627328090615      -0.0068923192202167
1.8325957145940457     10.2838561913917541      -0.0087753490984298      -0.0068941817997182
1.8325957145940457     10.4092690717745811      -0.0088899098230265      -0.0068961145903983
1.8325957145940457     10.5346819521574080      -0.0090064071908215      -0.0068980921180467
1.8325957145940457     10.6600948325402349      -0.0091248791569318      -0.0069001266009984
1.8325957145940457     10.7855077129230619      -0.0092454053846945      -0.0069022166586985
1.8325957145940457     10.9109205933058888      -0.0093680207726560      -0.0069043739672236
1.8325957145940457     11.0363334736887158      -0.0094927952086700      -0.0069065923686068
1.8325957145940457     11.1617463540715427      -0.0096197931539887      -0.0069088818485958
1.8325957145940457     11.2871592344543696      -0.0097490810523835      -0.0069112430220437
1.8325957145940457     11.4125721148371966      -0.0098807317936849      -0.0069136797071380
1.8325957145940457     11.5379849952200235      -0.0100148194779811      -0.0069161957887394
1.8325957145940457     11.6633978756028505      -0.0101514226175032      -0.0069187947297964
1.8325957145940457     11.7888107559856774      -0.0102906231356997      -0.0069214804404952
1.8325957145940457     11.9142236363685043      -0.0104325067226003      -0.0069242569183024
1.8325957145940457     12.0396365167513313      -0.0105771629475184      -0.0069271283589499
1.8325957145940457     12.1650493971341582      -0.0107246856904384      -0.0069300992338073
1.8325957145940457     12.2904622775169852      -0.0108751729468481      -0.0069331743619238
1.8325957145940457     12.4158751578998121      -0.0110287275363310      -0.0069363584459460
1.8325957145940457     12.5412880382826391      -0.0111854571797595      -0.0069396574862738
1.8325957145940457     12.6667009186654660      -0.0113454734412413      -0.0069430764792153
1.8325957145940457     12.7921137990482929      -0.0115088969452207      -0.0069466208286779
1.8325957145940457     12.9175266794311199      -0.0116758482513981      -0.0069502973004683
1.8325957145940457     13.0429395598139468      -0.0118464592480620      -0.0069541110903163
1.8325957145940457     13.1683524401967738      -0.0120208684634621      -0.0069580620224976
1.8325957145940457     13.2937653205796007      -0.0121992185936734      -0.0069621604853367
1.8325957145940457     13.4191782009624276      -0.0123816452657841      -0.0069663654647412
1.8325957145940457     13.5445910813452546      -0.0125684321240845      -0.0069706321444034
1.8325957145940457     13.6700039617280815      -0.0127597293186032      -0.0069751280436665
1.8325957145940457     13.7954168421109085      -0.0129559975919702      -0.0069794944823512
1.8325957145940457     13.9208297224937354      -0.0131578743213559      -0.0069845222082626
1.8325957145940457     14.0462426028765623      -0.0133646705022387      -0.0069904033366725
1.8325957145940457     14.1716554832593893      -0.0135781774841647      -0.0069977262677792
1.8325957145940457     14.2970683636422162      -0.0137962090167958      -0.0070078204449252
1.8325957145940457     14.4224812440250432      -0.0140163856589848      -0.0070207152239199
1.8325957145940457     14.5478941244078701      -0.0142417443369953      -0.0070291926371240
1.8325957145940457     14.6733070047906971      -0.0144790330267300      -0.0070487747952347
1.8325957145940457     14.7987198851735240      -0.0146972943978582      -0.0070800135228206
1.8325957145940457     14.9241327655563509      -0.0149306428805582      -0.0070786526583556
1.8325957145940457     15.0495456459391779      -0.0150989384792911      -0.0071111079186227
1.8325957145940457     15.1749585263220048      -0.0153223465079061      -0.0069929224743316
1.8325957145940457     15.3003714067048318      -0.0156883912898897      -0.0069367645810209
1.8325957145940457     15.4257842870876587      -0.0160075707936741      -0.0069669958973291
1.8325957145940457     15.5511971674704856      -0.0163278953815586      -0.0069684952595399
1.8325957145940457     15.6766100478533126      -0.0166756077827485      -0.0069876048662315
    
2.0943951023931957     0.0000000000000000      -0.0029709210746112      -0.0558316813921718
2.0943951023931957     0.1254128803828261      0.0335069156068808      -0.0202392721472032
2.0943951023931957     0.2508257607656522      0.0122771231722752      -0.0001340300988377
2.0943951023931957     0.3762386411484783      0.0062080817550552      -0.0022667053667004
2.0943951023931957     0.5016515215313043      0.0033245467997061      -0.0014706835168849
2.0943951023931957     0.6270644019141304      0.0006640000021553      -0.0013247150693912
2.0943951023931957     0.7524772822969564      -0.0017569256692723      -0.0015816566618301
2.0943951023931957     0.8778901626797825      -0.0031519763284193      -0.0021445685360514
2.0943951023931957     1.0033030430626086      -0.0052978025377620      -0.0037729542731049
2.0943951023931957     1.1287159234454347      -0.0048231509897379      -0.0055681088703533
2.0943951023931957     1.2541288038282608      -0.0045478420811912      -0.0058923780678718
2.0943951023931957     1.3795416842110868      -0.0043873831308768      -0.0064812125538108
2.0943951023931957     1.5049545645939129      -0.0041329306706817      -0.0066365072994236
2.0943951023931957     1.6303674449767389      -0.0040287883365829      -0.0067253668781361
2.0943951023931957     1.7557803253595650      -0.0039565962598164      -0.0067823090135213
2.0943951023931957     1.8811932057423910      -0.0039238087008318      -0.0068053448758294
2.0943951023931957     2.0066060861252173      -0.0039211003787402      -0.0068226334844585
2.0943951023931957     2.1320189665080433      -0.0039343304021135      -0.0068350214205405
2.0943951023931957     2.2574318468908694      -0.0039569855287490      -0.0068440302445448
2.0943951023931957     2.3828447272736955      -0.0039886926726647      -0.0068509929930176
2.0943951023931957     2.5082576076565215      -0.0040253738779861      -0.0068567012477185
2.0943951023931957     2.6336704880393476      -0.0040665535694524      -0.0068608997124716
2.0943951023931957     2.7590833684221736      -0.0041111954975246      -0.0068644050971436
2.0943951023931957     2.8844962488049997      -0.0041585715161180      -0.0068672234480362
2.0943951023931957     3.0099091291878257      -0.0042082609961512      -0.0068695590760794
2.0943951023931957     3.1353220095706518      -0.0042598531907277      -0.0068715390464637
2.0943951023931957     3.2607348899534778      -0.0043130755735478      -0.0068732396055808
2.0943951023931957     3.3861477703363039      -0.0043677140621292      -0.0068747285358710
2.0943951023931957     3.5115606507191299      -0.0044236045746662      -0.0068760537630806
2.0943951023931957     3.6369735311019560      -0.0044806179030239      -0.0068772505379864
2.0943951023931957     3.7623864114847820      -0.0045386564770298      -0.0068783473018111
2.0943951023931957     3.8877992918676081      -0.0045976427847966      -0.0068793656783993
2.0943951023931957     4.0132121722504346      -0.0046575173982100      -0.0068803223508443
2.0943951023931957     4.1386250526332606      -0.0047182342109008      -0.0068812308552669
2.0943951023931957     4.2640379330160867      -0.0047797578442133      -0.0068821018480152
2.0943951023931957     4.3894508133989127      -0.0048420615972470      -0.0068829439886890
2.0943951023931957     4.5148636937817388      -0.0049051257311129      -0.0068837642748625
2.0943951023931957     4.6402765741645648      -0.0049689362159091      -0.0068845685548657
2.0943951023931957     4.7656894545473909      -0.0050334835636678      -0.0068853615605607
2.0943951023931957     4.8911023349302170      -0.0050987625021611      -0.0068861472470090
2.0943951023931957     5.0165152153130430      -0.0051647705679513      -0.0068869293330498
2.0943951023931957     5.1419280956958691      -0.0052315084441435      -0.0068877102099613
2.0943951023931957     5.2673409760786951      -0.0052989787641992      -0.0068884924011581
2.0943951023931957     5.3927538564615212      -0.0053671870938377      -0.0068892792241398
2.0943951023931957     5.5181667368443472      -0.0054361362617987      -0.0068900710586127
2.0943951023931957     5.6435796172271733      -0.0055058433596425      -0.0068908663053514
2.0943951023931957     5.7689924976099993      -0.0055763049910029      -0.0068916795928586
2.0943951023931957     5.8944053779928254      -0.0056475289250915      -0.0068924747284712
2.0943951023931957     6.0198182583756514      -0.0057195714295752      -0.0068933022396932
2.0943951023931957     6.1452311387584775      -0.0057923422056481      -0.0068941306687668
2.0943951023931957     6.2706440191413035      -0.0058660176851643      -0.0068948777303796
2.0943951023931957     6.3960568995241296      -0.0059405106947373      -0.0068957139373327
2.0943951023931957     6.5214697799069556      -0.0060158957075821      -0.0068965340551059
2.0943951023931957     6.6468826602897817      -0.0060922616718981      -0.0068971971804663
2.0943951023931957     6.7722955406726077      -0.0061700903810340      -0.0068984786973543
2.0943951023931957     6.8977084210554338      -0.0062473099556975      -0.0069003641292072
2.0943951023931957     7.0231213014382599      -0.0063259855724840      -0.0069014021346705
2.0943951023931957     7.1485341818210859      -0.0064047400655454      -0.0069024323409238
2.0943951023931957     7.2739470622039120      -0.0064825970542348      -0.0069039772471422
2.0943951023931957     7.3993599425867380      -0.0065626129443490      -0.0068975747434999
2.0943951023931957     7.5247728229695641      -0.0066537013851804      -0.0068965418851427
2.0943951023931957     7.6501857033523901      -0.0067363430102233      -0.0068976032090308
2.0943951023931957     7.7755985837352162      -0.0068328961447746      -0.0068947527231140
2.0943951023931957     7.9010114641180422      -0.0069251713880596      -0.0069104446815652
2.0943951023931957     8.0264243445008692      -0.0070108183581056      -0.0069189870200737
2.0943951023931957     8.1518372248836961      -0.0070907694315372      -0.0069310713702119
2.0943951023931957     8.2772501052665231      -0.0071713884074085      -0.0069309299435190
2.0943951023931957     8.4026629856493500      -0.0072548339672037      -0.0069401134065518
2.0943951023931957     8.5280758660321769      -0.0073275015240459      -0.0069287814204530
2.0943951023931957     8.6534887464150039      -0.0074257807912683      -0.0069154353060773
2.0943951023931957     8.7789016267978308      -0.0075209139519114      -0.0069133868231694
2.0943951023931957     8.9043145071806578      -0.0076208382243598      -0.0069058617680704
2.0943951023931957     9.0297273875634847      -0.0077281233643533      -0.0069048811768386
2.0943951023931957     9.1551402679463116      -0.0078323817865400      -0.0069113321517380
2.0943951023931957     9.2805531483291386      -0.0079320640986215      -0.0069157017130159
2.0943951023931957     9.4059660287119655      -0.0080363959218486      -0.0069190944524093
2.0943951023931957     9.5313789090947925      -0.0081374485669569      -0.0069242908735207
2.0943951023931957     9.6567917894776194      -0.0082407654908888      -0.0069257320978056
2.0943951023931957     9.7822046698604463      -0.0083465307411064      -0.0069284052802943
2.0943951023931957     9.9076175502432733      -0.0084534299871592      -0.0069301802304941
2.0943951023931957     10.0330304306261002      -0.0085625105264152      -0.0069319632803924
2.0943951023931957     10.1584433110089272      -0.0086733441820221      -0.0069338607913472
2.0943951023931957     10.2838561913917541      -0.0087860117240239      -0.0069357421403661
2.0943951023931957     10.4092690717745811      -0.0089005867012446      -0.0069376767327611
2.0943951023931957     10.5346819521574080      -0.0090170853666338      -0.0069396698845396
2.0943951023931957     10.6600948325402349      -0.0091355435592447      -0.0069417201076632
2.0943951023931957     10.7855077129230619      -0.0092560412899418      -0.0069438273608310
2.0943951023931957     10.9109205933058888      -0.0093786196222904      -0.0069460021002419
2.0943951023931957     11.0363334736887158      -0.0095033476534776      -0.0069482397276905
2.0943951023931957     11.1617463540715427      -0.0096302912445873      -0.0069505485194515
2.0943951023931957     11.2871592344543696      -0.0097595183507807      -0.0069529298645254
2.0943951023931957     11.4125721148371966      -0.0098911022462629      -0.0069553875057354
2.0943951023931957     11.5379849952200235      -0.0100251184321716      -0.0069579253338523
2.0943951023931957     11.6633978756028505      -0.0101616464432008      -0.0069605471117650
2.0943951023931957     11.7888107559856774      -0.0103007695667786      -0.0069632569425191
2.0943951023931957     11.9142236363685043      -0.0104425751200566      -0.0069660591828608
2.0943951023931957     12.0396365167513313      -0.0105871547131701      -0.0069689584972136
2.0943951023931957     12.1650493971341582      -0.0107346044757045      -0.0069719598971150
2.0943951023931957     12.2904622775169852      -0.0108850258002832      -0.0069750687270531
2.0943951023931957     12.4158751578998121      -0.0110385251424716      -0.0069782914264136
2.0943951023931957     12.5412880382826391      -0.0111952145665656      -0.0069816335627468
2.0943951023931957     12.6667009186654660      -0.0113552147365412      -0.0069851033766090
2.0943951023931957     12.7921137990482929      -0.0115186476875614      -0.0069887086700815
2.0943951023931957     12.9175266794311199      -0.0116856519506220      -0.0069924571886687
2.0943951023931957     13.0429395598139468      -0.0118563687380781      -0.0069963601568881
2.0943951023931957     13.1683524401967738      -0.0120309445448942      -0.0070004328690853
2.0943951023931957     13.2937653205796007      -0.0122095387235151      -0.0070046617542471
2.0943951023931957     13.4191782009624276      -0.0123923771811883      -0.0070090821659571
2.0943951023931957     13.5445910813452546      -0.0125795569649497      -0.0070136949222858
2.0943951023931957     13.6700039617280815      -0.0127715296795254      -0.0070182695733161
2.0943951023931957     13.7954168421109085      -0.0129685715336121      -0.0070234233861658
2.0943951023931957     13.9208297224937354      -0.0131706256692338      -0.0070281990296712
2.0943951023931957     14.0462426028765623      -0.0133800094204447      -0.0070337908877661
2.0943951023931957     14.1716554832593893      -0.0135954941994966      -0.0070407496848205
2.0943951023931957     14.2970683636422162      -0.0138176742059935      -0.0070495721677142
2.0943951023931957     14.4224812440250432      -0.0140498774195344      -0.0070605490434401
2.0943951023931957     14.5478941244078701      -0.0142888241646743      -0.0070785930610444
2.0943951023931957     14.6733070047906971      -0.0145375716204902      -0.0070979681060260
2.0943951023931957     14.7987198851735240      -0.0148216876758321      -0.0071464365623343
2.0943951023931957     14.9241327655563509      -0.0150313129399455      -0.0072774581521228
2.0943951023931957     15.0495456459391779      -0.0152073195144967      -0.0073034915488832
2.0943951023931957     15.1749585263220048      -0.0153971899198898      -0.0074032496310723
2.0943951023931957     15.3003714067048318      -0.0154315279322455      -0.0073695275141097
2.0943951023931957     15.4257842870876587      -0.0156192966709505      -0.0072058262534110
2.0943951023931957     15.5511971674704856      -0.0158970464769973      -0.0070499745886868
2.0943951023931957     15.6766100478533126      -0.0162469273087189      -0.0068997437948835
    
2.3561944901923448     0.0000000000000000      -0.0189879811002881      -0.0060921896707276
2.3561944901923448     0.1254128803828261      -0.0108436144354624      -0.0177569581711635
2.3561944901923448     0.2508257607656522      -0.0017982304096770      -0.0169229935465939
2.3561944901923448     0.3762386411484783      0.0050564134515416      -0.0137724778474612
2.3561944901923448     0.5016515215313043      0.0047117357816415      -0.0036243218843394
2.3561944901923448     0.6270644019141304      -0.0025494407370719      -0.0029768797774272
2.3561944901923448     0.7524772822969564      -0.0037523123113499      -0.0054493837387273
2.3561944901923448     0.8778901626797825      -0.0035279712574783      -0.0062091023671460
2.3561944901923448     1.0033030430626086      -0.0039398648502973      -0.0065324048777307
2.3561944901923448     1.1287159234454347      -0.0035991869003166      -0.0070630361075688
2.3561944901923448     1.2541288038282608      -0.0034808274375067      -0.0069704068586481
2.3561944901923448     1.3795416842110868      -0.0034591443534074      -0.0070383877057542
2.3561944901923448     1.5049545645939129      -0.0034489021379291      -0.0069844411822442
2.3561944901923448     1.6303674449767389      -0.0035133553096900      -0.0069588641000999
2.3561944901923448     1.7557803253595650      -0.0035700775660522      -0.0069639810113910
2.3561944901923448     1.8811932057423910      -0.0036234130639881      -0.0069665992554448
2.3561944901923448     2.0066060861252173      -0.0036762826192159      -0.0069702982534509
2.3561944901923448     2.1320189665080433      -0.0037295793148581      -0.0069725283838004
2.3561944901923448     2.2574318468908694      -0.0037831820453321      -0.0069738293785523
2.3561944901923448     2.3828447272736955      -0.0038383934893169      -0.0069748280514094
2.3561944901923448     2.5082576076565215      -0.0038940710582732      -0.0069758035863403
2.3561944901923448     2.6336704880393476      -0.0039505017104119      -0.0069765289108333
2.3561944901923448     2.7590833684221736      -0.0040075519070043      -0.0069772790072920
2.3561944901923448     2.8844962488049997      -0.0040651463117441      -0.0069779664726494
2.3561944901923448     3.0099091291878257      -0.0041232956294490      -0.0069786196075851
2.3561944901923448     3.1353220095706518      -0.0041819662101818      -0.0069792529280960
2.3561944901923448     3.2607348899534778      -0.0042411535540923      -0.0069798697813569
2.3561944901923448     3.3861477703363039      -0.0043008528460531      -0.0069804777733359
2.3561944901923448     3.5115606507191299      -0.0043610634127391      -0.0069810811033874
2.3561944901923448     3.6369735311019560      -0.0044217862934058      -0.0069816823226681
2.3561944901923448     3.7623864114847820      -0.0044830262395954      -0.0069822841807410
2.3561944901923448     3.8877992918676081      -0.0045447887607567      -0.0069828887174820
2.3561944901923448     4.0132121722504346      -0.0046070811443473      -0.0069834974981594
2.3561944901923448     4.1386250526332606      -0.0046699117086572      -0.0069841120132854
2.3561944901923448     4.2640379330160867      -0.0047332897122095      -0.0069847334718246
2.3561944901923448     4.3894508133989127      -0.0047972252616022      -0.0069853629784937
2.3561944901923448     4.5148636937817388      -0.0048617292261780      -0.0069860014777110
2.3561944901923448     4.6402765741645648      -0.0049268131279093      -0.0069866499157558
2.3561944901923448     4.7656894545473909      -0.0049924891931099      -0.0069873091839200
2.3561944901923448     4.8911023349302170      -0.0050587701031973      -0.0069879801420159
2.3561944901923448     5.0165152153130430      -0.0051256698583220      -0.0069886633935895
2.3561944901923448     5.1419280956958691      -0.0051932019921990      -0.0069893607800610
2.3561944901923448     5.2673409760786951      -0.0052613808415091      -0.0069900709351932
2.3561944901923448     5.3927538564615212      -0.0053302261671989      -0.0069907982999293
2.3561944901923448     5.5181667368443472      -0.0053997448821542      -0.0069915438116523
2.3561944901923448     5.6435796172271733      -0.0054699723362199      -0.0069922974239258
2.3561944901923448     5.7689924976099993      -0.0055409094070198      -0.0069930833413908
2.3561944901923448     5.8944053779928254      -0.0056125940329973      -0.0069938849396010
2.3561944901923448     6.0198182583756514      -0.0056850561992879      -0.0069946848799003
2.3561944901923448     6.1452311387584775      -0.0057583732145783      -0.0069955785782767
2.3561944901923448     6.2706440191413035      -0.0058323955150249      -0.0069965200839511
2.3561944901923448     6.3960568995241296      -0.0059075676758603      -0.0069973263069504
2.3561944901923448     6.5214697799069556      -0.0059838640070700      -0.0069993180941254
2.3561944901923448     6.6468826602897817      -0.0060602066220869      -0.0070001052146091
2.3561944901923448     6.7722955406726077      -0.0061401901962881      -0.0070032183506820
2.3561944901923448     6.8977084210554338      -0.0062153123511482      -0.0070087175935131
2.3561944901923448     7.0231213014382599      -0.0062941250922403      -0.0070108496288904
2.3561944901923448     7.1485341818210859      -0.0063699028894548      -0.0070186444619438
2.3561944901923448     7.2739470622039120      -0.0064392548691851      -0.0070202701018693
2.3561944901923448     7.3993599425867380      -0.0065130204851296      -0.0070137607555124
2.3561944901923448     7.5247728229695641      -0.0065937907518889      -0.0070083822542031
2.3561944901923448     7.6501857033523901      -0.0066690594788247      -0.0069983762577431
2.3561944901923448     7.7755985837352162      -0.0067655827987760      -0.0069784249777588
2.3561944901923448     7.9010114641180422      -0.0068669784571622      -0.0069845213873613
2.3561944901923448     8.0264243445008692      -0.0069610487852336      -0.0069818058796171
2.3561944901923448     8.1518372248836961      -0.0070649101653848      -0.0069911200843975
2.3561944901923448     8.2772501052665231      -0.0071557658776424      -0.0070043985179767
2.3561944901923448     8.4026629856493500      -0.0072465753553709      -0.0070212346059233
2.3561944901923448     8.5280758660321769      -0.0073227295356615      -0.0070274095942420
2.3561944901923448     8.6534887464150039      -0.0074138887373733      -0.0070259651333164
2.3561944901923448     8.7789016267978308      -0.0074982947677563      -0.0070306268428918
2.3561944901923448     8.9043145071806578      -0.0075898538359814      -0.0070228646221881
2.3561944901923448     9.0297273875634847      -0.0076896744916405      -0.0070231035004085
2.3561944901923448     9.1551402679463116      -0.0077867938623348      -0.0070229167427276
2.3561944901923448     9.2805531483291386      -0.0078867616305000      -0.0070240545905058
2.3561944901923448     9.4059660287119655      -0.0079878488946923      -0.0070254253016269
2.3561944901923448     9.5313789090947925      -0.0080896627048406      -0.0070271325008508
2.3561944901923448     9.6567917894776194      -0.0081929924892119      -0.0070284923641651
2.3561944901923448     9.7822046698604463      -0.0082980583614032      -0.0070297763999692
2.3561944901923448     9.9076175502432733      -0.0084048552860603      -0.0070313413271130
2.3561944901923448     10.0330304306261002      -0.0085131181348044      -0.0070329725562828
2.3561944901923448     10.1584433110089272      -0.0086231959924088      -0.0070346503597405
2.3561944901923448     10.2838561913917541      -0.0087349227397817      -0.0070364835754220
2.3561944901923448     10.4092690717745811      -0.0088484098552509      -0.0070383255178444
2.3561944901923448     10.5346819521574080      -0.0089637333453015      -0.0070402608982445
2.3561944901923448     10.6600948325402349      -0.0090809207301526      -0.0070422522521749
2.3561944901923448     10.7855077129230619      -0.0092000497097767      -0.0070443025620066
2.3561944901923448     10.9109205933058888      -0.0093211736110220      -0.0070464185902495
2.3561944901923448     11.0363334736887158      -0.0094443553158458      -0.0070485991508122
2.3561944901923448     11.1617463540715427      -0.0095696595585816      -0.0070508474256807
2.3561944901923448     11.2871592344543696      -0.0096971527568695      -0.0070531660034041
2.3561944901923448     11.4125721148371966      -0.0098269029845607      -0.0070555574997028
2.3561944901923448     11.5379849952200235      -0.0099589822097674      -0.0070580247585319
2.3561944901923448     11.6633978756028505      -0.0100934644092659      -0.0070605710146023
2.3561944901923448     11.7888107559856774      -0.0102304268770007      -0.0070631993541760
2.3561944901923448     11.9142236363685043      -0.0103699500689267      -0.0070659132752346
2.3561944901923448     12.0396365167513313      -0.0105121177563559      -0.0070687163663208
2.3561944901923448     12.1650493971341582      -0.0106570172449826      -0.0070716123988907
2.3561944901923448     12.2904622775169852      -0.0108047397093153      -0.0070746052874045
2.3561944901923448     12.4158751578998121      -0.0109553801375107      -0.0070776994339896
2.3561944901923448     12.5412880382826391      -0.0111090376685506      -0.0070808987475008
2.3561944901923448     12.6667009186654660      -0.0112658168055800      -0.0070842083464913
2.3561944901923448     12.7921137990482929      -0.0114258240783288      -0.0070876335602648
2.3561944901923448     12.9175266794311199      -0.0115891752289860      -0.0070911792775259
2.3561944901923448     13.0429395598139468      -0.0117559874108785      -0.0070948521193972
2.3561944901923448     13.1683524401967738      -0.0119263832205132      -0.0070986632780278
2.3561944901923448     13.2937653205796007      -0.0121004931140234      -0.0071026168899725
2.3561944901923448     13.4191782009624276      -0.0122784643394823      -0.0071067554561125
2.3561944901923448     13.5445910813452546      -0.0124603480812661      -0.0071111250496885
2.3561944901923448     13.6700039617280815      -0.0126463063936224      -0.0071156171276099
2.3561944901923448     13.7954168421109085      -0.0128362878837486      -0.0071205093480881
2.3561944901923448     13.9208297224937354      -0.0130301266215317      -0.0071252387644776
2.3561944901923448     14.0462426028765623      -0.0132286437943123      -0.0071296818041783
2.3561944901923448     14.1716554832593893      -0.0134308614656359      -0.0071334259886161
2.3561944901923448     14.2970683636422162      -0.0136387315525263      -0.0071355178669224
2.3561944901923448     14.4224812440250432      -0.0138543670902728      -0.0071359562968822
2.3561944901923448     14.5478941244078701      -0.0140759358070010      -0.0071400486323174
2.3561944901923448     14.6733070047906971      -0.0142989110299909      -0.0071364540390438
2.3561944901923448     14.7987198851735240      -0.0145463963876730      -0.0071247962683052
2.3561944901923448     14.9241327655563509      -0.0147938705845445      -0.0071375069084954
2.3561944901923448     15.0495456459391779      -0.0151004972672598      -0.0071259791422468
2.3561944901923448     15.1749585263220048      -0.0153788249589426      -0.0072252985885133
2.3561944901923448     15.3003714067048318      -0.0155653154899982      -0.0072797887401754
2.3561944901923448     15.4257842870876587      -0.0157993105784386      -0.0072716515156116
2.3561944901923448     15.5511971674704856      -0.0160462800007482      -0.0072852174105129
2.3561944901923448     15.6766100478533126      -0.0162876694907931      -0.0072866028168629
    
2.6179938779914940     0.0000000000000000      -0.0058870831655888      -0.0068534249188728
2.6179938779914940     0.1254128803828261      -0.0043671615019463      -0.0090475538058685
2.6179938779914940     0.2508257607656522      -0.0026992166728603      -0.0088782692515443
2.6179938779914940     0.3762386411484783      -0.0014473311966237      -0.0082797432792410
2.6179938779914940     0.5016515215313043      -0.0015563603222803      -0.0063572575304098
2.6179938779914940     0.6270644019141304      -0.0029745262148040      -0.0062355005632295
2.6179938779914940     0.7524772822969564      -0.0032451076629798      -0.0067027264337505
2.6179938779914940     0.8778901626797825      -0.0032461556622826      -0.0068467460155112
2.6179938779914940     1.0033030430626086      -0.0033677146714072      -0.0069083236953559
2.6179938779914940     1.1287159234454347      -0.0033464549763635      -0.0070092300967464
2.6179938779914940     1.2541288038282608      -0.0033676055085958      -0.0069918817313129
2.6179938779914940     1.3795416842110868      -0.0034072793625234      -0.0070050502717301
2.6179938779914940     1.5049545645939129      -0.0034493541851853      -0.0069950639774678
2.6179938779914940     1.6303674449767389      -0.0035058613206479      -0.0069904809013037
2.6179938779914940     1.7557803253595650      -0.0035611466376274      -0.0069917294506200
2.6179938779914940     1.8811932057423910      -0.0036160663556423      -0.0069925046110333
2.6179938779914940     2.0066060861252173      -0.0036711786205819      -0.0069934986910064
2.6179938779914940     2.1320189665080433      -0.0037266608532943      -0.0069942207147267
2.6179938779914940     2.2574318468908694      -0.0037824979491908      -0.0069947754869737
2.6179938779914940     2.3828447272736955      -0.0038389458403712      -0.0069952816334467
2.6179938779914940     2.5082576076565215      -0.0038957948185078      -0.0069957918108630
2.6179938779914940     2.6336704880393476      -0.0039531078087116      -0.0069962627002870
2.6179938779914940     2.7590833684221736      -0.0040108672887459      -0.0069967467385599
2.6179938779914940     2.8844962488049997      -0.0040690669275837      -0.0069972272255975
2.6179938779914940     3.0099091291878257      -0.0041277169072312      -0.0069977096564648
2.6179938779914940     3.1353220095706518      -0.0041868189379751      -0.0069981968884349
2.6179938779914940     3.2607348899534778      -0.0042463804508713      -0.0069986896691232
2.6179938779914940     3.3861477703363039      -0.0043064089270385      -0.0069991895944600
2.6179938779914940     3.5115606507191299      -0.0043669127820795      -0.0069996976237931
2.6179938779914940     3.6369735311019560      -0.0044279009154340      -0.0070002144148259
2.6179938779914940     3.7623864114847820      -0.0044893831180021      -0.0070007406830422
2.6179938779914940     3.8877992918676081      -0.0045513695117588      -0.0070012770266749
2.6179938779914940     4.0132121722504346      -0.0046138707644803      -0.0070018239669661
2.6179938779914940     4.1386250526332606      -0.0046768979618177      -0.0070023820274373
2.6179938779914940     4.2640379330160867      -0.0047404626179419      -0.0070029516941458
2.6179938779914940     4.3894508133989127      -0.0048045766509150      -0.0070035334784069
2.6179938779914940     4.5148636937817388      -0.0048692524255098      -0.0070041278335918
2.6179938779914940     4.6402765741645648      -0.0049345027090367      -0.0070047352970014
2.6179938779914940     4.7656894545473909      -0.0050003407957050      -0.0070053564456955
2.6179938779914940     4.8911023349302170      -0.0050667802134373      -0.0070059918714151
2.6179938779914940     5.0165152153130430      -0.0051338358526507      -0.0070066418768644
2.6179938779914940     5.1419280956958691      -0.0052015218474072      -0.0070073083189460
2.6179938779914940     5.2673409760786951      -0.0052698531490499      -0.0070079893796100
2.6179938779914940     5.3927538564615212      -0.0053388506011062      -0.0070086896996964
2.6179938779914940     5.5181667368443472      -0.0054085209768986      -0.0070094103261406
2.6179938779914940     5.6435796172271733      -0.0054789014585740      -0.0070101401239346
2.6179938779914940     5.7689924976099993      -0.0055499929970713      -0.0070109045789145
2.6179938779914940     5.8944053779928254      -0.0056218370859719      -0.0070116896515826
2.6179938779914940     6.0198182583756514      -0.0056944599020114      -0.0070124690749335
2.6179938779914940     6.1452311387584775      -0.0057679605218164      -0.0070133549727845
2.6179938779914940     6.2706440191413035      -0.0058421462167391      -0.0070143061754576
2.6179938779914940     6.3960568995241296      -0.0059175313630351      -0.0070150930424972
2.6179938779914940     6.5214697799069556      -0.0059940769115976      -0.0070172241611588
2.6179938779914940     6.6468826602897817      -0.0060705512282073      -0.0070180131649659
2.6179938779914940     6.7722955406726077      -0.0061509586991504      -0.0070213534764555
2.6179938779914940     6.8977084210554338      -0.0062259502732374      -0.0070273149928316
2.6179938779914940     7.0231213014382599      -0.0063049319138106      -0.0070295780283541
2.6179938779914940     7.1485341818210859      -0.0063804739274203      -0.0070382508695517
2.6179938779914940     7.2739470622039120      -0.0064488675520803      -0.0070398750143946
2.6179938779914940     7.3993599425867380      -0.0065219769070276      -0.0070333399213289
2.6179938779914940     7.5247728229695641      -0.0066015606275049      -0.0070273780525967
2.6179938779914940     7.6501857033523901      -0.0066760359076328      -0.0070159041769593
2.6179938779914940     7.7755985837352162      -0.0067727378861847      -0.0069936911571956
2.6179938779914940     7.9010114641180422      -0.0068755222944462      -0.0069985143339408
2.6179938779914940     8.0264243445008692      -0.0069708951185374      -0.0069943072104297
2.6179938779914940     8.1518372248836961      -0.0070781034172157      -0.0070032476828747
2.6179938779914940     8.2772501052665231      -0.0071705115403462      -0.0070182840961417
2.6179938779914940     8.4026629856493500      -0.0072625011746463      -0.0070361192621138
2.6179938779914940     8.5280758660321769      -0.0073393310840818      -0.0070445911234610
2.6179938779914940     8.6534887464150039      -0.0074297757300877      -0.0070447059471620
2.6179938779914940     8.7789016267978308      -0.0075129988578091      -0.0070502439498254
2.6179938779914940     8.9043145071806578      -0.0076036922420574      -0.0070424440470481
2.6179938779914940     9.0297273875634847      -0.0077027722550705      -0.0070428373492755
2.6179938779914940     9.1551402679463116      -0.0077992006761894      -0.0070417707113761
2.6179938779914940     9.2805531483291386      -0.0078994622662744      -0.0070424775963910
2.6179938779914940     9.4059660287119655      -0.0080003859040590      -0.0070435770636576
2.6179938779914940     9.5313789090947925      -0.0081025710135394      -0.0070448203161114
2.6179938779914940     9.6567917894776194      -0.0082061814202257      -0.0070461653266921
2.6179938779914940     9.7822046698604463      -0.0083114422734892      -0.0070472627911725
2.6179938779914940     9.9076175502432733      -0.0084185212227029      -0.0070487968361587
2.6179938779914940     10.0330304306261002      -0.0085269807029962      -0.0070504053237083
2.6179938779914940     10.1584433110089272      -0.0086372724694496      -0.0070520519505118
2.6179938779914940     10.2838561913917541      -0.0087491982811050      -0.0070538770858932
2.6179938779914940     10.4092690717745811      -0.0088628750306805      -0.0070557056260858
2.6179938779914940     10.5346819521574080      -0.0089783870206782      -0.0070576327639721
2.6179938779914940     10.6600948325402349      -0.0090957611539992      -0.0070596163181729
2.6179938779914940     10.7855077129230619      -0.0092150753457070      -0.0070616597115176
2.6179938779914940     10.9109205933058888      -0.0093363850848334      -0.0070637692590126
2.6179938779914940     11.0363334736887158      -0.0094597530435819      -0.0070659442639422
2.6179938779914940     11.1617463540715427      -0.0095852444677651      -0.0070681872975054
2.6179938779914940     11.2871592344543696      -0.0097129262883659      -0.0070705011659122
2.6179938779914940     11.4125721148371966      -0.0098428666896888      -0.0070728884075009
2.6179938779914940     11.5379849952200235      -0.0099751380462443      -0.0070753518176378
2.6179938779914940     11.6633978756028505      -0.0101098145748361      -0.0070778946600523
2.6179938779914940     11.7888107559856774      -0.0102469738647699      -0.0070805200109826
2.6179938779914940     11.9142236363685043      -0.0103866966860294      -0.0070832314092694
2.6179938779914940     12.0396365167513313      -0.0105290671448794      -0.0070860324847918
2.6179938779914940     12.1650493971341582      -0.0106741729815817      -0.0070889270875026
2.6179938779914940     12.2904622775169852      -0.0108221057391152      -0.0070919192843724
2.6179938779914940     12.4158751578998121      -0.0109729609554979      -0.0070950134241272
2.6179938779914940     12.5412880382826391      -0.0111268384148605      -0.0070982139677382
2.6179938779914940     12.6667009186654660      -0.0112838425761976      -0.0071015258244496
2.6179938779914940     12.7921137990482929      -0.0114440821554804      -0.0071049541716937
2.6179938779914940     12.9175266794311199      -0.0116076717197316      -0.0071085043542053
2.6179938779914940     13.0429395598139468      -0.0117747304468112      -0.0071121823058495
2.6179938779914940     13.1683524401967738      -0.0119453831594019      -0.0071159951147021
2.6179938779914940     13.2937653205796007      -0.0121197610508793      -0.0071199488325279
2.6179938779914940     13.4191782009624276      -0.0122980036962230      -0.0071240571128055
2.6179938779914940     13.5445910813452546      -0.0124802379459773      -0.0071283346311804
2.6179938779914940     13.6700039617280815      -0.0126666175628651      -0.0071327671080151
2.6179938779914940     13.7954168421109085      -0.0128572620669411      -0.0071374139488082
2.6179938779914940     13.9208297224937354      -0.0130522758432616      -0.0071421755203877
2.6179938779914940     14.0462426028765623      -0.0132519576864077      -0.0071470361307615
2.6179938779914940     14.1716554832593893      -0.0134562725613743      -0.0071519256801580
2.6179938779914940     14.2970683636422162      -0.0136657489335144      -0.0071566724461011
2.6179938779914940     14.4224812440250432      -0.0138809547613661      -0.0071612848437514
2.6179938779914940     14.5478941244078701      -0.0141017187372397      -0.0071667799348975
2.6179938779914940     14.6733070047906971      -0.0143273688700423      -0.0071710172709475
2.6179938779914940     14.7987198851735240      -0.0145624841058582      -0.0071739392346005
2.6179938779914940     14.9241327655563509      -0.0148026152823922      -0.0071817105833589
2.6179938779914940     15.0495456459391779      -0.0150592027859732      -0.0071851156901819
2.6179938779914940     15.1749585263220048      -0.0153159016974432      -0.0072097937438224
2.6179938779914940     15.3003714067048318      -0.0155608997974083      -0.0072262288885348
2.6179938779914940     15.4257842870876587      -0.0158209000250230      -0.0072310629683559
2.6179938779914940     15.5511971674704856      -0.0160896284718360      -0.0072403129450391
2.6179938779914940     15.6766100478533126      -0.0163638609376998      -0.0072475722256975
    
2.8797932657906431     0.0000000000000000      0.0030445452590815      -0.0072576561939908
2.8797932657906431     0.1254128803828261      0.0000106984630984      -0.0029730894160610
2.8797932657906431     0.2508257607656522      -0.0033741778423889      -0.0032674967230859
2.8797932657906431     0.3762386411484783      -0.0059588188700089      -0.0044192623777509
2.8797932657906431     0.5016515215313043      -0.0059048817398421      -0.0081349001096675
2.8797932657906431     0.6270644019141304      -0.0033180153251669      -0.0083728111670533
2.8797932657906431     0.7524772822969564      -0.0029492283711378      -0.0074671825663115
2.8797932657906431     0.8778901626797825      -0.0031036840701129      -0.0071893636741610
2.8797932657906431     1.0033030430626086      -0.0030254655466740      -0.0070714857387908
2.8797932657906431     1.1287159234454347      -0.0032228079008472      -0.0068777440030817
2.8797932657906431     1.2541288038282608      -0.0033392264405381      -0.0069120359075406
2.8797932657906431     1.3795416842110868      -0.0034206631751812      -0.0068876036171136
2.8797932657906431     1.5049545645939129      -0.0034983417728100      -0.0069077718716910
2.8797932657906431     1.6303674449767389      -0.0035491507697084      -0.0069175806298735
2.8797932657906431     1.7557803253595650      -0.0036032416857983      -0.0069161734844479
2.8797932657906431     1.8811932057423910      -0.0036590535420147      -0.0069156871854303
2.8797932657906431     2.0066060861252173      -0.0037155285334251      -0.0069148223823425
2.8797932657906431     2.1320189665080433      -0.0037723517348647      -0.0069145068612048
2.8797932657906431     2.2574318468908694      -0.0038295798496916      -0.0069145447304270
2.8797932657906431     2.3828447272736955      -0.0038867497127545      -0.0069147066260547
2.8797932657906431     2.5082576076565215      -0.0039442912580744      -0.0069148902947760
2.8797932657906431     2.6336704880393476      -0.0040021128231365      -0.0069151786960113
2.8797932657906431     2.7590833684221736      -0.0040602761418061      -0.0069154716057320
2.8797932657906431     2.8844962488049997      -0.0041188219070106      -0.0069158010417151
2.8797932657906431     3.0099091291878257      -0.0041777596298512      -0.0069161568969825
2.8797932657906431     3.1353220095706518      -0.0042371151545529      -0.0069165340997661
2.8797932657906431     3.2607348899534778      -0.0042969039687458      -0.0069169316750002
2.8797932657906431     3.3861477703363039      -0.0043571419214611      -0.0069173471316153
2.8797932657906431     3.5115606507191299      -0.0044178436332002      -0.0069177792325994
2.8797932657906431     3.6369735311019560      -0.0044790233999086      -0.0069182273642407
2.8797932657906431     3.7623864114847820      -0.0045406944808064      -0.0069186908602065
2.8797932657906431     3.8877992918676081      -0.0046028701960556      -0.0069191693288828
2.8797932657906431     4.0132121722504346      -0.0046655635732935      -0.0069196625754692
2.8797932657906431     4.1386250526332606      -0.0047287876262512      -0.0069201704463497
2.8797932657906431     4.2640379330160867      -0.0047925554375329      -0.0069206929055778
2.8797932657906431     4.3894508133989127      -0.0048568801597601      -0.0069212300147343
2.8797932657906431     4.5148636937817388      -0.0049217751326980      -0.0069217818321116
2.8797932657906431     4.6402765741645648      -0.0049872539205485      -0.0069223485635746
2.8797932657906431     4.7656894545473909      -0.0050533302123369      -0.0069229303751302
2.8797932657906431     4.8911023349302170      -0.0051200181877735      -0.0069235274505219
2.8797932657906431     5.0165152153130430      -0.0051873321277131      -0.0069241402809020
2.8797932657906431     5.1419280956958691      -0.0052552867150266      -0.0069247689848895
2.8797932657906431     5.2673409760786951      -0.0053238966991643      -0.0069254134827726
2.8797932657906431     5.3927538564615212      -0.0053931788841671      -0.0069260757920829
2.8797932657906431     5.5181667368443472      -0.0054631441461440      -0.0069267551115586
2.8797932657906431     5.6435796172271733      -0.0055338194974994      -0.0069274470482230
2.8797932657906431     5.7689924976099993      -0.0056052078488607      -0.0069281672084879
2.8797932657906431     5.8944053779928254      -0.0056773277583934      -0.0069288824970464
2.8797932657906431     6.0198182583756514      -0.0057502344289300      -0.0069296291893877
2.8797932657906431     6.1452311387584775      -0.0058238747260933      -0.0069304005812702
2.8797932657906431     6.2706440191413035      -0.0058983632064852      -0.0069311211232550
2.8797932657906431     6.3960568995241296      -0.0059737218343228      -0.0069318902346326
2.8797932657906431     6.5214697799069556      -0.0060500076419042      -0.0069328872146462
2.8797932657906431     6.6468826602897817      -0.0061270787635651      -0.0069335213929002
2.8797932657906431     6.7722955406726077      -0.0062060410281034      -0.0069351183706487
2.8797932657906431     6.8977084210554338      -0.0062835396151950      -0.0069376782943668
2.8797932657906431     7.0231213014382599      -0.0063629374965892      -0.0069388900510395
2.8797932657906431     7.1485341818210859      -0.0064417904533242      -0.0069412295117881
2.8797932657906431     7.2739470622039120      -0.0065186411180369      -0.0069427505459435
2.8797932657906431     7.3993599425867380      -0.0065981022828050      -0.0069362888517926
2.8797932657906431     7.5247728229695641      -0.0066878255333350      -0.0069343518836114
2.8797932657906431     7.6501857033523901      -0.0067696939685591      -0.0069331679515625
2.8797932657906431     7.7755985837352162      -0.0068669456074146      -0.0069268685511335
2.8797932657906431     7.9010114641180422      -0.0069617531393594      -0.0069406128113251
2.8797932657906431     8.0264243445008692      -0.0070497996195127      -0.0069468769867187
2.8797932657906431     8.1518372248836961      -0.0071352517454360      -0.0069583805921356
2.8797932657906431     8.2772501052665231      -0.0072186479198951      -0.0069608943110386
2.8797932657906431     8.4026629856493500      -0.0073043060174058      -0.0069715818887443
2.8797932657906431     8.5280758660321769      -0.0073784214301776      -0.0069637242862768
2.8797932657906431     8.6534887464150039      -0.0074760399807088      -0.0069527337538311
2.8797932657906431     8.7789016267978308      -0.0075698036532528      -0.0069520049054268
2.8797932657906431     8.9043145071806578      -0.0076688421578728      -0.0069444130210669
2.8797932657906431     9.0297273875634847      -0.0077754340370671      -0.0069436575836640
2.8797932657906431     9.1551402679463116      -0.0078790778409296      -0.0069487643107310
2.8797932657906431     9.2805531483291386      -0.0079796437675466      -0.0069524713378311
2.8797932657906431     9.4059660287119655      -0.0080841689014542      -0.0069554442946897
2.8797932657906431     9.5313789090947925      -0.0081862309390314      -0.0069599287884330
2.8797932657906431     9.6567917894776194      -0.0082904241819162      -0.0069613399027047
2.8797932657906431     9.7822046698604463      -0.0083969405646136      -0.0069637225807271
2.8797932657906431     9.9076175502432733      -0.0085047280410000      -0.0069654434661398
2.8797932657906431     10.0330304306261002      -0.0086145723898437      -0.0069671849189163
2.8797932657906431     10.1584433110089272      -0.0087262013729388      -0.0069690280930284
2.8797932657906431     10.2838561913917541      -0.0088396470906421      -0.0069708901516048
2.8797932657906431     10.4092690717745811      -0.0089549913394212      -0.0069727973059694
2.8797932657906431     10.5346819521574080      -0.0090722629207654      -0.0069747707025281
2.8797932657906431     10.6600948325402349      -0.0091914966293904      -0.0069768016002510
2.8797932657906431     10.7855077129230619      -0.0093127726121728      -0.0069788905253376
2.8797932657906431     10.9109205933058888      -0.0094361349188656      -0.0069810471332588
2.8797932657906431     11.0363334736887158      -0.0095616519203465      -0.0069832674230911
2.8797932657906431     11.1617463540715427      -0.0096893897049816      -0.0069855585780699
2.8797932657906431     11.2871592344543696      -0.0098194162863549      -0.0069879221139852
2.8797932657906431     11.4125721148371966      -0.0099518041892843      -0.0069903614119919
2.8797932657906431     11.5379849952200235      -0.0100866283652469      -0.0069928799971476
2.8797932657906431     11.6633978756028505      -0.0102239672558034      -0.0069954813168798
2.8797932657906431     11.7888107559856774      -0.0103639027725106      -0.0069981690236628
2.8797932657906431     11.9142236363685043      -0.0105065204390334      -0.0070009470005003
2.8797932657906431     12.0396365167513313      -0.0106519095312467      -0.0070038192899950
2.8797932657906431     12.1650493971341582      -0.0108001634216630      -0.0070067901775759
2.8797932657906431     12.2904622775169852      -0.0109513796228794      -0.0070098642139084
2.8797932657906431     12.4158751578998121      -0.0111056601792618      -0.0070130461022744
2.8797932657906431     12.5412880382826391      -0.0112631118586360      -0.0070163410916752
2.8797932657906431     12.6667009186654660      -0.0114238460734386      -0.0070197543739701
2.8797932657906431     12.7921137990482929      -0.0115879804816490      -0.0070232914800331
2.8797932657906431     12.9175266794311199      -0.0117556367727992      -0.0070269585447687
2.8797932657906431     13.0429395598139468      -0.0119269439668445      -0.0070307615469792
2.8797932657906431     13.1683524401967738      -0.0121020374099568      -0.0070347053105831
2.8797932657906431     13.2937653205796007      -0.0122810583987581      -0.0070387977849699
2.8797932657906431     13.4191782009624276      -0.0124641514752320      -0.0070430334820367
2.8797932657906431     13.5445910813452546      -0.0126515062813179      -0.0070474062373645
2.8797932657906431     13.6700039617280815      -0.0128432825241668      -0.0070519671465716
2.8797932657906431     13.7954168421109085      -0.0130397293061858      -0.0070566267630895
2.8797932657906431     13.9208297224937354      -0.0132411496130613      -0.0070616039960694
2.8797932657906431     14.0462426028765623      -0.0134474981822050      -0.0070669578928238
2.8797932657906431     14.1716554832593893      -0.0136594017090836      -0.0070728541757490
2.8797932657906431     14.2970683636422162      -0.0138764291624049      -0.0070796577861006
2.8797932657906431     14.4224812440250432      -0.0140981064855587      -0.0070873855965112
2.8797932657906431     14.5478941244078701      -0.0143254197826269      -0.0070941138823546
2.8797932657906431     14.6733070047906971      -0.0145603595288339      -0.0071040117422562
2.8797932657906431     14.7987198851735240      -0.0147948251112463      -0.0071172393977227
2.8797932657906431     14.9241327655563509      -0.0150381575117041      -0.0071219532127172
2.8797932657906431     15.0495456459391779      -0.0152691023526498      -0.0071359552050175
2.8797932657906431     15.1749585263220048      -0.0155200865267047      -0.0071098436648187
2.8797932657906431     15.3003714067048318      -0.0158147982106937      -0.0071006073703957
2.8797932657906431     15.4257842870876587      -0.0161027329832145      -0.0071147895322921
2.8797932657906431     15.5511971674704856      -0.0163970277082153      -0.0071215684541906
2.8797932657906431     15.6766100478533126      -0.0167050054008878      -0.0071333795804874
    
3.1415926535897931     0.0000000000000000      -0.0029057684495313      -0.0068588043141849
3.1415926535897931     0.1254128803828261      -0.0029508264289970      -0.0068546760330473
3.1415926535897931     0.2508257607656522      -0.0030038512258635      -0.0068510609458623
3.1415926535897931     0.3762386411484783      -0.0030565438695037      -0.0068510057694532
3.1415926535897931     0.5016515215313043      -0.0031086097548970      -0.0068512158309974
3.1415926535897931     0.6270644019141304      -0.0031611990373885      -0.0068512648097319
3.1415926535897931     0.7524772822969564      -0.0032137302630398      -0.0068522560889219
3.1415926535897931     0.8778901626797825      -0.0032660287374852      -0.0068527575516615
3.1415926535897931     1.0033030430626086      -0.0033188077693282      -0.0068532677417107
3.1415926535897931     1.1287159234454347      -0.0033716857216969      -0.0068537758301504
3.1415926535897931     1.2541288038282608      -0.0034249160331882      -0.0068541262881030
3.1415926535897931     1.3795416842110868      -0.0034785158858313      -0.0068545001801406
3.1415926535897931     1.5049545645939129      -0.0035324542370878      -0.0068548439905449
3.1415926535897931     1.6303674449767389      -0.0035867607226929      -0.0068551828036513
3.1415926535897931     1.7557803253595650      -0.0036414368979068      -0.0068555273787652
3.1415926535897931     1.8811932057423910      -0.0036964839072369      -0.0068558770981445
3.1415926535897931     2.0066060861252173      -0.0037519118321224      -0.0068562331206938
3.1415926535897931     2.1320189665080433      -0.0038077263433335      -0.0068565977615552
3.1415926535897931     2.2574318468908694      -0.0038639350349275      -0.0068569703641680
3.1415926535897931     2.3828447272736955      -0.0039205466006095      -0.0068573514708127
3.1415926535897931     2.5082576076565215      -0.0039775692648055      -0.0068577414494637
3.1415926535897931     2.6336704880393476      -0.0040350119360296      -0.0068581404228134
3.1415926535897931     2.7590833684221736      -0.0040928836947358      -0.0068585487044356
3.1415926535897931     2.8844962488049997      -0.0041511938590436      -0.0068589665274142
3.1415926535897931     3.0099091291878257      -0.0042099519683713      -0.0068593941295760
3.1415926535897931     3.1353220095706518      -0.0042691678158699      -0.0068598317479799
3.1415926535897931     3.2607348899534778      -0.0043288514337487      -0.0068602796278752
3.1415926535897931     3.3861477703363039      -0.0043890130808731      -0.0068607380235336
3.1415926535897931     3.5115606507191299      -0.0044496632671788      -0.0068612071754678
3.1415926535897931     3.6369735311019560      -0.0045108127628426      -0.0068616873485293
3.1415926535897931     3.7623864114847820      -0.0045724725722657      -0.0068621788076528
3.1415926535897931     3.8877992918676081      -0.0046346539779134      -0.0068626818101529
3.1415926535897931     4.0132121722504346      -0.0046973685328457      -0.0068631966397054
3.1415926535897931     4.1386250526332606      -0.0047606280428120      -0.0068637235742237
3.1415926535897931     4.2640379330160867      -0.0048244446189286      -0.0068642628865790
3.1415926535897931     4.3894508133989127      -0.0048888306299510      -0.0068648148913503
3.1415926535897931     4.5148636937817388      -0.0049537987445580      -0.0068653798374280
3.1415926535897931     4.6402765741645648      -0.0050193619767324      -0.0068659580872055
3.1415926535897931     4.7656894545473909      -0.0050855333906461      -0.0068665498484207
3.1415926535897931     4.8911023349302170      -0.0051523268623338      -0.0068671553037521
3.1415926535897931     5.0165152153130430      -0.0052197556567139      -0.0068677752940294
3.1415926535897931     5.1419280956958691      -0.0052878343058201      -0.0068684089856976
3.1415926535897931     5.2673409760786951      -0.0053565769931904      -0.0068690576129988
3.1415926535897931     5.3927538564615212      -0.0054259974929688      -0.0068697216102036
3.1415926535897931     5.5181667368443472      -0.0054961090714857      -0.0068703990848166
3.1415926535897931     5.6435796172271733      -0.0055669317714172      -0.0068710901981741
3.1415926535897931     5.7689924976099993      -0.0056384695628866      -0.0068718041451329
3.1415926535897931     5.8944053779928254      -0.0057107256898981      -0.0068724953621912
3.1415926535897931     6.0198182583756514      -0.0057837743046873      -0.0068732414122161
3.1415926535897931     6.1452311387584775      -0.0058574618245043      -0.0068739573628612
3.1415926535897931     6.2706440191413035      -0.0059321051438864      -0.0068745450738945
3.1415926535897931     6.3960568995241296      -0.0060074016456611      -0.0068753208430946
3.1415926535897931     6.5214697799069556      -0.0060834715636859      -0.0068755881284293
3.1415926535897931     6.6468826602897817      -0.0061608910007220      -0.0068761371992079
3.1415926535897931     6.7722955406726077      -0.0062388557824346      -0.0068766017117165
3.1415926535897931     6.8977084210554338      -0.0063179607162633      -0.0068769358920732
3.1415926535897931     7.0231213014382599      -0.0063975868557770      -0.0068774699844123
3.1415926535897931     7.1485341818210859      -0.0064785749336038      -0.0068756507497533
3.1415926535897931     7.2739470622039120      -0.0065609510010660      -0.0068771178037991
3.1415926535897931     7.3993599425867380      -0.0066445497505469      -0.0068707179356356
3.1415926535897931     7.5247728229695641      -0.0067409056846767      -0.0068714460389444
3.1415926535897931     7.6501857033523901      -0.0068275963934149      -0.0068770548849047
3.1415926535897931     7.7755985837352162      -0.0069251601774726      -0.0068812533655797
3.1415926535897931     7.9010114641180422      -0.0070146606820445      -0.0069008875814972
3.1415926535897931     8.0264243445008692      -0.0070978278502223      -0.0069140627708028
3.1415926535897931     8.1518372248836961      -0.0071688916167375      -0.0069272661614423
3.1415926535897931     8.2772501052665231      -0.0072462958144834      -0.0069215390120892
3.1415926535897931     8.4026629856493500      -0.0073277269766945      -0.0069275271401968
3.1415926535897931     8.5280758660321769      -0.0073999976199353      -0.0069089196311380
3.1415926535897931     8.6534887464150039      -0.0075022858441076      -0.0068906211395223
3.1415926535897931     8.7789016267978308      -0.0076029361929787      -0.0068857721781472
3.1415926535897931     8.9043145071806578      -0.0077074134929140      -0.0068783262160112
3.1415926535897931     9.0297273875634847      -0.0078188937832443      -0.0068768224320081
3.1415926535897931     9.1551402679463116      -0.0079272291857731      -0.0068860052788515
3.1415926535897931     9.2805531483291386      -0.0080279313042832      -0.0068916972235890
3.1415926535897931     9.4059660287119655      -0.0081347636059603      -0.0068959124402956
3.1415926535897931     9.5313789090947925      -0.0082366769614530      -0.0069025401543609
3.1415926535897931     9.6567917894776194      -0.0083411849179717      -0.0069040020665065
3.1415926535897931     9.7822046698604463      -0.0084484574454219      -0.0069072385743445
3.1415926535897931     9.9076175502432733      -0.0085566387326576      -0.0069090892953930
3.1415926535897931     10.0330304306261002      -0.0086673205491989      -0.0069109248280753
3.1415926535897931     10.1584433110089272      -0.0087797535140154      -0.0069129037200979
3.1415926535897931     10.2838561913917541      -0.0088941214033742      -0.0069147960639100
3.1415926535897931     10.4092690717745811      -0.0090104827779083      -0.0069167607176906
3.1415926535897931     10.5346819521574080      -0.0091288297570213      -0.0069187700341676
3.1415926535897931     10.6600948325402349      -0.0092492022110046      -0.0069208373058951
3.1415926535897931     10.7855077129230619      -0.0093716816224967      -0.0069229611427370
3.1415926535897931     10.9109205933058888      -0.0094963043614939      -0.0069251533945164
3.1415926535897931     11.0363334736887158      -0.0096231423948369      -0.0069274078755819
3.1415926535897931     11.1617463540715427      -0.0097522621930171      -0.0069297347942415
3.1415926535897931     11.2871592344543696      -0.0098837322944186      -0.0069321348022961
3.1415926535897931     11.4125721148371966      -0.0100176278714706      -0.0069346118181892
3.1415926535897931     11.5379849952200235      -0.0101540253406767      -0.0069371698231960
3.1415926535897931     11.6633978756028505      -0.0102930056615632      -0.0069398123591517
3.1415926535897931     11.7888107559856774      -0.0104346532949089      -0.0069425434213722
3.1415926535897931     11.9142236363685043      -0.0105790565550954      -0.0069453670691391
3.1415926535897931     12.0396365167513313      -0.0107263077441037      -0.0069482875599314
3.1415926535897931     12.1650493971341582      -0.0108765034554611      -0.0069513093771499
3.1415926535897931     12.2904622775169852      -0.0110297446917182      -0.0069544372352859
3.1415926535897931     12.4158751578998121      -0.0111861371604596      -0.0069576761056750
3.1415926535897931     12.5412880382826391      -0.0113457915052465      -0.0069610312415888
3.1415926535897931     12.6667009186654660      -0.0115088236050889      -0.0069645081952549
3.1415926535897931     12.7921137990482929      -0.0116753548619196      -0.0069681128539651
3.1415926535897931     12.9175266794311199      -0.0118455125329591      -0.0069718514434563
3.1415926535897931     13.0429395598139468      -0.0120194300939203      -0.0069757305770902
3.1415926535897931     13.1683524401967738      -0.0121972475938379      -0.0069797572779876
3.1415926535897931     13.2937653205796007      -0.0123791120873765      -0.0069839389966741
3.1415926535897931     13.4191782009624276      -0.0125651780659793      -0.0069882836769091
3.1415926535897931     13.5445910813452546      -0.0127556079079413      -0.0069927997565310
3.1415926535897931     13.6700039617280815      -0.0129505724649441      -0.0069974961998859
3.1415926535897931     13.7954168421109085      -0.0131502515291468      -0.0070023826728702
3.1415926535897931     13.9208297224937354      -0.0133548344286671      -0.0070074692994172
3.1415926535897931     14.0462426028765623      -0.0135645209606863      -0.0070127671484892
3.1415926535897931     14.1716554832593893      -0.0137795214145673      -0.0070182879897320
3.1415926535897931     14.2970683636422162      -0.0140000580277290      -0.0070240442352292
3.1415926535897931     14.4224812440250432      -0.0142263657650586      -0.0070300495745209
3.1415926535897931     14.5478941244078701      -0.0144586921696615      -0.0070363185663846
3.1415926535897931     14.6733070047906971      -0.0146973003391124      -0.0070428662884023
3.1415926535897931     14.7987198851735240      -0.0149424702915603      -0.0070497125865034
3.1415926535897931     14.9241327655563509      -0.0151944842572481      -0.0070568808373653
3.1415926535897931     15.0495456459391779      -0.0154536586328741      -0.0070643698320173
3.1415926535897931     15.1749585263220048      -0.0157203296655293      -0.0070722195276490
3.1415926535897931     15.3003714067048318      -0.0159948305837382      -0.0070804289933875
3.1415926535897931     15.4257842870876587      -0.0162775702184133      -0.0070890224092389
3.1415926535897931     15.5511971674704856      -0.0165689402772963      -0.0070980415122792
3.1415926535897931     15.6766100478533126      -0.0168693629035532      -0.0071075145811272
    
