-3.1415926535897931     0.0000000000000000      0.0000000217753483      0.0000000450022706
-3.1415926535897931     0.1254128803828261      0.0000000221207614      0.0000000450050078
-3.1415926535897931     0.2508257607656522      0.0000000224682986      0.0000000450077963
-3.1415926535897931     0.3762386411484783      0.0000000228180056      0.0000000450106372
-3.1415926535897931     0.5016515215313043      0.0000000231699290      0.0000000450135312
-3.1415926535897931     0.6270644019141304      0.0000000235241165      0.0000000450164791
-3.1415926535897931     0.7524772822969564      0.0000000238806167      0.0000000450194817
-3.1415926535897931     0.8778901626797825      0.0000000242394793      0.0000000450225401
-3.1415926535897931     1.0033030430626086      0.0000000246007548      0.0000000450256552
-3.1415926535897931     1.1287159234454347      0.0000000249644946      0.0000000450288281
-3.1415926535897931     1.2541288038282608      0.0000000253307513      0.0000000450320601
-3.1415926535897931     1.3795416842110868      0.0000000256995783      0.0000000450353523
-3.1415926535897931     1.5049545645939129      0.0000000260710303      0.0000000450387061
-3.1415926535897931     1.6303674449767389      0.0000000264451624      0.0000000450421229
-3.1415926535897931     1.7557803253595650      0.0000000268220312      0.0000000450456040
-3.1415926535897931     1.8811932057423910      0.0000000272016941      0.0000000450491508
-3.1415926535897931     2.0066060861252173      0.0000000275842095      0.0000000450527645
-3.1415926535897931     2.1320189665080433      0.0000000279696372      0.0000000450564464
-3.1415926535897931     2.2574318468908694      0.0000000283580375      0.0000000450601975
-3.1415926535897931     2.3828447272736955      0.0000000287494729      0.0000000450640184
-3.1415926535897931     2.5082576076565215      0.0000000291440071      0.0000000450679106
-3.1415926535897931     2.6336704880393476      0.0000000295417048      0.0000000450718751
-3.1415926535897931     2.7590833684221736      0.0000000299426318      0.0000000450759133
-3.1415926535897931     2.8844962488049997      0.0000000303468553      0.0000000450800269
-3.1415926535897931     3.0099091291878257      0.0000000307544432      0.0000000450842171
-3.1415926535897931     3.1353220095706518      0.0000000311654652      0.0000000450884857
-3.1415926535897931     3.2607348899534778      0.0000000315799912      0.0000000450928343
-3.1415926535897931     3.3861477703363039      0.0000000319980926      0.0000000450972644
-3.1415926535897931     3.5115606507191299      0.0000000324198413      0.0000000451017777
-3.1415926535897931     3.6369735311019560      0.0000000328453101      0.0000000451063751
-3.1415926535897931     3.7623864114847820      0.0000000332745730      0.0000000451110573
-3.1415926535897931     3.8877992918676081      0.0000000337077047      0.0000000451158249
-3.1415926535897931     4.0132121722504346      0.0000000341447807      0.0000000451206779
-3.1415926535897931     4.1386250526332606      0.0000000345858775      0.0000000451256162
-3.1415926535897931     4.2640379330160867      0.0000000350310719      0.0000000451306396
-3.1415926535897931     4.3894508133989127      0.0000000354804408      0.0000000451357480
-3.1415926535897931     4.5148636937817388      0.0000000359340605      0.0000000451409407
-3.1415926535897931     4.6402765741645648      0.0000000363920070      0.0000000451462170
-3.1415926535897931     4.7656894545473909      0.0000000368543533      0.0000000451515761
-3.1415926535897931     4.8911023349302170      0.0000000373211707      0.0000000451570151
-3.1415926535897931     5.0165152153130430      0.0000000377925274      0.0000000451625311
-3.1415926535897931     5.1419280956958691      0.0000000382684859      0.0000000451681199
-3.1415926535897931     5.2673409760786951      0.0000000387491018      0.0000000451737741
-3.1415926535897931     5.3927538564615212      0.0000000392344231      0.0000000451794829
-3.1415926535897931     5.5181667368443472      0.0000000397244866      0.0000000451852324
-3.1415926535897931     5.6435796172271733      0.0000000402193134      0.0000000451910032
-3.1415926535897931     5.7689924976099993      0.0000000407189054      0.0000000451967678
-3.1415926535897931     5.8944053779928254      0.0000000412232380      0.0000000452024895
-3.1415926535897931     6.0198182583756514      0.0000000417322490      0.0000000452081190
-3.1415926535897931     6.1452311387584775      0.0000000422458234      0.0000000452135855
-3.1415926535897931     6.2706440191413035      0.0000000427637720      0.0000000452187874
-3.1415926535897931     6.3960568995241296      0.0000000432857966      0.0000000452235735
-3.1415926535897931     6.5214697799069556      0.0000000438114327      0.0000000452277042
-3.1415926535897931     6.6468826602897817      0.0000000443399594      0.0000000452307787
-3.1415926535897931     6.7722955406726077      0.0000000448702351      0.0000000452320694
-3.1415926535897931     6.8977084210554338      0.0000000454004024      0.0000000452300748
-3.1415926535897931     7.0231213014382599      0.0000000459275063      0.0000000452211223
-3.1415926535897931     7.1485341818210859      0.0000000464491287      0.0000000451944096
-3.1415926535897931     7.2739470622039120      0.0000000469844551      0.0000000451327294
-3.1415926535897931     7.3993599425867380      0.0000000475558005      0.0000000450417206
-3.1415926535897931     7.5247728229695641      0.0000000482216346      0.0000000450320075
-3.1415926535897931     7.6501857033523901      0.0000000487185974      0.0000000450769239
-3.1415926535897931     7.7755985837352162      0.0000000491264498      0.0000000449908760
-3.1415926535897931     7.9010114641180422      0.0000000494585514      0.0000000446862675
-3.1415926535897931     8.0264243445008692      0.0000000499379704      0.0000000437194774
-3.1415926535897931     8.1518372248836961      0.0000000523460884      0.0000000429262108
-3.1415926535897931     8.2772501052665231      0.0000000536713090      0.0000000443408305
-3.1415926535897931     8.4026629856493500      0.0000000539272521      0.0000000449284708
-3.1415926535897931     8.5280758660321769      0.0000000542835705      0.0000000449824029
-3.1415926535897931     8.6534887464150039      0.0000000549165874      0.0000000447593392
-3.1415926535897931     8.7789016267978308      0.0000000559743840      0.0000000448841509
-3.1415926535897931     8.9043145071806578      0.0000000566310119      0.0000000451887331
-3.1415926535897931     9.0297273875634847      0.0000000572364498      0.0000000453155026
-3.1415926535897931     9.1551402679463116      0.0000000578794145      0.0000000453794392
-3.1415926535897931     9.2805531483291386      0.0000000585575366      0.0000000454190825
-3.1415926535897931     9.4059660287119655      0.0000000592632717      0.0000000454483748
-3.1415926535897931     9.5313789090947925      0.0000000599920384      0.0000000454726399
-3.1415926535897931     9.6567917894776194      0.0000000607409163      0.0000000454943052
-3.1415926535897931     9.7822046698604463      0.0000000615082492      0.0000000455145322
-3.1415926535897931     9.9076175502432733      0.0000000622931008      0.0000000455339676
-3.1415926535897931     10.0330304306261002      0.0000000630949695      0.0000000455530069
-3.1415926535897931     10.1584433110089272      0.0000000639136327      0.0000000455719101
-3.1415926535897931     10.2838561913917541      0.0000000647490554      0.0000000455908545
-3.1415926535897931     10.4092690717745811      0.0000000656013423      0.0000000456099693
-3.1415926535897931     10.5346819521574080      0.0000000664706979      0.0000000456293552
-3.1415926535897931     10.6600948325402349      0.0000000673574059      0.0000000456490909
-3.1415926535897931     10.7855077129230619      0.0000000682618154      0.0000000456692434
-3.1415926535897931     10.9109205933058888      0.0000000691843295      0.0000000456898693
-3.1415926535897931     11.0363334736887158      0.0000000701253998      0.0000000457110193
-3.1415926535897931     11.1617463540715427      0.0000000710855226      0.0000000457327391
-3.1415926535897931     11.2871592344543696      0.0000000720652350      0.0000000457550730
-3.1415926535897931     11.4125721148371966      0.0000000730651132      0.0000000457780624
-3.1415926535897931     11.5379849952200235      0.0000000740857722      0.0000000458017479
-3.1415926535897931     11.6633978756028505      0.0000000751278665      0.0000000458261703
-3.1415926535897931     11.7888107559856774      0.0000000761920881      0.0000000458513708
-3.1415926535897931     11.9142236363685043      0.0000000772791694      0.0000000458773915
-3.1415926535897931     12.0396365167513313      0.0000000783898827      0.0000000459042762
-3.1415926535897931     12.1650493971341582      0.0000000795250423      0.0000000459320707
-3.1415926535897931     12.2904622775169852      0.0000000806855052      0.0000000459608228
-3.1415926535897931     12.4158751578998121      0.0000000818721734      0.0000000459905832
-3.1415926535897931     12.5412880382826391      0.0000000830859955      0.0000000460214046
-3.1415926535897931     12.6667009186654660      0.0000000843279702      0.0000000460533425
-3.1415926535897931     12.7921137990482929      0.0000000855991476      0.0000000460864553
-3.1415926535897931     12.9175266794311199      0.0000000869006338      0.0000000461208043
-3.1415926535897931     13.0429395598139468      0.0000000882335933      0.0000000461564543
-3.1415926535897931     13.1683524401967738      0.0000000895992528      0.0000000461934743
-3.1415926535897931     13.2937653205796007      0.0000000909989053      0.0000000462319368
-3.1415926535897931     13.4191782009624276      0.0000000924339142      0.0000000462719199
-3.1415926535897931     13.5445910813452546      0.0000000939057172      0.0000000463135063
-3.1415926535897931     13.6700039617280815      0.0000000954158324      0.0000000463567844
-3.1415926535897931     13.7954168421109085      0.0000000969658625      0.0000000464018493
-3.1415926535897931     13.9208297224937354      0.0000000985575007      0.0000000464488023
-3.1415926535897931     14.0462426028765623      0.0000001001925374      0.0000000464977519
-3.1415926535897931     14.1716554832593893      0.0000001018728666      0.0000000465488142
-3.1415926535897931     14.2970683636422162      0.0000001036004943      0.0000000466021135
-3.1415926535897931     14.4224812440250432      0.0000001053775456      0.0000000466577833
-3.1415926535897931     14.5478941244078701      0.0000001072062746      0.0000000467159672
-3.1415926535897931     14.6733070047906971      0.0000001090890730      0.0000000467768189
-3.1415926535897931     14.7987198851735240      0.0000001110284829      0.0000000468405047
-3.1415926535897931     14.9241327655563509      0.0000001130272052      0.0000000469072039
-3.1415926535897931     15.0495456459391779      0.0000001150881149      0.0000000469771095
-3.1415926535897931     15.1749585263220048      0.0000001172142737      0.0000000470504310
-3.1415926535897931     15.3003714067048318      0.0000001194089454      0.0000000471273942
-3.1415926535897931     15.4257842870876587      0.0000001216756138      0.0000000472082435
-3.1415926535897931     15.5511971674704856      0.0000001240180001      0.0000000472932452
-3.1415926535897931     15.6766100478533126      0.0000001264400833      0.0000000473826876
    
-2.8797932657906435     0.0000000000000000      -0.0000000229362182      -0.0000000637578479
-2.8797932657906435     0.1254128803828261      -0.0000000233855828      -0.0000000637588223
-2.8797932657906435     0.2508257607656522      -0.0000000238370281      -0.0000000637598429
-2.8797932657906435     0.3762386411484783      -0.0000000242906053      -0.0000000637609105
-2.8797932657906435     0.5016515215313043      -0.0000000247463663      -0.0000000637620261
-2.8797932657906435     0.6270644019141304      -0.0000000252043637      -0.0000000637631907
-2.8797932657906435     0.7524772822969564      -0.0000000256646510      -0.0000000637644052
-2.8797932657906435     0.8778901626797825      -0.0000000261272828      -0.0000000637656708
-2.8797932657906435     1.0033030430626086      -0.0000000265923143      -0.0000000637669882
-2.8797932657906435     1.1287159234454347      -0.0000000270598022      -0.0000000637683586
-2.8797932657906435     1.2541288038282608      -0.0000000275298040      -0.0000000637697828
-2.8797932657906435     1.3795416842110868      -0.0000000280023786      -0.0000000637712618
-2.8797932657906435     1.5049545645939129      -0.0000000284775856      -0.0000000637727966
-2.8797932657906435     1.6303674449767389      -0.0000000289554864      -0.0000000637743881
-2.8797932657906435     1.7557803253595650      -0.0000000294361437      -0.0000000637760373
-2.8797932657906435     1.8811932057423910      -0.0000000299196214      -0.0000000637777454
-2.8797932657906435     2.0066060861252173      -0.0000000304059848      -0.0000000637795137
-2.8797932657906435     2.1320189665080433      -0.0000000308953008      -0.0000000637813435
-2.8797932657906435     2.2574318468908694      -0.0000000313876379      -0.0000000637832365
-2.8797932657906435     2.3828447272736955      -0.0000000318830657      -0.0000000637851948
-2.8797932657906435     2.5082576076565215      -0.0000000323816551      -0.0000000637872200
-2.8797932657906435     2.6336704880393476      -0.0000000328834791      -0.0000000637893139
-2.8797932657906435     2.7590833684221736      -0.0000000333886122      -0.0000000637914782
-2.8797932657906435     2.8844962488049997      -0.0000000338971310      -0.0000000637937145
-2.8797932657906435     3.0099091291878257      -0.0000000344091144      -0.0000000637960248
-2.8797932657906435     3.1353220095706518      -0.0000000349246428      -0.0000000637984110
-2.8797932657906435     3.2607348899534778      -0.0000000354437997      -0.0000000638008749
-2.8797932657906435     3.3861477703363039      -0.0000000359666707      -0.0000000638034184
-2.8797932657906435     3.5115606507191299      -0.0000000364933444      -0.0000000638060440
-2.8797932657906435     3.6369735311019560      -0.0000000370239123      -0.0000000638087544
-2.8797932657906435     3.7623864114847820      -0.0000000375584686      -0.0000000638115529
-2.8797932657906435     3.8877992918676081      -0.0000000380971106      -0.0000000638144428
-2.8797932657906435     4.0132121722504346      -0.0000000386399392      -0.0000000638174285
-2.8797932657906435     4.1386250526332606      -0.0000000391870585      -0.0000000638205142
-2.8797932657906435     4.2640379330160867      -0.0000000397385767      -0.0000000638237047
-2.8797932657906435     4.3894508133989127      -0.0000000402946064      -0.0000000638270049
-2.8797932657906435     4.5148636937817388      -0.0000000408552658      -0.0000000638304203
-2.8797932657906435     4.6402765741645648      -0.0000000414206779      -0.0000000638339567
-2.8797932657906435     4.7656894545473909      -0.0000000419909736      -0.0000000638376203
-2.8797932657906435     4.8911023349302170      -0.0000000425662910      -0.0000000638414194
-2.8797932657906435     5.0165152153130430      -0.0000000431467763      -0.0000000638453626
-2.8797932657906435     5.1419280956958691      -0.0000000437325873      -0.0000000638494602
-2.8797932657906435     5.2673409760786951      -0.0000000443238936      -0.0000000638537254
-2.8797932657906435     5.3927538564615212      -0.0000000449208792      -0.0000000638581750
-2.8797932657906435     5.5181667368443472      -0.0000000455237448      -0.0000000638628293
-2.8797932657906435     5.6435796172271733      -0.0000000461327135      -0.0000000638677143
-2.8797932657906435     5.7689924976099993      -0.0000000467480338      -0.0000000638728637
-2.8797932657906435     5.8944053779928254      -0.0000000473699882      -0.0000000638783210
-2.8797932657906435     6.0198182583756514      -0.0000000479989031      -0.0000000638841426
-2.8797932657906435     6.1452311387584775      -0.0000000486351649      -0.0000000638904060
-2.8797932657906435     6.2706440191413035      -0.0000000492792414      -0.0000000638972201
-2.8797932657906435     6.3960568995241296      -0.0000000499317164      -0.0000000639047430
-2.8797932657906435     6.5214697799069556      -0.0000000505933462      -0.0000000639132197
-2.8797932657906435     6.6468826602897817      -0.0000000512651490      -0.0000000639230542
-2.8797932657906435     6.7722955406726077      -0.0000000519485670      -0.0000000639349698
-2.8797932657906435     6.8977084210554338      -0.0000000526457560      -0.0000000639504411
-2.8797932657906435     7.0231213014382599      -0.0000000533599761      -0.0000000639730312
-2.8797932657906435     7.1485341818210859      -0.0000000540942043      -0.0000000640131388
-2.8797932657906435     7.2739470622039120      -0.0000000548317170      -0.0000000640890453
-2.8797932657906435     7.3993599425867380      -0.0000000555414365      -0.0000000641968383
-2.8797932657906435     7.5247728229695641      -0.0000000561843638      -0.0000000642147740
-2.8797932657906435     7.6501857033523901      -0.0000000570067995      -0.0000000641925742
-2.8797932657906435     7.7755985837352162      -0.0000000579310654      -0.0000000642964016
-2.8797932657906435     7.9010114641180422      -0.0000000589485100      -0.0000000646219236
-2.8797932657906435     8.0264243445008692      -0.0000000598151037      -0.0000000655825423
-2.8797932657906435     8.1518372248836961      -0.0000000588894008      -0.0000000664258339
-2.8797932657906435     8.2772501052665231      -0.0000000588688562      -0.0000000650798267
-2.8797932657906435     8.4026629856493500      -0.0000000600032308      -0.0000000644736783
-2.8797932657906435     8.5280758660321769      -0.0000000610774032      -0.0000000644007170
-2.8797932657906435     8.6534887464150039      -0.0000000619253735      -0.0000000645920742
-2.8797932657906435     8.7789016267978308      -0.0000000624193099      -0.0000000644998157
-2.8797932657906435     8.9043145071806578      -0.0000000632636976      -0.0000000642615616
-2.8797932657906435     9.0297273875634847      -0.0000000641632852      -0.0000000641764448
-2.8797932657906435     9.1551402679463116      -0.0000000650405629      -0.0000000641305052
-2.8797932657906435     9.2805531483291386      -0.0000000659252813      -0.0000000641040548
-2.8797932657906435     9.4059660287119655      -0.0000000668082528      -0.0000000640948511
-2.8797932657906435     9.5313789090947925      -0.0000000676912185      -0.0000000640932464
-2.8797932657906435     9.6567917894776194      -0.0000000685777933      -0.0000000640955171
-2.8797932657906435     9.7822046698604463      -0.0000000694704623      -0.0000000641001484
-2.8797932657906435     9.9076175502432733      -0.0000000703709470      -0.0000000641063923
-2.8797932657906435     10.0330304306261002      -0.0000000712805197      -0.0000000641138307
-2.8797932657906435     10.1584433110089272      -0.0000000722001788      -0.0000000641222112
-2.8797932657906435     10.2838561913917541      -0.0000000731307524      -0.0000000641313761
-2.8797932657906435     10.4092690717745811      -0.0000000740729537      -0.0000000641412217
-2.8797932657906435     10.5346819521574080      -0.0000000750274237      -0.0000000641516780
-2.8797932657906435     10.6600948325402349      -0.0000000759947545      -0.0000000641626989
-2.8797932657906435     10.7855077129230619      -0.0000000769755061      -0.0000000641742530
-2.8797932657906435     10.9109205933058888      -0.0000000779702192      -0.0000000641863210
-2.8797932657906435     11.0363334736887158      -0.0000000789794228      -0.0000000641988919
-2.8797932657906435     11.1617463540715427      -0.0000000800036411      -0.0000000642119614
-2.8797932657906435     11.2871592344543696      -0.0000000810433981      -0.0000000642255290
-2.8797932657906435     11.4125721148371966      -0.0000000820992223      -0.0000000642395996
-2.8797932657906435     11.5379849952200235      -0.0000000831716490      -0.0000000642541809
-2.8797932657906435     11.6633978756028505      -0.0000000842612226      -0.0000000642692830
-2.8797932657906435     11.7888107559856774      -0.0000000853685006      -0.0000000642849188
-2.8797932657906435     11.9142236363685043      -0.0000000864940535      -0.0000000643011028
-2.8797932657906435     12.0396365167513313      -0.0000000876384687      -0.0000000643178511
-2.8797932657906435     12.1650493971341582      -0.0000000888023510      -0.0000000643351812
-2.8797932657906435     12.2904622775169852      -0.0000000899863255      -0.0000000643531123
-2.8797932657906435     12.4158751578998121      -0.0000000911910385      -0.0000000643716643
-2.8797932657906435     12.5412880382826391      -0.0000000924171600      -0.0000000643908595
-2.8797932657906435     12.6667009186654660      -0.0000000936653840      -0.0000000644107216
-2.8797932657906435     12.7921137990482929      -0.0000000949364315      -0.0000000644312758
-2.8797932657906435     12.9175266794311199      -0.0000000962310511      -0.0000000644525497
-2.8797932657906435     13.0429395598139468      -0.0000000975500209      -0.0000000644745726
-2.8797932657906435     13.1683524401967738      -0.0000000988941502      -0.0000000644973754
-2.8797932657906435     13.2937653205796007      -0.0000001002642814      -0.0000000645209915
-2.8797932657906435     13.4191782009624276      -0.0000001016612916      -0.0000000645454553
-2.8797932657906435     13.5445910813452546      -0.0000001030860958      -0.0000000645708039
-2.8797932657906435     13.6700039617280815      -0.0000001045396474      -0.0000000645970764
-2.8797932657906435     13.7954168421109085      -0.0000001060229418      -0.0000000646243133
-2.8797932657906435     13.9208297224937354      -0.0000001075370191      -0.0000000646525580
-2.8797932657906435     14.0462426028765623      -0.0000001090829656      -0.0000000646818561
-2.8797932657906435     14.1716554832593893      -0.0000001106619174      -0.0000000647122564
-2.8797932657906435     14.2970683636422162      -0.0000001122750626      -0.0000000647438102
-2.8797932657906435     14.4224812440250432      -0.0000001139236448      -0.0000000647765722
-2.8797932657906435     14.5478941244078701      -0.0000001156089664      -0.0000000648106003
-2.8797932657906435     14.6733070047906971      -0.0000001173323917      -0.0000000648459563
-2.8797932657906435     14.7987198851735240      -0.0000001190953502      -0.0000000648827053
-2.8797932657906435     14.9241327655563509      -0.0000001208993424      -0.0000000649209161
-2.8797932657906435     15.0495456459391779      -0.0000001227459419      -0.0000000649606624
-2.8797932657906435     15.1749585263220048      -0.0000001246368015      -0.0000000650020220
-2.8797932657906435     15.3003714067048318      -0.0000001265736579      -0.0000000650450778
-2.8797932657906435     15.4257842870876587      -0.0000001285583356      -0.0000000650899183
-2.8797932657906435     15.5511971674704856      -0.0000001305927538      -0.0000000651366369
-2.8797932657906435     15.6766100478533126      -0.0000001326789325      -0.0000000651853334
    
-2.6179938779914944     0.0000000000000000      -0.0000001444855199      -0.0000003609515460
-2.6179938779914944     0.1254128803828261      -0.0000001471036587      -0.0000003609629520
-2.6179938779914944     0.2508257607656522      -0.0000001497353002      -0.0000003609746715
-2.6179938779914944     0.3762386411484783      -0.0000001523807590      -0.0000003609867101
-2.6179938779914944     0.5016515215313043      -0.0000001550403547      -0.0000003609990734
-2.6179938779914944     0.6270644019141304      -0.0000001577144131      -0.0000003610117675
-2.6179938779914944     0.7524772822969564      -0.0000001604032656      -0.0000003610247983
-2.6179938779914944     0.8778901626797825      -0.0000001631072496      -0.0000003610381723
-2.6179938779914944     1.0033030430626086      -0.0000001658267087      -0.0000003610518958
-2.6179938779914944     1.1287159234454347      -0.0000001685619934      -0.0000003610659753
-2.6179938779914944     1.2541288038282608      -0.0000001713134604      -0.0000003610804178
-2.6179938779914944     1.3795416842110868      -0.0000001740814736      -0.0000003610952301
-2.6179938779914944     1.5049545645939129      -0.0000001768664040      -0.0000003611104194
-2.6179938779914944     1.6303674449767389      -0.0000001796686300      -0.0000003611259929
-2.6179938779914944     1.7557803253595650      -0.0000001824885378      -0.0000003611419585
-2.6179938779914944     1.8811932057423910      -0.0000001853265213      -0.0000003611583239
-2.6179938779914944     2.0066060861252173      -0.0000001881829827      -0.0000003611750974
-2.6179938779914944     2.1320189665080433      -0.0000001910583326      -0.0000003611922876
-2.6179938779914944     2.2574318468908694      -0.0000001939529903      -0.0000003612099034
-2.6179938779914944     2.3828447272736955      -0.0000001968673836      -0.0000003612279545
-2.6179938779914944     2.5082576076565215      -0.0000001998019499      -0.0000003612464503
-2.6179938779914944     2.6336704880393476      -0.0000002027571358      -0.0000003612654008
-2.6179938779914944     2.7590833684221736      -0.0000002057333979      -0.0000003612848161
-2.6179938779914944     2.8844962488049997      -0.0000002087312032      -0.0000003613047068
-2.6179938779914944     3.0099091291878257      -0.0000002117510293      -0.0000003613250839
-2.6179938779914944     3.1353220095706518      -0.0000002147933647      -0.0000003613459584
-2.6179938779914944     3.2607348899534778      -0.0000002178587098      -0.0000003613673420
-2.6179938779914944     3.3861477703363039      -0.0000002209475766      -0.0000003613892467
-2.6179938779914944     3.5115606507191299      -0.0000002240604899      -0.0000003614116851
-2.6179938779914944     3.6369735311019560      -0.0000002271979874      -0.0000003614346704
-2.6179938779914944     3.7623864114847820      -0.0000002303606200      -0.0000003614582167
-2.6179938779914944     3.8877992918676081      -0.0000002335489528      -0.0000003614823383
-2.6179938779914944     4.0132121722504346      -0.0000002367635655      -0.0000003615070508
-2.6179938779914944     4.1386250526332606      -0.0000002400050528      -0.0000003615323705
-2.6179938779914944     4.2640379330160867      -0.0000002432740253      -0.0000003615583143
-2.6179938779914944     4.3894508133989127      -0.0000002465711107      -0.0000003615849000
-2.6179938779914944     4.5148636937817388      -0.0000002498969544      -0.0000003616121464
-2.6179938779914944     4.6402765741645648      -0.0000002532522205      -0.0000003616400732
-2.6179938779914944     4.7656894545473909      -0.0000002566375938      -0.0000003616687015
-2.6179938779914944     4.8911023349302170      -0.0000002600537804      -0.0000003616980539
-2.6179938779914944     5.0165152153130430      -0.0000002635015093      -0.0000003617281549
-2.6179938779914944     5.1419280956958691      -0.0000002669815355      -0.0000003617590308
-2.6179938779914944     5.2673409760786951      -0.0000002704946413      -0.0000003617907112
-2.6179938779914944     5.3927538564615212      -0.0000002740416392      -0.0000003618232294
-2.6179938779914944     5.5181667368443472      -0.0000002776233760      -0.0000003618566229
-2.6179938779914944     5.6435796172271733      -0.0000002812407367      -0.0000003618909353
-2.6179938779914944     5.7689924976099993      -0.0000002848946504      -0.0000003619262180
-2.6179938779914944     5.8944053779928254      -0.0000002885860986      -0.0000003619625327
-2.6179938779914944     6.0198182583756514      -0.0000002923161255      -0.0000003619999549
-2.6179938779914944     6.1452311387584775      -0.0000002960858543      -0.0000003620385812
-2.6179938779914944     6.2706440191413035      -0.0000002998965094      -0.0000003620785399
-2.6179938779914944     6.3960568995241296      -0.0000003037494497      -0.0000003621200080
-2.6179938779914944     6.5214697799069556      -0.0000003076462242      -0.0000003621632466
-2.6179938779914944     6.6468826602897817      -0.0000003115886595      -0.0000003622086688
-2.6179938779914944     6.7722955406726077      -0.0000003155790154      -0.0000003622569893
-2.6179938779914944     6.8977084210554338      -0.0000003196202619      -0.0000003623096166
-2.6179938779914944     7.0231213014382599      -0.0000003237164908      -0.0000003623698404
-2.6179938779914944     7.1485341818210859      -0.0000003278721365      -0.0000003624470485
-2.6179938779914944     7.2739470622039120      -0.0000003320766443      -0.0000003625620920
-2.6179938779914944     7.3993599425867380      -0.0000003362778058      -0.0000003627152355
-2.6179938779914944     7.5247728229695641      -0.0000003404846749      -0.0000003627582570
-2.6179938779914944     7.6501857033523901      -0.0000003449008548      -0.0000003627973424
-2.6179938779914944     7.7755985837352162      -0.0000003494541088      -0.0000003629512406
-2.6179938779914944     7.9010114641180422      -0.0000003541438829      -0.0000003633361267
-2.6179938779914944     8.0264243445008692      -0.0000003586770916      -0.0000003642797990
-2.6179938779914944     8.1518372248836961      -0.0000003617699134      -0.0000003652451926
-2.6179938779914944     8.2772501052665231      -0.0000003653333991      -0.0000003640790131
-2.6179938779914944     8.4026629856493500      -0.0000003702589532      -0.0000003634346639
-2.6179938779914944     8.5280758660321769      -0.0000003752317904      -0.0000003633202875
-2.6179938779914944     8.6534887464150039      -0.0000003801065417      -0.0000003634408778
-2.6179938779914944     8.7789016267978308      -0.0000003848046894      -0.0000003634343006
-2.6179938779914944     8.9043145071806578      -0.0000003897354138      -0.0000003633640758
-2.6179938779914944     9.0297273875634847      -0.0000003947370005      -0.0000003633861693
-2.6179938779914944     9.1551402679463116      -0.0000003997603984      -0.0000003633905840
-2.6179938779914944     9.2805531483291386      -0.0000004049006338      -0.0000003634033559
-2.6179938779914944     9.4059660287119655      -0.0000004101083518      -0.0000003634502166
-2.6179938779914944     9.5313789090947925      -0.0000004153786674      -0.0000003635110870
-2.6179938779914944     9.6567917894776194      -0.0000004207170646      -0.0000003635791260
-2.6179938779914944     9.7822046698604463      -0.0000004261282283      -0.0000003636519709
-2.6179938779914944     9.9076175502432733      -0.0000004316159831      -0.0000003637286358
-2.6179938779914944     10.0330304306261002      -0.0000004371836746      -0.0000003638086564
-2.6179938779914944     10.1584433110089272      -0.0000004428343964      -0.0000003638918067
-2.6179938779914944     10.2838561913917541      -0.0000004485711206      -0.0000003639779844
-2.6179938779914944     10.4092690717745811      -0.0000004543967729      -0.0000003640671578
-2.6179938779914944     10.5346819521574080      -0.0000004603142821      -0.0000003641593396
-2.6179938779914944     10.6600948325402349      -0.0000004663266108      -0.0000003642545733
-2.6179938779914944     10.7855077129230619      -0.0000004724367795      -0.0000003643529237
-2.6179938779914944     10.9109205933058888      -0.0000004786478831      -0.0000003644544735
-2.6179938779914944     11.0363334736887158      -0.0000004849631055      -0.0000003645593185
-2.6179938779914944     11.1617463540715427      -0.0000004913857315      -0.0000003646675670
-2.6179938779914944     11.2871592344543696      -0.0000004979191571      -0.0000003647793378
-2.6179938779914944     11.4125721148371966      -0.0000005045668998      -0.0000003648947601
-2.6179938779914944     11.5379849952200235      -0.0000005113326078      -0.0000003650139730
-2.6179938779914944     11.6633978756028505      -0.0000005182200686      -0.0000003651371250
-2.6179938779914944     11.7888107559856774      -0.0000005252332195      -0.0000003652643746
-2.6179938779914944     11.9142236363685043      -0.0000005323761563      -0.0000003653958899
-2.6179938779914944     12.0396365167513313      -0.0000005396531432      -0.0000003655318492
-2.6179938779914944     12.1650493971341582      -0.0000005470686233      -0.0000003656724415
-2.6179938779914944     12.2904622775169852      -0.0000005546272288      -0.0000003658178668
-2.6179938779914944     12.4158751578998121      -0.0000005623337928      -0.0000003659683368
-2.6179938779914944     12.5412880382826391      -0.0000005701933610      -0.0000003661240762
-2.6179938779914944     12.6667009186654660      -0.0000005782112035      -0.0000003662853226
-2.6179938779914944     12.7921137990482929      -0.0000005863928290      -0.0000003664523282
-2.6179938779914944     12.9175266794311199      -0.0000005947439980      -0.0000003666253605
-2.6179938779914944     13.0429395598139468      -0.0000006032707382      -0.0000003668047031
-2.6179938779914944     13.1683524401967738      -0.0000006119793605      -0.0000003669906568
-2.6179938779914944     13.2937653205796007      -0.0000006208764764      -0.0000003671835411
-2.6179938779914944     13.4191782009624276      -0.0000006299690161      -0.0000003673836950
-2.6179938779914944     13.5445910813452546      -0.0000006392642485      -0.0000003675914789
-2.6179938779914944     13.6700039617280815      -0.0000006487698023      -0.0000003678072760
-2.6179938779914944     13.7954168421109085      -0.0000006584936891      -0.0000003680314930
-2.6179938779914944     13.9208297224937354      -0.0000006684443282      -0.0000003682645642
-2.6179938779914944     14.0462426028765623      -0.0000006786305724      -0.0000003685069514
-2.6179938779914944     14.1716554832593893      -0.0000006890617371      -0.0000003687591477
-2.6179938779914944     14.2970683636422162      -0.0000006997476305      -0.0000003690216792
-2.6179938779914944     14.4224812440250432      -0.0000007106985875      -0.0000003692951080
-2.6179938779914944     14.5478941244078701      -0.0000007219255050      -0.0000003695800348
-2.6179938779914944     14.6733070047906971      -0.0000007334398813      -0.0000003698771030
-2.6179938779914944     14.7987198851735240      -0.0000007452538576      -0.0000003701870014
-2.6179938779914944     14.9241327655563509      -0.0000007573802648      -0.0000003705104679
-2.6179938779914944     15.0495456459391779      -0.0000007698326725      -0.0000003708482951
-2.6179938779914944     15.1749585263220048      -0.0000007826254438      -0.0000003712013336
-2.6179938779914944     15.3003714067048318      -0.0000007957737937      -0.0000003715704988
-2.6179938779914944     15.4257842870876587      -0.0000008092938533      -0.0000003719567756
-2.6179938779914944     15.5511971674704856      -0.0000008232027406      -0.0000003723612253
-2.6179938779914944     15.6766100478533126      -0.0000008375186368      -0.0000003727849927
    
-2.3561944901923448     0.0000000000000000      -0.0000003088294921      -0.0000007670820054
-2.3561944901923448     0.1254128803828261      -0.0000003144029541      -0.0000007671084807
-2.3561944901923448     0.2508257607656522      -0.0000003200053368      -0.0000007671356367
-2.3561944901923448     0.3762386411484783      -0.0000003256373114      -0.0000007671634851
-2.3561944901923448     0.5016515215313043      -0.0000003312995604      -0.0000007671920382
-2.3561944901923448     0.6270644019141304      -0.0000003369927789      -0.0000007672213088
-2.3561944901923448     0.7524772822969564      -0.0000003427176745      -0.0000007672513099
-2.3561944901923448     0.8778901626797825      -0.0000003484749676      -0.0000007672820549
-2.3561944901923448     1.0033030430626086      -0.0000003542653921      -0.0000007673135578
-2.3561944901923448     1.1287159234454347      -0.0000003600896957      -0.0000007673458328
-2.3561944901923448     1.2541288038282608      -0.0000003659486403      -0.0000007673788947
-2.3561944901923448     1.3795416842110868      -0.0000003718430024      -0.0000007674127586
-2.3561944901923448     1.5049545645939129      -0.0000003777735741      -0.0000007674474402
-2.3561944901923448     1.6303674449767389      -0.0000003837411626      -0.0000007674829556
-2.3561944901923448     1.7557803253595650      -0.0000003897465916      -0.0000007675193215
-2.3561944901923448     1.8811932057423910      -0.0000003957907013      -0.0000007675565551
-2.3561944901923448     2.0066060861252173      -0.0000004018743491      -0.0000007675946740
-2.3561944901923448     2.1320189665080433      -0.0000004079984103      -0.0000007676336966
-2.3561944901923448     2.2574318468908694      -0.0000004141637785      -0.0000007676736420
-2.3561944901923448     2.3828447272736955      -0.0000004203713661      -0.0000007677145297
-2.3561944901923448     2.5082576076565215      -0.0000004266221049      -0.0000007677563804
-2.3561944901923448     2.6336704880393476      -0.0000004329169469      -0.0000007677992149
-2.3561944901923448     2.7590833684221736      -0.0000004392568649      -0.0000007678430549
-2.3561944901923448     2.8844962488049997      -0.0000004456428533      -0.0000007678879230
-2.3561944901923448     3.0099091291878257      -0.0000004520759286      -0.0000007679338423
-2.3561944901923448     3.1353220095706518      -0.0000004585571304      -0.0000007679808369
-2.3561944901923448     3.2607348899534778      -0.0000004650875222      -0.0000007680289316
-2.3561944901923448     3.3861477703363039      -0.0000004716681918      -0.0000007680781520
-2.3561944901923448     3.5115606507191299      -0.0000004783002532      -0.0000007681285248
-2.3561944901923448     3.6369735311019560      -0.0000004849848463      -0.0000007681800774
-2.3561944901923448     3.7623864114847820      -0.0000004917231389      -0.0000007682328384
-2.3561944901923448     3.8877992918676081      -0.0000004985163273      -0.0000007682868375
-2.3561944901923448     4.0132121722504346      -0.0000005053656376      -0.0000007683421057
-2.3561944901923448     4.1386250526332606      -0.0000005122723263      -0.0000007683986751
-2.3561944901923448     4.2640379330160867      -0.0000005192376824      -0.0000007684565796
-2.3561944901923448     4.3894508133989127      -0.0000005262630282      -0.0000007685158545
-2.3561944901923448     4.5148636937817388      -0.0000005333497207      -0.0000007685765364
-2.3561944901923448     4.6402765741645648      -0.0000005404991539      -0.0000007686386641
-2.3561944901923448     4.7656894545473909      -0.0000005477127595      -0.0000007687022784
-2.3561944901923448     4.8911023349302170      -0.0000005549920102      -0.0000007687674221
-2.3561944901923448     5.0165152153130430      -0.0000005623384209      -0.0000007688341408
-2.3561944901923448     5.1419280956958691      -0.0000005697535518      -0.0000007689024828
-2.3561944901923448     5.2673409760786951      -0.0000005772390114      -0.0000007689724998
-2.3561944901923448     5.3927538564615212      -0.0000005847964601      -0.0000007690442475
-2.3561944901923448     5.5181667368443472      -0.0000005924276151      -0.0000007691177871
-2.3561944901923448     5.6435796172271733      -0.0000006001342543      -0.0000007691931861
-2.3561944901923448     5.7689924976099993      -0.0000006079182237      -0.0000007692705201
-2.3561944901923448     5.8944053779928254      -0.0000006157814474      -0.0000007693498754
-2.3561944901923448     6.0198182583756514      -0.0000006237259371      -0.0000007694313539
-2.3561944901923448     6.1452311387584775      -0.0000006317538093      -0.0000007695150784
-2.3561944901923448     6.2706440191413035      -0.0000006398673080      -0.0000007696012037
-2.3561944901923448     6.3960568995241296      -0.0000006480688380      -0.0000007696899332
-2.3561944901923448     6.5214697799069556      -0.0000006563610183      -0.0000007697815516
-2.3561944901923448     6.6468826602897817      -0.0000006647467679      -0.0000007698764871
-2.3561944901923448     6.7722955406726077      -0.0000006732294542      -0.0000007699754501
-2.3561944901923448     6.8977084210554338      -0.0000006818131555      -0.0000007700797789
-2.3561944901923448     7.0231213014382599      -0.0000006905030923      -0.0000007701924598
-2.3561944901923448     7.1485341818210859      -0.0000006993054969      -0.0000007703217470
-2.3561944901923448     7.2739470622039120      -0.0000007082167055      -0.0000007704909719
-2.3561944901923448     7.3993599425867380      -0.0000007171635197      -0.0000007707046015
-2.3561944901923448     7.5247728229695641      -0.0000007262063403      -0.0000007707892624
-2.3561944901923448     7.6501857033523901      -0.0000007355011479      -0.0000007709100575
-2.3561944901923448     7.7755985837352162      -0.0000007449825243      -0.0000007711367788
-2.3561944901923448     7.9010114641180422      -0.0000007546473325      -0.0000007716095728
-2.3561944901923448     8.0264243445008692      -0.0000007641575837      -0.0000007725292439
-2.3561944901923448     8.1518372248836961      -0.0000007726531300      -0.0000007736190956
-2.3561944901923448     8.2772501052665231      -0.0000007811679494      -0.0000007726784832
-2.3561944901923448     8.4026629856493500      -0.0000007912514420      -0.0000007720171907
-2.3561944901923448     8.5280758660321769      -0.0000008015227821      -0.0000007718754212
-2.3561944901923448     8.6534887464150039      -0.0000008118441439      -0.0000007719432429
-2.3561944901923448     8.7789016267978308      -0.0000008221872841      -0.0000007720446224
-2.3561944901923448     8.9043145071806578      -0.0000008326594561      -0.0000007721673176
-2.3561944901923448     9.0297273875634847      -0.0000008432368986      -0.0000007723176095
-2.3561944901923448     9.1551402679463116      -0.0000008539034801      -0.0000007723941092
-2.3561944901923448     9.2805531483291386      -0.0000008648169465      -0.0000007724692952
-2.3561944901923448     9.4059660287119655      -0.0000008758884620      -0.0000007725960311
-2.3561944901923448     9.5313789090947925      -0.0000008871072375      -0.0000007727438278
-2.3561944901923448     9.6567917894776194      -0.0000008984812302      -0.0000007729027577
-2.3561944901923448     9.7822046698604463      -0.0000009100179516      -0.0000007730696275
-2.3561944901923448     9.9076175502432733      -0.0000009217239791      -0.0000007732432353
-2.3561944901923448     10.0330304306261002      -0.0000009336054045      -0.0000007734230939
-2.3561944901923448     10.1584433110089272      -0.0000009456681128      -0.0000007736090297
-2.3561944901923448     10.2838561913917541      -0.0000009579179416      -0.0000007738010238
-2.3561944901923448     10.4092690717745811      -0.0000009703607773      -0.0000007739991449
-2.3561944901923448     10.5346819521574080      -0.0000009830026122      -0.0000007742035197
-2.3561944901923448     10.6600948325402349      -0.0000009958495845      -0.0000007744143131
-2.3561944901923448     10.7855077129230619      -0.0000010089080107      -0.0000007746317201
-2.3561944901923448     10.9109205933058888      -0.0000010221844076      -0.0000007748559601
-2.3561944901923448     11.0363334736887158      -0.0000010356855154      -0.0000007750872733
-2.3561944901923448     11.1617463540715427      -0.0000010494183166      -0.0000007753259191
-2.3561944901923448     11.2871592344543696      -0.0000010633900533      -0.0000007755721763
-2.3561944901923448     11.4125721148371966      -0.0000010776082451      -0.0000007758263415
-2.3561944901923448     11.5379849952200235      -0.0000010920807075      -0.0000007760887299
-2.3561944901923448     11.6633978756028505      -0.0000011068155689      -0.0000007763596755
-2.3561944901923448     11.7888107559856774      -0.0000011218212899      -0.0000007766395323
-2.3561944901923448     11.9142236363685043      -0.0000011371066823      -0.0000007769286743
-2.3561944901923448     12.0396365167513313      -0.0000011526809290      -0.0000007772274974
-2.3561944901923448     12.1650493971341582      -0.0000011685536061      -0.0000007775364199
-2.3561944901923448     12.2904622775169852      -0.0000011847347043      -0.0000007778558847
-2.3561944901923448     12.4158751578998121      -0.0000012012346533      -0.0000007781863597
-2.3561944901923448     12.5412880382826391      -0.0000012180643470      -0.0000007785283406
-2.3561944901923448     12.6667009186654660      -0.0000012352351699      -0.0000007788823516
-2.3561944901923448     12.7921137990482929      -0.0000012527590264      -0.0000007792489479
-2.3561944901923448     12.9175266794311199      -0.0000012706483711      -0.0000007796287177
-2.3561944901923448     13.0429395598139468      -0.0000012889162413      -0.0000007800222849
-2.3561944901923448     13.1683524401967738      -0.0000013075762920      -0.0000007804303105
-2.3561944901923448     13.2937653205796007      -0.0000013266428341      -0.0000007808534962
-2.3561944901923448     13.4191782009624276      -0.0000013461308737      -0.0000007812925875
-2.3561944901923448     13.5445910813452546      -0.0000013660561558      -0.0000007817483759
-2.3561944901923448     13.6700039617280815      -0.0000013864352105      -0.0000007822217036
-2.3561944901923448     13.7954168421109085      -0.0000014072854034      -0.0000007827134663
-2.3561944901923448     13.9208297224937354      -0.0000014286249886      -0.0000007832246183
-2.3561944901923448     14.0462426028765623      -0.0000014504731670      -0.0000007837561764
-2.3561944901923448     14.1716554832593893      -0.0000014728501492      -0.0000007843092252
-2.3561944901923448     14.2970683636422162      -0.0000014957772222      -0.0000007848849227
-2.3561944901923448     14.4224812440250432      -0.0000015192768229      -0.0000007854845059
-2.3561944901923448     14.5478941244078701      -0.0000015433726171      -0.0000007861092979
-2.3561944901923448     14.6733070047906971      -0.0000015680895847      -0.0000007867607146
-2.3561944901923448     14.7987198851735240      -0.0000015934541127      -0.0000007874402735
-2.3561944901923448     14.9241327655563509      -0.0000016194940960      -0.0000007881496013
-2.3561944901923448     15.0495456459391779      -0.0000016462390469      -0.0000007888904443
-2.3561944901923448     15.1749585263220048      -0.0000016737202148      -0.0000007896646790
-2.3561944901923448     15.3003714067048318      -0.0000017019707152      -0.0000007904743240
-2.3561944901923448     15.4257842870876587      -0.0000017310256723      -0.0000007913215525
-2.3561944901923448     15.5511971674704856      -0.0000017609223739      -0.0000007922087076
-2.3561944901923448     15.6766100478533126      -0.0000017917004406      -0.0000007931383179
    
-2.0943951023931957     0.0000000000000000      -0.0000004704130956      -0.0000011734693661
-2.0943951023931957     0.1254128803828261      -0.0000004789300522      -0.0000011735122548
-2.0943951023931957     0.2508257607656522      -0.0000004874910473      -0.0000011735561942
-2.0943951023931957     0.3762386411484783      -0.0000004960971031      -0.0000011736012026
-2.0943951023931957     0.5016515215313043      -0.0000005047492599      -0.0000011736472989
-2.0943951023931957     0.6270644019141304      -0.0000005134485767      -0.0000011736945023
-2.0943951023931957     0.7524772822969564      -0.0000005221961314      -0.0000011737428329
-2.0943951023931957     0.8778901626797825      -0.0000005309930219      -0.0000011737923114
-2.0943951023931957     1.0033030430626086      -0.0000005398403663      -0.0000011738429592
-2.0943951023931957     1.1287159234454347      -0.0000005487393034      -0.0000011738947983
-2.0943951023931957     1.2541288038282608      -0.0000005576909940      -0.0000011739478513
-2.0943951023931957     1.3795416842110868      -0.0000005666966208      -0.0000011740021416
-2.0943951023931957     1.5049545645939129      -0.0000005757573899      -0.0000011740576935
-2.0943951023931957     1.6303674449767389      -0.0000005848745305      -0.0000011741145318
-2.0943951023931957     1.7557803253595650      -0.0000005940492967      -0.0000011741726825
-2.0943951023931957     1.8811932057423910      -0.0000006032829674      -0.0000011742321717
-2.0943951023931957     2.0066060861252173      -0.0000006125768478      -0.0000011742930270
-2.0943951023931957     2.1320189665080433      -0.0000006219322699      -0.0000011743552762
-2.0943951023931957     2.2574318468908694      -0.0000006313505932      -0.0000011744189486
-2.0943951023931957     2.3828447272736955      -0.0000006408332062      -0.0000011744840739
-2.0943951023931957     2.5082576076565215      -0.0000006503815270      -0.0000011745506833
-2.0943951023931957     2.6336704880393476      -0.0000006599970035      -0.0000011746188089
-2.0943951023931957     2.7590833684221736      -0.0000006696811158      -0.0000011746884837
-2.0943951023931957     2.8844962488049997      -0.0000006794353760      -0.0000011747597422
-2.0943951023931957     3.0099091291878257      -0.0000006892613300      -0.0000011748326198
-2.0943951023931957     3.1353220095706518      -0.0000006991605583      -0.0000011749071532
-2.0943951023931957     3.2607348899534778      -0.0000007091346770      -0.0000011749833807
-2.0943951023931957     3.3861477703363039      -0.0000007191853393      -0.0000011750613413
-2.0943951023931957     3.5115606507191299      -0.0000007293142368      -0.0000011751410757
-2.0943951023931957     3.6369735311019560      -0.0000007395231006      -0.0000011752226257
-2.0943951023931957     3.7623864114847820      -0.0000007498137033      -0.0000011753060345
-2.0943951023931957     3.8877992918676081      -0.0000007601878600      -0.0000011753913467
-2.0943951023931957     4.0132121722504346      -0.0000007706474304      -0.0000011754786089
-2.0943951023931957     4.1386250526332606      -0.0000007811943202      -0.0000011755678692
-2.0943951023931957     4.2640379330160867      -0.0000007918304826      -0.0000011756591780
-2.0943951023931957     4.3894508133989127      -0.0000008025579206      -0.0000011757525878
-2.0943951023931957     4.5148636937817388      -0.0000008133786887      -0.0000011758481532
-2.0943951023931957     4.6402765741645648      -0.0000008242948954      -0.0000011759459317
-2.0943951023931957     4.7656894545473909      -0.0000008353087046      -0.0000011760459838
-2.0943951023931957     4.8911023349302170      -0.0000008464223391      -0.0000011761483720
-2.0943951023931957     5.0165152153130430      -0.0000008576380834      -0.0000011762531630
-2.0943951023931957     5.1419280956958691      -0.0000008689582863      -0.0000011763604268
-2.0943951023931957     5.2673409760786951      -0.0000008803853646      -0.0000011764702371
-2.0943951023931957     5.3927538564615212      -0.0000008919218089      -0.0000011765826722
-2.0943951023931957     5.5181667368443472      -0.0000009035701876      -0.0000011766978164
-2.0943951023931957     5.6435796172271733      -0.0000009153331524      -0.0000011768157613
-2.0943951023931957     5.7689924976099993      -0.0000009272134467      -0.0000011769366064
-2.0943951023931957     5.8944053779928254      -0.0000009392139158      -0.0000011770604630
-2.0943951023931957     6.0198182583756514      -0.0000009513375179      -0.0000011771874591
-2.0943951023931957     6.1452311387584775      -0.0000009635873412      -0.0000011773177438
-2.0943951023931957     6.2706440191413035      -0.0000009759666275      -0.0000011774514987
-2.0943951023931957     6.3960568995241296      -0.0000009884788056      -0.0000011775889546
-2.0943951023931957     6.5214697799069556      -0.0000010011275429      -0.0000011777304213
-2.0943951023931957     6.6468826602897817      -0.0000010139168311      -0.0000011778763470
-2.0943951023931957     6.7722955406726077      -0.0000010268511291      -0.0000011780274478
-2.0943951023931957     6.8977084210554338      -0.0000010399356145      -0.0000011781850222
-2.0943951023931957     7.0231213014382599      -0.0000010531766212      -0.0000011783518578
-2.0943951023931957     7.1485341818210859      -0.0000010665818682      -0.0000011785354469
-2.0943951023931957     7.2739470622039120      -0.0000010801521681      -0.0000011787598920
-2.0943951023931957     7.3993599425867380      -0.0000010938061660      -0.0000011790314587
-2.0943951023931957     7.5247728229695641      -0.0000011076327306      -0.0000011791698463
-2.0943951023931957     7.6501857033523901      -0.0000011217567684      -0.0000011793696747
-2.0943951023931957     7.7755985837352162      -0.0000011361189705      -0.0000011796772225
-2.0943951023931957     7.9010114641180422      -0.0000011506903904      -0.0000011802509979
-2.0943951023931957     8.0264243445008692      -0.0000011651210136      -0.0000011811431692
-2.0943951023931957     8.1518372248836961      -0.0000011788837571      -0.0000011822833574
-2.0943951023931957     8.2772501052665231      -0.0000011924421211      -0.0000011815400599
-2.0943951023931957     8.4026629856493500      -0.0000012076473701      -0.0000011809212231
-2.0943951023931957     8.5280758660321769      -0.0000012231711699      -0.0000011807980152
-2.0943951023931957     8.6534887464150039      -0.0000012388516495      -0.0000011808826850
-2.0943951023931957     8.7789016267978308      -0.0000012546821494      -0.0000011810773575
-2.0943951023931957     8.9043145071806578      -0.0000012706299740      -0.0000011813345055
-2.0943951023931957     9.0297273875634847      -0.0000012867380441      -0.0000011815839913
-2.0943951023931957     9.1551402679463116      -0.0000013030137899      -0.0000011817378722
-2.0943951023931957     9.2805531483291386      -0.0000013196355118      -0.0000011818896032
-2.0943951023931957     9.4059660287119655      -0.0000013364994275      -0.0000011821015033
-2.0943951023931957     9.5313789090947925      -0.0000013535938624      -0.0000011823387951
-2.0943951023931957     9.6567917894776194      -0.0000013709291181      -0.0000011825903332
-2.0943951023931957     9.7822046698604463      -0.0000013885152479      -0.0000011828526167
-2.0943951023931957     9.9076175502432733      -0.0000014063613887      -0.0000011831243998
-2.0943951023931957     10.0330304306261002      -0.0000014244762391      -0.0000011834052379
-2.0943951023931957     10.1584433110089272      -0.0000014428683623      -0.0000011836950360
-2.0943951023931957     10.2838561913917541      -0.0000014615463582      -0.0000011839938693
-2.0943951023931957     10.4092690717745811      -0.0000014805189743      -0.0000011843019118
-2.0943951023931957     10.5346819521574080      -0.0000014997951663      -0.0000011846194045
-2.0943951023931957     10.6600948325402349      -0.0000015193841459      -0.0000011849466325
-2.0943951023931957     10.7855077129230619      -0.0000015392954201      -0.0000011852839186
-2.0943951023931957     10.9109205933058888      -0.0000015595388183      -0.0000011856316160
-2.0943951023931957     11.0363334736887158      -0.0000015801245226      -0.0000011859901052
-2.0943951023931957     11.1617463540715427      -0.0000016010630936      -0.0000011863597933
-2.0943951023931957     11.2871592344543696      -0.0000016223654942      -0.0000011867411143
-2.0943951023931957     11.4125721148371966      -0.0000016440431147      -0.0000011871345274
-2.0943951023931957     11.5379849952200235      -0.0000016661077997      -0.0000011875405191
-2.0943951023931957     11.6633978756028505      -0.0000016885718731      -0.0000011879596034
-2.0943951023931957     11.7888107559856774      -0.0000017114481659      -0.0000011883923236
-2.0943951023931957     11.9142236363685043      -0.0000017347500453      -0.0000011888392538
-2.0943951023931957     12.0396365167513313      -0.0000017584914433      -0.0000011893010003
-2.0943951023931957     12.1650493971341582      -0.0000017826868902      -0.0000011897782040
-2.0943951023931957     12.2904622775169852      -0.0000018073515465      -0.0000011902715424
-2.0943951023931957     12.4158751578998121      -0.0000018325012397      -0.0000011907817315
-2.0943951023931957     12.5412880382826391      -0.0000018581525017      -0.0000011913095288
-2.0943951023931957     12.6667009186654660      -0.0000018843226096      -0.0000011918557353
-2.0943951023931957     12.7921137990482929      -0.0000019110296287      -0.0000011924211985
-2.0943951023931957     12.9175266794311199      -0.0000019382924596      -0.0000011930068163
-2.0943951023931957     13.0429395598139468      -0.0000019661308865      -0.0000011936135401
-2.0943951023931957     13.1683524401967738      -0.0000019945656302      -0.0000011942423782
-2.0943951023931957     13.2937653205796007      -0.0000020236184060      -0.0000011948944002
-2.0943951023931957     13.4191782009624276      -0.0000020533119834      -0.0000011955707423
-2.0943951023931957     13.5445910813452546      -0.0000020836702511      -0.0000011962726111
-2.0943951023931957     13.6700039617280815      -0.0000021147182884      -0.0000011970012894
-2.0943951023931957     13.7954168421109085      -0.0000021464824396      -0.0000011977581422
-2.0943951023931957     13.9208297224937354      -0.0000021789903952      -0.0000011985446232
-2.0943951023931957     14.0462426028765623      -0.0000022122712798      -0.0000011993622809
-2.0943951023931957     14.1716554832593893      -0.0000022463557467      -0.0000012002127669
-2.0943951023931957     14.2970683636422162      -0.0000022812760795      -0.0000012010978439
-2.0943951023931957     14.4224812440250432      -0.0000023170663027      -0.0000012020193947
-2.0943951023931957     14.5478941244078701      -0.0000023537623012      -0.0000012029794324
-2.0943951023931957     14.6733070047906971      -0.0000023914019491      -0.0000012039801113
-2.0943951023931957     14.7987198851735240      -0.0000024300252506      -0.0000012050237392
-2.0943951023931957     14.9241327655563509      -0.0000024696744914      -0.0000012061127902
-2.0943951023931957     15.0495456459391779      -0.0000025103944049      -0.0000012072499193
-2.0943951023931957     15.1749585263220048      -0.0000025522323525      -0.0000012084379794
-2.0943951023931957     15.3003714067048318      -0.0000025952385187      -0.0000012096800380
-2.0943951023931957     15.4257842870876587      -0.0000026394661268      -0.0000012109793975
-2.0943951023931957     15.5511971674704856      -0.0000026849716720      -0.0000012123396176
-2.0943951023931957     15.6766100478533126      -0.0000027318151774      -0.0000012137645389
    
-1.8325957145940459     0.0000000000000000      -0.0000005852027120      -0.0000014712969772
-1.8325957145940459     0.1254128803828261      -0.0000005958595168      -0.0000014713536083
-1.8325957145940459     0.2508257607656522      -0.0000006065710465      -0.0000014714115649
-1.8325957145940459     0.3762386411484783      -0.0000006173385743      -0.0000014714708702
-1.8325957145940459     0.5016515215313043      -0.0000006281633954      -0.0000014715315478
-1.8325957145940459     0.6270644019141304      -0.0000006390468283      -0.0000014715936219
-1.8325957145940459     0.7524772822969564      -0.0000006499902151      -0.0000014716571177
-1.8325957145940459     0.8778901626797825      -0.0000006609949224      -0.0000014717220611
-1.8325957145940459     1.0033030430626086      -0.0000006720623420      -0.0000014717884790
-1.8325957145940459     1.1287159234454347      -0.0000006831938917      -0.0000014718563989
-1.8325957145940459     1.2541288038282608      -0.0000006943910158      -0.0000014719258496
-1.8325957145940459     1.3795416842110868      -0.0000007056551864      -0.0000014719968603
-1.8325957145940459     1.5049545645939129      -0.0000007169879040      -0.0000014720694617
-1.8325957145940459     1.6303674449767389      -0.0000007283906980      -0.0000014721436852
-1.8325957145940459     1.7557803253595650      -0.0000007398651284      -0.0000014722195633
-1.8325957145940459     1.8811932057423910      -0.0000007514127860      -0.0000014722971291
-1.8325957145940459     2.0066060861252173      -0.0000007630352939      -0.0000014723764171
-1.8325957145940459     2.1320189665080433      -0.0000007747343084      -0.0000014724574624
-1.8325957145940459     2.2574318468908694      -0.0000007865115200      -0.0000014725403014
-1.8325957145940459     2.3828447272736955      -0.0000007983686549      -0.0000014726249713
-1.8325957145940459     2.5082576076565215      -0.0000008103074759      -0.0000014727115112
-1.8325957145940459     2.6336704880393476      -0.0000008223297833      -0.0000014727999610
-1.8325957145940459     2.7590833684221736      -0.0000008344374164      -0.0000014728903621
-1.8325957145940459     2.8844962488049997      -0.0000008466322547      -0.0000014729827575
-1.8325957145940459     3.0099091291878257      -0.0000008589162189      -0.0000014730771918
-1.8325957145940459     3.1353220095706518      -0.0000008712912728      -0.0000014731737108
-1.8325957145940459     3.2607348899534778      -0.0000008837594242      -0.0000014732723623
-1.8325957145940459     3.3861477703363039      -0.0000008963227263      -0.0000014733731955
-1.8325957145940459     3.5115606507191299      -0.0000009089832796      -0.0000014734762614
-1.8325957145940459     3.6369735311019560      -0.0000009217432333      -0.0000014735816118
-1.8325957145940459     3.7623864114847820      -0.0000009346047880      -0.0000014736893010
-1.8325957145940459     3.8877992918676081      -0.0000009475701960      -0.0000014737993845
-1.8325957145940459     4.0132121722504346      -0.0000009606417650      -0.0000014739119200
-1.8325957145940459     4.1386250526332606      -0.0000009738218588      -0.0000014740269674
-1.8325957145940459     4.2640379330160867      -0.0000009871129001      -0.0000014741445889
-1.8325957145940459     4.3894508133989127      -0.0000010005173726      -0.0000014742648495
-1.8325957145940459     4.5148636937817388      -0.0000010140378226      -0.0000014743878168
-1.8325957145940459     4.6402765741645648      -0.0000010276768631      -0.0000014745135616
-1.8325957145940459     4.7656894545473909      -0.0000010414371744      -0.0000014746421584
-1.8325957145940459     4.8911023349302170      -0.0000010553215086      -0.0000014747736843
-1.8325957145940459     5.0165152153130430      -0.0000010693326926      -0.0000014749082210
-1.8325957145940459     5.1419280956958691      -0.0000010834736310      -0.0000014750458541
-1.8325957145940459     5.2673409760786951      -0.0000010977473106      -0.0000014751866734
-1.8325957145940459     5.3927538564615212      -0.0000011121568063      -0.0000014753307733
-1.8325957145940459     5.5181667368443472      -0.0000011267052859      -0.0000014754782554
-1.8325957145940459     5.6435796172271733      -0.0000011413960166      -0.0000014756292280
-1.8325957145940459     5.7689924976099993      -0.0000011562323731      -0.0000014757838089
-1.8325957145940459     5.8944053779928254      -0.0000011712178491      -0.0000014759421272
-1.8325957145940459     6.0198182583756514      -0.0000011863560687      -0.0000014761043298
-1.8325957145940459     6.1452311387584775      -0.0000012016508038      -0.0000014762705852
-1.8325957145940459     6.2706440191413035      -0.0000012171059986      -0.0000014764410950
-1.8325957145940459     6.3960568995241296      -0.0000012327258029      -0.0000014766161106
-1.8325957145940459     6.5214697799069556      -0.0000012485146241      -0.0000014767959618
-1.8325957145940459     6.6468826602897817      -0.0000012644772124      -0.0000014769811159
-1.8325957145940459     6.7722955406726077      -0.0000012806188022      -0.0000014771723034
-1.8325957145940459     6.8977084210554338      -0.0000012969453590      -0.0000014773708238
-1.8325957145940459     7.0231213014382599      -0.0000013134640041      -0.0000014775794303
-1.8325957145940459     7.1485341818210859      -0.0000013301831565      -0.0000014778054541
-1.8325957145940459     7.2739470622039120      -0.0000013471040596      -0.0000014780713159
-1.8325957145940459     7.3993599425867380      -0.0000013641556785      -0.0000014783816582
-1.8325957145940459     7.5247728229695641      -0.0000013814196955      -0.0000014785749036
-1.8325957145940459     7.6501857033523901      -0.0000013990170890      -0.0000014788306470
-1.8325957145940459     7.7755985837352162      -0.0000014168928388      -0.0000014792094637
-1.8325957145940459     7.9010114641180422      -0.0000014349671944      -0.0000014798785748
-1.8325957145940459     8.0264243445008692      -0.0000014529153588      -0.0000014807410083
-1.8325957145940459     8.1518372248836961      -0.0000014703759452      -0.0000014818113952
-1.8325957145940459     8.2772501052665231      -0.0000014877479931      -0.0000014811876306
-1.8325957145940459     8.4026629856493500      -0.0000015066515355      -0.0000014806801032
-1.8325957145940459     8.5280758660321769      -0.0000015259576387      -0.0000014806249038
-1.8325957145940459     8.6534887464150039      -0.0000015454517356      -0.0000014808055688
-1.8325957145940459     8.7789016267978308      -0.0000015651044912      -0.0000014810502739
-1.8325957145940459     8.9043145071806578      -0.0000015849781169      -0.0000014813345579
-1.8325957145940459     9.0297273875634847      -0.0000016050767766      -0.0000014816216561
-1.8325957145940459     9.1551402679463116      -0.0000016254141175      -0.0000014818387067
-1.8325957145940459     9.2805531483291386      -0.0000016461322567      -0.0000014820637574
-1.8325957145940459     9.4059660287119655      -0.0000016671462831      -0.0000014823445392
-1.8325957145940459     9.5313789090947925      -0.0000016884499752      -0.0000014826505769
-1.8325957145940459     9.6567917894776194      -0.0000017100551920      -0.0000014829721055
-1.8325957145940459     9.7822046698604463      -0.0000017319734972      -0.0000014833060334
-1.8325957145940459     9.9076175502432733      -0.0000017542156642      -0.0000014836512929
-1.8325957145940459     10.0330304306261002      -0.0000017767921268      -0.0000014840075487
-1.8325957145940459     10.1584433110089272      -0.0000017997132663      -0.0000014843747953
-1.8325957145940459     10.2838561913917541      -0.0000018229895761      -0.0000014847531906
-1.8325957145940459     10.4092690717745811      -0.0000018466317721      -0.0000014851429902
-1.8325957145940459     10.5346819521574080      -0.0000018706508533      -0.0000014855445196
-1.8325957145940459     10.6600948325402349      -0.0000018950581528      -0.0000014859581503
-1.8325957145940459     10.7855077129230619      -0.0000019198653796      -0.0000014863842956
-1.8325957145940459     10.9109205933058888      -0.0000019450846500      -0.0000014868234024
-1.8325957145940459     11.0363334736887158      -0.0000019707285214      -0.0000014872759497
-1.8325957145940459     11.1617463540715427      -0.0000019968100223      -0.0000014877424474
-1.8325957145940459     11.2871592344543696      -0.0000020233426809      -0.0000014882234379
-1.8325957145940459     11.4125721148371966      -0.0000020503405550      -0.0000014887194932
-1.8325957145940459     11.5379849952200235      -0.0000020778182641      -0.0000014892312187
-1.8325957145940459     11.6633978756028505      -0.0000021057910195      -0.0000014897592537
-1.8325957145940459     11.7888107559856774      -0.0000021342746585      -0.0000014903042725
-1.8325957145940459     11.9142236363685043      -0.0000021632856794      -0.0000014908669875
-1.8325957145940459     12.0396365167513313      -0.0000021928412766      -0.0000014914481511
-1.8325957145940459     12.1650493971341582      -0.0000022229593810      -0.0000014920485576
-1.8325957145940459     12.2904622775169852      -0.0000022536586993      -0.0000014926690466
-1.8325957145940459     12.4158751578998121      -0.0000022849587589      -0.0000014933105052
-1.8325957145940459     12.5412880382826391      -0.0000023168799535      -0.0000014939738709
-1.8325957145940459     12.6667009186654660      -0.0000023494435929      -0.0000014946601351
-1.8325957145940459     12.7921137990482929      -0.0000023826719564      -0.0000014953703462
-1.8325957145940459     12.9175266794311199      -0.0000024165883490      -0.0000014961056142
-1.8325957145940459     13.0429395598139468      -0.0000024512171620      -0.0000014968671150
-1.8325957145940459     13.1683524401967738      -0.0000024865839370      -0.0000014976560941
-1.8325957145940459     13.2937653205796007      -0.0000025227154370      -0.0000014984738728
-1.8325957145940459     13.4191782009624276      -0.0000025596397190      -0.0000014993218538
-1.8325957145940459     13.5445910813452546      -0.0000025973862139      -0.0000015002015263
-1.8325957145940459     13.6700039617280815      -0.0000026359858134      -0.0000015011144733
-1.8325957145940459     13.7954168421109085      -0.0000026754709608      -0.0000015020623788
-1.8325957145940459     13.9208297224937354      -0.0000027158757507      -0.0000015030470354
-1.8325957145940459     14.0462426028765623      -0.0000027572360357      -0.0000015040703521
-1.8325957145940459     14.1716554832593893      -0.0000027995895419      -0.0000015051343642
-1.8325957145940459     14.2970683636422162      -0.0000028429759936      -0.0000015062412431
-1.8325957145940459     14.4224812440250432      -0.0000028874372474      -0.0000015073933075
-1.8325957145940459     14.5478941244078701      -0.0000029330174387      -0.0000015085930354
-1.8325957145940459     14.6733070047906971      -0.0000029797631381      -0.0000015098430778
-1.8325957145940459     14.7987198851735240      -0.0000030277235240      -0.0000015111462731
-1.8325957145940459     14.9241327655563509      -0.0000030769505659      -0.0000015125056638
-1.8325957145940459     15.0495456459391779      -0.0000031274992281      -0.0000015139245131
-1.8325957145940459     15.1749585263220048      -0.0000031794276881      -0.0000015154063260
-1.8325957145940459     15.3003714067048318      -0.0000032327975751      -0.0000015169548703
-1.8325957145940459     15.4257842870876587      -0.0000032876742319      -0.0000015185741996
-1.8325957145940459     15.5511971674704856      -0.0000033441269986      -0.0000015202686824
-1.8325957145940459     15.6766100478533126      -0.0000034022295237      -0.0000015220430297
    
-1.5707963267948966     0.0000000000000000      -0.0000006228348244      -0.0000015807368444
-1.5707963267948966     0.1254128803828261      -0.0000006342562439      -0.0000015808007184
-1.5707963267948966     0.2508257607656522      -0.0000006457358244      -0.0000015808660240
-1.5707963267948966     0.3762386411484783      -0.0000006572749224      -0.0000015809327858
-1.5707963267948966     0.5016515215313043      -0.0000006688749183      -0.0000015810010294
-1.5707963267948966     0.6270644019141304      -0.0000006805372167      -0.0000015810707807
-1.5707963267948966     0.7524772822969564      -0.0000006922632477      -0.0000015811420669
-1.5707963267948966     0.8778901626797825      -0.0000007040544671      -0.0000015812149157
-1.5707963267948966     1.0033030430626086      -0.0000007159123574      -0.0000015812893560
-1.5707963267948966     1.1287159234454347      -0.0000007278384287      -0.0000015813654176
-1.5707963267948966     1.2541288038282608      -0.0000007398342193      -0.0000015814431312
-1.5707963267948966     1.3795416842110868      -0.0000007519012966      -0.0000015815225286
-1.5707963267948966     1.5049545645939129      -0.0000007640412585      -0.0000015816036425
-1.5707963267948966     1.6303674449767389      -0.0000007762557332      -0.0000015816865072
-1.5707963267948966     1.7557803253595650      -0.0000007885463812      -0.0000015817711572
-1.5707963267948966     1.8811932057423910      -0.0000008009148957      -0.0000015818576286
-1.5707963267948966     2.0066060861252173      -0.0000008133630042      -0.0000015819459583
-1.5707963267948966     2.1320189665080433      -0.0000008258924688      -0.0000015820361842
-1.5707963267948966     2.2574318468908694      -0.0000008385050887      -0.0000015821283451
-1.5707963267948966     2.3828447272736955      -0.0000008512027002      -0.0000015822224812
-1.5707963267948966     2.5082576076565215      -0.0000008639871785      -0.0000015823186340
-1.5707963267948966     2.6336704880393476      -0.0000008768604387      -0.0000015824168465
-1.5707963267948966     2.7590833684221736      -0.0000008898244372      -0.0000015825171629
-1.5707963267948966     2.8844962488049997      -0.0000009028811729      -0.0000015826196294
-1.5707963267948966     3.0099091291878257      -0.0000009160326884      -0.0000015827242937
-1.5707963267948966     3.1353220095706518      -0.0000009292810717      -0.0000015828312050
-1.5707963267948966     3.2607348899534778      -0.0000009426284577      -0.0000015829404145
-1.5707963267948966     3.3861477703363039      -0.0000009560770287      -0.0000015830519752
-1.5707963267948966     3.5115606507191299      -0.0000009696290177      -0.0000015831659415
-1.5707963267948966     3.6369735311019560      -0.0000009832867086      -0.0000015832823695
-1.5707963267948966     3.7623864114847820      -0.0000009970524397      -0.0000015834013170
-1.5707963267948966     3.8877992918676081      -0.0000010109286041      -0.0000015835228437
-1.5707963267948966     4.0132121722504346      -0.0000010249176533      -0.0000015836470114
-1.5707963267948966     4.1386250526332606      -0.0000010390220981      -0.0000015837738840
-1.5707963267948966     4.2640379330160867      -0.0000010532445113      -0.0000015839035279
-1.5707963267948966     4.3894508133989127      -0.0000010675875305      -0.0000015840360123
-1.5707963267948966     4.5148636937817388      -0.0000010820538595      -0.0000015841714095
-1.5707963267948966     4.6402765741645648      -0.0000010966462717      -0.0000015843097949
-1.5707963267948966     4.7656894545473909      -0.0000011113676126      -0.0000015844512476
-1.5707963267948966     4.8911023349302170      -0.0000011262208028      -0.0000015845958499
-1.5707963267948966     5.0165152153130430      -0.0000011412088416      -0.0000015847436888
-1.5707963267948966     5.1419280956958691      -0.0000011563348102      -0.0000015848948550
-1.5707963267948966     5.2673409760786951      -0.0000011716018766      -0.0000015850494442
-1.5707963267948966     5.3927538564615212      -0.0000011870133007      -0.0000015852075567
-1.5707963267948966     5.5181667368443472      -0.0000012025724398      -0.0000015853692999
-1.5707963267948966     5.6435796172271733      -0.0000012182827559      -0.0000015855347881
-1.5707963267948966     5.7689924976099993      -0.0000012341478230      -0.0000015857041456
-1.5707963267948966     5.8944053779928254      -0.0000012501713389      -0.0000015858775083
-1.5707963267948966     6.0198182583756514      -0.0000012663571376      -0.0000015860550292
-1.5707963267948966     6.1452311387584775      -0.0000012827092066      -0.0000015862368840
-1.5707963267948966     6.2706440191413035      -0.0000012992317110      -0.0000015864232815
-1.5707963267948966     6.3960568995241296      -0.0000013159290282      -0.0000015866144808
-1.5707963267948966     6.5214697799069556      -0.0000013328057997      -0.0000015868108200
-1.5707963267948966     6.6468826602897817      -0.0000013498670168      -0.0000015870127757
-1.5707963267948966     6.7722955406726077      -0.0000013671181625      -0.0000015872210906
-1.5707963267948966     6.8977084210554338      -0.0000013845654583      -0.0000015874370872
-1.5707963267948966     7.0231213014382599      -0.0000014022162604      -0.0000015876635993
-1.5707963267948966     7.1485341818210859      -0.0000014200787728      -0.0000015879082441
-1.5707963267948966     7.2739470622039120      -0.0000014381512632      -0.0000015881898478
-1.5707963267948966     7.3993599425867380      -0.0000014563869512      -0.0000015885089922
-1.5707963267948966     7.5247728229695641      -0.0000014748317365      -0.0000015887422085
-1.5707963267948966     7.6501857033523901      -0.0000014936243510      -0.0000015890189497
-1.5707963267948966     7.7755985837352162      -0.0000015127125764      -0.0000015894430205
-1.5707963267948966     7.9010114641180422      -0.0000015319530043      -0.0000015901837717
-1.5707963267948966     8.0264243445008692      -0.0000015510570881      -0.0000015910127031
-1.5707963267948966     8.1518372248836961      -0.0000015697011913      -0.0000015918978537
-1.5707963267948966     8.2772501052665231      -0.0000015886311140      -0.0000015913088800
-1.5707963267948966     8.4026629856493500      -0.0000016088135686      -0.0000015909527932
-1.5707963267948966     8.5280758660321769      -0.0000016294163901      -0.0000015909829012
-1.5707963267948966     8.6534887464150039      -0.0000016501718279      -0.0000015912942477
-1.5707963267948966     8.7789016267978308      -0.0000016709896874      -0.0000015915350274
-1.5707963267948966     8.9043145071806578      -0.0000016921981300      -0.0000015917456133
-1.5707963267948966     9.0297273875634847      -0.0000017136829806      -0.0000015920061876
-1.5707963267948966     9.1551402679463116      -0.0000017354480261      -0.0000015922541504
-1.5707963267948966     9.2805531483291386      -0.0000017575624275      -0.0000015925264305
-1.5707963267948966     9.4059660287119655      -0.0000017799829372      -0.0000015928402816
-1.5707963267948966     9.5313789090947925      -0.0000018027124499      -0.0000015931754824
-1.5707963267948966     9.6567917894776194      -0.0000018257632036      -0.0000015935254240
-1.5707963267948966     9.7822046698604463      -0.0000018491468998      -0.0000015938879037
-1.5707963267948966     9.9076175502432733      -0.0000018728746263      -0.0000015942621635
-1.5707963267948966     10.0330304306261002      -0.0000018969572424      -0.0000015946479994
-1.5707963267948966     10.1584433110089272      -0.0000019214056211      -0.0000015950454751
-1.5707963267948966     10.2838561913917541      -0.0000019462307893      -0.0000015954547941
-1.5707963267948966     10.4092690717745811      -0.0000019714440274      -0.0000015958762477
-1.5707963267948966     10.5346819521574080      -0.0000019970569256      -0.0000015963101925
-1.5707963267948966     10.6600948325402349      -0.0000020230814330      -0.0000015967570295
-1.5707963267948966     10.7855077129230619      -0.0000020495298983      -0.0000015972172012
-1.5707963267948966     10.9109205933058888      -0.0000020764151022      -0.0000015976911836
-1.5707963267948966     11.0363334736887158      -0.0000021037502913      -0.0000015981794862
-1.5707963267948966     11.1617463540715427      -0.0000021315492089      -0.0000015986826506
-1.5707963267948966     11.2871592344543696      -0.0000021598261238      -0.0000015992012514
-1.5707963267948966     11.4125721148371966      -0.0000021885958629      -0.0000015997358948
-1.5707963267948966     11.5379849952200235      -0.0000022178738431      -0.0000016002872218
-1.5707963267948966     11.6633978756028505      -0.0000022476761031      -0.0000016008559090
-1.5707963267948966     11.7888107559856774      -0.0000022780193394      -0.0000016014426694
-1.5707963267948966     11.9142236363685043      -0.0000023089209420      -0.0000016020482565
-1.5707963267948966     12.0396365167513313      -0.0000023403990319      -0.0000016026734654
-1.5707963267948966     12.1650493971341582      -0.0000023724725022      -0.0000016033191356
-1.5707963267948966     12.2904622775169852      -0.0000024051610603      -0.0000016039861538
-1.5707963267948966     12.4158751578998121      -0.0000024384852731      -0.0000016046754564
-1.5707963267948966     12.5412880382826391      -0.0000024724666164      -0.0000016053880327
-1.5707963267948966     12.6667009186654660      -0.0000025071275258      -0.0000016061249286
-1.5707963267948966     12.7921137990482929      -0.0000025424914521      -0.0000016068872494
-1.5707963267948966     12.9175266794311199      -0.0000025785829210      -0.0000016076761651
-1.5707963267948966     13.0429395598139468      -0.0000026154275950      -0.0000016084929144
-1.5707963267948966     13.1683524401967738      -0.0000026530523415      -0.0000016093388091
-1.5707963267948966     13.2937653205796007      -0.0000026914853050      -0.0000016102152403
-1.5707963267948966     13.4191782009624276      -0.0000027307559842      -0.0000016111236840
-1.5707963267948966     13.5445910813452546      -0.0000027708953148      -0.0000016120657070
-1.5707963267948966     13.6700039617280815      -0.0000028119357592      -0.0000016130429740
-1.5707963267948966     13.7954168421109085      -0.0000028539114018      -0.0000016140572553
-1.5707963267948966     13.9208297224937354      -0.0000028968580517      -0.0000016151104345
-1.5707963267948966     14.0462426028765623      -0.0000029408133545      -0.0000016162045168
-1.5707963267948966     14.1716554832593893      -0.0000029858169116      -0.0000016173416394
-1.5707963267948966     14.2970683636422162      -0.0000030319104095      -0.0000016185240808
-1.5707963267948966     14.4224812440250432      -0.0000030791377602      -0.0000016197542734
-1.5707963267948966     14.5478941244078701      -0.0000031275452516      -0.0000016210348156
-1.5707963267948966     14.6733070047906971      -0.0000031771817108      -0.0000016223684856
-1.5707963267948966     14.7987198851735240      -0.0000032280986825      -0.0000016237582568
-1.5707963267948966     14.9241327655563509      -0.0000032803506192      -0.0000016252073147
-1.5707963267948966     15.0495456459391779      -0.0000033339950919      -0.0000016267190748
-1.5707963267948966     15.1749585263220048      -0.0000033890930160      -0.0000016282972033
-1.5707963267948966     15.3003714067048318      -0.0000034457088987      -0.0000016299456392
-1.5707963267948966     15.4257842870876587      -0.0000035039111088      -0.0000016316686186
-1.5707963267948966     15.5511971674704856      -0.0000035637721712      -0.0000016334707039
-1.5707963267948966     15.6766100478533126      -0.0000036253690871      -0.0000016353568125
    
-1.3089969389957472     0.0000000000000000      -0.0000005744253742      -0.0000014723680103
-1.3089969389957472     0.1254128803828261      -0.0000005850365615      -0.0000014724301639
-1.3089969389957472     0.2508257607656522      -0.0000005957013062      -0.0000014724936564
-1.3089969389957472     0.3762386411484783      -0.0000006064208611      -0.0000014725585112
-1.3089969389957472     0.5016515215313043      -0.0000006171965011      -0.0000014726247517
-1.3089969389957472     0.6270644019141304      -0.0000006280295233      -0.0000014726924025
-1.3089969389957472     0.7524772822969564      -0.0000006389212480      -0.0000014727614885
-1.3089969389957472     0.8778901626797825      -0.0000006498730195      -0.0000014728320357
-1.3089969389957472     1.0033030430626086      -0.0000006608862063      -0.0000014729040710
-1.3089969389957472     1.1287159234454347      -0.0000006719622025      -0.0000014729776222
-1.3089969389957472     1.2541288038282608      -0.0000006831024278      -0.0000014730527179
-1.3089969389957472     1.3795416842110868      -0.0000006943083290      -0.0000014731293878
-1.3089969389957472     1.5049545645939129      -0.0000007055813804      -0.0000014732076625
-1.3089969389957472     1.6303674449767389      -0.0000007169230844      -0.0000014732875737
-1.3089969389957472     1.7557803253595650      -0.0000007283349730      -0.0000014733691539
-1.3089969389957472     1.8811932057423910      -0.0000007398186084      -0.0000014734524366
-1.3089969389957472     2.0066060861252173      -0.0000007513755839      -0.0000014735374564
-1.3089969389957472     2.1320189665080433      -0.0000007630075247      -0.0000014736242484
-1.3089969389957472     2.2574318468908694      -0.0000007747160901      -0.0000014737128488
-1.3089969389957472     2.3828447272736955      -0.0000007865029734      -0.0000014738032952
-1.3089969389957472     2.5082576076565215      -0.0000007983699035      -0.0000014738956260
-1.3089969389957472     2.6336704880393476      -0.0000008103186464      -0.0000014739898810
-1.3089969389957472     2.7590833684221736      -0.0000008223510057      -0.0000014740861016
-1.3089969389957472     2.8844962488049997      -0.0000008344688240      -0.0000014741843305
-1.3089969389957472     3.0099091291878257      -0.0000008466739843      -0.0000014742846121
-1.3089969389957472     3.1353220095706518      -0.0000008589684111      -0.0000014743869922
-1.3089969389957472     3.2607348899534778      -0.0000008713540719      -0.0000014744915183
-1.3089969389957472     3.3861477703363039      -0.0000008838329783      -0.0000014745982399
-1.3089969389957472     3.5115606507191299      -0.0000008964071876      -0.0000014747072076
-1.3089969389957472     3.6369735311019560      -0.0000009090788046      -0.0000014748184736
-1.3089969389957472     3.7623864114847820      -0.0000009218499835      -0.0000014749320919
-1.3089969389957472     3.8877992918676081      -0.0000009347229292      -0.0000014750481181
-1.3089969389957472     4.0132121722504346      -0.0000009476998999      -0.0000014751666099
-1.3089969389957472     4.1386250526332606      -0.0000009607832083      -0.0000014752876266
-1.3089969389957472     4.2640379330160867      -0.0000009739752244      -0.0000014754112303
-1.3089969389957472     4.3894508133989127      -0.0000009872783776      -0.0000014755374849
-1.3089969389957472     4.5148636937817388      -0.0000010006951584      -0.0000014756664581
-1.3089969389957472     4.6402765741645648      -0.0000010142281211      -0.0000014757982197
-1.3089969389957472     4.7656894545473909      -0.0000010278798869      -0.0000014759328430
-1.3089969389957472     4.8911023349302170      -0.0000010416531461      -0.0000014760704051
-1.3089969389957472     5.0165152153130430      -0.0000010555506616      -0.0000014762109869
-1.3089969389957472     5.1419280956958691      -0.0000010695752720      -0.0000014763546729
-1.3089969389957472     5.2673409760786951      -0.0000010837298967      -0.0000014765015524
-1.3089969389957472     5.3927538564615212      -0.0000010980175395      -0.0000014766517200
-1.3089969389957472     5.5181667368443472      -0.0000011124412950      -0.0000014768052763
-1.3089969389957472     5.6435796172271733      -0.0000011270043551      -0.0000014769623287
-1.3089969389957472     5.7689924976099993      -0.0000011417100166      -0.0000014771229951
-1.3089969389957472     5.8944053779928254      -0.0000011565616914      -0.0000014772874043
-1.3089969389957472     6.0198182583756514      -0.0000011715629201      -0.0000014774557018
-1.3089969389957472     6.1452311387584775      -0.0000011867173884      -0.0000014776280558
-1.3089969389957472     6.2706440191413035      -0.0000012020289509      -0.0000014778046668
-1.3089969389957472     6.3960568995241296      -0.0000012175016665      -0.0000014779857854
-1.3089969389957472     6.5214697799069556      -0.0000012331398490      -0.0000014781717415
-1.3089969389957472     6.6468826602897817      -0.0000012489481535      -0.0000014783630040
-1.3089969389957472     6.7722955406726077      -0.0000012649317176      -0.0000014785603098
-1.3089969389957472     6.8977084210554338      -0.0000012810964088      -0.0000014787649875
-1.3089969389957472     7.0231213014382599      -0.0000012974491862      -0.0000014789799430
-1.3089969389957472     7.1485341818210859      -0.0000013139973349      -0.0000014792130988
-1.3089969389957472     7.2739470622039120      -0.0000013307351284      -0.0000014794792753
-1.3089969389957472     7.3993599425867380      -0.0000013476419743      -0.0000014797749601
-1.3089969389957472     7.5247728229695641      -0.0000013647213819      -0.0000014800178352
-1.3089969389957472     7.6501857033523901      -0.0000013821340920      -0.0000014802798888
-1.3089969389957472     7.7755985837352162      -0.0000013998305809      -0.0000014807125859
-1.3089969389957472     7.9010114641180422      -0.0000014176117606      -0.0000014814887561
-1.3089969389957472     8.0264243445008692      -0.0000014351928986      -0.0000014822777338
-1.3089969389957472     8.1518372248836961      -0.0000014522829252      -0.0000014829116177
-1.3089969389957472     8.2772501052665231      -0.0000014700694140      -0.0000014823033952
-1.3089969389957472     8.4026629856493500      -0.0000014887710721      -0.0000014820851385
-1.3089969389957472     8.5280758660321769      -0.0000015078463129      -0.0000014821653153
-1.3089969389957472     8.6534887464150039      -0.0000015270142645      -0.0000014825651602
-1.3089969389957472     8.7789016267978308      -0.0000015461090565      -0.0000014827562908
-1.3089969389957472     8.9043145071806578      -0.0000015657340855      -0.0000014828446240
-1.3089969389957472     9.0297273875634847      -0.0000015856469127      -0.0000014830387085
-1.3089969389957472     9.1551402679463116      -0.0000016058342038      -0.0000014832742627
-1.3089969389957472     9.2805531483291386      -0.0000016262988634      -0.0000014835473028
-1.3089969389957472     9.4059660287119655      -0.0000016470370244      -0.0000014838468322
-1.3089969389957472     9.5313789090947925      -0.0000016680590798      -0.0000014841626221
-1.3089969389957472     9.6567917894776194      -0.0000016893764333      -0.0000014844910913
-1.3089969389957472     9.7822046698604463      -0.0000017109996682      -0.0000014848308715
-1.3089969389957472     9.9076175502432733      -0.0000017329388812      -0.0000014851814642
-1.3089969389957472     10.0330304306261002      -0.0000017552040025      -0.0000014855427460
-1.3089969389957472     10.1584433110089272      -0.0000017778049929      -0.0000014859147958
-1.3089969389957472     10.2838561913917541      -0.0000018007519578      -0.0000014862978071
-1.3089969389957472     10.4092690717745811      -0.0000018240552324      -0.0000014866920478
-1.3089969389957472     10.5346819521574080      -0.0000018477254323      -0.0000014870978438
-1.3089969389957472     10.6600948325402349      -0.0000018717734978      -0.0000014875155607
-1.3089969389957472     10.7855077129230619      -0.0000018962107305      -0.0000014879456021
-1.3089969389957472     10.9109205933058888      -0.0000019210488237      -0.0000014883884022
-1.3089969389957472     11.0363334736887158      -0.0000019462998930      -0.0000014888444264
-1.3089969389957472     11.1617463540715427      -0.0000019719765040      -0.0000014893141697
-1.3089969389957472     11.2871592344543696      -0.0000019980916991      -0.0000014897981569
-1.3089969389957472     11.4125721148371966      -0.0000020246590276      -0.0000014902969422
-1.3089969389957472     11.5379849952200235      -0.0000020516925737      -0.0000014908111119
-1.3089969389957472     11.6633978756028505      -0.0000020792069860      -0.0000014913412844
-1.3089969389957472     11.7888107559856774      -0.0000021072175099      -0.0000014918881116
-1.3089969389957472     11.9142236363685043      -0.0000021357400204      -0.0000014924522824
-1.3089969389957472     12.0396365167513313      -0.0000021647910554      -0.0000014930345234
-1.3089969389957472     12.1650493971341582      -0.0000021943878533      -0.0000014936356015
-1.3089969389957472     12.2904622775169852      -0.0000022245483909      -0.0000014942563267
-1.3089969389957472     12.4158751578998121      -0.0000022552914248      -0.0000014948975540
-1.3089969389957472     12.5412880382826391      -0.0000022866365354      -0.0000014955601861
-1.3089969389957472     12.6667009186654660      -0.0000023186041730      -0.0000014962451774
-1.3089969389957472     12.7921137990482929      -0.0000023512157084      -0.0000014969535360
-1.3089969389957472     12.9175266794311199      -0.0000023844934856      -0.0000014976863287
-1.3089969389957472     13.0429395598139468      -0.0000024184608785      -0.0000014984446841
-1.3089969389957472     13.1683524401967738      -0.0000024531423524      -0.0000014992297976
-1.3089969389957472     13.2937653205796007      -0.0000024885635280      -0.0000015000429360
-1.3089969389957472     13.4191782009624276      -0.0000025247512518      -0.0000015008854430
-1.3089969389957472     13.5445910813452546      -0.0000025617336700      -0.0000015017587444
-1.3089969389957472     13.6700039617280815      -0.0000025995403094      -0.0000015026643545
-1.3089969389957472     13.7954168421109085      -0.0000026382021630      -0.0000015036038831
-1.3089969389957472     13.9208297224937354      -0.0000026777517826      -0.0000015045790420
-1.3089969389957472     14.0462426028765623      -0.0000027182233785      -0.0000015055916530
-1.3089969389957472     14.1716554832593893      -0.0000027596529274      -0.0000015066436568
-1.3089969389957472     14.2970683636422162      -0.0000028020782880      -0.0000015077371216
-1.3089969389957472     14.4224812440250432      -0.0000028455393269      -0.0000015088742539
-1.3089969389957472     14.5478941244078701      -0.0000028900780537      -0.0000015100574100
-1.3089969389957472     14.6733070047906971      -0.0000029357387672      -0.0000015112891080
-1.3089969389957472     14.7987198851735240      -0.0000029825682150      -0.0000015125720410
-1.3089969389957472     14.9241327655563509      -0.0000030306157647      -0.0000015139090934
-1.3089969389957472     15.0495456459391779      -0.0000030799335907      -0.0000015153033559
-1.3089969389957472     15.1749585263220048      -0.0000031305768780      -0.0000015167581442
-1.3089969389957472     15.3003714067048318      -0.0000031826040420      -0.0000015182770188
-1.3089969389957472     15.4257842870876587      -0.0000032360769704      -0.0000015198638068
-1.3089969389957472     15.5511971674704856      -0.0000032910612855      -0.0000015215226272
-1.3089969389957472     15.6766100478533126      -0.0000033476266302      -0.0000015232579175
    
-1.0471975511965979     0.0000000000000000      -0.0000004541450704      -0.0000011751311834
-1.0471975511965979     0.1254128803828261      -0.0000004625935438      -0.0000011751825907
-1.0471975511965979     0.2508257607656522      -0.0000004710842966      -0.0000011752350699
-1.0471975511965979     0.3762386411484783      -0.0000004796183210      -0.0000011752886395
-1.0471975511965979     0.5016515215313043      -0.0000004881966262      -0.0000011753433184
-1.0471975511965979     0.6270644019141304      -0.0000004968202393      -0.0000011753991261
-1.0471975511965979     0.7524772822969564      -0.0000005054902053      -0.0000011754560826
-1.0471975511965979     0.8778901626797825      -0.0000005142075884      -0.0000011755142088
-1.0471975511965979     1.0033030430626086      -0.0000005229734717      -0.0000011755735258
-1.0471975511965979     1.1287159234454347      -0.0000005317889584      -0.0000011756340561
-1.0471975511965979     1.2541288038282608      -0.0000005406551722      -0.0000011756958224
-1.0471975511965979     1.3795416842110868      -0.0000005495732578      -0.0000011757588484
-1.0471975511965979     1.5049545645939129      -0.0000005585443818      -0.0000011758231586
-1.0471975511965979     1.6303674449767389      -0.0000005675697328      -0.0000011758887783
-1.0471975511965979     1.7557803253595650      -0.0000005766505227      -0.0000011759557333
-1.0471975511965979     1.8811932057423910      -0.0000005857879874      -0.0000011760240504
-1.0471975511965979     2.0066060861252173      -0.0000005949833871      -0.0000011760937574
-1.0471975511965979     2.1320189665080433      -0.0000006042380074      -0.0000011761648823
-1.0471975511965979     2.2574318468908694      -0.0000006135531604      -0.0000011762374540
-1.0471975511965979     2.3828447272736955      -0.0000006229301851      -0.0000011763115026
-1.0471975511965979     2.5082576076565215      -0.0000006323704489      -0.0000011763870586
-1.0471975511965979     2.6336704880393476      -0.0000006418753479      -0.0000011764641539
-1.0471975511965979     2.7590833684221736      -0.0000006514463084      -0.0000011765428216
-1.0471975511965979     2.8844962488049997      -0.0000006610847871      -0.0000011766230955
-1.0471975511965979     3.0099091291878257      -0.0000006707922729      -0.0000011767050111
-1.0471975511965979     3.1353220095706518      -0.0000006805702872      -0.0000011767886050
-1.0471975511965979     3.2607348899534778      -0.0000006904203857      -0.0000011768739150
-1.0471975511965979     3.3861477703363039      -0.0000007003441587      -0.0000011769609806
-1.0471975511965979     3.5115606507191299      -0.0000007103432328      -0.0000011770498421
-1.0471975511965979     3.6369735311019560      -0.0000007204192721      -0.0000011771405416
-1.0471975511965979     3.7623864114847820      -0.0000007305739800      -0.0000011772331222
-1.0471975511965979     3.8877992918676081      -0.0000007408090995      -0.0000011773276287
-1.0471975511965979     4.0132121722504346      -0.0000007511264162      -0.0000011774241073
-1.0471975511965979     4.1386250526332606      -0.0000007615277587      -0.0000011775226059
-1.0471975511965979     4.2640379330160867      -0.0000007720150011      -0.0000011776231741
-1.0471975511965979     4.3894508133989127      -0.0000007825900645      -0.0000011777258635
-1.0471975511965979     4.5148636937817388      -0.0000007932549191      -0.0000011778307284
-1.0471975511965979     4.6402765741645648      -0.0000008040115855      -0.0000011779378249
-1.0471975511965979     4.7656894545473909      -0.0000008148621382      -0.0000011780472121
-1.0471975511965979     4.8911023349302170      -0.0000008258087071      -0.0000011781589522
-1.0471975511965979     5.0165152153130430      -0.0000008368534802      -0.0000011782731106
-1.0471975511965979     5.1419280956958691      -0.0000008479987069      -0.0000011783897561
-1.0471975511965979     5.2673409760786951      -0.0000008592467022      -0.0000011785089615
-1.0471975511965979     5.3927538564615212      -0.0000008705998498      -0.0000011786308050
-1.0471975511965979     5.5181667368443472      -0.0000008820606071      -0.0000011787553699
-1.0471975511965979     5.6435796172271733      -0.0000008936315126      -0.0000011788827458
-1.0471975511965979     5.7689924976099993      -0.0000009053151918      -0.0000011790130327
-1.0471975511965979     5.8944053779928254      -0.0000009171143661      -0.0000011791463407
-1.0471975511965979     6.0198182583756514      -0.0000009290318672      -0.0000011792827955
-1.0471975511965979     6.1452311387584775      -0.0000009410706517      -0.0000011794225448
-1.0471975511965979     6.2706440191413035      -0.0000009532338241      -0.0000011795657673
-1.0471975511965979     6.3960568995241296      -0.0000009655246717      -0.0000011797126901
-1.0471975511965979     6.5214697799069556      -0.0000009779467148      -0.0000011798636179
-1.0471975511965979     6.6468826602897817      -0.0000009905037888      -0.0000011800189913
-1.0471975511965979     6.7722955406726077      -0.0000010032001846      -0.0000011801795131
-1.0471975511965979     6.8977084210554338      -0.0000010160408900      -0.0000011803464673
-1.0471975511965979     7.0231213014382599      -0.0000010290319259      -0.0000011805227019
-1.0471975511965979     7.1485341818210859      -0.0000010421793540      -0.0000011807160300
-1.0471975511965979     7.2739470622039120      -0.0000010554750963      -0.0000011809384677
-1.0471975511965979     7.3993599425867380      -0.0000010689141619      -0.0000011811847874
-1.0471975511965979     7.5247728229695641      -0.0000010824748215      -0.0000011813997064
-1.0471975511965979     7.6501857033523901      -0.0000010963255139      -0.0000011816201811
-1.0471975511965979     7.7755985837352162      -0.0000011104207111      -0.0000011820240772
-1.0471975511965979     7.9010114641180422      -0.0000011245323168      -0.0000011827966254
-1.0471975511965979     8.0264243445008692      -0.0000011383122001      -0.0000011835382390
-1.0471975511965979     8.1518372248836961      -0.0000011516208256      -0.0000011839219237
-1.0471975511965979     8.2772501052665231      -0.0000011658408858      -0.0000011832855947
-1.0471975511965979     8.4026629856493500      -0.0000011807011728      -0.0000011831414633
-1.0471975511965979     8.5280758660321769      -0.0000011958425885      -0.0000011831933745
-1.0471975511965979     8.6534887464150039      -0.0000012110410173      -0.0000011835739687
-1.0471975511965979     8.7789016267978308      -0.0000012260674342      -0.0000011836902119
-1.0471975511965979     8.9043145071806578      -0.0000012416455100      -0.0000011836730274
-1.0471975511965979     9.0297273875634847      -0.0000012574669356      -0.0000011837955353
-1.0471975511965979     9.1551402679463116      -0.0000012735047550      -0.0000011839759046
-1.0471975511965979     9.2805531483291386      -0.0000012897439939      -0.0000011841953077
-1.0471975511965979     9.4059660287119655      -0.0000013061934194      -0.0000011844342443
-1.0471975511965979     9.5313789090947925      -0.0000013228644578      -0.0000011846860732
-1.0471975511965979     9.6567917894776194      -0.0000013397667550      -0.0000011849482438
-1.0471975511965979     9.7822046698604463      -0.0000013569089732      -0.0000011852196472
-1.0471975511965979     9.9076175502432733      -0.0000013742992783      -0.0000011854998261
-1.0471975511965979     10.0330304306261002      -0.0000013919456355      -0.0000011857886283
-1.0471975511965979     10.1584433110089272      -0.0000014098559883      -0.0000011860860748
-1.0471975511965979     10.2838561913917541      -0.0000014280383603      -0.0000011863922885
-1.0471975511965979     10.4092690717745811      -0.0000014465009304      -0.0000011867074594
-1.0471975511965979     10.5346819521574080      -0.0000014652520802      -0.0000011870318272
-1.0471975511965979     10.6600948325402349      -0.0000014843004319      -0.0000011873656680
-1.0471975511965979     10.7855077129230619      -0.0000015036548808      -0.0000011877092892
-1.0471975511965979     10.9109205933058888      -0.0000015233246208      -0.0000011880630252
-1.0471975511965979     11.0363334736887158      -0.0000015433191698      -0.0000011884272358
-1.0471975511965979     11.1617463540715427      -0.0000015636483919      -0.0000011888023055
-1.0471975511965979     11.2871592344543696      -0.0000015843225199      -0.0000011891886427
-1.0471975511965979     11.4125721148371966      -0.0000016053521792      -0.0000011895866797
-1.0471975511965979     11.5379849952200235      -0.0000016267484093      -0.0000011899968742
-1.0471975511965979     11.6633978756028505      -0.0000016485226876      -0.0000011904197097
-1.0471975511965979     11.7888107559856774      -0.0000016706869550      -0.0000011908556957
-1.0471975511965979     11.9142236363685043      -0.0000016932536410      -0.0000011913053710
-1.0471975511965979     12.0396365167513313      -0.0000017162356903      -0.0000011917693041
-1.0471975511965979     12.1650493971341582      -0.0000017396465914      -0.0000011922480945
-1.0471975511965979     12.2904622775169852      -0.0000017635004072      -0.0000011927423757
-1.0471975511965979     12.4158751578998121      -0.0000017878118059      -0.0000011932528158
-1.0471975511965979     12.5412880382826391      -0.0000018125960960      -0.0000011937801205
-1.0471975511965979     12.6667009186654660      -0.0000018378692621      -0.0000011943250353
-1.0471975511965979     12.7921137990482929      -0.0000018636480033      -0.0000011948883480
-1.0471975511965979     12.9175266794311199      -0.0000018899497746      -0.0000011954708916
-1.0471975511965979     13.0429395598139468      -0.0000019167928307      -0.0000011960735473
-1.0471975511965979     13.1683524401967738      -0.0000019441962733      -0.0000011966972481
-1.0471975511965979     13.2937653205796007      -0.0000019721801006      -0.0000011973429825
-1.0471975511965979     13.4191782009624276      -0.0000020007652614      -0.0000011980117986
-1.0471975511965979     13.5445910813452546      -0.0000020299737130      -0.0000011987048080
-1.0471975511965979     13.6700039617280815      -0.0000020598284826      -0.0000011994231911
-1.0471975511965979     13.7954168421109085      -0.0000020903537335      -0.0000012001682021
-1.0471975511965979     13.9208297224937354      -0.0000021215748370      -0.0000012009411739
-1.0471975511965979     14.0462426028765623      -0.0000021535184487      -0.0000012017435247
-1.0471975511965979     14.1716554832593893      -0.0000021862125916      -0.0000012025767645
-1.0471975511965979     14.2970683636422162      -0.0000022196867453      -0.0000012034425020
-1.0471975511965979     14.4224812440250432      -0.0000022539719425      -0.0000012043424523
-1.0471975511965979     14.5478941244078701      -0.0000022891008731      -0.0000012052784465
-1.0471975511965979     14.6733070047906971      -0.0000023251079962      -0.0000012062524401
-1.0471975511965979     14.7987198851735240      -0.0000023620296631      -0.0000012072665238
-1.0471975511965979     14.9241327655563509      -0.0000023999042483      -0.0000012083229353
-1.0471975511965979     15.0495456459391779      -0.0000024387722931      -0.0000012094240715
-1.0471975511965979     15.1749585263220048      -0.0000024786766615      -0.0000012105725021
-1.0471975511965979     15.3003714067048318      -0.0000025196627089      -0.0000012117709853
-1.0471975511965979     15.4257842870876587      -0.0000025617784671      -0.0000012130224838
-1.0471975511965979     15.5511971674704856      -0.0000026050748451      -0.0000012143301847
-1.0471975511965979     15.6766100478533126      -0.0000026496058482      -0.0000012156975194
    
-0.7853981633974483     0.0000000000000000      -0.0000002946171911      -0.0000007686454049
-0.7853981633974483     0.1254128803828261      -0.0000003001317502      -0.0000007686797735
-0.7853981633974483     0.2508257607656522      -0.0000003056737023      -0.0000007687148437
-0.7853981633974483     0.3762386411484783      -0.0000003112436920      -0.0000007687506275
-0.7853981633974483     0.5016515215313043      -0.0000003168423753      -0.0000007687871375
-0.7853981633974483     0.6270644019141304      -0.0000003224704195      -0.0000007688243864
-0.7853981633974483     0.7524772822969564      -0.0000003281285036      -0.0000007688623874
-0.7853981633974483     0.8778901626797825      -0.0000003338173189      -0.0000007689011540
-0.7853981633974483     1.0033030430626086      -0.0000003395375690      -0.0000007689407002
-0.7853981633974483     1.1287159234454347      -0.0000003452899706      -0.0000007689810406
-0.7853981633974483     1.2541288038282608      -0.0000003510752537      -0.0000007690221901
-0.7853981633974483     1.3795416842110868      -0.0000003568941616      -0.0000007690641642
-0.7853981633974483     1.5049545645939129      -0.0000003627474521      -0.0000007691069787
-0.7853981633974483     1.6303674449767389      -0.0000003686358975      -0.0000007691506502
-0.7853981633974483     1.7557803253595650      -0.0000003745602849      -0.0000007691951954
-0.7853981633974483     1.8811932057423910      -0.0000003805214170      -0.0000007692406321
-0.7853981633974483     2.0066060861252173      -0.0000003865201126      -0.0000007692869781
-0.7853981633974483     2.1320189665080433      -0.0000003925572065      -0.0000007693342522
-0.7853981633974483     2.2574318468908694      -0.0000003986335512      -0.0000007693824731
-0.7853981633974483     2.3828447272736955      -0.0000004047500163      -0.0000007694316609
-0.7853981633974483     2.5082576076565215      -0.0000004109074898      -0.0000007694818354
-0.7853981633974483     2.6336704880393476      -0.0000004171068786      -0.0000007695330178
-0.7853981633974483     2.7590833684221736      -0.0000004233491090      -0.0000007695852297
-0.7853981633974483     2.8844962488049997      -0.0000004296351273      -0.0000007696384934
-0.7853981633974483     3.0099091291878257      -0.0000004359659005      -0.0000007696928320
-0.7853981633974483     3.1353220095706518      -0.0000004423424171      -0.0000007697482696
-0.7853981633974483     3.2607348899534778      -0.0000004487656879      -0.0000007698048307
-0.7853981633974483     3.3861477703363039      -0.0000004552367466      -0.0000007698625412
-0.7853981633974483     3.5115606507191299      -0.0000004617566506      -0.0000007699214278
-0.7853981633974483     3.6369735311019560      -0.0000004683264820      -0.0000007699815182
-0.7853981633974483     3.7623864114847820      -0.0000004749473482      -0.0000007700428410
-0.7853981633974483     3.8877992918676081      -0.0000004816203834      -0.0000007701054260
-0.7853981633974483     4.0132121722504346      -0.0000004883467490      -0.0000007701693040
-0.7853981633974483     4.1386250526332606      -0.0000004951276352      -0.0000007702345072
-0.7853981633974483     4.2640379330160867      -0.0000005019642622      -0.0000007703010688
-0.7853981633974483     4.3894508133989127      -0.0000005088578811      -0.0000007703690235
-0.7853981633974483     4.5148636937817388      -0.0000005158097760      -0.0000007704384077
-0.7853981633974483     4.6402765741645648      -0.0000005228212646      -0.0000007705092594
-0.7853981633974483     4.7656894545473909      -0.0000005298937009      -0.0000007705816182
-0.7853981633974483     4.8911023349302170      -0.0000005370284765      -0.0000007706555265
-0.7853981633974483     5.0165152153130430      -0.0000005442270229      -0.0000007707310289
-0.7853981633974483     5.1419280956958691      -0.0000005514908140      -0.0000007708081728
-0.7853981633974483     5.2673409760786951      -0.0000005588213691      -0.0000007708870091
-0.7853981633974483     5.3927538564615212      -0.0000005662202559      -0.0000007709675934
-0.7853981633974483     5.5181667368443472      -0.0000005736890947      -0.0000007710499857
-0.7853981633974483     5.6435796172271733      -0.0000005812295640      -0.0000007711342518
-0.7853981633974483     5.7689924976099993      -0.0000005888434071      -0.0000007712204668
-0.7853981633974483     5.8944053779928254      -0.0000005965324385      -0.0000007713087155
-0.7853981633974483     6.0198182583756514      -0.0000006042985577      -0.0000007713990970
-0.7853981633974483     6.1452311387584775      -0.0000006121437631      -0.0000007714917306
-0.7853981633974483     6.2706440191413035      -0.0000006200701732      -0.0000007715867652
-0.7853981633974483     6.3960568995241296      -0.0000006280800601      -0.0000007716843945
-0.7853981633974483     6.5214697799069556      -0.0000006361758975      -0.0000007717848867
-0.7853981633974483     6.6468826602897817      -0.0000006443604383      -0.0000007718886380
-0.7853981633974483     6.7722955406726077      -0.0000006526368482      -0.0000007719962904
-0.7853981633974483     6.8977084210554338      -0.0000006610089368      -0.0000007721090257
-0.7853981633974483     7.0231213014382599      -0.0000006694814812      -0.0000007722294610
-0.7853981633974483     7.1485341818210859      -0.0000006780594019      -0.0000007723647187
-0.7853981633974483     7.2739470622039120      -0.0000006867352969      -0.0000007725260521
-0.7853981633974483     7.3993599425867380      -0.0000006955032337      -0.0000007727099061
-0.7853981633974483     7.5247728229695641      -0.0000007043452909      -0.0000007728654257
-0.7853981633974483     7.6501857033523901      -0.0000007134147147      -0.0000007730317546
-0.7853981633974483     7.7755985837352162      -0.0000007226716862      -0.0000007733797795
-0.7853981633974483     7.9010114641180422      -0.0000007318920731      -0.0000007741181303
-0.7853981633974483     8.0264243445008692      -0.0000007405946674      -0.0000007748081661
-0.7853981633974483     8.1518372248836961      -0.0000007489536529      -0.0000007749957591
-0.7853981633974483     8.2772501052665231      -0.0000007581358365      -0.0000007743550660
-0.7853981633974483     8.4026629856493500      -0.0000007678185068      -0.0000007742025958
-0.7853981633974483     8.5280758660321769      -0.0000007776719544      -0.0000007741415557
-0.7853981633974483     8.6534887464150039      -0.0000007875975338      -0.0000007743815692
-0.7853981633974483     8.7789016267978308      -0.0000007973325083      -0.0000007744204617
-0.7853981633974483     8.9043145071806578      -0.0000008074952520      -0.0000007743565215
-0.7853981633974483     9.0297273875634847      -0.0000008178070998      -0.0000007744290684
-0.7853981633974483     9.1551402679463116      -0.0000008282375575      -0.0000007745251434
-0.7853981633974483     9.2805531483291386      -0.0000008388172099      -0.0000007746476656
-0.7853981633974483     9.4059660287119655      -0.0000008495313573      -0.0000007747949009
-0.7853981633974483     9.5313789090947925      -0.0000008603845032      -0.0000007749549438
-0.7853981633974483     9.6567917894776194      -0.0000008713841090      -0.0000007751235483
-0.7853981633974483     9.7822046698604463      -0.0000008825366909      -0.0000007752990926
-0.7853981633974483     9.9076175502432733      -0.0000008938481020      -0.0000007754808896
-0.7853981633974483     10.0330304306261002      -0.0000009053238601      -0.0000007756686396
-0.7853981633974483     10.1584433110089272      -0.0000009169693461      -0.0000007758622415
-0.7853981633974483     10.2838561913917541      -0.0000009287899169      -0.0000007760617037
-0.7853981633974483     10.4092690717745811      -0.0000009407909773      -0.0000007762671021
-0.7853981633974483     10.5346819521574080      -0.0000009529780294      -0.0000007764785588
-0.7853981633974483     10.6600948325402349      -0.0000009653567052      -0.0000007766962288
-0.7853981633974483     10.7855077129230619      -0.0000009779327945      -0.0000007769202933
-0.7853981633974483     10.9109205933058888      -0.0000009907122663      -0.0000007771509550
-0.7853981633974483     11.0363334736887158      -0.0000010037012867      -0.0000007773884362
-0.7853981633974483     11.1617463540715427      -0.0000010169062366      -0.0000007776329772
-0.7853981633974483     11.2871592344543696      -0.0000010303337274      -0.0000007778848349
-0.7853981633974483     11.4125721148371966      -0.0000010439906168      -0.0000007781442831
-0.7853981633974483     11.5379849952200235      -0.0000010578840242      -0.0000007784116130
-0.7853981633974483     11.6633978756028505      -0.0000010720213461      -0.0000007786871326
-0.7853981633974483     11.7888107559856774      -0.0000010864102732      -0.0000007789711675
-0.7853981633974483     11.9142236363685043      -0.0000011010588063      -0.0000007792640624
-0.7853981633974483     12.0396365167513313      -0.0000011159752744      -0.0000007795661806
-0.7853981633974483     12.1650493971341582      -0.0000011311683527      -0.0000007798779059
-0.7853981633974483     12.2904622775169852      -0.0000011466470826      -0.0000007801996439
-0.7853981633974483     12.4158751578998121      -0.0000011624208915      -0.0000007805318221
-0.7853981633974483     12.5412880382826391      -0.0000011784996156      -0.0000007808748925
-0.7853981633974483     12.6667009186654660      -0.0000011948935218      -0.0000007812293324
-0.7853981633974483     12.7921137990482929      -0.0000012116133333      -0.0000007815956463
-0.7853981633974483     12.9175266794311199      -0.0000012286702554      -0.0000007819743679
-0.7853981633974483     13.0429395598139468      -0.0000012460760030      -0.0000007823660612
-0.7853981633974483     13.1683524401967738      -0.0000012638428319      -0.0000007827713238
-0.7853981633974483     13.2937653205796007      -0.0000012819835691      -0.0000007831907887
-0.7853981633974483     13.4191782009624276      -0.0000013005116474      -0.0000007836251263
-0.7853981633974483     13.5445910813452546      -0.0000013194411429      -0.0000007840750482
-0.7853981633974483     13.6700039617280815      -0.0000013387868130      -0.0000007845413094
-0.7853981633974483     13.7954168421109085      -0.0000013585641393      -0.0000007850247115
-0.7853981633974483     13.9208297224937354      -0.0000013787893724      -0.0000007855261067
-0.7853981633974483     14.0462426028765623      -0.0000013994795810      -0.0000007860464010
-0.7853981633974483     14.1716554832593893      -0.0000014206527044      -0.0000007865865588
-0.7853981633974483     14.2970683636422162      -0.0000014423276085      -0.0000007871476073
-0.7853981633974483     14.4224812440250432      -0.0000014645241472      -0.0000007877306411
-0.7853981633974483     14.5478941244078701      -0.0000014872632283      -0.0000007883368286
-0.7853981633974483     14.6733070047906971      -0.0000015105668843      -0.0000007889674170
-0.7853981633974483     14.7987198851735240      -0.0000015344583498      -0.0000007896237389
-0.7853981633974483     14.9241327655563509      -0.0000015589621450      -0.0000007903072203
-0.7853981633974483     15.0495456459391779      -0.0000015841041654      -0.0000007910193878
-0.7853981633974483     15.1749585263220048      -0.0000016099117812      -0.0000007917618774
-0.7853981633974483     15.3003714067048318      -0.0000016364139427      -0.0000007925364443
-0.7853981633974483     15.4257842870876587      -0.0000016636412979      -0.0000007933449730
-0.7853981633974483     15.5511971674704856      -0.0000016916263181      -0.0000007941894893
-0.7853981633974483     15.6766100478533126      -0.0000017204034364      -0.0000007950721736
    
-0.5235987755982987     0.0000000000000000      -0.0000001378496805      -0.0000003619027250
-0.5235987755982987     0.1254128803828261      -0.0000001404421539      -0.0000003619187109
-0.5235987755982987     0.2508257607656522      -0.0000001430474341      -0.0000003619350250
-0.5235987755982987     0.3762386411484783      -0.0000001456658238      -0.0000003619516730
-0.5235987755982987     0.5016515215313043      -0.0000001482976306      -0.0000003619686609
-0.5235987755982987     0.6270644019141304      -0.0000001509431678      -0.0000003619859946
-0.5235987755982987     0.7524772822969564      -0.0000001536027539      -0.0000003620036806
-0.5235987755982987     0.8778901626797825      -0.0000001562767131      -0.0000003620217253
-0.5235987755982987     1.0033030430626086      -0.0000001589653755      -0.0000003620401352
-0.5235987755982987     1.1287159234454347      -0.0000001616690774      -0.0000003620589172
-0.5235987755982987     1.2541288038282608      -0.0000001643881612      -0.0000003620780782
-0.5235987755982987     1.3795416842110868      -0.0000001671229759      -0.0000003620976256
-0.5235987755982987     1.5049545645939129      -0.0000001698738769      -0.0000003621175665
-0.5235987755982987     1.6303674449767389      -0.0000001726412270      -0.0000003621379086
-0.5235987755982987     1.7557803253595650      -0.0000001754253957      -0.0000003621586597
-0.5235987755982987     1.8811932057423910      -0.0000001782267604      -0.0000003621798282
-0.5235987755982987     2.0066060861252173      -0.0000001810457056      -0.0000003622014224
-0.5235987755982987     2.1320189665080433      -0.0000001838826238      -0.0000003622234513
-0.5235987755982987     2.2574318468908694      -0.0000001867379155      -0.0000003622459241
-0.5235987755982987     2.3828447272736955      -0.0000001896119897      -0.0000003622688502
-0.5235987755982987     2.5082576076565215      -0.0000001925052636      -0.0000003622922394
-0.5235987755982987     2.6336704880393476      -0.0000001954181638      -0.0000003623161018
-0.5235987755982987     2.7590833684221736      -0.0000001983511258      -0.0000003623404479
-0.5235987755982987     2.8844962488049997      -0.0000002013045948      -0.0000003623652883
-0.5235987755982987     3.0099091291878257      -0.0000002042790260      -0.0000003623906340
-0.5235987755982987     3.1353220095706518      -0.0000002072748848      -0.0000003624164964
-0.5235987755982987     3.2607348899534778      -0.0000002102926476      -0.0000003624428869
-0.5235987755982987     3.3861477703363039      -0.0000002133328023      -0.0000003624698180
-0.5235987755982987     3.5115606507191299      -0.0000002163958481      -0.0000003624973023
-0.5235987755982987     3.6369735311019560      -0.0000002194822964      -0.0000003625253534
-0.5235987755982987     3.7623864114847820      -0.0000002225926711      -0.0000003625539854
-0.5235987755982987     3.8877992918676081      -0.0000002257275092      -0.0000003625832132
-0.5235987755982987     4.0132121722504346      -0.0000002288873610      -0.0000003626130523
-0.5235987755982987     4.1386250526332606      -0.0000002320727915      -0.0000003626435191
-0.5235987755982987     4.2640379330160867      -0.0000002352843803      -0.0000003626746306
-0.5235987755982987     4.3894508133989127      -0.0000002385227229      -0.0000003627064047
-0.5235987755982987     4.5148636937817388      -0.0000002417884313      -0.0000003627388603
-0.5235987755982987     4.6402765741645648      -0.0000002450821355      -0.0000003627720171
-0.5235987755982987     4.7656894545473909      -0.0000002484044842      -0.0000003628058960
-0.5235987755982987     4.8911023349302170      -0.0000002517561469      -0.0000003628405192
-0.5235987755982987     5.0165152153130430      -0.0000002551378147      -0.0000003628759109
-0.5235987755982987     5.1419280956958691      -0.0000002585502030      -0.0000003629120975
-0.5235987755982987     5.2673409760786951      -0.0000002619940528      -0.0000003629491080
-0.5235987755982987     5.3927538564615212      -0.0000002654701342      -0.0000003629869753
-0.5235987755982987     5.5181667368443472      -0.0000002689792488      -0.0000003630257364
-0.5235987755982987     5.6435796172271733      -0.0000002725222349      -0.0000003630654336
-0.5235987755982987     5.7689924976099993      -0.0000002760999728      -0.0000003631061167
-0.5235987755982987     5.8944053779928254      -0.0000002797133914      -0.0000003631478454
-0.5235987755982987     6.0198182583756514      -0.0000002833634791      -0.0000003631906923
-0.5235987755982987     6.1452311387584775      -0.0000002870512976      -0.0000003632347483
-0.5235987755982987     6.2706440191413035      -0.0000002907780014      -0.0000003632801319
-0.5235987755982987     6.3960568995241296      -0.0000002945448693      -0.0000003633270028
-0.5235987755982987     6.5214697799069556      -0.0000002983533498      -0.0000003633755907
-0.5235987755982987     6.6468826602897817      -0.0000003022051331      -0.0000003634262431
-0.5235987755982987     6.7722955406726077      -0.0000003061022756      -0.0000003634795307
-0.5235987755982987     6.8977084210554338      -0.0000003100474182      -0.0000003635365030
-0.5235987755982987     7.0231213014382599      -0.0000003140441091      -0.0000003635994415
-0.5235987755982987     7.1485341818210859      -0.0000003180964390      -0.0000003636744059
-0.5235987755982987     7.2739470622039120      -0.0000003222000962      -0.0000003637735961
-0.5235987755982987     7.3993599425867380      -0.0000003263353731      -0.0000003638975338
-0.5235987755982987     7.5247728229695641      -0.0000003305110354      -0.0000003639815667
-0.5235987755982987     7.6501857033523901      -0.0000003348485881      -0.0000003640964262
-0.5235987755982987     7.7755985837352162      -0.0000003393146305      -0.0000003643805764
-0.5235987755982987     7.9010114641180422      -0.0000003437122211      -0.0000003650716563
-0.5235987755982987     8.0264243445008692      -0.0000003473941969      -0.0000003657136130
-0.5235987755982987     8.1518372248836961      -0.0000003509390698      -0.0000003657792358
-0.5235987755982987     8.2772501052665231      -0.0000003549911657      -0.0000003651624305
-0.5235987755982987     8.4026629856493500      -0.0000003595324014      -0.0000003649422226
-0.5235987755982987     8.5280758660321769      -0.0000003641439241      -0.0000003647222767
-0.5235987755982987     8.6534887464150039      -0.0000003688841470      -0.0000003647520928
-0.5235987755982987     8.7789016267978308      -0.0000003734853117      -0.0000003647282981
-0.5235987755982987     8.9043145071806578      -0.0000003782985182      -0.0000003646760696
-0.5235987755982987     9.0297273875634847      -0.0000003831460164      -0.0000003647276598
-0.5235987755982987     9.1551402679463116      -0.0000003880031320      -0.0000003647341445
-0.5235987755982987     9.2805531483291386      -0.0000003929881733      -0.0000003647456548
-0.5235987755982987     9.4059660287119655      -0.0000003980384399      -0.0000003647958997
-0.5235987755982987     9.5313789090947925      -0.0000004031464938      -0.0000003648615881
-0.5235987755982987     9.6567917894776194      -0.0000004083177406      -0.0000003649349089
-0.5235987755982987     9.7822046698604463      -0.0000004135568357      -0.0000003650132056
-0.5235987755982987     9.9076175502432733      -0.0000004188675123      -0.0000003650953880
-0.5235987755982987     10.0330304306261002      -0.0000004242529798      -0.0000003651809444
-0.5235987755982987     10.1584433110089272      -0.0000004297161708      -0.0000003652696251
-0.5235987755982987     10.2838561913917541      -0.0000004352598777      -0.0000003653613128
-0.5235987755982987     10.4092690717745811      -0.0000004408868316      -0.0000003654559651
-0.5235987755982987     10.5346819521574080      -0.0000004465997546      -0.0000003655535858
-0.5235987755982987     10.6600948325402349      -0.0000004524013908      -0.0000003656542101
-0.5235987755982987     10.7855077129230619      -0.0000004582945301      -0.0000003657578951
-0.5235987755982987     10.9109205933058888      -0.0000004642820255      -0.0000003658647157
-0.5235987755982987     11.0363334736887158      -0.0000004703668063      -0.0000003659747595
-0.5235987755982987     11.1617463540715427      -0.0000004765518895      -0.0000003660881267
-0.5235987755982987     11.2871592344543696      -0.0000004828403902      -0.0000003662049276
-0.5235987755982987     11.4125721148371966      -0.0000004892355302      -0.0000003663252820
-0.5235987755982987     11.5379849952200235      -0.0000004957406468      -0.0000003664493195
-0.5235987755982987     11.6633978756028505      -0.0000005023592008      -0.0000003665771783
-0.5235987755982987     11.7888107559856774      -0.0000005090947857      -0.0000003667090058
-0.5235987755982987     11.9142236363685043      -0.0000005159511345      -0.0000003668449586
-0.5235987755982987     12.0396365167513313      -0.0000005229321299      -0.0000003669852022
-0.5235987755982987     12.1650493971341582      -0.0000005300418127      -0.0000003671299116
-0.5235987755982987     12.2904622775169852      -0.0000005372843913      -0.0000003672792722
-0.5235987755982987     12.4158751578998121      -0.0000005446642513      -0.0000003674334796
-0.5235987755982987     12.5412880382826391      -0.0000005521859665      -0.0000003675927407
-0.5235987755982987     12.6667009186654660      -0.0000005598543082      -0.0000003677572749
-0.5235987755982987     12.7921137990482929      -0.0000005676742584      -0.0000003679273137
-0.5235987755982987     12.9175266794311199      -0.0000005756510207      -0.0000003681031028
-0.5235987755982987     13.0429395598139468      -0.0000005837900333      -0.0000003682849018
-0.5235987755982987     13.1683524401967738      -0.0000005920969839      -0.0000003684729856
-0.5235987755982987     13.2937653205796007      -0.0000006005778233      -0.0000003686676460
-0.5235987755982987     13.4191782009624276      -0.0000006092387814      -0.0000003688691916
-0.5235987755982987     13.5445910813452546      -0.0000006180863848      -0.0000003690779502
-0.5235987755982987     13.6700039617280815      -0.0000006271274739      -0.0000003692942695
-0.5235987755982987     13.7954168421109085      -0.0000006363692231      -0.0000003695185183
-0.5235987755982987     13.9208297224937354      -0.0000006458191615      -0.0000003697510889
-0.5235987755982987     14.0462426028765623      -0.0000006554851952      -0.0000003699923979
-0.5235987755982987     14.1716554832593893      -0.0000006653756318      -0.0000003702428889
-0.5235987755982987     14.2970683636422162      -0.0000006754992060      -0.0000003705030349
-0.5235987755982987     14.4224812440250432      -0.0000006858651074      -0.0000003707733392
-0.5235987755982987     14.5478941244078701      -0.0000006964830114      -0.0000003710543394
-0.5235987755982987     14.6733070047906971      -0.0000007073631112      -0.0000003713466089
-0.5235987755982987     14.7987198851735240      -0.0000007185161537      -0.0000003716507605
-0.5235987755982987     14.9241327655563509      -0.0000007299534774      -0.0000003719674498
-0.5235987755982987     15.0495456459391779      -0.0000007416870542      -0.0000003722973783
-0.5235987755982987     15.1749585263220048      -0.0000007537295341      -0.0000003726412978
-0.5235987755982987     15.3003714067048318      -0.0000007660942945      -0.0000003730000145
-0.5235987755982987     15.4257842870876587      -0.0000007787954931      -0.0000003733743940
-0.5235987755982987     15.5511971674704856      -0.0000007918481262      -0.0000003737653664
-0.5235987755982987     15.6766100478533126      -0.0000008052680915      -0.0000003741739320
    
-0.2617993877991496     0.0000000000000000      -0.0000000243290619      -0.0000000640319851
-0.2617993877991496     0.1254128803828261      -0.0000000247877476      -0.0000000640339140
-0.2617993877991496     0.2508257607656522      -0.0000000252486975      -0.0000000640358963
-0.2617993877991496     0.3762386411484783      -0.0000000257119661      -0.0000000640379333
-0.2617993877991496     0.5016515215313043      -0.0000000261776087      -0.0000000640400259
-0.2617993877991496     0.6270644019141304      -0.0000000266456817      -0.0000000640421754
-0.2617993877991496     0.7524772822969564      -0.0000000271162421      -0.0000000640443831
-0.2617993877991496     0.8778901626797825      -0.0000000275893483      -0.0000000640466501
-0.2617993877991496     1.0033030430626086      -0.0000000280650596      -0.0000000640489778
-0.2617993877991496     1.1287159234454347      -0.0000000285434363      -0.0000000640513671
-0.2617993877991496     1.2541288038282608      -0.0000000290245401      -0.0000000640538194
-0.2617993877991496     1.3795416842110868      -0.0000000295084342      -0.0000000640563357
-0.2617993877991496     1.5049545645939129      -0.0000000299951826      -0.0000000640589171
-0.2617993877991496     1.6303674449767389      -0.0000000304848514      -0.0000000640615646
-0.2617993877991496     1.7557803253595650      -0.0000000309775078      -0.0000000640642795
-0.2617993877991496     1.8811932057423910      -0.0000000314732207      -0.0000000640670632
-0.2617993877991496     2.0066060861252173      -0.0000000319720606      -0.0000000640699171
-0.2617993877991496     2.1320189665080433      -0.0000000324740997      -0.0000000640728433
-0.2617993877991496     2.2574318468908694      -0.0000000329794113      -0.0000000640758435
-0.2617993877991496     2.3828447272736955      -0.0000000334880707      -0.0000000640789198
-0.2617993877991496     2.5082576076565215      -0.0000000340001548      -0.0000000640820744
-0.2617993877991496     2.6336704880393476      -0.0000000345157422      -0.0000000640853096
-0.2617993877991496     2.7590833684221736      -0.0000000350349136      -0.0000000640886274
-0.2617993877991496     2.8844962488049997      -0.0000000355577514      -0.0000000640920302
-0.2617993877991496     3.0099091291878257      -0.0000000360843406      -0.0000000640955200
-0.2617993877991496     3.1353220095706518      -0.0000000366147683      -0.0000000640990990
-0.2617993877991496     3.2607348899534778      -0.0000000371491243      -0.0000000641027691
-0.2617993877991496     3.3861477703363039      -0.0000000376875016      -0.0000000641065327
-0.2617993877991496     3.5115606507191299      -0.0000000382299960      -0.0000000641103923
-0.2617993877991496     3.6369735311019560      -0.0000000387767063      -0.0000000641143514
-0.2617993877991496     3.7623864114847820      -0.0000000393277343      -0.0000000641184131
-0.2617993877991496     3.8877992918676081      -0.0000000398831857      -0.0000000641225815
-0.2617993877991496     4.0132121722504346      -0.0000000404431691      -0.0000000641268610
-0.2617993877991496     4.1386250526332606      -0.0000000410077975      -0.0000000641312564
-0.2617993877991496     4.2640379330160867      -0.0000000415771881      -0.0000000641357731
-0.2617993877991496     4.3894508133989127      -0.0000000421514621      -0.0000000641404167
-0.2617993877991496     4.5148636937817388      -0.0000000427307467      -0.0000000641451931
-0.2617993877991496     4.6402765741645648      -0.0000000433151748      -0.0000000641501091
-0.2617993877991496     4.7656894545473909      -0.0000000439048859      -0.0000000641551716
-0.2617993877991496     4.8911023349302170      -0.0000000445000276      -0.0000000641603885
-0.2617993877991496     5.0165152153130430      -0.0000000451007570      -0.0000000641657689
-0.2617993877991496     5.1419280956958691      -0.0000000457072413      -0.0000000641713240
-0.2617993877991496     5.2673409760786951      -0.0000000463196600      -0.0000000641770667
-0.2617993877991496     5.3927538564615212      -0.0000000469382072      -0.0000000641830135
-0.2617993877991496     5.5181667368443472      -0.0000000475630938      -0.0000000641891846
-0.2617993877991496     5.6435796172271733      -0.0000000481945515      -0.0000000641956050
-0.2617993877991496     5.7689924976099993      -0.0000000488328379      -0.0000000642023062
-0.2617993877991496     5.8944053779928254      -0.0000000494782431      -0.0000000642093293
-0.2617993877991496     6.0198182583756514      -0.0000000501310978      -0.0000000642167275
-0.2617993877991496     6.1452311387584775      -0.0000000507917877      -0.0000000642245712
-0.2617993877991496     6.2706440191413035      -0.0000000514607714      -0.0000000642329559
-0.2617993877991496     6.3960568995241296      -0.0000000521386105      -0.0000000642420165
-0.2617993877991496     6.5214697799069556      -0.0000000528260123      -0.0000000642519535
-0.2617993877991496     6.6468826602897817      -0.0000000535238976      -0.0000000642630761
-0.2617993877991496     6.7722955406726077      -0.0000000542335178      -0.0000000642758980
-0.2617993877991496     6.8977084210554338      -0.0000000549566608      -0.0000000642913568
-0.2617993877991496     7.0231213014382599      -0.0000000556959806      -0.0000000643114370
-0.2617993877991496     7.1485341818210859      -0.0000000564551020      -0.0000000643412397
-0.2617993877991496     7.2739470622039120      -0.0000000572330999      -0.0000000643944115
-0.2617993877991496     7.3993599425867380      -0.0000000579944175      -0.0000000644755587
-0.2617993877991496     7.5247728229695641      -0.0000000587778212      -0.0000000645018635
-0.2617993877991496     7.6501857033523901      -0.0000000596737446      -0.0000000645805143
-0.2617993877991496     7.7755985837352162      -0.0000000606539357      -0.0000000648146655
-0.2617993877991496     7.9010114641180422      -0.0000000615513462      -0.0000000654661518
-0.2617993877991496     8.0264243445008692      -0.0000000615811412      -0.0000000660735359
-0.2617993877991496     8.1518372248836961      -0.0000000616652948      -0.0000000660808625
-0.2617993877991496     8.2772501052665231      -0.0000000619213085      -0.0000000654962457
-0.2617993877991496     8.4026629856493500      -0.0000000627140592      -0.0000000652006529
-0.2617993877991496     8.5280758660321769      -0.0000000635081181      -0.0000000648430177
-0.2617993877991496     8.6534887464150039      -0.0000000644919818      -0.0000000646868209
-0.2617993877991496     8.7789016267978308      -0.0000000654067270      -0.0000000646237877
-0.2617993877991496     8.9043145071806578      -0.0000000663335161      -0.0000000646069349
-0.2617993877991496     9.0297273875634847      -0.0000000672010222      -0.0000000646565464
-0.2617993877991496     9.1551402679463116      -0.0000000679931910      -0.0000000645950307
-0.2617993877991496     9.2805531483291386      -0.0000000689119115      -0.0000000645188066
-0.2617993877991496     9.4059660287119655      -0.0000000698480784      -0.0000000644956414
-0.2617993877991496     9.5313789090947925      -0.0000000707832080      -0.0000000644910981
-0.2617993877991496     9.6567917894776194      -0.0000000717212598      -0.0000000644938980
-0.2617993877991496     9.7822046698604463      -0.0000000726656572      -0.0000000645003869
-0.2617993877991496     9.9076175502432733      -0.0000000736186698      -0.0000000645091004
-0.2617993877991496     10.0330304306261002      -0.0000000745818801      -0.0000000645193416
-0.2617993877991496     10.1584433110089272      -0.0000000755564797      -0.0000000645307402
-0.2617993877991496     10.2838561913917541      -0.0000000765434305      -0.0000000645430814
-0.2617993877991496     10.4092690717745811      -0.0000000775435511      -0.0000000645562343
-0.2617993877991496     10.5346819521574080      -0.0000000785575739      -0.0000000645701157
-0.2617993877991496     10.6600948325402349      -0.0000000795861744      -0.0000000645846739
-0.2617993877991496     10.7855077129230619      -0.0000000806299943      -0.0000000645998761
-0.2617993877991496     10.9109205933058888      -0.0000000816896549      -0.0000000646157048
-0.2617993877991496     11.0363334736887158      -0.0000000827657670      -0.0000000646321510
-0.2617993877991496     11.1617463540715427      -0.0000000838589390      -0.0000000646492140
-0.2617993877991496     11.2871592344543696      -0.0000000849697832      -0.0000000646668985
-0.2617993877991496     11.4125721148371966      -0.0000000860989189      -0.0000000646852142
-0.2617993877991496     11.5379849952200235      -0.0000000872469767      -0.0000000647041742
-0.2617993877991496     11.6633978756028505      -0.0000000884146019      -0.0000000647237952
-0.2617993877991496     11.7888107559856774      -0.0000000896024571      -0.0000000647440967
-0.2617993877991496     11.9142236363685043      -0.0000000908112239      -0.0000000647651006
-0.2617993877991496     12.0396365167513313      -0.0000000920416060      -0.0000000647868303
-0.2617993877991496     12.1650493971341582      -0.0000000932943323      -0.0000000648093113
-0.2617993877991496     12.2904622775169852      -0.0000000945701580      -0.0000000648325715
-0.2617993877991496     12.4158751578998121      -0.0000000958698674      -0.0000000648566402
-0.2617993877991496     12.5412880382826391      -0.0000000971942765      -0.0000000648815496
-0.2617993877991496     12.6667009186654660      -0.0000000985442335      -0.0000000649073341
-0.2617993877991496     12.7921137990482929      -0.0000000999206231      -0.0000000649340304
-0.2617993877991496     12.9175266794311199      -0.0000001013243672      -0.0000000649616786
-0.2617993877991496     13.0429395598139468      -0.0000001027564272      -0.0000000649903205
-0.2617993877991496     13.1683524401967738      -0.0000001042178083      -0.0000000650200014
-0.2617993877991496     13.2937653205796007      -0.0000001057095598      -0.0000000650507695
-0.2617993877991496     13.4191782009624276      -0.0000001072327798      -0.0000000650826755
-0.2617993877991496     13.5445910813452546      -0.0000001087886177      -0.0000000651157736
-0.2617993877991496     13.6700039617280815      -0.0000001103782770      -0.0000000651501217
-0.2617993877991496     13.7954168421109085      -0.0000001120030196      -0.0000000651857803
-0.2617993877991496     13.9208297224937354      -0.0000001136641695      -0.0000000652228148
-0.2617993877991496     14.0462426028765623      -0.0000001153631163      -0.0000000652612937
-0.2617993877991496     14.1716554832593893      -0.0000001171013205      -0.0000000653012907
-0.2617993877991496     14.2970683636422162      -0.0000001188803173      -0.0000000653428850
-0.2617993877991496     14.4224812440250432      -0.0000001207017210      -0.0000000653861605
-0.2617993877991496     14.5478941244078701      -0.0000001225672319      -0.0000000654312072
-0.2617993877991496     14.6733070047906971      -0.0000001244786407      -0.0000000654781212
-0.2617993877991496     14.7987198851735240      -0.0000001264378357      -0.0000000655270054
-0.2617993877991496     14.9241327655563509      -0.0000001284468089      -0.0000000655779699
-0.2617993877991496     15.0495456459391779      -0.0000001305076641      -0.0000000656311328
-0.2617993877991496     15.1749585263220048      -0.0000001326226243      -0.0000000656866207
-0.2617993877991496     15.3003714067048318      -0.0000001347940408      -0.0000000657445698
-0.2617993877991496     15.4257842870876587      -0.0000001370244025      -0.0000000658051263
-0.2617993877991496     15.5511971674704856      -0.0000001393163461      -0.0000000658684475
-0.2617993877991496     15.6766100478533126      -0.0000001416726676      -0.0000000659347024
    
0.0000000000000000     0.0000000000000000      0.0000000170009341      0.0000000450165976
0.0000000000000000     0.1254128803828261      0.0000000173223177      0.0000000450199206
0.0000000000000000     0.2508257607656522      0.0000000176452718      0.0000000450232909
0.0000000000000000     0.3762386411484783      0.0000000179698324      0.0000000450267092
0.0000000000000000     0.5016515215313043      0.0000000182960360      0.0000000450301760
0.0000000000000000     0.6270644019141304      0.0000000186239200      0.0000000450336920
0.0000000000000000     0.7524772822969564      0.0000000189535224      0.0000000450372576
0.0000000000000000     0.8778901626797825      0.0000000192848819      0.0000000450408737
0.0000000000000000     1.0033030430626086      0.0000000196180378      0.0000000450445409
0.0000000000000000     1.1287159234454347      0.0000000199530301      0.0000000450482602
0.0000000000000000     1.2541288038282608      0.0000000202898994      0.0000000450520326
0.0000000000000000     1.3795416842110868      0.0000000206286868      0.0000000450558592
0.0000000000000000     1.5049545645939129      0.0000000209694343      0.0000000450597411
0.0000000000000000     1.6303674449767389      0.0000000213121838      0.0000000450636799
0.0000000000000000     1.7557803253595650      0.0000000216569782      0.0000000450676765
0.0000000000000000     1.8811932057423910      0.0000000220038608      0.0000000450717322
0.0000000000000000     2.0066060861252173      0.0000000223528755      0.0000000450758480
0.0000000000000000     2.1320189665080433      0.0000000227040669      0.0000000450800245
0.0000000000000000     2.2574318468908694      0.0000000230574807      0.0000000450842625
0.0000000000000000     2.3828447272736955      0.0000000234131628      0.0000000450885629
0.0000000000000000     2.5082576076565215      0.0000000237711605      0.0000000450929260
0.0000000000000000     2.6336704880393476      0.0000000241315215      0.0000000450973525
0.0000000000000000     2.7590833684221736      0.0000000244942947      0.0000000451018433
0.0000000000000000     2.8844962488049997      0.0000000248595294      0.0000000451063992
0.0000000000000000     3.0099091291878257      0.0000000252272755      0.0000000451110215
0.0000000000000000     3.1353220095706518      0.0000000255975833      0.0000000451157113
0.0000000000000000     3.2607348899534778      0.0000000259705040      0.0000000451204701
0.0000000000000000     3.3861477703363039      0.0000000263460880      0.0000000451252994
0.0000000000000000     3.5115606507191299      0.0000000267243864      0.0000000451302001
0.0000000000000000     3.6369735311019560      0.0000000271054504      0.0000000451351727
0.0000000000000000     3.7623864114847820      0.0000000274893319      0.0000000451402179
0.0000000000000000     3.8877992918676081      0.0000000278760821      0.0000000451453356
0.0000000000000000     4.0132121722504346      0.0000000282657528      0.0000000451505255
0.0000000000000000     4.1386250526332606      0.0000000286583955      0.0000000451557870
0.0000000000000000     4.2640379330160867      0.0000000290540614      0.0000000451611192
0.0000000000000000     4.3894508133989127      0.0000000294528014      0.0000000451665205
0.0000000000000000     4.5148636937817388      0.0000000298546648      0.0000000451719901
0.0000000000000000     4.6402765741645648      0.0000000302596995      0.0000000451775258
0.0000000000000000     4.7656894545473909      0.0000000306679511      0.0000000451831257
0.0000000000000000     4.8911023349302170      0.0000000310794616      0.0000000451887874
0.0000000000000000     5.0165152153130430      0.0000000314942682      0.0000000451945070
0.0000000000000000     5.1419280956958691      0.0000000319124029      0.0000000452002791
0.0000000000000000     5.2673409760786951      0.0000000323338905      0.0000000452060964
0.0000000000000000     5.3927538564615212      0.0000000327587461      0.0000000452119487
0.0000000000000000     5.5181667368443472      0.0000000331869736      0.0000000452178218
0.0000000000000000     5.6435796172271733      0.0000000336185617      0.0000000452236971
0.0000000000000000     5.7689924976099993      0.0000000340534791      0.0000000452295496
0.0000000000000000     5.8944053779928254      0.0000000344916680      0.0000000452353452
0.0000000000000000     6.0198182583756514      0.0000000349330367      0.0000000452410377
0.0000000000000000     6.1452311387584775      0.0000000353774451      0.0000000452465644
0.0000000000000000     6.2706440191413035      0.0000000358246877      0.0000000452518379
0.0000000000000000     6.3960568995241296      0.0000000362744636      0.0000000452567326
0.0000000000000000     6.5214697799069556      0.0000000367263351      0.0000000452610593
0.0000000000000000     6.6468826602897817      0.0000000371796617      0.0000000452645225
0.0000000000000000     6.7722955406726077      0.0000000376334852      0.0000000452666309
0.0000000000000000     6.8977084210554338      0.0000000380863296      0.0000000452664904
0.0000000000000000     7.0231213014382599      0.0000000385358675      0.0000000452622348
0.0000000000000000     7.1485341818210859      0.0000000389786192      0.0000000452491472
0.0000000000000000     7.2739470622039120      0.0000000394140664      0.0000000452129183
0.0000000000000000     7.3993599425867380      0.0000000398845950      0.0000000451472485
0.0000000000000000     7.5247728229695641      0.0000000403385759      0.0000000451430331
0.0000000000000000     7.6501857033523901      0.0000000406983796      0.0000000450773511
0.0000000000000000     7.7755985837352162      0.0000000409902820      0.0000000448620485
0.0000000000000000     7.9010114641180422      0.0000000413686462      0.0000000442258697
0.0000000000000000     8.0264243445008692      0.0000000426717037      0.0000000436311087
0.0000000000000000     8.1518372248836961      0.0000000438427283      0.0000000436397872
0.0000000000000000     8.2772501052665231      0.0000000449833472      0.0000000442098312
0.0000000000000000     8.4026629856493500      0.0000000455599875      0.0000000445375426
0.0000000000000000     8.5280758660321769      0.0000000461597369      0.0000000449494456
0.0000000000000000     8.6534887464150039      0.0000000465437130      0.0000000451795319
0.0000000000000000     8.7789016267978308      0.0000000469654062      0.0000000452557358
0.0000000000000000     8.9043145071806578      0.0000000474558321      0.0000000452548152
0.0000000000000000     9.0297273875634847      0.0000000480415146      0.0000000452035169
0.0000000000000000     9.1551402679463116      0.0000000487345624      0.0000000452903564
0.0000000000000000     9.2805531483291386      0.0000000492990055      0.0000000453998570
0.0000000000000000     9.4059660287119655      0.0000000498629641      0.0000000454503244
0.0000000000000000     9.5313789090947925      0.0000000504493799      0.0000000454807815
0.0000000000000000     9.6567917894776194      0.0000000510548124      0.0000000455039309
0.0000000000000000     9.7822046698604463      0.0000000516762654      0.0000000455238350
0.0000000000000000     9.9076175502432733      0.0000000523119896      0.0000000455421097
0.0000000000000000     10.0330304306261002      0.0000000529609862      0.0000000455595249
0.0000000000000000     10.1584433110089272      0.0000000536226919      0.0000000455764975
0.0000000000000000     10.2838561913917541      0.0000000542968064      0.0000000455932786
0.0000000000000000     10.4092690717745811      0.0000000549832033      0.0000000456100320
0.0000000000000000     10.5346819521574080      0.0000000556818703      0.0000000456268727
0.0000000000000000     10.6600948325402349      0.0000000563928806      0.0000000456438843
0.0000000000000000     10.7855077129230619      0.0000000571163707      0.0000000456611322
0.0000000000000000     10.9109205933058888      0.0000000578525272      0.0000000456786675
0.0000000000000000     11.0363334736887158      0.0000000586015787      0.0000000456965341
0.0000000000000000     11.1617463540715427      0.0000000593637887      0.0000000457147697
0.0000000000000000     11.2871592344543696      0.0000000601394512      0.0000000457334075
0.0000000000000000     11.4125721148371966      0.0000000609288888      0.0000000457524780
0.0000000000000000     11.5379849952200235      0.0000000617324505      0.0000000457720100
0.0000000000000000     11.6633978756028505      0.0000000625505098      0.0000000457920312
0.0000000000000000     11.7888107559856774      0.0000000633834646      0.0000000458125683
0.0000000000000000     11.9142236363685043      0.0000000642317374      0.0000000458336481
0.0000000000000000     12.0396365167513313      0.0000000650957744      0.0000000458552988
0.0000000000000000     12.1650493971341582      0.0000000659760446      0.0000000458775489
0.0000000000000000     12.2904622775169852      0.0000000668730416      0.0000000459004277
0.0000000000000000     12.4158751578998121      0.0000000677872831      0.0000000459239658
0.0000000000000000     12.5412880382826391      0.0000000687193121      0.0000000459481947
0.0000000000000000     12.6667009186654660      0.0000000696696980      0.0000000459731465
0.0000000000000000     12.7921137990482929      0.0000000706390374      0.0000000459988551
0.0000000000000000     12.9175266794311199      0.0000000716279554      0.0000000460253547
0.0000000000000000     13.0429395598139468      0.0000000726371082      0.0000000460526822
0.0000000000000000     13.1683524401967738      0.0000000736671823      0.0000000460808754
0.0000000000000000     13.2937653205796007      0.0000000747188984      0.0000000461099740
0.0000000000000000     13.4191782009624276      0.0000000757930119      0.0000000461400205
0.0000000000000000     13.5445910813452546      0.0000000768903150      0.0000000461710595
0.0000000000000000     13.6700039617280815      0.0000000780116389      0.0000000462031377
0.0000000000000000     13.7954168421109085      0.0000000791578557      0.0000000462363058
0.0000000000000000     13.9208297224937354      0.0000000803298808      0.0000000462706166
0.0000000000000000     14.0462426028765623      0.0000000815286756      0.0000000463061269
0.0000000000000000     14.1716554832593893      0.0000000827552493      0.0000000463428966
0.0000000000000000     14.2970683636422162      0.0000000840106634      0.0000000463809883
0.0000000000000000     14.4224812440250432      0.0000000852960347      0.0000000464204693
0.0000000000000000     14.5478941244078701      0.0000000866125380      0.0000000464614109
0.0000000000000000     14.6733070047906971      0.0000000879614109      0.0000000465038890
0.0000000000000000     14.7987198851735240      0.0000000893439570      0.0000000465479841
0.0000000000000000     14.9241327655563509      0.0000000907615513      0.0000000465937824
0.0000000000000000     15.0495456459391779      0.0000000922156441      0.0000000466413759
0.0000000000000000     15.1749585263220048      0.0000000937077664      0.0000000466908627
0.0000000000000000     15.3003714067048318      0.0000000952395361      0.0000000467423475
0.0000000000000000     15.4257842870876587      0.0000000968126635      0.0000000467959427
0.0000000000000000     15.5511971674704856      0.0000000984289583      0.0000000468517686
0.0000000000000000     15.6766100478533126      0.0000001000903370      0.0000000469099545
    
0.2617993877991496     0.0000000000000000      -0.0000000243290619      -0.0000000640319851
0.2617993877991496     0.1254128803828261      -0.0000000247877476      -0.0000000640339140
0.2617993877991496     0.2508257607656522      -0.0000000252486975      -0.0000000640358963
0.2617993877991496     0.3762386411484783      -0.0000000257119661      -0.0000000640379333
0.2617993877991496     0.5016515215313043      -0.0000000261776087      -0.0000000640400259
0.2617993877991496     0.6270644019141304      -0.0000000266456817      -0.0000000640421754
0.2617993877991496     0.7524772822969564      -0.0000000271162421      -0.0000000640443831
0.2617993877991496     0.8778901626797825      -0.0000000275893483      -0.0000000640466501
0.2617993877991496     1.0033030430626086      -0.0000000280650596      -0.0000000640489778
0.2617993877991496     1.1287159234454347      -0.0000000285434363      -0.0000000640513671
0.2617993877991496     1.2541288038282608      -0.0000000290245401      -0.0000000640538194
0.2617993877991496     1.3795416842110868      -0.0000000295084342      -0.0000000640563357
0.2617993877991496     1.5049545645939129      -0.0000000299951826      -0.0000000640589171
0.2617993877991496     1.6303674449767389      -0.0000000304848514      -0.0000000640615646
0.2617993877991496     1.7557803253595650      -0.0000000309775078      -0.0000000640642795
0.2617993877991496     1.8811932057423910      -0.0000000314732207      -0.0000000640670632
0.2617993877991496     2.0066060861252173      -0.0000000319720606      -0.0000000640699171
0.2617993877991496     2.1320189665080433      -0.0000000324740997      -0.0000000640728433
0.2617993877991496     2.2574318468908694      -0.0000000329794113      -0.0000000640758435
0.2617993877991496     2.3828447272736955      -0.0000000334880707      -0.0000000640789198
0.2617993877991496     2.5082576076565215      -0.0000000340001548      -0.0000000640820744
0.2617993877991496     2.6336704880393476      -0.0000000345157422      -0.0000000640853096
0.2617993877991496     2.7590833684221736      -0.0000000350349136      -0.0000000640886274
0.2617993877991496     2.8844962488049997      -0.0000000355577514      -0.0000000640920302
0.2617993877991496     3.0099091291878257      -0.0000000360843406      -0.0000000640955200
0.2617993877991496     3.1353220095706518      -0.0000000366147683      -0.0000000640990990
0.2617993877991496     3.2607348899534778      -0.0000000371491243      -0.0000000641027691
0.2617993877991496     3.3861477703363039      -0.0000000376875016      -0.0000000641065327
0.2617993877991496     3.5115606507191299      -0.0000000382299960      -0.0000000641103923
0.2617993877991496     3.6369735311019560      -0.0000000387767063      -0.0000000641143514
0.2617993877991496     3.7623864114847820      -0.0000000393277343      -0.0000000641184131
0.2617993877991496     3.8877992918676081      -0.0000000398831857      -0.0000000641225815
0.2617993877991496     4.0132121722504346      -0.0000000404431691      -0.0000000641268610
0.2617993877991496     4.1386250526332606      -0.0000000410077975      -0.0000000641312564
0.2617993877991496     4.2640379330160867      -0.0000000415771881      -0.0000000641357731
0.2617993877991496     4.3894508133989127      -0.0000000421514621      -0.0000000641404167
0.2617993877991496     4.5148636937817388      -0.0000000427307467      -0.0000000641451931
0.2617993877991496     4.6402765741645648      -0.0000000433151748      -0.0000000641501091
0.2617993877991496     4.7656894545473909      -0.0000000439048859      -0.0000000641551716
0.2617993877991496     4.8911023349302170      -0.0000000445000276      -0.0000000641603885
0.2617993877991496     5.0165152153130430      -0.0000000451007570      -0.0000000641657689
0.2617993877991496     5.1419280956958691      -0.0000000457072413      -0.0000000641713240
0.2617993877991496     5.2673409760786951      -0.0000000463196600      -0.0000000641770667
0.2617993877991496     5.3927538564615212      -0.0000000469382072      -0.0000000641830135
0.2617993877991496     5.5181667368443472      -0.0000000475630938      -0.0000000641891846
0.2617993877991496     5.6435796172271733      -0.0000000481945515      -0.0000000641956050
0.2617993877991496     5.7689924976099993      -0.0000000488328379      -0.0000000642023062
0.2617993877991496     5.8944053779928254      -0.0000000494782431      -0.0000000642093293
0.2617993877991496     6.0198182583756514      -0.0000000501310978      -0.0000000642167275
0.2617993877991496     6.1452311387584775      -0.0000000507917877      -0.0000000642245712
0.2617993877991496     6.2706440191413035      -0.0000000514607714      -0.0000000642329559
0.2617993877991496     6.3960568995241296      -0.0000000521386105      -0.0000000642420165
0.2617993877991496     6.5214697799069556      -0.0000000528260123      -0.0000000642519535
0.2617993877991496     6.6468826602897817      -0.0000000535238976      -0.0000000642630761
0.2617993877991496     6.7722955406726077      -0.0000000542335178      -0.0000000642758980
0.2617993877991496     6.8977084210554338      -0.0000000549566608      -0.0000000642913568
0.2617993877991496     7.0231213014382599      -0.0000000556959806      -0.0000000643114370
0.2617993877991496     7.1485341818210859      -0.0000000564551020      -0.0000000643412397
0.2617993877991496     7.2739470622039120      -0.0000000572330999      -0.0000000643944115
0.2617993877991496     7.3993599425867380      -0.0000000579944175      -0.0000000644755587
0.2617993877991496     7.5247728229695641      -0.0000000587778212      -0.0000000645018635
0.2617993877991496     7.6501857033523901      -0.0000000596737446      -0.0000000645805143
0.2617993877991496     7.7755985837352162      -0.0000000606539357      -0.0000000648146655
0.2617993877991496     7.9010114641180422      -0.0000000615513462      -0.0000000654661518
0.2617993877991496     8.0264243445008692      -0.0000000615811412      -0.0000000660735359
0.2617993877991496     8.1518372248836961      -0.0000000616652948      -0.0000000660808625
0.2617993877991496     8.2772501052665231      -0.0000000619213085      -0.0000000654962457
0.2617993877991496     8.4026629856493500      -0.0000000627140592      -0.0000000652006529
0.2617993877991496     8.5280758660321769      -0.0000000635081181      -0.0000000648430177
0.2617993877991496     8.6534887464150039      -0.0000000644919818      -0.0000000646868209
0.2617993877991496     8.7789016267978308      -0.0000000654067270      -0.0000000646237877
0.2617993877991496     8.9043145071806578      -0.0000000663335161      -0.0000000646069349
0.2617993877991496     9.0297273875634847      -0.0000000672010222      -0.0000000646565464
0.2617993877991496     9.1551402679463116      -0.0000000679931910      -0.0000000645950307
0.2617993877991496     9.2805531483291386      -0.0000000689119115      -0.0000000645188066
0.2617993877991496     9.4059660287119655      -0.0000000698480784      -0.0000000644956414
0.2617993877991496     9.5313789090947925      -0.0000000707832080      -0.0000000644910981
0.2617993877991496     9.6567917894776194      -0.0000000717212598      -0.0000000644938980
0.2617993877991496     9.7822046698604463      -0.0000000726656572      -0.0000000645003869
0.2617993877991496     9.9076175502432733      -0.0000000736186698      -0.0000000645091004
0.2617993877991496     10.0330304306261002      -0.0000000745818801      -0.0000000645193416
0.2617993877991496     10.1584433110089272      -0.0000000755564797      -0.0000000645307402
0.2617993877991496     10.2838561913917541      -0.0000000765434305      -0.0000000645430814
0.2617993877991496     10.4092690717745811      -0.0000000775435511      -0.0000000645562343
0.2617993877991496     10.5346819521574080      -0.0000000785575739      -0.0000000645701157
0.2617993877991496     10.6600948325402349      -0.0000000795861744      -0.0000000645846739
0.2617993877991496     10.7855077129230619      -0.0000000806299943      -0.0000000645998761
0.2617993877991496     10.9109205933058888      -0.0000000816896549      -0.0000000646157048
0.2617993877991496     11.0363334736887158      -0.0000000827657670      -0.0000000646321510
0.2617993877991496     11.1617463540715427      -0.0000000838589390      -0.0000000646492140
0.2617993877991496     11.2871592344543696      -0.0000000849697832      -0.0000000646668985
0.2617993877991496     11.4125721148371966      -0.0000000860989189      -0.0000000646852142
0.2617993877991496     11.5379849952200235      -0.0000000872469767      -0.0000000647041742
0.2617993877991496     11.6633978756028505      -0.0000000884146019      -0.0000000647237952
0.2617993877991496     11.7888107559856774      -0.0000000896024571      -0.0000000647440967
0.2617993877991496     11.9142236363685043      -0.0000000908112239      -0.0000000647651006
0.2617993877991496     12.0396365167513313      -0.0000000920416060      -0.0000000647868303
0.2617993877991496     12.1650493971341582      -0.0000000932943323      -0.0000000648093113
0.2617993877991496     12.2904622775169852      -0.0000000945701580      -0.0000000648325715
0.2617993877991496     12.4158751578998121      -0.0000000958698674      -0.0000000648566402
0.2617993877991496     12.5412880382826391      -0.0000000971942765      -0.0000000648815496
0.2617993877991496     12.6667009186654660      -0.0000000985442335      -0.0000000649073341
0.2617993877991496     12.7921137990482929      -0.0000000999206231      -0.0000000649340304
0.2617993877991496     12.9175266794311199      -0.0000001013243672      -0.0000000649616786
0.2617993877991496     13.0429395598139468      -0.0000001027564272      -0.0000000649903205
0.2617993877991496     13.1683524401967738      -0.0000001042178083      -0.0000000650200014
0.2617993877991496     13.2937653205796007      -0.0000001057095598      -0.0000000650507695
0.2617993877991496     13.4191782009624276      -0.0000001072327798      -0.0000000650826755
0.2617993877991496     13.5445910813452546      -0.0000001087886177      -0.0000000651157736
0.2617993877991496     13.6700039617280815      -0.0000001103782770      -0.0000000651501217
0.2617993877991496     13.7954168421109085      -0.0000001120030196      -0.0000000651857803
0.2617993877991496     13.9208297224937354      -0.0000001136641695      -0.0000000652228148
0.2617993877991496     14.0462426028765623      -0.0000001153631163      -0.0000000652612937
0.2617993877991496     14.1716554832593893      -0.0000001171013205      -0.0000000653012907
0.2617993877991496     14.2970683636422162      -0.0000001188803173      -0.0000000653428850
0.2617993877991496     14.4224812440250432      -0.0000001207017210      -0.0000000653861605
0.2617993877991496     14.5478941244078701      -0.0000001225672319      -0.0000000654312072
0.2617993877991496     14.6733070047906971      -0.0000001244786407      -0.0000000654781212
0.2617993877991496     14.7987198851735240      -0.0000001264378357      -0.0000000655270054
0.2617993877991496     14.9241327655563509      -0.0000001284468089      -0.0000000655779699
0.2617993877991496     15.0495456459391779      -0.0000001305076641      -0.0000000656311328
0.2617993877991496     15.1749585263220048      -0.0000001326226243      -0.0000000656866207
0.2617993877991496     15.3003714067048318      -0.0000001347940408      -0.0000000657445698
0.2617993877991496     15.4257842870876587      -0.0000001370244025      -0.0000000658051263
0.2617993877991496     15.5511971674704856      -0.0000001393163461      -0.0000000658684475
0.2617993877991496     15.6766100478533126      -0.0000001416726676      -0.0000000659347024
    
0.5235987755982987     0.0000000000000000      -0.0000001378496805      -0.0000003619027250
0.5235987755982987     0.1254128803828261      -0.0000001404421539      -0.0000003619187109
0.5235987755982987     0.2508257607656522      -0.0000001430474341      -0.0000003619350250
0.5235987755982987     0.3762386411484783      -0.0000001456658238      -0.0000003619516730
0.5235987755982987     0.5016515215313043      -0.0000001482976306      -0.0000003619686609
0.5235987755982987     0.6270644019141304      -0.0000001509431678      -0.0000003619859946
0.5235987755982987     0.7524772822969564      -0.0000001536027539      -0.0000003620036806
0.5235987755982987     0.8778901626797825      -0.0000001562767131      -0.0000003620217253
0.5235987755982987     1.0033030430626086      -0.0000001589653755      -0.0000003620401352
0.5235987755982987     1.1287159234454347      -0.0000001616690774      -0.0000003620589172
0.5235987755982987     1.2541288038282608      -0.0000001643881612      -0.0000003620780782
0.5235987755982987     1.3795416842110868      -0.0000001671229759      -0.0000003620976256
0.5235987755982987     1.5049545645939129      -0.0000001698738769      -0.0000003621175665
0.5235987755982987     1.6303674449767389      -0.0000001726412270      -0.0000003621379086
0.5235987755982987     1.7557803253595650      -0.0000001754253957      -0.0000003621586597
0.5235987755982987     1.8811932057423910      -0.0000001782267604      -0.0000003621798282
0.5235987755982987     2.0066060861252173      -0.0000001810457056      -0.0000003622014224
0.5235987755982987     2.1320189665080433      -0.0000001838826238      -0.0000003622234513
0.5235987755982987     2.2574318468908694      -0.0000001867379155      -0.0000003622459241
0.5235987755982987     2.3828447272736955      -0.0000001896119897      -0.0000003622688502
0.5235987755982987     2.5082576076565215      -0.0000001925052636      -0.0000003622922394
0.5235987755982987     2.6336704880393476      -0.0000001954181638      -0.0000003623161018
0.5235987755982987     2.7590833684221736      -0.0000001983511258      -0.0000003623404479
0.5235987755982987     2.8844962488049997      -0.0000002013045948      -0.0000003623652883
0.5235987755982987     3.0099091291878257      -0.0000002042790260      -0.0000003623906340
0.5235987755982987     3.1353220095706518      -0.0000002072748848      -0.0000003624164964
0.5235987755982987     3.2607348899534778      -0.0000002102926476      -0.0000003624428869
0.5235987755982987     3.3861477703363039      -0.0000002133328023      -0.0000003624698180
0.5235987755982987     3.5115606507191299      -0.0000002163958481      -0.0000003624973023
0.5235987755982987     3.6369735311019560      -0.0000002194822964      -0.0000003625253534
0.5235987755982987     3.7623864114847820      -0.0000002225926711      -0.0000003625539854
0.5235987755982987     3.8877992918676081      -0.0000002257275092      -0.0000003625832132
0.5235987755982987     4.0132121722504346      -0.0000002288873610      -0.0000003626130523
0.5235987755982987     4.1386250526332606      -0.0000002320727915      -0.0000003626435191
0.5235987755982987     4.2640379330160867      -0.0000002352843803      -0.0000003626746306
0.5235987755982987     4.3894508133989127      -0.0000002385227229      -0.0000003627064047
0.5235987755982987     4.5148636937817388      -0.0000002417884313      -0.0000003627388603
0.5235987755982987     4.6402765741645648      -0.0000002450821355      -0.0000003627720171
0.5235987755982987     4.7656894545473909      -0.0000002484044842      -0.0000003628058960
0.5235987755982987     4.8911023349302170      -0.0000002517561469      -0.0000003628405192
0.5235987755982987     5.0165152153130430      -0.0000002551378147      -0.0000003628759109
0.5235987755982987     5.1419280956958691      -0.0000002585502030      -0.0000003629120975
0.5235987755982987     5.2673409760786951      -0.0000002619940528      -0.0000003629491080
0.5235987755982987     5.3927538564615212      -0.0000002654701342      -0.0000003629869753
0.5235987755982987     5.5181667368443472      -0.0000002689792488      -0.0000003630257364
0.5235987755982987     5.6435796172271733      -0.0000002725222349      -0.0000003630654336
0.5235987755982987     5.7689924976099993      -0.0000002760999728      -0.0000003631061167
0.5235987755982987     5.8944053779928254      -0.0000002797133914      -0.0000003631478454
0.5235987755982987     6.0198182583756514      -0.0000002833634791      -0.0000003631906923
0.5235987755982987     6.1452311387584775      -0.0000002870512976      -0.0000003632347483
0.5235987755982987     6.2706440191413035      -0.0000002907780014      -0.0000003632801319
0.5235987755982987     6.3960568995241296      -0.0000002945448693      -0.0000003633270028
0.5235987755982987     6.5214697799069556      -0.0000002983533498      -0.0000003633755907
0.5235987755982987     6.6468826602897817      -0.0000003022051331      -0.0000003634262431
0.5235987755982987     6.7722955406726077      -0.0000003061022756      -0.0000003634795307
0.5235987755982987     6.8977084210554338      -0.0000003100474182      -0.0000003635365030
0.5235987755982987     7.0231213014382599      -0.0000003140441091      -0.0000003635994415
0.5235987755982987     7.1485341818210859      -0.0000003180964390      -0.0000003636744059
0.5235987755982987     7.2739470622039120      -0.0000003222000962      -0.0000003637735961
0.5235987755982987     7.3993599425867380      -0.0000003263353731      -0.0000003638975338
0.5235987755982987     7.5247728229695641      -0.0000003305110354      -0.0000003639815667
0.5235987755982987     7.6501857033523901      -0.0000003348485881      -0.0000003640964262
0.5235987755982987     7.7755985837352162      -0.0000003393146305      -0.0000003643805764
0.5235987755982987     7.9010114641180422      -0.0000003437122211      -0.0000003650716563
0.5235987755982987     8.0264243445008692      -0.0000003473941969      -0.0000003657136130
0.5235987755982987     8.1518372248836961      -0.0000003509390698      -0.0000003657792358
0.5235987755982987     8.2772501052665231      -0.0000003549911657      -0.0000003651624305
0.5235987755982987     8.4026629856493500      -0.0000003595324014      -0.0000003649422226
0.5235987755982987     8.5280758660321769      -0.0000003641439241      -0.0000003647222767
0.5235987755982987     8.6534887464150039      -0.0000003688841470      -0.0000003647520928
0.5235987755982987     8.7789016267978308      -0.0000003734853117      -0.0000003647282981
0.5235987755982987     8.9043145071806578      -0.0000003782985182      -0.0000003646760696
0.5235987755982987     9.0297273875634847      -0.0000003831460164      -0.0000003647276598
0.5235987755982987     9.1551402679463116      -0.0000003880031320      -0.0000003647341445
0.5235987755982987     9.2805531483291386      -0.0000003929881733      -0.0000003647456548
0.5235987755982987     9.4059660287119655      -0.0000003980384399      -0.0000003647958997
0.5235987755982987     9.5313789090947925      -0.0000004031464938      -0.0000003648615881
0.5235987755982987     9.6567917894776194      -0.0000004083177406      -0.0000003649349089
0.5235987755982987     9.7822046698604463      -0.0000004135568357      -0.0000003650132056
0.5235987755982987     9.9076175502432733      -0.0000004188675123      -0.0000003650953880
0.5235987755982987     10.0330304306261002      -0.0000004242529798      -0.0000003651809444
0.5235987755982987     10.1584433110089272      -0.0000004297161708      -0.0000003652696251
0.5235987755982987     10.2838561913917541      -0.0000004352598777      -0.0000003653613128
0.5235987755982987     10.4092690717745811      -0.0000004408868316      -0.0000003654559651
0.5235987755982987     10.5346819521574080      -0.0000004465997546      -0.0000003655535858
0.5235987755982987     10.6600948325402349      -0.0000004524013908      -0.0000003656542101
0.5235987755982987     10.7855077129230619      -0.0000004582945301      -0.0000003657578951
0.5235987755982987     10.9109205933058888      -0.0000004642820255      -0.0000003658647157
0.5235987755982987     11.0363334736887158      -0.0000004703668063      -0.0000003659747595
0.5235987755982987     11.1617463540715427      -0.0000004765518895      -0.0000003660881267
0.5235987755982987     11.2871592344543696      -0.0000004828403902      -0.0000003662049276
0.5235987755982987     11.4125721148371966      -0.0000004892355302      -0.0000003663252820
0.5235987755982987     11.5379849952200235      -0.0000004957406468      -0.0000003664493195
0.5235987755982987     11.6633978756028505      -0.0000005023592008      -0.0000003665771783
0.5235987755982987     11.7888107559856774      -0.0000005090947857      -0.0000003667090058
0.5235987755982987     11.9142236363685043      -0.0000005159511345      -0.0000003668449586
0.5235987755982987     12.0396365167513313      -0.0000005229321299      -0.0000003669852022
0.5235987755982987     12.1650493971341582      -0.0000005300418127      -0.0000003671299116
0.5235987755982987     12.2904622775169852      -0.0000005372843913      -0.0000003672792722
0.5235987755982987     12.4158751578998121      -0.0000005446642513      -0.0000003674334796
0.5235987755982987     12.5412880382826391      -0.0000005521859665      -0.0000003675927407
0.5235987755982987     12.6667009186654660      -0.0000005598543082      -0.0000003677572749
0.5235987755982987     12.7921137990482929      -0.0000005676742584      -0.0000003679273137
0.5235987755982987     12.9175266794311199      -0.0000005756510207      -0.0000003681031028
0.5235987755982987     13.0429395598139468      -0.0000005837900333      -0.0000003682849018
0.5235987755982987     13.1683524401967738      -0.0000005920969839      -0.0000003684729856
0.5235987755982987     13.2937653205796007      -0.0000006005778233      -0.0000003686676460
0.5235987755982987     13.4191782009624276      -0.0000006092387814      -0.0000003688691916
0.5235987755982987     13.5445910813452546      -0.0000006180863848      -0.0000003690779502
0.5235987755982987     13.6700039617280815      -0.0000006271274739      -0.0000003692942695
0.5235987755982987     13.7954168421109085      -0.0000006363692231      -0.0000003695185183
0.5235987755982987     13.9208297224937354      -0.0000006458191615      -0.0000003697510889
0.5235987755982987     14.0462426028765623      -0.0000006554851952      -0.0000003699923979
0.5235987755982987     14.1716554832593893      -0.0000006653756318      -0.0000003702428889
0.5235987755982987     14.2970683636422162      -0.0000006754992060      -0.0000003705030349
0.5235987755982987     14.4224812440250432      -0.0000006858651074      -0.0000003707733392
0.5235987755982987     14.5478941244078701      -0.0000006964830114      -0.0000003710543394
0.5235987755982987     14.6733070047906971      -0.0000007073631112      -0.0000003713466089
0.5235987755982987     14.7987198851735240      -0.0000007185161537      -0.0000003716507605
0.5235987755982987     14.9241327655563509      -0.0000007299534774      -0.0000003719674498
0.5235987755982987     15.0495456459391779      -0.0000007416870542      -0.0000003722973783
0.5235987755982987     15.1749585263220048      -0.0000007537295341      -0.0000003726412978
0.5235987755982987     15.3003714067048318      -0.0000007660942945      -0.0000003730000145
0.5235987755982987     15.4257842870876587      -0.0000007787954931      -0.0000003733743940
0.5235987755982987     15.5511971674704856      -0.0000007918481262      -0.0000003737653664
0.5235987755982987     15.6766100478533126      -0.0000008052680915      -0.0000003741739320
    
0.7853981633974478     0.0000000000000000      -0.0000002946171911      -0.0000007686454049
0.7853981633974478     0.1254128803828261      -0.0000003001317502      -0.0000007686797735
0.7853981633974478     0.2508257607656522      -0.0000003056737023      -0.0000007687148437
0.7853981633974478     0.3762386411484783      -0.0000003112436920      -0.0000007687506275
0.7853981633974478     0.5016515215313043      -0.0000003168423753      -0.0000007687871375
0.7853981633974478     0.6270644019141304      -0.0000003224704195      -0.0000007688243864
0.7853981633974478     0.7524772822969564      -0.0000003281285036      -0.0000007688623874
0.7853981633974478     0.8778901626797825      -0.0000003338173189      -0.0000007689011540
0.7853981633974478     1.0033030430626086      -0.0000003395375690      -0.0000007689407002
0.7853981633974478     1.1287159234454347      -0.0000003452899706      -0.0000007689810406
0.7853981633974478     1.2541288038282608      -0.0000003510752537      -0.0000007690221901
0.7853981633974478     1.3795416842110868      -0.0000003568941616      -0.0000007690641642
0.7853981633974478     1.5049545645939129      -0.0000003627474521      -0.0000007691069787
0.7853981633974478     1.6303674449767389      -0.0000003686358975      -0.0000007691506502
0.7853981633974478     1.7557803253595650      -0.0000003745602849      -0.0000007691951954
0.7853981633974478     1.8811932057423910      -0.0000003805214170      -0.0000007692406321
0.7853981633974478     2.0066060861252173      -0.0000003865201126      -0.0000007692869781
0.7853981633974478     2.1320189665080433      -0.0000003925572065      -0.0000007693342522
0.7853981633974478     2.2574318468908694      -0.0000003986335512      -0.0000007693824731
0.7853981633974478     2.3828447272736955      -0.0000004047500163      -0.0000007694316609
0.7853981633974478     2.5082576076565215      -0.0000004109074898      -0.0000007694818354
0.7853981633974478     2.6336704880393476      -0.0000004171068786      -0.0000007695330178
0.7853981633974478     2.7590833684221736      -0.0000004233491090      -0.0000007695852297
0.7853981633974478     2.8844962488049997      -0.0000004296351273      -0.0000007696384934
0.7853981633974478     3.0099091291878257      -0.0000004359659005      -0.0000007696928320
0.7853981633974478     3.1353220095706518      -0.0000004423424171      -0.0000007697482696
0.7853981633974478     3.2607348899534778      -0.0000004487656879      -0.0000007698048307
0.7853981633974478     3.3861477703363039      -0.0000004552367466      -0.0000007698625412
0.7853981633974478     3.5115606507191299      -0.0000004617566506      -0.0000007699214278
0.7853981633974478     3.6369735311019560      -0.0000004683264820      -0.0000007699815182
0.7853981633974478     3.7623864114847820      -0.0000004749473482      -0.0000007700428410
0.7853981633974478     3.8877992918676081      -0.0000004816203834      -0.0000007701054260
0.7853981633974478     4.0132121722504346      -0.0000004883467490      -0.0000007701693040
0.7853981633974478     4.1386250526332606      -0.0000004951276352      -0.0000007702345072
0.7853981633974478     4.2640379330160867      -0.0000005019642622      -0.0000007703010688
0.7853981633974478     4.3894508133989127      -0.0000005088578811      -0.0000007703690235
0.7853981633974478     4.5148636937817388      -0.0000005158097760      -0.0000007704384077
0.7853981633974478     4.6402765741645648      -0.0000005228212646      -0.0000007705092594
0.7853981633974478     4.7656894545473909      -0.0000005298937009      -0.0000007705816182
0.7853981633974478     4.8911023349302170      -0.0000005370284765      -0.0000007706555265
0.7853981633974478     5.0165152153130430      -0.0000005442270229      -0.0000007707310289
0.7853981633974478     5.1419280956958691      -0.0000005514908140      -0.0000007708081728
0.7853981633974478     5.2673409760786951      -0.0000005588213691      -0.0000007708870091
0.7853981633974478     5.3927538564615212      -0.0000005662202559      -0.0000007709675934
0.7853981633974478     5.5181667368443472      -0.0000005736890947      -0.0000007710499857
0.7853981633974478     5.6435796172271733      -0.0000005812295640      -0.0000007711342518
0.7853981633974478     5.7689924976099993      -0.0000005888434071      -0.0000007712204668
0.7853981633974478     5.8944053779928254      -0.0000005965324385      -0.0000007713087155
0.7853981633974478     6.0198182583756514      -0.0000006042985577      -0.0000007713990970
0.7853981633974478     6.1452311387584775      -0.0000006121437631      -0.0000007714917306
0.7853981633974478     6.2706440191413035      -0.0000006200701732      -0.0000007715867652
0.7853981633974478     6.3960568995241296      -0.0000006280800601      -0.0000007716843945
0.7853981633974478     6.5214697799069556      -0.0000006361758975      -0.0000007717848867
0.7853981633974478     6.6468826602897817      -0.0000006443604383      -0.0000007718886380
0.7853981633974478     6.7722955406726077      -0.0000006526368482      -0.0000007719962904
0.7853981633974478     6.8977084210554338      -0.0000006610089368      -0.0000007721090257
0.7853981633974478     7.0231213014382599      -0.0000006694814812      -0.0000007722294610
0.7853981633974478     7.1485341818210859      -0.0000006780594019      -0.0000007723647187
0.7853981633974478     7.2739470622039120      -0.0000006867352969      -0.0000007725260521
0.7853981633974478     7.3993599425867380      -0.0000006955032337      -0.0000007727099061
0.7853981633974478     7.5247728229695641      -0.0000007043452909      -0.0000007728654257
0.7853981633974478     7.6501857033523901      -0.0000007134147147      -0.0000007730317546
0.7853981633974478     7.7755985837352162      -0.0000007226716862      -0.0000007733797795
0.7853981633974478     7.9010114641180422      -0.0000007318920731      -0.0000007741181303
0.7853981633974478     8.0264243445008692      -0.0000007405946674      -0.0000007748081661
0.7853981633974478     8.1518372248836961      -0.0000007489536529      -0.0000007749957591
0.7853981633974478     8.2772501052665231      -0.0000007581358365      -0.0000007743550660
0.7853981633974478     8.4026629856493500      -0.0000007678185068      -0.0000007742025958
0.7853981633974478     8.5280758660321769      -0.0000007776719544      -0.0000007741415557
0.7853981633974478     8.6534887464150039      -0.0000007875975338      -0.0000007743815692
0.7853981633974478     8.7789016267978308      -0.0000007973325083      -0.0000007744204617
0.7853981633974478     8.9043145071806578      -0.0000008074952520      -0.0000007743565215
0.7853981633974478     9.0297273875634847      -0.0000008178070998      -0.0000007744290684
0.7853981633974478     9.1551402679463116      -0.0000008282375575      -0.0000007745251434
0.7853981633974478     9.2805531483291386      -0.0000008388172099      -0.0000007746476656
0.7853981633974478     9.4059660287119655      -0.0000008495313573      -0.0000007747949009
0.7853981633974478     9.5313789090947925      -0.0000008603845032      -0.0000007749549438
0.7853981633974478     9.6567917894776194      -0.0000008713841090      -0.0000007751235483
0.7853981633974478     9.7822046698604463      -0.0000008825366909      -0.0000007752990926
0.7853981633974478     9.9076175502432733      -0.0000008938481020      -0.0000007754808896
0.7853981633974478     10.0330304306261002      -0.0000009053238601      -0.0000007756686396
0.7853981633974478     10.1584433110089272      -0.0000009169693461      -0.0000007758622415
0.7853981633974478     10.2838561913917541      -0.0000009287899169      -0.0000007760617037
0.7853981633974478     10.4092690717745811      -0.0000009407909773      -0.0000007762671021
0.7853981633974478     10.5346819521574080      -0.0000009529780294      -0.0000007764785588
0.7853981633974478     10.6600948325402349      -0.0000009653567052      -0.0000007766962288
0.7853981633974478     10.7855077129230619      -0.0000009779327945      -0.0000007769202933
0.7853981633974478     10.9109205933058888      -0.0000009907122663      -0.0000007771509550
0.7853981633974478     11.0363334736887158      -0.0000010037012867      -0.0000007773884362
0.7853981633974478     11.1617463540715427      -0.0000010169062366      -0.0000007776329772
0.7853981633974478     11.2871592344543696      -0.0000010303337274      -0.0000007778848349
0.7853981633974478     11.4125721148371966      -0.0000010439906168      -0.0000007781442831
0.7853981633974478     11.5379849952200235      -0.0000010578840242      -0.0000007784116130
0.7853981633974478     11.6633978756028505      -0.0000010720213461      -0.0000007786871326
0.7853981633974478     11.7888107559856774      -0.0000010864102732      -0.0000007789711675
0.7853981633974478     11.9142236363685043      -0.0000011010588063      -0.0000007792640624
0.7853981633974478     12.0396365167513313      -0.0000011159752744      -0.0000007795661806
0.7853981633974478     12.1650493971341582      -0.0000011311683527      -0.0000007798779059
0.7853981633974478     12.2904622775169852      -0.0000011466470826      -0.0000007801996439
0.7853981633974478     12.4158751578998121      -0.0000011624208915      -0.0000007805318221
0.7853981633974478     12.5412880382826391      -0.0000011784996156      -0.0000007808748925
0.7853981633974478     12.6667009186654660      -0.0000011948935218      -0.0000007812293324
0.7853981633974478     12.7921137990482929      -0.0000012116133333      -0.0000007815956463
0.7853981633974478     12.9175266794311199      -0.0000012286702554      -0.0000007819743679
0.7853981633974478     13.0429395598139468      -0.0000012460760030      -0.0000007823660612
0.7853981633974478     13.1683524401967738      -0.0000012638428319      -0.0000007827713238
0.7853981633974478     13.2937653205796007      -0.0000012819835691      -0.0000007831907887
0.7853981633974478     13.4191782009624276      -0.0000013005116474      -0.0000007836251263
0.7853981633974478     13.5445910813452546      -0.0000013194411429      -0.0000007840750482
0.7853981633974478     13.6700039617280815      -0.0000013387868130      -0.0000007845413094
0.7853981633974478     13.7954168421109085      -0.0000013585641393      -0.0000007850247115
0.7853981633974478     13.9208297224937354      -0.0000013787893724      -0.0000007855261067
0.7853981633974478     14.0462426028765623      -0.0000013994795810      -0.0000007860464010
0.7853981633974478     14.1716554832593893      -0.0000014206527044      -0.0000007865865588
0.7853981633974478     14.2970683636422162      -0.0000014423276085      -0.0000007871476073
0.7853981633974478     14.4224812440250432      -0.0000014645241472      -0.0000007877306411
0.7853981633974478     14.5478941244078701      -0.0000014872632283      -0.0000007883368286
0.7853981633974478     14.6733070047906971      -0.0000015105668843      -0.0000007889674170
0.7853981633974478     14.7987198851735240      -0.0000015344583498      -0.0000007896237389
0.7853981633974478     14.9241327655563509      -0.0000015589621450      -0.0000007903072203
0.7853981633974478     15.0495456459391779      -0.0000015841041654      -0.0000007910193878
0.7853981633974478     15.1749585263220048      -0.0000016099117812      -0.0000007917618774
0.7853981633974478     15.3003714067048318      -0.0000016364139427      -0.0000007925364443
0.7853981633974478     15.4257842870876587      -0.0000016636412979      -0.0000007933449730
0.7853981633974478     15.5511971674704856      -0.0000016916263181      -0.0000007941894893
0.7853981633974478     15.6766100478533126      -0.0000017204034364      -0.0000007950721736
    
1.0471975511965974     0.0000000000000000      -0.0000004541450704      -0.0000011751311834
1.0471975511965974     0.1254128803828261      -0.0000004625935438      -0.0000011751825907
1.0471975511965974     0.2508257607656522      -0.0000004710842966      -0.0000011752350699
1.0471975511965974     0.3762386411484783      -0.0000004796183210      -0.0000011752886395
1.0471975511965974     0.5016515215313043      -0.0000004881966262      -0.0000011753433184
1.0471975511965974     0.6270644019141304      -0.0000004968202393      -0.0000011753991261
1.0471975511965974     0.7524772822969564      -0.0000005054902053      -0.0000011754560826
1.0471975511965974     0.8778901626797825      -0.0000005142075884      -0.0000011755142088
1.0471975511965974     1.0033030430626086      -0.0000005229734717      -0.0000011755735258
1.0471975511965974     1.1287159234454347      -0.0000005317889584      -0.0000011756340561
1.0471975511965974     1.2541288038282608      -0.0000005406551722      -0.0000011756958224
1.0471975511965974     1.3795416842110868      -0.0000005495732578      -0.0000011757588484
1.0471975511965974     1.5049545645939129      -0.0000005585443818      -0.0000011758231586
1.0471975511965974     1.6303674449767389      -0.0000005675697328      -0.0000011758887783
1.0471975511965974     1.7557803253595650      -0.0000005766505227      -0.0000011759557333
1.0471975511965974     1.8811932057423910      -0.0000005857879874      -0.0000011760240504
1.0471975511965974     2.0066060861252173      -0.0000005949833871      -0.0000011760937574
1.0471975511965974     2.1320189665080433      -0.0000006042380074      -0.0000011761648823
1.0471975511965974     2.2574318468908694      -0.0000006135531604      -0.0000011762374540
1.0471975511965974     2.3828447272736955      -0.0000006229301851      -0.0000011763115026
1.0471975511965974     2.5082576076565215      -0.0000006323704489      -0.0000011763870586
1.0471975511965974     2.6336704880393476      -0.0000006418753479      -0.0000011764641539
1.0471975511965974     2.7590833684221736      -0.0000006514463084      -0.0000011765428216
1.0471975511965974     2.8844962488049997      -0.0000006610847871      -0.0000011766230955
1.0471975511965974     3.0099091291878257      -0.0000006707922729      -0.0000011767050111
1.0471975511965974     3.1353220095706518      -0.0000006805702872      -0.0000011767886050
1.0471975511965974     3.2607348899534778      -0.0000006904203857      -0.0000011768739150
1.0471975511965974     3.3861477703363039      -0.0000007003441587      -0.0000011769609806
1.0471975511965974     3.5115606507191299      -0.0000007103432328      -0.0000011770498421
1.0471975511965974     3.6369735311019560      -0.0000007204192721      -0.0000011771405416
1.0471975511965974     3.7623864114847820      -0.0000007305739800      -0.0000011772331222
1.0471975511965974     3.8877992918676081      -0.0000007408090995      -0.0000011773276287
1.0471975511965974     4.0132121722504346      -0.0000007511264162      -0.0000011774241073
1.0471975511965974     4.1386250526332606      -0.0000007615277587      -0.0000011775226059
1.0471975511965974     4.2640379330160867      -0.0000007720150011      -0.0000011776231741
1.0471975511965974     4.3894508133989127      -0.0000007825900645      -0.0000011777258635
1.0471975511965974     4.5148636937817388      -0.0000007932549191      -0.0000011778307284
1.0471975511965974     4.6402765741645648      -0.0000008040115855      -0.0000011779378249
1.0471975511965974     4.7656894545473909      -0.0000008148621382      -0.0000011780472121
1.0471975511965974     4.8911023349302170      -0.0000008258087071      -0.0000011781589522
1.0471975511965974     5.0165152153130430      -0.0000008368534802      -0.0000011782731106
1.0471975511965974     5.1419280956958691      -0.0000008479987069      -0.0000011783897561
1.0471975511965974     5.2673409760786951      -0.0000008592467022      -0.0000011785089615
1.0471975511965974     5.3927538564615212      -0.0000008705998498      -0.0000011786308050
1.0471975511965974     5.5181667368443472      -0.0000008820606071      -0.0000011787553699
1.0471975511965974     5.6435796172271733      -0.0000008936315126      -0.0000011788827458
1.0471975511965974     5.7689924976099993      -0.0000009053151918      -0.0000011790130327
1.0471975511965974     5.8944053779928254      -0.0000009171143661      -0.0000011791463407
1.0471975511965974     6.0198182583756514      -0.0000009290318672      -0.0000011792827955
1.0471975511965974     6.1452311387584775      -0.0000009410706517      -0.0000011794225448
1.0471975511965974     6.2706440191413035      -0.0000009532338241      -0.0000011795657673
1.0471975511965974     6.3960568995241296      -0.0000009655246717      -0.0000011797126901
1.0471975511965974     6.5214697799069556      -0.0000009779467148      -0.0000011798636179
1.0471975511965974     6.6468826602897817      -0.0000009905037888      -0.0000011800189913
1.0471975511965974     6.7722955406726077      -0.0000010032001846      -0.0000011801795131
1.0471975511965974     6.8977084210554338      -0.0000010160408900      -0.0000011803464673
1.0471975511965974     7.0231213014382599      -0.0000010290319259      -0.0000011805227019
1.0471975511965974     7.1485341818210859      -0.0000010421793540      -0.0000011807160300
1.0471975511965974     7.2739470622039120      -0.0000010554750963      -0.0000011809384677
1.0471975511965974     7.3993599425867380      -0.0000010689141619      -0.0000011811847874
1.0471975511965974     7.5247728229695641      -0.0000010824748215      -0.0000011813997064
1.0471975511965974     7.6501857033523901      -0.0000010963255139      -0.0000011816201811
1.0471975511965974     7.7755985837352162      -0.0000011104207111      -0.0000011820240772
1.0471975511965974     7.9010114641180422      -0.0000011245323168      -0.0000011827966254
1.0471975511965974     8.0264243445008692      -0.0000011383122001      -0.0000011835382390
1.0471975511965974     8.1518372248836961      -0.0000011516208256      -0.0000011839219237
1.0471975511965974     8.2772501052665231      -0.0000011658408858      -0.0000011832855947
1.0471975511965974     8.4026629856493500      -0.0000011807011728      -0.0000011831414633
1.0471975511965974     8.5280758660321769      -0.0000011958425885      -0.0000011831933745
1.0471975511965974     8.6534887464150039      -0.0000012110410173      -0.0000011835739687
1.0471975511965974     8.7789016267978308      -0.0000012260674342      -0.0000011836902119
1.0471975511965974     8.9043145071806578      -0.0000012416455100      -0.0000011836730274
1.0471975511965974     9.0297273875634847      -0.0000012574669356      -0.0000011837955353
1.0471975511965974     9.1551402679463116      -0.0000012735047550      -0.0000011839759046
1.0471975511965974     9.2805531483291386      -0.0000012897439939      -0.0000011841953077
1.0471975511965974     9.4059660287119655      -0.0000013061934194      -0.0000011844342443
1.0471975511965974     9.5313789090947925      -0.0000013228644578      -0.0000011846860732
1.0471975511965974     9.6567917894776194      -0.0000013397667550      -0.0000011849482438
1.0471975511965974     9.7822046698604463      -0.0000013569089732      -0.0000011852196472
1.0471975511965974     9.9076175502432733      -0.0000013742992783      -0.0000011854998261
1.0471975511965974     10.0330304306261002      -0.0000013919456355      -0.0000011857886283
1.0471975511965974     10.1584433110089272      -0.0000014098559883      -0.0000011860860748
1.0471975511965974     10.2838561913917541      -0.0000014280383603      -0.0000011863922885
1.0471975511965974     10.4092690717745811      -0.0000014465009304      -0.0000011867074594
1.0471975511965974     10.5346819521574080      -0.0000014652520802      -0.0000011870318272
1.0471975511965974     10.6600948325402349      -0.0000014843004319      -0.0000011873656680
1.0471975511965974     10.7855077129230619      -0.0000015036548808      -0.0000011877092892
1.0471975511965974     10.9109205933058888      -0.0000015233246208      -0.0000011880630252
1.0471975511965974     11.0363334736887158      -0.0000015433191698      -0.0000011884272358
1.0471975511965974     11.1617463540715427      -0.0000015636483919      -0.0000011888023055
1.0471975511965974     11.2871592344543696      -0.0000015843225199      -0.0000011891886427
1.0471975511965974     11.4125721148371966      -0.0000016053521792      -0.0000011895866797
1.0471975511965974     11.5379849952200235      -0.0000016267484093      -0.0000011899968742
1.0471975511965974     11.6633978756028505      -0.0000016485226876      -0.0000011904197097
1.0471975511965974     11.7888107559856774      -0.0000016706869550      -0.0000011908556957
1.0471975511965974     11.9142236363685043      -0.0000016932536410      -0.0000011913053710
1.0471975511965974     12.0396365167513313      -0.0000017162356903      -0.0000011917693041
1.0471975511965974     12.1650493971341582      -0.0000017396465914      -0.0000011922480945
1.0471975511965974     12.2904622775169852      -0.0000017635004072      -0.0000011927423757
1.0471975511965974     12.4158751578998121      -0.0000017878118059      -0.0000011932528158
1.0471975511965974     12.5412880382826391      -0.0000018125960960      -0.0000011937801205
1.0471975511965974     12.6667009186654660      -0.0000018378692621      -0.0000011943250353
1.0471975511965974     12.7921137990482929      -0.0000018636480033      -0.0000011948883480
1.0471975511965974     12.9175266794311199      -0.0000018899497746      -0.0000011954708916
1.0471975511965974     13.0429395598139468      -0.0000019167928307      -0.0000011960735473
1.0471975511965974     13.1683524401967738      -0.0000019441962733      -0.0000011966972481
1.0471975511965974     13.2937653205796007      -0.0000019721801006      -0.0000011973429825
1.0471975511965974     13.4191782009624276      -0.0000020007652614      -0.0000011980117986
1.0471975511965974     13.5445910813452546      -0.0000020299737130      -0.0000011987048080
1.0471975511965974     13.6700039617280815      -0.0000020598284826      -0.0000011994231911
1.0471975511965974     13.7954168421109085      -0.0000020903537335      -0.0000012001682021
1.0471975511965974     13.9208297224937354      -0.0000021215748370      -0.0000012009411739
1.0471975511965974     14.0462426028765623      -0.0000021535184487      -0.0000012017435247
1.0471975511965974     14.1716554832593893      -0.0000021862125916      -0.0000012025767645
1.0471975511965974     14.2970683636422162      -0.0000022196867453      -0.0000012034425020
1.0471975511965974     14.4224812440250432      -0.0000022539719425      -0.0000012043424523
1.0471975511965974     14.5478941244078701      -0.0000022891008731      -0.0000012052784465
1.0471975511965974     14.6733070047906971      -0.0000023251079962      -0.0000012062524401
1.0471975511965974     14.7987198851735240      -0.0000023620296631      -0.0000012072665238
1.0471975511965974     14.9241327655563509      -0.0000023999042483      -0.0000012083229353
1.0471975511965974     15.0495456459391779      -0.0000024387722931      -0.0000012094240715
1.0471975511965974     15.1749585263220048      -0.0000024786766615      -0.0000012105725021
1.0471975511965974     15.3003714067048318      -0.0000025196627089      -0.0000012117709853
1.0471975511965974     15.4257842870876587      -0.0000025617784671      -0.0000012130224838
1.0471975511965974     15.5511971674704856      -0.0000026050748451      -0.0000012143301847
1.0471975511965974     15.6766100478533126      -0.0000026496058482      -0.0000012156975194
    
1.3089969389957474     0.0000000000000000      -0.0000005744253742      -0.0000014723680103
1.3089969389957474     0.1254128803828261      -0.0000005850365615      -0.0000014724301639
1.3089969389957474     0.2508257607656522      -0.0000005957013062      -0.0000014724936564
1.3089969389957474     0.3762386411484783      -0.0000006064208611      -0.0000014725585112
1.3089969389957474     0.5016515215313043      -0.0000006171965011      -0.0000014726247517
1.3089969389957474     0.6270644019141304      -0.0000006280295233      -0.0000014726924025
1.3089969389957474     0.7524772822969564      -0.0000006389212480      -0.0000014727614885
1.3089969389957474     0.8778901626797825      -0.0000006498730195      -0.0000014728320357
1.3089969389957474     1.0033030430626086      -0.0000006608862063      -0.0000014729040710
1.3089969389957474     1.1287159234454347      -0.0000006719622025      -0.0000014729776222
1.3089969389957474     1.2541288038282608      -0.0000006831024278      -0.0000014730527179
1.3089969389957474     1.3795416842110868      -0.0000006943083290      -0.0000014731293878
1.3089969389957474     1.5049545645939129      -0.0000007055813804      -0.0000014732076625
1.3089969389957474     1.6303674449767389      -0.0000007169230844      -0.0000014732875737
1.3089969389957474     1.7557803253595650      -0.0000007283349730      -0.0000014733691539
1.3089969389957474     1.8811932057423910      -0.0000007398186084      -0.0000014734524366
1.3089969389957474     2.0066060861252173      -0.0000007513755839      -0.0000014735374564
1.3089969389957474     2.1320189665080433      -0.0000007630075247      -0.0000014736242484
1.3089969389957474     2.2574318468908694      -0.0000007747160901      -0.0000014737128488
1.3089969389957474     2.3828447272736955      -0.0000007865029734      -0.0000014738032952
1.3089969389957474     2.5082576076565215      -0.0000007983699035      -0.0000014738956260
1.3089969389957474     2.6336704880393476      -0.0000008103186464      -0.0000014739898810
1.3089969389957474     2.7590833684221736      -0.0000008223510057      -0.0000014740861016
1.3089969389957474     2.8844962488049997      -0.0000008344688240      -0.0000014741843305
1.3089969389957474     3.0099091291878257      -0.0000008466739843      -0.0000014742846121
1.3089969389957474     3.1353220095706518      -0.0000008589684111      -0.0000014743869922
1.3089969389957474     3.2607348899534778      -0.0000008713540719      -0.0000014744915183
1.3089969389957474     3.3861477703363039      -0.0000008838329783      -0.0000014745982399
1.3089969389957474     3.5115606507191299      -0.0000008964071876      -0.0000014747072076
1.3089969389957474     3.6369735311019560      -0.0000009090788046      -0.0000014748184736
1.3089969389957474     3.7623864114847820      -0.0000009218499835      -0.0000014749320919
1.3089969389957474     3.8877992918676081      -0.0000009347229292      -0.0000014750481181
1.3089969389957474     4.0132121722504346      -0.0000009476998999      -0.0000014751666099
1.3089969389957474     4.1386250526332606      -0.0000009607832083      -0.0000014752876266
1.3089969389957474     4.2640379330160867      -0.0000009739752244      -0.0000014754112303
1.3089969389957474     4.3894508133989127      -0.0000009872783776      -0.0000014755374849
1.3089969389957474     4.5148636937817388      -0.0000010006951584      -0.0000014756664581
1.3089969389957474     4.6402765741645648      -0.0000010142281211      -0.0000014757982197
1.3089969389957474     4.7656894545473909      -0.0000010278798869      -0.0000014759328430
1.3089969389957474     4.8911023349302170      -0.0000010416531461      -0.0000014760704051
1.3089969389957474     5.0165152153130430      -0.0000010555506616      -0.0000014762109869
1.3089969389957474     5.1419280956958691      -0.0000010695752720      -0.0000014763546729
1.3089969389957474     5.2673409760786951      -0.0000010837298967      -0.0000014765015524
1.3089969389957474     5.3927538564615212      -0.0000010980175395      -0.0000014766517200
1.3089969389957474     5.5181667368443472      -0.0000011124412950      -0.0000014768052763
1.3089969389957474     5.6435796172271733      -0.0000011270043551      -0.0000014769623287
1.3089969389957474     5.7689924976099993      -0.0000011417100166      -0.0000014771229951
1.3089969389957474     5.8944053779928254      -0.0000011565616914      -0.0000014772874043
1.3089969389957474     6.0198182583756514      -0.0000011715629201      -0.0000014774557018
1.3089969389957474     6.1452311387584775      -0.0000011867173884      -0.0000014776280558
1.3089969389957474     6.2706440191413035      -0.0000012020289509      -0.0000014778046668
1.3089969389957474     6.3960568995241296      -0.0000012175016665      -0.0000014779857854
1.3089969389957474     6.5214697799069556      -0.0000012331398490      -0.0000014781717415
1.3089969389957474     6.6468826602897817      -0.0000012489481535      -0.0000014783630040
1.3089969389957474     6.7722955406726077      -0.0000012649317176      -0.0000014785603098
1.3089969389957474     6.8977084210554338      -0.0000012810964088      -0.0000014787649875
1.3089969389957474     7.0231213014382599      -0.0000012974491862      -0.0000014789799430
1.3089969389957474     7.1485341818210859      -0.0000013139973349      -0.0000014792130988
1.3089969389957474     7.2739470622039120      -0.0000013307351284      -0.0000014794792753
1.3089969389957474     7.3993599425867380      -0.0000013476419743      -0.0000014797749601
1.3089969389957474     7.5247728229695641      -0.0000013647213819      -0.0000014800178352
1.3089969389957474     7.6501857033523901      -0.0000013821340920      -0.0000014802798888
1.3089969389957474     7.7755985837352162      -0.0000013998305809      -0.0000014807125859
1.3089969389957474     7.9010114641180422      -0.0000014176117606      -0.0000014814887561
1.3089969389957474     8.0264243445008692      -0.0000014351928986      -0.0000014822777338
1.3089969389957474     8.1518372248836961      -0.0000014522829252      -0.0000014829116177
1.3089969389957474     8.2772501052665231      -0.0000014700694140      -0.0000014823033952
1.3089969389957474     8.4026629856493500      -0.0000014887710721      -0.0000014820851385
1.3089969389957474     8.5280758660321769      -0.0000015078463129      -0.0000014821653153
1.3089969389957474     8.6534887464150039      -0.0000015270142645      -0.0000014825651602
1.3089969389957474     8.7789016267978308      -0.0000015461090565      -0.0000014827562908
1.3089969389957474     8.9043145071806578      -0.0000015657340855      -0.0000014828446240
1.3089969389957474     9.0297273875634847      -0.0000015856469127      -0.0000014830387085
1.3089969389957474     9.1551402679463116      -0.0000016058342038      -0.0000014832742627
1.3089969389957474     9.2805531483291386      -0.0000016262988634      -0.0000014835473028
1.3089969389957474     9.4059660287119655      -0.0000016470370244      -0.0000014838468322
1.3089969389957474     9.5313789090947925      -0.0000016680590798      -0.0000014841626221
1.3089969389957474     9.6567917894776194      -0.0000016893764333      -0.0000014844910913
1.3089969389957474     9.7822046698604463      -0.0000017109996682      -0.0000014848308715
1.3089969389957474     9.9076175502432733      -0.0000017329388812      -0.0000014851814642
1.3089969389957474     10.0330304306261002      -0.0000017552040025      -0.0000014855427460
1.3089969389957474     10.1584433110089272      -0.0000017778049929      -0.0000014859147958
1.3089969389957474     10.2838561913917541      -0.0000018007519578      -0.0000014862978071
1.3089969389957474     10.4092690717745811      -0.0000018240552324      -0.0000014866920478
1.3089969389957474     10.5346819521574080      -0.0000018477254323      -0.0000014870978438
1.3089969389957474     10.6600948325402349      -0.0000018717734978      -0.0000014875155607
1.3089969389957474     10.7855077129230619      -0.0000018962107305      -0.0000014879456021
1.3089969389957474     10.9109205933058888      -0.0000019210488237      -0.0000014883884022
1.3089969389957474     11.0363334736887158      -0.0000019462998930      -0.0000014888444264
1.3089969389957474     11.1617463540715427      -0.0000019719765040      -0.0000014893141697
1.3089969389957474     11.2871592344543696      -0.0000019980916991      -0.0000014897981569
1.3089969389957474     11.4125721148371966      -0.0000020246590276      -0.0000014902969422
1.3089969389957474     11.5379849952200235      -0.0000020516925737      -0.0000014908111119
1.3089969389957474     11.6633978756028505      -0.0000020792069860      -0.0000014913412844
1.3089969389957474     11.7888107559856774      -0.0000021072175099      -0.0000014918881116
1.3089969389957474     11.9142236363685043      -0.0000021357400204      -0.0000014924522824
1.3089969389957474     12.0396365167513313      -0.0000021647910554      -0.0000014930345234
1.3089969389957474     12.1650493971341582      -0.0000021943878533      -0.0000014936356015
1.3089969389957474     12.2904622775169852      -0.0000022245483909      -0.0000014942563267
1.3089969389957474     12.4158751578998121      -0.0000022552914248      -0.0000014948975540
1.3089969389957474     12.5412880382826391      -0.0000022866365354      -0.0000014955601861
1.3089969389957474     12.6667009186654660      -0.0000023186041730      -0.0000014962451774
1.3089969389957474     12.7921137990482929      -0.0000023512157084      -0.0000014969535360
1.3089969389957474     12.9175266794311199      -0.0000023844934856      -0.0000014976863287
1.3089969389957474     13.0429395598139468      -0.0000024184608785      -0.0000014984446841
1.3089969389957474     13.1683524401967738      -0.0000024531423524      -0.0000014992297976
1.3089969389957474     13.2937653205796007      -0.0000024885635280      -0.0000015000429360
1.3089969389957474     13.4191782009624276      -0.0000025247512518      -0.0000015008854430
1.3089969389957474     13.5445910813452546      -0.0000025617336700      -0.0000015017587444
1.3089969389957474     13.6700039617280815      -0.0000025995403094      -0.0000015026643545
1.3089969389957474     13.7954168421109085      -0.0000026382021630      -0.0000015036038831
1.3089969389957474     13.9208297224937354      -0.0000026777517826      -0.0000015045790420
1.3089969389957474     14.0462426028765623      -0.0000027182233785      -0.0000015055916530
1.3089969389957474     14.1716554832593893      -0.0000027596529274      -0.0000015066436568
1.3089969389957474     14.2970683636422162      -0.0000028020782880      -0.0000015077371216
1.3089969389957474     14.4224812440250432      -0.0000028455393269      -0.0000015088742539
1.3089969389957474     14.5478941244078701      -0.0000028900780537      -0.0000015100574100
1.3089969389957474     14.6733070047906971      -0.0000029357387672      -0.0000015112891080
1.3089969389957474     14.7987198851735240      -0.0000029825682150      -0.0000015125720410
1.3089969389957474     14.9241327655563509      -0.0000030306157647      -0.0000015139090934
1.3089969389957474     15.0495456459391779      -0.0000030799335907      -0.0000015153033559
1.3089969389957474     15.1749585263220048      -0.0000031305768780      -0.0000015167581442
1.3089969389957474     15.3003714067048318      -0.0000031826040420      -0.0000015182770188
1.3089969389957474     15.4257842870876587      -0.0000032360769704      -0.0000015198638068
1.3089969389957474     15.5511971674704856      -0.0000032910612855      -0.0000015215226272
1.3089969389957474     15.6766100478533126      -0.0000033476266302      -0.0000015232579175
    
1.5707963267948966     0.0000000000000000      -0.0000006228348244      -0.0000015807368444
1.5707963267948966     0.1254128803828261      -0.0000006342562439      -0.0000015808007184
1.5707963267948966     0.2508257607656522      -0.0000006457358244      -0.0000015808660240
1.5707963267948966     0.3762386411484783      -0.0000006572749224      -0.0000015809327858
1.5707963267948966     0.5016515215313043      -0.0000006688749183      -0.0000015810010294
1.5707963267948966     0.6270644019141304      -0.0000006805372167      -0.0000015810707807
1.5707963267948966     0.7524772822969564      -0.0000006922632477      -0.0000015811420669
1.5707963267948966     0.8778901626797825      -0.0000007040544671      -0.0000015812149157
1.5707963267948966     1.0033030430626086      -0.0000007159123574      -0.0000015812893560
1.5707963267948966     1.1287159234454347      -0.0000007278384287      -0.0000015813654176
1.5707963267948966     1.2541288038282608      -0.0000007398342193      -0.0000015814431312
1.5707963267948966     1.3795416842110868      -0.0000007519012966      -0.0000015815225286
1.5707963267948966     1.5049545645939129      -0.0000007640412585      -0.0000015816036425
1.5707963267948966     1.6303674449767389      -0.0000007762557332      -0.0000015816865072
1.5707963267948966     1.7557803253595650      -0.0000007885463812      -0.0000015817711572
1.5707963267948966     1.8811932057423910      -0.0000008009148957      -0.0000015818576286
1.5707963267948966     2.0066060861252173      -0.0000008133630042      -0.0000015819459583
1.5707963267948966     2.1320189665080433      -0.0000008258924688      -0.0000015820361842
1.5707963267948966     2.2574318468908694      -0.0000008385050887      -0.0000015821283451
1.5707963267948966     2.3828447272736955      -0.0000008512027002      -0.0000015822224812
1.5707963267948966     2.5082576076565215      -0.0000008639871785      -0.0000015823186340
1.5707963267948966     2.6336704880393476      -0.0000008768604387      -0.0000015824168465
1.5707963267948966     2.7590833684221736      -0.0000008898244372      -0.0000015825171629
1.5707963267948966     2.8844962488049997      -0.0000009028811729      -0.0000015826196294
1.5707963267948966     3.0099091291878257      -0.0000009160326884      -0.0000015827242937
1.5707963267948966     3.1353220095706518      -0.0000009292810717      -0.0000015828312050
1.5707963267948966     3.2607348899534778      -0.0000009426284577      -0.0000015829404145
1.5707963267948966     3.3861477703363039      -0.0000009560770287      -0.0000015830519752
1.5707963267948966     3.5115606507191299      -0.0000009696290177      -0.0000015831659415
1.5707963267948966     3.6369735311019560      -0.0000009832867086      -0.0000015832823695
1.5707963267948966     3.7623864114847820      -0.0000009970524397      -0.0000015834013170
1.5707963267948966     3.8877992918676081      -0.0000010109286041      -0.0000015835228437
1.5707963267948966     4.0132121722504346      -0.0000010249176533      -0.0000015836470114
1.5707963267948966     4.1386250526332606      -0.0000010390220981      -0.0000015837738840
1.5707963267948966     4.2640379330160867      -0.0000010532445113      -0.0000015839035279
1.5707963267948966     4.3894508133989127      -0.0000010675875305      -0.0000015840360123
1.5707963267948966     4.5148636937817388      -0.0000010820538595      -0.0000015841714095
1.5707963267948966     4.6402765741645648      -0.0000010966462717      -0.0000015843097949
1.5707963267948966     4.7656894545473909      -0.0000011113676126      -0.0000015844512476
1.5707963267948966     4.8911023349302170      -0.0000011262208028      -0.0000015845958499
1.5707963267948966     5.0165152153130430      -0.0000011412088416      -0.0000015847436888
1.5707963267948966     5.1419280956958691      -0.0000011563348102      -0.0000015848948550
1.5707963267948966     5.2673409760786951      -0.0000011716018766      -0.0000015850494442
1.5707963267948966     5.3927538564615212      -0.0000011870133007      -0.0000015852075567
1.5707963267948966     5.5181667368443472      -0.0000012025724398      -0.0000015853692999
1.5707963267948966     5.6435796172271733      -0.0000012182827559      -0.0000015855347881
1.5707963267948966     5.7689924976099993      -0.0000012341478230      -0.0000015857041456
1.5707963267948966     5.8944053779928254      -0.0000012501713389      -0.0000015858775083
1.5707963267948966     6.0198182583756514      -0.0000012663571376      -0.0000015860550292
1.5707963267948966     6.1452311387584775      -0.0000012827092066      -0.0000015862368840
1.5707963267948966     6.2706440191413035      -0.0000012992317110      -0.0000015864232815
1.5707963267948966     6.3960568995241296      -0.0000013159290282      -0.0000015866144808
1.5707963267948966     6.5214697799069556      -0.0000013328057997      -0.0000015868108200
1.5707963267948966     6.6468826602897817      -0.0000013498670168      -0.0000015870127757
1.5707963267948966     6.7722955406726077      -0.0000013671181625      -0.0000015872210906
1.5707963267948966     6.8977084210554338      -0.0000013845654583      -0.0000015874370872
1.5707963267948966     7.0231213014382599      -0.0000014022162604      -0.0000015876635993
1.5707963267948966     7.1485341818210859      -0.0000014200787728      -0.0000015879082441
1.5707963267948966     7.2739470622039120      -0.0000014381512632      -0.0000015881898478
1.5707963267948966     7.3993599425867380      -0.0000014563869512      -0.0000015885089922
1.5707963267948966     7.5247728229695641      -0.0000014748317365      -0.0000015887422085
1.5707963267948966     7.6501857033523901      -0.0000014936243510      -0.0000015890189497
1.5707963267948966     7.7755985837352162      -0.0000015127125764      -0.0000015894430205
1.5707963267948966     7.9010114641180422      -0.0000015319530043      -0.0000015901837717
1.5707963267948966     8.0264243445008692      -0.0000015510570881      -0.0000015910127031
1.5707963267948966     8.1518372248836961      -0.0000015697011913      -0.0000015918978537
1.5707963267948966     8.2772501052665231      -0.0000015886311140      -0.0000015913088800
1.5707963267948966     8.4026629856493500      -0.0000016088135686      -0.0000015909527932
1.5707963267948966     8.5280758660321769      -0.0000016294163901      -0.0000015909829012
1.5707963267948966     8.6534887464150039      -0.0000016501718279      -0.0000015912942477
1.5707963267948966     8.7789016267978308      -0.0000016709896874      -0.0000015915350274
1.5707963267948966     8.9043145071806578      -0.0000016921981300      -0.0000015917456133
1.5707963267948966     9.0297273875634847      -0.0000017136829806      -0.0000015920061876
1.5707963267948966     9.1551402679463116      -0.0000017354480261      -0.0000015922541504
1.5707963267948966     9.2805531483291386      -0.0000017575624275      -0.0000015925264305
1.5707963267948966     9.4059660287119655      -0.0000017799829372      -0.0000015928402816
1.5707963267948966     9.5313789090947925      -0.0000018027124499      -0.0000015931754824
1.5707963267948966     9.6567917894776194      -0.0000018257632036      -0.0000015935254240
1.5707963267948966     9.7822046698604463      -0.0000018491468998      -0.0000015938879037
1.5707963267948966     9.9076175502432733      -0.0000018728746263      -0.0000015942621635
1.5707963267948966     10.0330304306261002      -0.0000018969572424      -0.0000015946479994
1.5707963267948966     10.1584433110089272      -0.0000019214056211      -0.0000015950454751
1.5707963267948966     10.2838561913917541      -0.0000019462307893      -0.0000015954547941
1.5707963267948966     10.4092690717745811      -0.0000019714440274      -0.0000015958762477
1.5707963267948966     10.5346819521574080      -0.0000019970569256      -0.0000015963101925
1.5707963267948966     10.6600948325402349      -0.0000020230814330      -0.0000015967570295
1.5707963267948966     10.7855077129230619      -0.0000020495298983      -0.0000015972172012
1.5707963267948966     10.9109205933058888      -0.0000020764151022      -0.0000015976911836
1.5707963267948966     11.0363334736887158      -0.0000021037502913      -0.0000015981794862
1.5707963267948966     11.1617463540715427      -0.0000021315492089      -0.0000015986826506
1.5707963267948966     11.2871592344543696      -0.0000021598261238      -0.0000015992012514
1.5707963267948966     11.4125721148371966      -0.0000021885958629      -0.0000015997358948
1.5707963267948966     11.5379849952200235      -0.0000022178738431      -0.0000016002872218
1.5707963267948966     11.6633978756028505      -0.0000022476761031      -0.0000016008559090
1.5707963267948966     11.7888107559856774      -0.0000022780193394      -0.0000016014426694
1.5707963267948966     11.9142236363685043      -0.0000023089209420      -0.0000016020482565
1.5707963267948966     12.0396365167513313      -0.0000023403990319      -0.0000016026734654
1.5707963267948966     12.1650493971341582      -0.0000023724725022      -0.0000016033191356
1.5707963267948966     12.2904622775169852      -0.0000024051610603      -0.0000016039861538
1.5707963267948966     12.4158751578998121      -0.0000024384852731      -0.0000016046754564
1.5707963267948966     12.5412880382826391      -0.0000024724666164      -0.0000016053880327
1.5707963267948966     12.6667009186654660      -0.0000025071275258      -0.0000016061249286
1.5707963267948966     12.7921137990482929      -0.0000025424914521      -0.0000016068872494
1.5707963267948966     12.9175266794311199      -0.0000025785829210      -0.0000016076761651
1.5707963267948966     13.0429395598139468      -0.0000026154275950      -0.0000016084929144
1.5707963267948966     13.1683524401967738      -0.0000026530523415      -0.0000016093388091
1.5707963267948966     13.2937653205796007      -0.0000026914853050      -0.0000016102152403
1.5707963267948966     13.4191782009624276      -0.0000027307559842      -0.0000016111236840
1.5707963267948966     13.5445910813452546      -0.0000027708953148      -0.0000016120657070
1.5707963267948966     13.6700039617280815      -0.0000028119357592      -0.0000016130429740
1.5707963267948966     13.7954168421109085      -0.0000028539114018      -0.0000016140572553
1.5707963267948966     13.9208297224937354      -0.0000028968580517      -0.0000016151104345
1.5707963267948966     14.0462426028765623      -0.0000029408133545      -0.0000016162045168
1.5707963267948966     14.1716554832593893      -0.0000029858169116      -0.0000016173416394
1.5707963267948966     14.2970683636422162      -0.0000030319104095      -0.0000016185240808
1.5707963267948966     14.4224812440250432      -0.0000030791377602      -0.0000016197542734
1.5707963267948966     14.5478941244078701      -0.0000031275452516      -0.0000016210348156
1.5707963267948966     14.6733070047906971      -0.0000031771817108      -0.0000016223684856
1.5707963267948966     14.7987198851735240      -0.0000032280986825      -0.0000016237582568
1.5707963267948966     14.9241327655563509      -0.0000032803506192      -0.0000016252073147
1.5707963267948966     15.0495456459391779      -0.0000033339950919      -0.0000016267190748
1.5707963267948966     15.1749585263220048      -0.0000033890930160      -0.0000016282972033
1.5707963267948966     15.3003714067048318      -0.0000034457088987      -0.0000016299456392
1.5707963267948966     15.4257842870876587      -0.0000035039111088      -0.0000016316686186
1.5707963267948966     15.5511971674704856      -0.0000035637721712      -0.0000016334707039
1.5707963267948966     15.6766100478533126      -0.0000036253690871      -0.0000016353568125
    
1.8325957145940457     0.0000000000000000      -0.0000005852027120      -0.0000014712969772
1.8325957145940457     0.1254128803828261      -0.0000005958595168      -0.0000014713536083
1.8325957145940457     0.2508257607656522      -0.0000006065710465      -0.0000014714115649
1.8325957145940457     0.3762386411484783      -0.0000006173385743      -0.0000014714708702
1.8325957145940457     0.5016515215313043      -0.0000006281633954      -0.0000014715315478
1.8325957145940457     0.6270644019141304      -0.0000006390468283      -0.0000014715936219
1.8325957145940457     0.7524772822969564      -0.0000006499902151      -0.0000014716571177
1.8325957145940457     0.8778901626797825      -0.0000006609949224      -0.0000014717220611
1.8325957145940457     1.0033030430626086      -0.0000006720623420      -0.0000014717884790
1.8325957145940457     1.1287159234454347      -0.0000006831938917      -0.0000014718563989
1.8325957145940457     1.2541288038282608      -0.0000006943910158      -0.0000014719258496
1.8325957145940457     1.3795416842110868      -0.0000007056551864      -0.0000014719968603
1.8325957145940457     1.5049545645939129      -0.0000007169879040      -0.0000014720694617
1.8325957145940457     1.6303674449767389      -0.0000007283906980      -0.0000014721436852
1.8325957145940457     1.7557803253595650      -0.0000007398651284      -0.0000014722195633
1.8325957145940457     1.8811932057423910      -0.0000007514127860      -0.0000014722971291
1.8325957145940457     2.0066060861252173      -0.0000007630352939      -0.0000014723764171
1.8325957145940457     2.1320189665080433      -0.0000007747343084      -0.0000014724574624
1.8325957145940457     2.2574318468908694      -0.0000007865115200      -0.0000014725403014
1.8325957145940457     2.3828447272736955      -0.0000007983686549      -0.0000014726249713
1.8325957145940457     2.5082576076565215      -0.0000008103074759      -0.0000014727115112
1.8325957145940457     2.6336704880393476      -0.0000008223297833      -0.0000014727999610
1.8325957145940457     2.7590833684221736      -0.0000008344374164      -0.0000014728903621
1.8325957145940457     2.8844962488049997      -0.0000008466322547      -0.0000014729827575
1.8325957145940457     3.0099091291878257      -0.0000008589162189      -0.0000014730771918
1.8325957145940457     3.1353220095706518      -0.0000008712912728      -0.0000014731737108
1.8325957145940457     3.2607348899534778      -0.0000008837594242      -0.0000014732723623
1.8325957145940457     3.3861477703363039      -0.0000008963227263      -0.0000014733731955
1.8325957145940457     3.5115606507191299      -0.0000009089832796      -0.0000014734762614
1.8325957145940457     3.6369735311019560      -0.0000009217432333      -0.0000014735816118
1.8325957145940457     3.7623864114847820      -0.0000009346047880      -0.0000014736893010
1.8325957145940457     3.8877992918676081      -0.0000009475701960      -0.0000014737993845
1.8325957145940457     4.0132121722504346      -0.0000009606417650      -0.0000014739119200
1.8325957145940457     4.1386250526332606      -0.0000009738218588      -0.0000014740269674
1.8325957145940457     4.2640379330160867      -0.0000009871129001      -0.0000014741445889
1.8325957145940457     4.3894508133989127      -0.0000010005173726      -0.0000014742648495
1.8325957145940457     4.5148636937817388      -0.0000010140378226      -0.0000014743878168
1.8325957145940457     4.6402765741645648      -0.0000010276768631      -0.0000014745135616
1.8325957145940457     4.7656894545473909      -0.0000010414371744      -0.0000014746421584
1.8325957145940457     4.8911023349302170      -0.0000010553215086      -0.0000014747736843
1.8325957145940457     5.0165152153130430      -0.0000010693326926      -0.0000014749082210
1.8325957145940457     5.1419280956958691      -0.0000010834736310      -0.0000014750458541
1.8325957145940457     5.2673409760786951      -0.0000010977473106      -0.0000014751866734
1.8325957145940457     5.3927538564615212      -0.0000011121568063      -0.0000014753307733
1.8325957145940457     5.5181667368443472      -0.0000011267052859      -0.0000014754782554
1.8325957145940457     5.6435796172271733      -0.0000011413960166      -0.0000014756292280
1.8325957145940457     5.7689924976099993      -0.0000011562323731      -0.0000014757838089
1.8325957145940457     5.8944053779928254      -0.0000011712178491      -0.0000014759421272
1.8325957145940457     6.0198182583756514      -0.0000011863560687      -0.0000014761043298
1.8325957145940457     6.1452311387584775      -0.0000012016508038      -0.0000014762705852
1.8325957145940457     6.2706440191413035      -0.0000012171059986      -0.0000014764410950
1.8325957145940457     6.3960568995241296      -0.0000012327258029      -0.0000014766161106
1.8325957145940457     6.5214697799069556      -0.0000012485146241      -0.0000014767959618
1.8325957145940457     6.6468826602897817      -0.0000012644772124      -0.0000014769811159
1.8325957145940457     6.7722955406726077      -0.0000012806188022      -0.0000014771723034
1.8325957145940457     6.8977084210554338      -0.0000012969453590      -0.0000014773708238
1.8325957145940457     7.0231213014382599      -0.0000013134640041      -0.0000014775794303
1.8325957145940457     7.1485341818210859      -0.0000013301831565      -0.0000014778054541
1.8325957145940457     7.2739470622039120      -0.0000013471040596      -0.0000014780713159
1.8325957145940457     7.3993599425867380      -0.0000013641556785      -0.0000014783816582
1.8325957145940457     7.5247728229695641      -0.0000013814196955      -0.0000014785749036
1.8325957145940457     7.6501857033523901      -0.0000013990170890      -0.0000014788306470
1.8325957145940457     7.7755985837352162      -0.0000014168928388      -0.0000014792094637
1.8325957145940457     7.9010114641180422      -0.0000014349671944      -0.0000014798785748
1.8325957145940457     8.0264243445008692      -0.0000014529153588      -0.0000014807410083
1.8325957145940457     8.1518372248836961      -0.0000014703759452      -0.0000014818113952
1.8325957145940457     8.2772501052665231      -0.0000014877479931      -0.0000014811876306
1.8325957145940457     8.4026629856493500      -0.0000015066515355      -0.0000014806801032
1.8325957145940457     8.5280758660321769      -0.0000015259576387      -0.0000014806249038
1.8325957145940457     8.6534887464150039      -0.0000015454517356      -0.0000014808055688
1.8325957145940457     8.7789016267978308      -0.0000015651044912      -0.0000014810502739
1.8325957145940457     8.9043145071806578      -0.0000015849781169      -0.0000014813345579
1.8325957145940457     9.0297273875634847      -0.0000016050767766      -0.0000014816216561
1.8325957145940457     9.1551402679463116      -0.0000016254141175      -0.0000014818387067
1.8325957145940457     9.2805531483291386      -0.0000016461322567      -0.0000014820637574
1.8325957145940457     9.4059660287119655      -0.0000016671462831      -0.0000014823445392
1.8325957145940457     9.5313789090947925      -0.0000016884499752      -0.0000014826505769
1.8325957145940457     9.6567917894776194      -0.0000017100551920      -0.0000014829721055
1.8325957145940457     9.7822046698604463      -0.0000017319734972      -0.0000014833060334
1.8325957145940457     9.9076175502432733      -0.0000017542156642      -0.0000014836512929
1.8325957145940457     10.0330304306261002      -0.0000017767921268      -0.0000014840075487
1.8325957145940457     10.1584433110089272      -0.0000017997132663      -0.0000014843747953
1.8325957145940457     10.2838561913917541      -0.0000018229895761      -0.0000014847531906
1.8325957145940457     10.4092690717745811      -0.0000018466317721      -0.0000014851429902
1.8325957145940457     10.5346819521574080      -0.0000018706508533      -0.0000014855445196
1.8325957145940457     10.6600948325402349      -0.0000018950581528      -0.0000014859581503
1.8325957145940457     10.7855077129230619      -0.0000019198653796      -0.0000014863842956
1.8325957145940457     10.9109205933058888      -0.0000019450846500      -0.0000014868234024
1.8325957145940457     11.0363334736887158      -0.0000019707285214      -0.0000014872759497
1.8325957145940457     11.1617463540715427      -0.0000019968100223      -0.0000014877424474
1.8325957145940457     11.2871592344543696      -0.0000020233426809      -0.0000014882234379
1.8325957145940457     11.4125721148371966      -0.0000020503405550      -0.0000014887194932
1.8325957145940457     11.5379849952200235      -0.0000020778182641      -0.0000014892312187
1.8325957145940457     11.6633978756028505      -0.0000021057910195      -0.0000014897592537
1.8325957145940457     11.7888107559856774      -0.0000021342746585      -0.0000014903042725
1.8325957145940457     11.9142236363685043      -0.0000021632856794      -0.0000014908669875
1.8325957145940457     12.0396365167513313      -0.0000021928412766      -0.0000014914481511
1.8325957145940457     12.1650493971341582      -0.0000022229593810      -0.0000014920485576
1.8325957145940457     12.2904622775169852      -0.0000022536586993      -0.0000014926690466
1.8325957145940457     12.4158751578998121      -0.0000022849587589      -0.0000014933105052
1.8325957145940457     12.5412880382826391      -0.0000023168799535      -0.0000014939738709
1.8325957145940457     12.6667009186654660      -0.0000023494435929      -0.0000014946601351
1.8325957145940457     12.7921137990482929      -0.0000023826719564      -0.0000014953703462
1.8325957145940457     12.9175266794311199      -0.0000024165883490      -0.0000014961056142
1.8325957145940457     13.0429395598139468      -0.0000024512171620      -0.0000014968671150
1.8325957145940457     13.1683524401967738      -0.0000024865839370      -0.0000014976560941
1.8325957145940457     13.2937653205796007      -0.0000025227154370      -0.0000014984738728
1.8325957145940457     13.4191782009624276      -0.0000025596397190      -0.0000014993218538
1.8325957145940457     13.5445910813452546      -0.0000025973862139      -0.0000015002015263
1.8325957145940457     13.6700039617280815      -0.0000026359858134      -0.0000015011144733
1.8325957145940457     13.7954168421109085      -0.0000026754709608      -0.0000015020623788
1.8325957145940457     13.9208297224937354      -0.0000027158757507      -0.0000015030470354
1.8325957145940457     14.0462426028765623      -0.0000027572360357      -0.0000015040703521
1.8325957145940457     14.1716554832593893      -0.0000027995895419      -0.0000015051343642
1.8325957145940457     14.2970683636422162      -0.0000028429759936      -0.0000015062412431
1.8325957145940457     14.4224812440250432      -0.0000028874372474      -0.0000015073933075
1.8325957145940457     14.5478941244078701      -0.0000029330174387      -0.0000015085930354
1.8325957145940457     14.6733070047906971      -0.0000029797631381      -0.0000015098430778
1.8325957145940457     14.7987198851735240      -0.0000030277235240      -0.0000015111462731
1.8325957145940457     14.9241327655563509      -0.0000030769505659      -0.0000015125056638
1.8325957145940457     15.0495456459391779      -0.0000031274992281      -0.0000015139245131
1.8325957145940457     15.1749585263220048      -0.0000031794276881      -0.0000015154063260
1.8325957145940457     15.3003714067048318      -0.0000032327975751      -0.0000015169548703
1.8325957145940457     15.4257842870876587      -0.0000032876742319      -0.0000015185741996
1.8325957145940457     15.5511971674704856      -0.0000033441269986      -0.0000015202686824
1.8325957145940457     15.6766100478533126      -0.0000034022295237      -0.0000015220430297
    
2.0943951023931957     0.0000000000000000      -0.0000004704130956      -0.0000011734693661
2.0943951023931957     0.1254128803828261      -0.0000004789300522      -0.0000011735122548
2.0943951023931957     0.2508257607656522      -0.0000004874910473      -0.0000011735561942
2.0943951023931957     0.3762386411484783      -0.0000004960971031      -0.0000011736012026
2.0943951023931957     0.5016515215313043      -0.0000005047492599      -0.0000011736472989
2.0943951023931957     0.6270644019141304      -0.0000005134485767      -0.0000011736945023
2.0943951023931957     0.7524772822969564      -0.0000005221961314      -0.0000011737428329
2.0943951023931957     0.8778901626797825      -0.0000005309930219      -0.0000011737923114
2.0943951023931957     1.0033030430626086      -0.0000005398403663      -0.0000011738429592
2.0943951023931957     1.1287159234454347      -0.0000005487393034      -0.0000011738947983
2.0943951023931957     1.2541288038282608      -0.0000005576909940      -0.0000011739478513
2.0943951023931957     1.3795416842110868      -0.0000005666966208      -0.0000011740021416
2.0943951023931957     1.5049545645939129      -0.0000005757573899      -0.0000011740576935
2.0943951023931957     1.6303674449767389      -0.0000005848745305      -0.0000011741145318
2.0943951023931957     1.7557803253595650      -0.0000005940492967      -0.0000011741726825
2.0943951023931957     1.8811932057423910      -0.0000006032829674      -0.0000011742321717
2.0943951023931957     2.0066060861252173      -0.0000006125768478      -0.0000011742930270
2.0943951023931957     2.1320189665080433      -0.0000006219322699      -0.0000011743552762
2.0943951023931957     2.2574318468908694      -0.0000006313505932      -0.0000011744189486
2.0943951023931957     2.3828447272736955      -0.0000006408332062      -0.0000011744840739
2.0943951023931957     2.5082576076565215      -0.0000006503815270      -0.0000011745506833
2.0943951023931957     2.6336704880393476      -0.0000006599970035      -0.0000011746188089
2.0943951023931957     2.7590833684221736      -0.0000006696811158      -0.0000011746884837
2.0943951023931957     2.8844962488049997      -0.0000006794353760      -0.0000011747597422
2.0943951023931957     3.0099091291878257      -0.0000006892613300      -0.0000011748326198
2.0943951023931957     3.1353220095706518      -0.0000006991605583      -0.0000011749071532
2.0943951023931957     3.2607348899534778      -0.0000007091346770      -0.0000011749833807
2.0943951023931957     3.3861477703363039      -0.0000007191853393      -0.0000011750613413
2.0943951023931957     3.5115606507191299      -0.0000007293142368      -0.0000011751410757
2.0943951023931957     3.6369735311019560      -0.0000007395231006      -0.0000011752226257
2.0943951023931957     3.7623864114847820      -0.0000007498137033      -0.0000011753060345
2.0943951023931957     3.8877992918676081      -0.0000007601878600      -0.0000011753913467
2.0943951023931957     4.0132121722504346      -0.0000007706474304      -0.0000011754786089
2.0943951023931957     4.1386250526332606      -0.0000007811943202      -0.0000011755678692
2.0943951023931957     4.2640379330160867      -0.0000007918304826      -0.0000011756591780
2.0943951023931957     4.3894508133989127      -0.0000008025579206      -0.0000011757525878
2.0943951023931957     4.5148636937817388      -0.0000008133786887      -0.0000011758481532
2.0943951023931957     4.6402765741645648      -0.0000008242948954      -0.0000011759459317
2.0943951023931957     4.7656894545473909      -0.0000008353087046      -0.0000011760459838
2.0943951023931957     4.8911023349302170      -0.0000008464223391      -0.0000011761483720
2.0943951023931957     5.0165152153130430      -0.0000008576380834      -0.0000011762531630
2.0943951023931957     5.1419280956958691      -0.0000008689582863      -0.0000011763604268
2.0943951023931957     5.2673409760786951      -0.0000008803853646      -0.0000011764702371
2.0943951023931957     5.3927538564615212      -0.0000008919218089      -0.0000011765826722
2.0943951023931957     5.5181667368443472      -0.0000009035701876      -0.0000011766978164
2.0943951023931957     5.6435796172271733      -0.0000009153331524      -0.0000011768157613
2.0943951023931957     5.7689924976099993      -0.0000009272134467      -0.0000011769366064
2.0943951023931957     5.8944053779928254      -0.0000009392139158      -0.0000011770604630
2.0943951023931957     6.0198182583756514      -0.0000009513375179      -0.0000011771874591
2.0943951023931957     6.1452311387584775      -0.0000009635873412      -0.0000011773177438
2.0943951023931957     6.2706440191413035      -0.0000009759666275      -0.0000011774514987
2.0943951023931957     6.3960568995241296      -0.0000009884788056      -0.0000011775889546
2.0943951023931957     6.5214697799069556      -0.0000010011275429      -0.0000011777304213
2.0943951023931957     6.6468826602897817      -0.0000010139168311      -0.0000011778763470
2.0943951023931957     6.7722955406726077      -0.0000010268511291      -0.0000011780274478
2.0943951023931957     6.8977084210554338      -0.0000010399356145      -0.0000011781850222
2.0943951023931957     7.0231213014382599      -0.0000010531766212      -0.0000011783518578
2.0943951023931957     7.1485341818210859      -0.0000010665818682      -0.0000011785354469
2.0943951023931957     7.2739470622039120      -0.0000010801521681      -0.0000011787598920
2.0943951023931957     7.3993599425867380      -0.0000010938061660      -0.0000011790314587
2.0943951023931957     7.5247728229695641      -0.0000011076327306      -0.0000011791698463
2.0943951023931957     7.6501857033523901      -0.0000011217567684      -0.0000011793696747
2.0943951023931957     7.7755985837352162      -0.0000011361189705      -0.0000011796772225
2.0943951023931957     7.9010114641180422      -0.0000011506903904      -0.0000011802509979
2.0943951023931957     8.0264243445008692      -0.0000011651210136      -0.0000011811431692
2.0943951023931957     8.1518372248836961      -0.0000011788837571      -0.0000011822833574
2.0943951023931957     8.2772501052665231      -0.0000011924421211      -0.0000011815400599
2.0943951023931957     8.4026629856493500      -0.0000012076473701      -0.0000011809212231
2.0943951023931957     8.5280758660321769      -0.0000012231711699      -0.0000011807980152
2.0943951023931957     8.6534887464150039      -0.0000012388516495      -0.0000011808826850
2.0943951023931957     8.7789016267978308      -0.0000012546821494      -0.0000011810773575
2.0943951023931957     8.9043145071806578      -0.0000012706299740      -0.0000011813345055
2.0943951023931957     9.0297273875634847      -0.0000012867380441      -0.0000011815839913
2.0943951023931957     9.1551402679463116      -0.0000013030137899      -0.0000011817378722
2.0943951023931957     9.2805531483291386      -0.0000013196355118      -0.0000011818896032
2.0943951023931957     9.4059660287119655      -0.0000013364994275      -0.0000011821015033
2.0943951023931957     9.5313789090947925      -0.0000013535938624      -0.0000011823387951
2.0943951023931957     9.6567917894776194      -0.0000013709291181      -0.0000011825903332
2.0943951023931957     9.7822046698604463      -0.0000013885152479      -0.0000011828526167
2.0943951023931957     9.9076175502432733      -0.0000014063613887      -0.0000011831243998
2.0943951023931957     10.0330304306261002      -0.0000014244762391      -0.0000011834052379
2.0943951023931957     10.1584433110089272      -0.0000014428683623      -0.0000011836950360
2.0943951023931957     10.2838561913917541      -0.0000014615463582      -0.0000011839938693
2.0943951023931957     10.4092690717745811      -0.0000014805189743      -0.0000011843019118
2.0943951023931957     10.5346819521574080      -0.0000014997951663      -0.0000011846194045
2.0943951023931957     10.6600948325402349      -0.0000015193841459      -0.0000011849466325
2.0943951023931957     10.7855077129230619      -0.0000015392954201      -0.0000011852839186
2.0943951023931957     10.9109205933058888      -0.0000015595388183      -0.0000011856316160
2.0943951023931957     11.0363334736887158      -0.0000015801245226      -0.0000011859901052
2.0943951023931957     11.1617463540715427      -0.0000016010630936      -0.0000011863597933
2.0943951023931957     11.2871592344543696      -0.0000016223654942      -0.0000011867411143
2.0943951023931957     11.4125721148371966      -0.0000016440431147      -0.0000011871345274
2.0943951023931957     11.5379849952200235      -0.0000016661077997      -0.0000011875405191
2.0943951023931957     11.6633978756028505      -0.0000016885718731      -0.0000011879596034
2.0943951023931957     11.7888107559856774      -0.0000017114481659      -0.0000011883923236
2.0943951023931957     11.9142236363685043      -0.0000017347500453      -0.0000011888392538
2.0943951023931957     12.0396365167513313      -0.0000017584914433      -0.0000011893010003
2.0943951023931957     12.1650493971341582      -0.0000017826868902      -0.0000011897782040
2.0943951023931957     12.2904622775169852      -0.0000018073515465      -0.0000011902715424
2.0943951023931957     12.4158751578998121      -0.0000018325012397      -0.0000011907817315
2.0943951023931957     12.5412880382826391      -0.0000018581525017      -0.0000011913095288
2.0943951023931957     12.6667009186654660      -0.0000018843226096      -0.0000011918557353
2.0943951023931957     12.7921137990482929      -0.0000019110296287      -0.0000011924211985
2.0943951023931957     12.9175266794311199      -0.0000019382924596      -0.0000011930068163
2.0943951023931957     13.0429395598139468      -0.0000019661308865      -0.0000011936135401
2.0943951023931957     13.1683524401967738      -0.0000019945656302      -0.0000011942423782
2.0943951023931957     13.2937653205796007      -0.0000020236184060      -0.0000011948944002
2.0943951023931957     13.4191782009624276      -0.0000020533119834      -0.0000011955707423
2.0943951023931957     13.5445910813452546      -0.0000020836702511      -0.0000011962726111
2.0943951023931957     13.6700039617280815      -0.0000021147182884      -0.0000011970012894
2.0943951023931957     13.7954168421109085      -0.0000021464824396      -0.0000011977581422
2.0943951023931957     13.9208297224937354      -0.0000021789903952      -0.0000011985446232
2.0943951023931957     14.0462426028765623      -0.0000022122712798      -0.0000011993622809
2.0943951023931957     14.1716554832593893      -0.0000022463557467      -0.0000012002127669
2.0943951023931957     14.2970683636422162      -0.0000022812760795      -0.0000012010978439
2.0943951023931957     14.4224812440250432      -0.0000023170663027      -0.0000012020193947
2.0943951023931957     14.5478941244078701      -0.0000023537623012      -0.0000012029794324
2.0943951023931957     14.6733070047906971      -0.0000023914019491      -0.0000012039801113
2.0943951023931957     14.7987198851735240      -0.0000024300252506      -0.0000012050237392
2.0943951023931957     14.9241327655563509      -0.0000024696744914      -0.0000012061127902
2.0943951023931957     15.0495456459391779      -0.0000025103944049      -0.0000012072499193
2.0943951023931957     15.1749585263220048      -0.0000025522323525      -0.0000012084379794
2.0943951023931957     15.3003714067048318      -0.0000025952385187      -0.0000012096800380
2.0943951023931957     15.4257842870876587      -0.0000026394661268      -0.0000012109793975
2.0943951023931957     15.5511971674704856      -0.0000026849716720      -0.0000012123396176
2.0943951023931957     15.6766100478533126      -0.0000027318151774      -0.0000012137645389
    
2.3561944901923448     0.0000000000000000      -0.0000003088294921      -0.0000007670820054
2.3561944901923448     0.1254128803828261      -0.0000003144029541      -0.0000007671084807
2.3561944901923448     0.2508257607656522      -0.0000003200053368      -0.0000007671356367
2.3561944901923448     0.3762386411484783      -0.0000003256373114      -0.0000007671634851
2.3561944901923448     0.5016515215313043      -0.0000003312995604      -0.0000007671920382
2.3561944901923448     0.6270644019141304      -0.0000003369927789      -0.0000007672213088
2.3561944901923448     0.7524772822969564      -0.0000003427176745      -0.0000007672513099
2.3561944901923448     0.8778901626797825      -0.0000003484749676      -0.0000007672820549
2.3561944901923448     1.0033030430626086      -0.0000003542653921      -0.0000007673135578
2.3561944901923448     1.1287159234454347      -0.0000003600896957      -0.0000007673458328
2.3561944901923448     1.2541288038282608      -0.0000003659486403      -0.0000007673788947
2.3561944901923448     1.3795416842110868      -0.0000003718430024      -0.0000007674127586
2.3561944901923448     1.5049545645939129      -0.0000003777735741      -0.0000007674474402
2.3561944901923448     1.6303674449767389      -0.0000003837411626      -0.0000007674829556
2.3561944901923448     1.7557803253595650      -0.0000003897465916      -0.0000007675193215
2.3561944901923448     1.8811932057423910      -0.0000003957907013      -0.0000007675565551
2.3561944901923448     2.0066060861252173      -0.0000004018743491      -0.0000007675946740
2.3561944901923448     2.1320189665080433      -0.0000004079984103      -0.0000007676336966
2.3561944901923448     2.2574318468908694      -0.0000004141637785      -0.0000007676736420
2.3561944901923448     2.3828447272736955      -0.0000004203713661      -0.0000007677145297
2.3561944901923448     2.5082576076565215      -0.0000004266221049      -0.0000007677563804
2.3561944901923448     2.6336704880393476      -0.0000004329169469      -0.0000007677992149
2.3561944901923448     2.7590833684221736      -0.0000004392568649      -0.0000007678430549
2.3561944901923448     2.8844962488049997      -0.0000004456428533      -0.0000007678879230
2.3561944901923448     3.0099091291878257      -0.0000004520759286      -0.0000007679338423
2.3561944901923448     3.1353220095706518      -0.0000004585571304      -0.0000007679808369
2.3561944901923448     3.2607348899534778      -0.0000004650875222      -0.0000007680289316
2.3561944901923448     3.3861477703363039      -0.0000004716681918      -0.0000007680781520
2.3561944901923448     3.5115606507191299      -0.0000004783002532      -0.0000007681285248
2.3561944901923448     3.6369735311019560      -0.0000004849848463      -0.0000007681800774
2.3561944901923448     3.7623864114847820      -0.0000004917231389      -0.0000007682328384
2.3561944901923448     3.8877992918676081      -0.0000004985163273      -0.0000007682868375
2.3561944901923448     4.0132121722504346      -0.0000005053656376      -0.0000007683421057
2.3561944901923448     4.1386250526332606      -0.0000005122723263      -0.0000007683986751
2.3561944901923448     4.2640379330160867      -0.0000005192376824      -0.0000007684565796
2.3561944901923448     4.3894508133989127      -0.0000005262630282      -0.0000007685158545
2.3561944901923448     4.5148636937817388      -0.0000005333497207      -0.0000007685765364
2.3561944901923448     4.6402765741645648      -0.0000005404991539      -0.0000007686386641
2.3561944901923448     4.7656894545473909      -0.0000005477127595      -0.0000007687022784
2.3561944901923448     4.8911023349302170      -0.0000005549920102      -0.0000007687674221
2.3561944901923448     5.0165152153130430      -0.0000005623384209      -0.0000007688341408
2.3561944901923448     5.1419280956958691      -0.0000005697535518      -0.0000007689024828
2.3561944901923448     5.2673409760786951      -0.0000005772390114      -0.0000007689724998
2.3561944901923448     5.3927538564615212      -0.0000005847964601      -0.0000007690442475
2.3561944901923448     5.5181667368443472      -0.0000005924276151      -0.0000007691177871
2.3561944901923448     5.6435796172271733      -0.0000006001342543      -0.0000007691931861
2.3561944901923448     5.7689924976099993      -0.0000006079182237      -0.0000007692705201
2.3561944901923448     5.8944053779928254      -0.0000006157814474      -0.0000007693498754
2.3561944901923448     6.0198182583756514      -0.0000006237259371      -0.0000007694313539
2.3561944901923448     6.1452311387584775      -0.0000006317538093      -0.0000007695150784
2.3561944901923448     6.2706440191413035      -0.0000006398673080      -0.0000007696012037
2.3561944901923448     6.3960568995241296      -0.0000006480688380      -0.0000007696899332
2.3561944901923448     6.5214697799069556      -0.0000006563610183      -0.0000007697815516
2.3561944901923448     6.6468826602897817      -0.0000006647467679      -0.0000007698764871
2.3561944901923448     6.7722955406726077      -0.0000006732294542      -0.0000007699754501
2.3561944901923448     6.8977084210554338      -0.0000006818131555      -0.0000007700797789
2.3561944901923448     7.0231213014382599      -0.0000006905030923      -0.0000007701924598
2.3561944901923448     7.1485341818210859      -0.0000006993054969      -0.0000007703217470
2.3561944901923448     7.2739470622039120      -0.0000007082167055      -0.0000007704909719
2.3561944901923448     7.3993599425867380      -0.0000007171635197      -0.0000007707046015
2.3561944901923448     7.5247728229695641      -0.0000007262063403      -0.0000007707892624
2.3561944901923448     7.6501857033523901      -0.0000007355011479      -0.0000007709100575
2.3561944901923448     7.7755985837352162      -0.0000007449825243      -0.0000007711367788
2.3561944901923448     7.9010114641180422      -0.0000007546473325      -0.0000007716095728
2.3561944901923448     8.0264243445008692      -0.0000007641575837      -0.0000007725292439
2.3561944901923448     8.1518372248836961      -0.0000007726531300      -0.0000007736190956
2.3561944901923448     8.2772501052665231      -0.0000007811679494      -0.0000007726784832
2.3561944901923448     8.4026629856493500      -0.0000007912514420      -0.0000007720171907
2.3561944901923448     8.5280758660321769      -0.0000008015227821      -0.0000007718754212
2.3561944901923448     8.6534887464150039      -0.0000008118441439      -0.0000007719432429
2.3561944901923448     8.7789016267978308      -0.0000008221872841      -0.0000007720446224
2.3561944901923448     8.9043145071806578      -0.0000008326594561      -0.0000007721673176
2.3561944901923448     9.0297273875634847      -0.0000008432368986      -0.0000007723176095
2.3561944901923448     9.1551402679463116      -0.0000008539034801      -0.0000007723941092
2.3561944901923448     9.2805531483291386      -0.0000008648169465      -0.0000007724692952
2.3561944901923448     9.4059660287119655      -0.0000008758884620      -0.0000007725960311
2.3561944901923448     9.5313789090947925      -0.0000008871072375      -0.0000007727438278
2.3561944901923448     9.6567917894776194      -0.0000008984812302      -0.0000007729027577
2.3561944901923448     9.7822046698604463      -0.0000009100179516      -0.0000007730696275
2.3561944901923448     9.9076175502432733      -0.0000009217239791      -0.0000007732432353
2.3561944901923448     10.0330304306261002      -0.0000009336054045      -0.0000007734230939
2.3561944901923448     10.1584433110089272      -0.0000009456681128      -0.0000007736090297
2.3561944901923448     10.2838561913917541      -0.0000009579179416      -0.0000007738010238
2.3561944901923448     10.4092690717745811      -0.0000009703607773      -0.0000007739991449
2.3561944901923448     10.5346819521574080      -0.0000009830026122      -0.0000007742035197
2.3561944901923448     10.6600948325402349      -0.0000009958495845      -0.0000007744143131
2.3561944901923448     10.7855077129230619      -0.0000010089080107      -0.0000007746317201
2.3561944901923448     10.9109205933058888      -0.0000010221844076      -0.0000007748559601
2.3561944901923448     11.0363334736887158      -0.0000010356855154      -0.0000007750872733
2.3561944901923448     11.1617463540715427      -0.0000010494183166      -0.0000007753259191
2.3561944901923448     11.2871592344543696      -0.0000010633900533      -0.0000007755721763
2.3561944901923448     11.4125721148371966      -0.0000010776082451      -0.0000007758263415
2.3561944901923448     11.5379849952200235      -0.0000010920807075      -0.0000007760887299
2.3561944901923448     11.6633978756028505      -0.0000011068155689      -0.0000007763596755
2.3561944901923448     11.7888107559856774      -0.0000011218212899      -0.0000007766395323
2.3561944901923448     11.9142236363685043      -0.0000011371066823      -0.0000007769286743
2.3561944901923448     12.0396365167513313      -0.0000011526809290      -0.0000007772274974
2.3561944901923448     12.1650493971341582      -0.0000011685536061      -0.0000007775364199
2.3561944901923448     12.2904622775169852      -0.0000011847347043      -0.0000007778558847
2.3561944901923448     12.4158751578998121      -0.0000012012346533      -0.0000007781863597
2.3561944901923448     12.5412880382826391      -0.0000012180643470      -0.0000007785283406
2.3561944901923448     12.6667009186654660      -0.0000012352351699      -0.0000007788823516
2.3561944901923448     12.7921137990482929      -0.0000012527590264      -0.0000007792489479
2.3561944901923448     12.9175266794311199      -0.0000012706483711      -0.0000007796287177
2.3561944901923448     13.0429395598139468      -0.0000012889162413      -0.0000007800222849
2.3561944901923448     13.1683524401967738      -0.0000013075762920      -0.0000007804303105
2.3561944901923448     13.2937653205796007      -0.0000013266428341      -0.0000007808534962
2.3561944901923448     13.4191782009624276      -0.0000013461308737      -0.0000007812925875
2.3561944901923448     13.5445910813452546      -0.0000013660561558      -0.0000007817483759
2.3561944901923448     13.6700039617280815      -0.0000013864352105      -0.0000007822217036
2.3561944901923448     13.7954168421109085      -0.0000014072854034      -0.0000007827134663
2.3561944901923448     13.9208297224937354      -0.0000014286249886      -0.0000007832246183
2.3561944901923448     14.0462426028765623      -0.0000014504731670      -0.0000007837561764
2.3561944901923448     14.1716554832593893      -0.0000014728501492      -0.0000007843092252
2.3561944901923448     14.2970683636422162      -0.0000014957772222      -0.0000007848849227
2.3561944901923448     14.4224812440250432      -0.0000015192768229      -0.0000007854845059
2.3561944901923448     14.5478941244078701      -0.0000015433726171      -0.0000007861092979
2.3561944901923448     14.6733070047906971      -0.0000015680895847      -0.0000007867607146
2.3561944901923448     14.7987198851735240      -0.0000015934541127      -0.0000007874402735
2.3561944901923448     14.9241327655563509      -0.0000016194940960      -0.0000007881496013
2.3561944901923448     15.0495456459391779      -0.0000016462390469      -0.0000007888904443
2.3561944901923448     15.1749585263220048      -0.0000016737202148      -0.0000007896646790
2.3561944901923448     15.3003714067048318      -0.0000017019707152      -0.0000007904743240
2.3561944901923448     15.4257842870876587      -0.0000017310256723      -0.0000007913215525
2.3561944901923448     15.5511971674704856      -0.0000017609223739      -0.0000007922087076
2.3561944901923448     15.6766100478533126      -0.0000017917004406      -0.0000007931383179
    
2.6179938779914940     0.0000000000000000      -0.0000001444855199      -0.0000003609515460
2.6179938779914940     0.1254128803828261      -0.0000001471036587      -0.0000003609629520
2.6179938779914940     0.2508257607656522      -0.0000001497353002      -0.0000003609746715
2.6179938779914940     0.3762386411484783      -0.0000001523807590      -0.0000003609867101
2.6179938779914940     0.5016515215313043      -0.0000001550403547      -0.0000003609990734
2.6179938779914940     0.6270644019141304      -0.0000001577144131      -0.0000003610117675
2.6179938779914940     0.7524772822969564      -0.0000001604032656      -0.0000003610247983
2.6179938779914940     0.8778901626797825      -0.0000001631072496      -0.0000003610381723
2.6179938779914940     1.0033030430626086      -0.0000001658267087      -0.0000003610518958
2.6179938779914940     1.1287159234454347      -0.0000001685619934      -0.0000003610659753
2.6179938779914940     1.2541288038282608      -0.0000001713134604      -0.0000003610804178
2.6179938779914940     1.3795416842110868      -0.0000001740814736      -0.0000003610952301
2.6179938779914940     1.5049545645939129      -0.0000001768664040      -0.0000003611104194
2.6179938779914940     1.6303674449767389      -0.0000001796686300      -0.0000003611259929
2.6179938779914940     1.7557803253595650      -0.0000001824885378      -0.0000003611419585
2.6179938779914940     1.8811932057423910      -0.0000001853265213      -0.0000003611583239
2.6179938779914940     2.0066060861252173      -0.0000001881829827      -0.0000003611750974
2.6179938779914940     2.1320189665080433      -0.0000001910583326      -0.0000003611922876
2.6179938779914940     2.2574318468908694      -0.0000001939529903      -0.0000003612099034
2.6179938779914940     2.3828447272736955      -0.0000001968673836      -0.0000003612279545
2.6179938779914940     2.5082576076565215      -0.0000001998019499      -0.0000003612464503
2.6179938779914940     2.6336704880393476      -0.0000002027571358      -0.0000003612654008
2.6179938779914940     2.7590833684221736      -0.0000002057333979      -0.0000003612848161
2.6179938779914940     2.8844962488049997      -0.0000002087312032      -0.0000003613047068
2.6179938779914940     3.0099091291878257      -0.0000002117510293      -0.0000003613250839
2.6179938779914940     3.1353220095706518      -0.0000002147933647      -0.0000003613459584
2.6179938779914940     3.2607348899534778      -0.0000002178587098      -0.0000003613673420
2.6179938779914940     3.3861477703363039      -0.0000002209475766      -0.0000003613892467
2.6179938779914940     3.5115606507191299      -0.0000002240604899      -0.0000003614116851
2.6179938779914940     3.6369735311019560      -0.0000002271979874      -0.0000003614346704
2.6179938779914940     3.7623864114847820      -0.0000002303606200      -0.0000003614582167
2.6179938779914940     3.8877992918676081      -0.0000002335489528      -0.0000003614823383
2.6179938779914940     4.0132121722504346      -0.0000002367635655      -0.0000003615070508
2.6179938779914940     4.1386250526332606      -0.0000002400050528      -0.0000003615323705
2.6179938779914940     4.2640379330160867      -0.0000002432740253      -0.0000003615583143
2.6179938779914940     4.3894508133989127      -0.0000002465711107      -0.0000003615849000
2.6179938779914940     4.5148636937817388      -0.0000002498969544      -0.0000003616121464
2.6179938779914940     4.6402765741645648      -0.0000002532522205      -0.0000003616400732
2.6179938779914940     4.7656894545473909      -0.0000002566375938      -0.0000003616687015
2.6179938779914940     4.8911023349302170      -0.0000002600537804      -0.0000003616980539
2.6179938779914940     5.0165152153130430      -0.0000002635015093      -0.0000003617281549
2.6179938779914940     5.1419280956958691      -0.0000002669815355      -0.0000003617590308
2.6179938779914940     5.2673409760786951      -0.0000002704946413      -0.0000003617907112
2.6179938779914940     5.3927538564615212      -0.0000002740416392      -0.0000003618232294
2.6179938779914940     5.5181667368443472      -0.0000002776233760      -0.0000003618566229
2.6179938779914940     5.6435796172271733      -0.0000002812407367      -0.0000003618909353
2.6179938779914940     5.7689924976099993      -0.0000002848946504      -0.0000003619262180
2.6179938779914940     5.8944053779928254      -0.0000002885860986      -0.0000003619625327
2.6179938779914940     6.0198182583756514      -0.0000002923161255      -0.0000003619999549
2.6179938779914940     6.1452311387584775      -0.0000002960858543      -0.0000003620385812
2.6179938779914940     6.2706440191413035      -0.0000002998965094      -0.0000003620785399
2.6179938779914940     6.3960568995241296      -0.0000003037494497      -0.0000003621200080
2.6179938779914940     6.5214697799069556      -0.0000003076462242      -0.0000003621632466
2.6179938779914940     6.6468826602897817      -0.0000003115886595      -0.0000003622086688
2.6179938779914940     6.7722955406726077      -0.0000003155790154      -0.0000003622569893
2.6179938779914940     6.8977084210554338      -0.0000003196202619      -0.0000003623096166
2.6179938779914940     7.0231213014382599      -0.0000003237164908      -0.0000003623698404
2.6179938779914940     7.1485341818210859      -0.0000003278721365      -0.0000003624470485
2.6179938779914940     7.2739470622039120      -0.0000003320766443      -0.0000003625620920
2.6179938779914940     7.3993599425867380      -0.0000003362778058      -0.0000003627152355
2.6179938779914940     7.5247728229695641      -0.0000003404846749      -0.0000003627582570
2.6179938779914940     7.6501857033523901      -0.0000003449008548      -0.0000003627973424
2.6179938779914940     7.7755985837352162      -0.0000003494541088      -0.0000003629512406
2.6179938779914940     7.9010114641180422      -0.0000003541438829      -0.0000003633361267
2.6179938779914940     8.0264243445008692      -0.0000003586770916      -0.0000003642797990
2.6179938779914940     8.1518372248836961      -0.0000003617699134      -0.0000003652451926
2.6179938779914940     8.2772501052665231      -0.0000003653333991      -0.0000003640790131
2.6179938779914940     8.4026629856493500      -0.0000003702589532      -0.0000003634346639
2.6179938779914940     8.5280758660321769      -0.0000003752317904      -0.0000003633202875
2.6179938779914940     8.6534887464150039      -0.0000003801065417      -0.0000003634408778
2.6179938779914940     8.7789016267978308      -0.0000003848046894      -0.0000003634343006
2.6179938779914940     8.9043145071806578      -0.0000003897354138      -0.0000003633640758
2.6179938779914940     9.0297273875634847      -0.0000003947370005      -0.0000003633861693
2.6179938779914940     9.1551402679463116      -0.0000003997603984      -0.0000003633905840
2.6179938779914940     9.2805531483291386      -0.0000004049006338      -0.0000003634033559
2.6179938779914940     9.4059660287119655      -0.0000004101083518      -0.0000003634502166
2.6179938779914940     9.5313789090947925      -0.0000004153786674      -0.0000003635110870
2.6179938779914940     9.6567917894776194      -0.0000004207170646      -0.0000003635791260
2.6179938779914940     9.7822046698604463      -0.0000004261282283      -0.0000003636519709
2.6179938779914940     9.9076175502432733      -0.0000004316159831      -0.0000003637286358
2.6179938779914940     10.0330304306261002      -0.0000004371836746      -0.0000003638086564
2.6179938779914940     10.1584433110089272      -0.0000004428343964      -0.0000003638918067
2.6179938779914940     10.2838561913917541      -0.0000004485711206      -0.0000003639779844
2.6179938779914940     10.4092690717745811      -0.0000004543967729      -0.0000003640671578
2.6179938779914940     10.5346819521574080      -0.0000004603142821      -0.0000003641593396
2.6179938779914940     10.6600948325402349      -0.0000004663266108      -0.0000003642545733
2.6179938779914940     10.7855077129230619      -0.0000004724367795      -0.0000003643529237
2.6179938779914940     10.9109205933058888      -0.0000004786478831      -0.0000003644544735
2.6179938779914940     11.0363334736887158      -0.0000004849631055      -0.0000003645593185
2.6179938779914940     11.1617463540715427      -0.0000004913857315      -0.0000003646675670
2.6179938779914940     11.2871592344543696      -0.0000004979191571      -0.0000003647793378
2.6179938779914940     11.4125721148371966      -0.0000005045668998      -0.0000003648947601
2.6179938779914940     11.5379849952200235      -0.0000005113326078      -0.0000003650139730
2.6179938779914940     11.6633978756028505      -0.0000005182200686      -0.0000003651371250
2.6179938779914940     11.7888107559856774      -0.0000005252332195      -0.0000003652643746
2.6179938779914940     11.9142236363685043      -0.0000005323761563      -0.0000003653958899
2.6179938779914940     12.0396365167513313      -0.0000005396531432      -0.0000003655318492
2.6179938779914940     12.1650493971341582      -0.0000005470686233      -0.0000003656724415
2.6179938779914940     12.2904622775169852      -0.0000005546272288      -0.0000003658178668
2.6179938779914940     12.4158751578998121      -0.0000005623337928      -0.0000003659683368
2.6179938779914940     12.5412880382826391      -0.0000005701933610      -0.0000003661240762
2.6179938779914940     12.6667009186654660      -0.0000005782112035      -0.0000003662853226
2.6179938779914940     12.7921137990482929      -0.0000005863928290      -0.0000003664523282
2.6179938779914940     12.9175266794311199      -0.0000005947439980      -0.0000003666253605
2.6179938779914940     13.0429395598139468      -0.0000006032707382      -0.0000003668047031
2.6179938779914940     13.1683524401967738      -0.0000006119793605      -0.0000003669906568
2.6179938779914940     13.2937653205796007      -0.0000006208764764      -0.0000003671835411
2.6179938779914940     13.4191782009624276      -0.0000006299690161      -0.0000003673836950
2.6179938779914940     13.5445910813452546      -0.0000006392642485      -0.0000003675914789
2.6179938779914940     13.6700039617280815      -0.0000006487698023      -0.0000003678072760
2.6179938779914940     13.7954168421109085      -0.0000006584936891      -0.0000003680314930
2.6179938779914940     13.9208297224937354      -0.0000006684443282      -0.0000003682645642
2.6179938779914940     14.0462426028765623      -0.0000006786305724      -0.0000003685069514
2.6179938779914940     14.1716554832593893      -0.0000006890617371      -0.0000003687591477
2.6179938779914940     14.2970683636422162      -0.0000006997476305      -0.0000003690216792
2.6179938779914940     14.4224812440250432      -0.0000007106985875      -0.0000003692951080
2.6179938779914940     14.5478941244078701      -0.0000007219255050      -0.0000003695800348
2.6179938779914940     14.6733070047906971      -0.0000007334398813      -0.0000003698771030
2.6179938779914940     14.7987198851735240      -0.0000007452538576      -0.0000003701870014
2.6179938779914940     14.9241327655563509      -0.0000007573802648      -0.0000003705104679
2.6179938779914940     15.0495456459391779      -0.0000007698326725      -0.0000003708482951
2.6179938779914940     15.1749585263220048      -0.0000007826254438      -0.0000003712013336
2.6179938779914940     15.3003714067048318      -0.0000007957737937      -0.0000003715704988
2.6179938779914940     15.4257842870876587      -0.0000008092938533      -0.0000003719567756
2.6179938779914940     15.5511971674704856      -0.0000008232027406      -0.0000003723612253
2.6179938779914940     15.6766100478533126      -0.0000008375186368      -0.0000003727849927
    
2.8797932657906431     0.0000000000000000      -0.0000000229362182      -0.0000000637578479
2.8797932657906431     0.1254128803828261      -0.0000000233855828      -0.0000000637588223
2.8797932657906431     0.2508257607656522      -0.0000000238370281      -0.0000000637598429
2.8797932657906431     0.3762386411484783      -0.0000000242906053      -0.0000000637609105
2.8797932657906431     0.5016515215313043      -0.0000000247463663      -0.0000000637620261
2.8797932657906431     0.6270644019141304      -0.0000000252043637      -0.0000000637631907
2.8797932657906431     0.7524772822969564      -0.0000000256646510      -0.0000000637644052
2.8797932657906431     0.8778901626797825      -0.0000000261272828      -0.0000000637656708
2.8797932657906431     1.0033030430626086      -0.0000000265923143      -0.0000000637669882
2.8797932657906431     1.1287159234454347      -0.0000000270598022      -0.0000000637683586
2.8797932657906431     1.2541288038282608      -0.0000000275298040      -0.0000000637697828
2.8797932657906431     1.3795416842110868      -0.0000000280023786      -0.0000000637712618
2.8797932657906431     1.5049545645939129      -0.0000000284775856      -0.0000000637727966
2.8797932657906431     1.6303674449767389      -0.0000000289554864      -0.0000000637743881
2.8797932657906431     1.7557803253595650      -0.0000000294361437      -0.0000000637760373
2.8797932657906431     1.8811932057423910      -0.0000000299196214      -0.0000000637777454
2.8797932657906431     2.0066060861252173      -0.0000000304059848      -0.0000000637795137
2.8797932657906431     2.1320189665080433      -0.0000000308953008      -0.0000000637813435
2.8797932657906431     2.2574318468908694      -0.0000000313876379      -0.0000000637832365
2.8797932657906431     2.3828447272736955      -0.0000000318830657      -0.0000000637851948
2.8797932657906431     2.5082576076565215      -0.0000000323816551      -0.0000000637872200
2.8797932657906431     2.6336704880393476      -0.0000000328834791      -0.0000000637893139
2.8797932657906431     2.7590833684221736      -0.0000000333886122      -0.0000000637914782
2.8797932657906431     2.8844962488049997      -0.0000000338971310      -0.0000000637937145
2.8797932657906431     3.0099091291878257      -0.0000000344091144      -0.0000000637960248
2.8797932657906431     3.1353220095706518      -0.0000000349246428      -0.0000000637984110
2.8797932657906431     3.2607348899534778      -0.0000000354437997      -0.0000000638008749
2.8797932657906431     3.3861477703363039      -0.0000000359666707      -0.0000000638034184
2.8797932657906431     3.5115606507191299      -0.0000000364933444      -0.0000000638060440
2.8797932657906431     3.6369735311019560      -0.0000000370239123      -0.0000000638087544
2.8797932657906431     3.7623864114847820      -0.0000000375584686      -0.0000000638115529
2.8797932657906431     3.8877992918676081      -0.0000000380971106      -0.0000000638144428
2.8797932657906431     4.0132121722504346      -0.0000000386399392      -0.0000000638174285
2.8797932657906431     4.1386250526332606      -0.0000000391870585      -0.0000000638205142
2.8797932657906431     4.2640379330160867      -0.0000000397385767      -0.0000000638237047
2.8797932657906431     4.3894508133989127      -0.0000000402946064      -0.0000000638270049
2.8797932657906431     4.5148636937817388      -0.0000000408552658      -0.0000000638304203
2.8797932657906431     4.6402765741645648      -0.0000000414206779      -0.0000000638339567
2.8797932657906431     4.7656894545473909      -0.0000000419909736      -0.0000000638376203
2.8797932657906431     4.8911023349302170      -0.0000000425662910      -0.0000000638414194
2.8797932657906431     5.0165152153130430      -0.0000000431467763      -0.0000000638453626
2.8797932657906431     5.1419280956958691      -0.0000000437325873      -0.0000000638494602
2.8797932657906431     5.2673409760786951      -0.0000000443238936      -0.0000000638537254
2.8797932657906431     5.3927538564615212      -0.0000000449208792      -0.0000000638581750
2.8797932657906431     5.5181667368443472      -0.0000000455237448      -0.0000000638628293
2.8797932657906431     5.6435796172271733      -0.0000000461327135      -0.0000000638677143
2.8797932657906431     5.7689924976099993      -0.0000000467480338      -0.0000000638728637
2.8797932657906431     5.8944053779928254      -0.0000000473699882      -0.0000000638783210
2.8797932657906431     6.0198182583756514      -0.0000000479989031      -0.0000000638841426
2.8797932657906431     6.1452311387584775      -0.0000000486351649      -0.0000000638904060
2.8797932657906431     6.2706440191413035      -0.0000000492792414      -0.0000000638972201
2.8797932657906431     6.3960568995241296      -0.0000000499317164      -0.0000000639047430
2.8797932657906431     6.5214697799069556      -0.0000000505933462      -0.0000000639132197
2.8797932657906431     6.6468826602897817      -0.0000000512651490      -0.0000000639230542
2.8797932657906431     6.7722955406726077      -0.0000000519485670      -0.0000000639349698
2.8797932657906431     6.8977084210554338      -0.0000000526457560      -0.0000000639504411
2.8797932657906431     7.0231213014382599      -0.0000000533599761      -0.0000000639730312
2.8797932657906431     7.1485341818210859      -0.0000000540942043      -0.0000000640131388
2.8797932657906431     7.2739470622039120      -0.0000000548317170      -0.0000000640890453
2.8797932657906431     7.3993599425867380      -0.0000000555414365      -0.0000000641968383
2.8797932657906431     7.5247728229695641      -0.0000000561843638      -0.0000000642147740
2.8797932657906431     7.6501857033523901      -0.0000000570067995      -0.0000000641925742
2.8797932657906431     7.7755985837352162      -0.0000000579310654      -0.0000000642964016
2.8797932657906431     7.9010114641180422      -0.0000000589485100      -0.0000000646219236
2.8797932657906431     8.0264243445008692      -0.0000000598151037      -0.0000000655825423
2.8797932657906431     8.1518372248836961      -0.0000000588894008      -0.0000000664258339
2.8797932657906431     8.2772501052665231      -0.0000000588688562      -0.0000000650798267
2.8797932657906431     8.4026629856493500      -0.0000000600032308      -0.0000000644736783
2.8797932657906431     8.5280758660321769      -0.0000000610774032      -0.0000000644007170
2.8797932657906431     8.6534887464150039      -0.0000000619253735      -0.0000000645920742
2.8797932657906431     8.7789016267978308      -0.0000000624193099      -0.0000000644998157
2.8797932657906431     8.9043145071806578      -0.0000000632636976      -0.0000000642615616
2.8797932657906431     9.0297273875634847      -0.0000000641632852      -0.0000000641764448
2.8797932657906431     9.1551402679463116      -0.0000000650405629      -0.0000000641305052
2.8797932657906431     9.2805531483291386      -0.0000000659252813      -0.0000000641040548
2.8797932657906431     9.4059660287119655      -0.0000000668082528      -0.0000000640948511
2.8797932657906431     9.5313789090947925      -0.0000000676912185      -0.0000000640932464
2.8797932657906431     9.6567917894776194      -0.0000000685777933      -0.0000000640955171
2.8797932657906431     9.7822046698604463      -0.0000000694704623      -0.0000000641001484
2.8797932657906431     9.9076175502432733      -0.0000000703709470      -0.0000000641063923
2.8797932657906431     10.0330304306261002      -0.0000000712805197      -0.0000000641138307
2.8797932657906431     10.1584433110089272      -0.0000000722001788      -0.0000000641222112
2.8797932657906431     10.2838561913917541      -0.0000000731307524      -0.0000000641313761
2.8797932657906431     10.4092690717745811      -0.0000000740729537      -0.0000000641412217
2.8797932657906431     10.5346819521574080      -0.0000000750274237      -0.0000000641516780
2.8797932657906431     10.6600948325402349      -0.0000000759947545      -0.0000000641626989
2.8797932657906431     10.7855077129230619      -0.0000000769755061      -0.0000000641742530
2.8797932657906431     10.9109205933058888      -0.0000000779702192      -0.0000000641863210
2.8797932657906431     11.0363334736887158      -0.0000000789794228      -0.0000000641988919
2.8797932657906431     11.1617463540715427      -0.0000000800036411      -0.0000000642119614
2.8797932657906431     11.2871592344543696      -0.0000000810433981      -0.0000000642255290
2.8797932657906431     11.4125721148371966      -0.0000000820992223      -0.0000000642395996
2.8797932657906431     11.5379849952200235      -0.0000000831716490      -0.0000000642541809
2.8797932657906431     11.6633978756028505      -0.0000000842612226      -0.0000000642692830
2.8797932657906431     11.7888107559856774      -0.0000000853685006      -0.0000000642849188
2.8797932657906431     11.9142236363685043      -0.0000000864940535      -0.0000000643011028
2.8797932657906431     12.0396365167513313      -0.0000000876384687      -0.0000000643178511
2.8797932657906431     12.1650493971341582      -0.0000000888023510      -0.0000000643351812
2.8797932657906431     12.2904622775169852      -0.0000000899863255      -0.0000000643531123
2.8797932657906431     12.4158751578998121      -0.0000000911910385      -0.0000000643716643
2.8797932657906431     12.5412880382826391      -0.0000000924171600      -0.0000000643908595
2.8797932657906431     12.6667009186654660      -0.0000000936653840      -0.0000000644107216
2.8797932657906431     12.7921137990482929      -0.0000000949364315      -0.0000000644312758
2.8797932657906431     12.9175266794311199      -0.0000000962310511      -0.0000000644525497
2.8797932657906431     13.0429395598139468      -0.0000000975500209      -0.0000000644745726
2.8797932657906431     13.1683524401967738      -0.0000000988941502      -0.0000000644973754
2.8797932657906431     13.2937653205796007      -0.0000001002642814      -0.0000000645209915
2.8797932657906431     13.4191782009624276      -0.0000001016612916      -0.0000000645454553
2.8797932657906431     13.5445910813452546      -0.0000001030860958      -0.0000000645708039
2.8797932657906431     13.6700039617280815      -0.0000001045396474      -0.0000000645970764
2.8797932657906431     13.7954168421109085      -0.0000001060229418      -0.0000000646243133
2.8797932657906431     13.9208297224937354      -0.0000001075370191      -0.0000000646525580
2.8797932657906431     14.0462426028765623      -0.0000001090829656      -0.0000000646818561
2.8797932657906431     14.1716554832593893      -0.0000001106619174      -0.0000000647122564
2.8797932657906431     14.2970683636422162      -0.0000001122750626      -0.0000000647438102
2.8797932657906431     14.4224812440250432      -0.0000001139236448      -0.0000000647765722
2.8797932657906431     14.5478941244078701      -0.0000001156089664      -0.0000000648106003
2.8797932657906431     14.6733070047906971      -0.0000001173323917      -0.0000000648459563
2.8797932657906431     14.7987198851735240      -0.0000001190953502      -0.0000000648827053
2.8797932657906431     14.9241327655563509      -0.0000001208993424      -0.0000000649209161
2.8797932657906431     15.0495456459391779      -0.0000001227459419      -0.0000000649606624
2.8797932657906431     15.1749585263220048      -0.0000001246368015      -0.0000000650020220
2.8797932657906431     15.3003714067048318      -0.0000001265736579      -0.0000000650450778
2.8797932657906431     15.4257842870876587      -0.0000001285583356      -0.0000000650899183
2.8797932657906431     15.5511971674704856      -0.0000001305927538      -0.0000000651366369
2.8797932657906431     15.6766100478533126      -0.0000001326789325      -0.0000000651853334
    
3.1415926535897931     0.0000000000000000      0.0000000217753483      0.0000000450022706
3.1415926535897931     0.1254128803828261      0.0000000221207614      0.0000000450050078
3.1415926535897931     0.2508257607656522      0.0000000224682986      0.0000000450077963
3.1415926535897931     0.3762386411484783      0.0000000228180056      0.0000000450106372
3.1415926535897931     0.5016515215313043      0.0000000231699290      0.0000000450135312
3.1415926535897931     0.6270644019141304      0.0000000235241165      0.0000000450164791
3.1415926535897931     0.7524772822969564      0.0000000238806167      0.0000000450194817
3.1415926535897931     0.8778901626797825      0.0000000242394793      0.0000000450225401
3.1415926535897931     1.0033030430626086      0.0000000246007548      0.0000000450256552
3.1415926535897931     1.1287159234454347      0.0000000249644946      0.0000000450288281
3.1415926535897931     1.2541288038282608      0.0000000253307513      0.0000000450320601
3.1415926535897931     1.3795416842110868      0.0000000256995783      0.0000000450353523
3.1415926535897931     1.5049545645939129      0.0000000260710303      0.0000000450387061
3.1415926535897931     1.6303674449767389      0.0000000264451624      0.0000000450421229
3.1415926535897931     1.7557803253595650      0.0000000268220312      0.0000000450456040
3.1415926535897931     1.8811932057423910      0.0000000272016941      0.0000000450491508
3.1415926535897931     2.0066060861252173      0.0000000275842095      0.0000000450527645
3.1415926535897931     2.1320189665080433      0.0000000279696372      0.0000000450564464
3.1415926535897931     2.2574318468908694      0.0000000283580375      0.0000000450601975
3.1415926535897931     2.3828447272736955      0.0000000287494729      0.0000000450640184
3.1415926535897931     2.5082576076565215      0.0000000291440071      0.0000000450679106
3.1415926535897931     2.6336704880393476      0.0000000295417048      0.0000000450718751
3.1415926535897931     2.7590833684221736      0.0000000299426318      0.0000000450759133
3.1415926535897931     2.8844962488049997      0.0000000303468553      0.0000000450800269
3.1415926535897931     3.0099091291878257      0.0000000307544432      0.0000000450842171
3.1415926535897931     3.1353220095706518      0.0000000311654652      0.0000000450884857
3.1415926535897931     3.2607348899534778      0.0000000315799912      0.0000000450928343
3.1415926535897931     3.3861477703363039      0.0000000319980926      0.0000000450972644
3.1415926535897931     3.5115606507191299      0.0000000324198413      0.0000000451017777
3.1415926535897931     3.6369735311019560      0.0000000328453101      0.0000000451063751
3.1415926535897931     3.7623864114847820      0.0000000332745730      0.0000000451110573
3.1415926535897931     3.8877992918676081      0.0000000337077047      0.0000000451158249
3.1415926535897931     4.0132121722504346      0.0000000341447807      0.0000000451206779
3.1415926535897931     4.1386250526332606      0.0000000345858775      0.0000000451256162
3.1415926535897931     4.2640379330160867      0.0000000350310719      0.0000000451306396
3.1415926535897931     4.3894508133989127      0.0000000354804408      0.0000000451357480
3.1415926535897931     4.5148636937817388      0.0000000359340605      0.0000000451409407
3.1415926535897931     4.6402765741645648      0.0000000363920070      0.0000000451462170
3.1415926535897931     4.7656894545473909      0.0000000368543533      0.0000000451515761
3.1415926535897931     4.8911023349302170      0.0000000373211707      0.0000000451570151
3.1415926535897931     5.0165152153130430      0.0000000377925274      0.0000000451625311
3.1415926535897931     5.1419280956958691      0.0000000382684859      0.0000000451681199
3.1415926535897931     5.2673409760786951      0.0000000387491018      0.0000000451737741
3.1415926535897931     5.3927538564615212      0.0000000392344231      0.0000000451794829
3.1415926535897931     5.5181667368443472      0.0000000397244866      0.0000000451852324
3.1415926535897931     5.6435796172271733      0.0000000402193134      0.0000000451910032
3.1415926535897931     5.7689924976099993      0.0000000407189054      0.0000000451967678
3.1415926535897931     5.8944053779928254      0.0000000412232380      0.0000000452024895
3.1415926535897931     6.0198182583756514      0.0000000417322490      0.0000000452081190
3.1415926535897931     6.1452311387584775      0.0000000422458234      0.0000000452135855
3.1415926535897931     6.2706440191413035      0.0000000427637720      0.0000000452187874
3.1415926535897931     6.3960568995241296      0.0000000432857966      0.0000000452235735
3.1415926535897931     6.5214697799069556      0.0000000438114327      0.0000000452277042
3.1415926535897931     6.6468826602897817      0.0000000443399594      0.0000000452307787
3.1415926535897931     6.7722955406726077      0.0000000448702351      0.0000000452320694
3.1415926535897931     6.8977084210554338      0.0000000454004024      0.0000000452300748
3.1415926535897931     7.0231213014382599      0.0000000459275063      0.0000000452211223
3.1415926535897931     7.1485341818210859      0.0000000464491287      0.0000000451944096
3.1415926535897931     7.2739470622039120      0.0000000469844551      0.0000000451327294
3.1415926535897931     7.3993599425867380      0.0000000475558005      0.0000000450417206
3.1415926535897931     7.5247728229695641      0.0000000482216346      0.0000000450320075
3.1415926535897931     7.6501857033523901      0.0000000487185974      0.0000000450769239
3.1415926535897931     7.7755985837352162      0.0000000491264498      0.0000000449908760
3.1415926535897931     7.9010114641180422      0.0000000494585514      0.0000000446862675
3.1415926535897931     8.0264243445008692      0.0000000499379704      0.0000000437194774
3.1415926535897931     8.1518372248836961      0.0000000523460884      0.0000000429262108
3.1415926535897931     8.2772501052665231      0.0000000536713090      0.0000000443408305
3.1415926535897931     8.4026629856493500      0.0000000539272521      0.0000000449284708
3.1415926535897931     8.5280758660321769      0.0000000542835705      0.0000000449824029
3.1415926535897931     8.6534887464150039      0.0000000549165874      0.0000000447593392
3.1415926535897931     8.7789016267978308      0.0000000559743840      0.0000000448841509
3.1415926535897931     8.9043145071806578      0.0000000566310119      0.0000000451887331
3.1415926535897931     9.0297273875634847      0.0000000572364498      0.0000000453155026
3.1415926535897931     9.1551402679463116      0.0000000578794145      0.0000000453794392
3.1415926535897931     9.2805531483291386      0.0000000585575366      0.0000000454190825
3.1415926535897931     9.4059660287119655      0.0000000592632717      0.0000000454483748
3.1415926535897931     9.5313789090947925      0.0000000599920384      0.0000000454726399
3.1415926535897931     9.6567917894776194      0.0000000607409163      0.0000000454943052
3.1415926535897931     9.7822046698604463      0.0000000615082492      0.0000000455145322
3.1415926535897931     9.9076175502432733      0.0000000622931008      0.0000000455339676
3.1415926535897931     10.0330304306261002      0.0000000630949695      0.0000000455530069
3.1415926535897931     10.1584433110089272      0.0000000639136327      0.0000000455719101
3.1415926535897931     10.2838561913917541      0.0000000647490554      0.0000000455908545
3.1415926535897931     10.4092690717745811      0.0000000656013423      0.0000000456099693
3.1415926535897931     10.5346819521574080      0.0000000664706979      0.0000000456293552
3.1415926535897931     10.6600948325402349      0.0000000673574059      0.0000000456490909
3.1415926535897931     10.7855077129230619      0.0000000682618154      0.0000000456692434
3.1415926535897931     10.9109205933058888      0.0000000691843295      0.0000000456898693
3.1415926535897931     11.0363334736887158      0.0000000701253998      0.0000000457110193
3.1415926535897931     11.1617463540715427      0.0000000710855226      0.0000000457327391
3.1415926535897931     11.2871592344543696      0.0000000720652350      0.0000000457550730
3.1415926535897931     11.4125721148371966      0.0000000730651132      0.0000000457780624
3.1415926535897931     11.5379849952200235      0.0000000740857722      0.0000000458017479
3.1415926535897931     11.6633978756028505      0.0000000751278665      0.0000000458261703
3.1415926535897931     11.7888107559856774      0.0000000761920881      0.0000000458513708
3.1415926535897931     11.9142236363685043      0.0000000772791694      0.0000000458773915
3.1415926535897931     12.0396365167513313      0.0000000783898827      0.0000000459042762
3.1415926535897931     12.1650493971341582      0.0000000795250423      0.0000000459320707
3.1415926535897931     12.2904622775169852      0.0000000806855052      0.0000000459608228
3.1415926535897931     12.4158751578998121      0.0000000818721734      0.0000000459905832
3.1415926535897931     12.5412880382826391      0.0000000830859955      0.0000000460214046
3.1415926535897931     12.6667009186654660      0.0000000843279702      0.0000000460533425
3.1415926535897931     12.7921137990482929      0.0000000855991476      0.0000000460864553
3.1415926535897931     12.9175266794311199      0.0000000869006338      0.0000000461208043
3.1415926535897931     13.0429395598139468      0.0000000882335933      0.0000000461564543
3.1415926535897931     13.1683524401967738      0.0000000895992528      0.0000000461934743
3.1415926535897931     13.2937653205796007      0.0000000909989053      0.0000000462319368
3.1415926535897931     13.4191782009624276      0.0000000924339142      0.0000000462719199
3.1415926535897931     13.5445910813452546      0.0000000939057172      0.0000000463135063
3.1415926535897931     13.6700039617280815      0.0000000954158324      0.0000000463567844
3.1415926535897931     13.7954168421109085      0.0000000969658625      0.0000000464018493
3.1415926535897931     13.9208297224937354      0.0000000985575007      0.0000000464488023
3.1415926535897931     14.0462426028765623      0.0000001001925374      0.0000000464977519
3.1415926535897931     14.1716554832593893      0.0000001018728666      0.0000000465488142
3.1415926535897931     14.2970683636422162      0.0000001036004943      0.0000000466021135
3.1415926535897931     14.4224812440250432      0.0000001053775456      0.0000000466577833
3.1415926535897931     14.5478941244078701      0.0000001072062746      0.0000000467159672
3.1415926535897931     14.6733070047906971      0.0000001090890730      0.0000000467768189
3.1415926535897931     14.7987198851735240      0.0000001110284829      0.0000000468405047
3.1415926535897931     14.9241327655563509      0.0000001130272052      0.0000000469072039
3.1415926535897931     15.0495456459391779      0.0000001150881149      0.0000000469771095
3.1415926535897931     15.1749585263220048      0.0000001172142737      0.0000000470504310
3.1415926535897931     15.3003714067048318      0.0000001194089454      0.0000000471273942
3.1415926535897931     15.4257842870876587      0.0000001216756138      0.0000000472082435
3.1415926535897931     15.5511971674704856      0.0000001240180001      0.0000000472932452
3.1415926535897931     15.6766100478533126      0.0000001264400833      0.0000000473826876
    
