-3.1415926535897931     0.0000000000000000      -1.1342610202851922      -1.0296076503800573
-3.1415926535897931     0.1254128803828261      -0.3449837112161903      -1.7288701547630054
-3.1415926535897931     0.2508257607656522      0.0963855127030494      -1.3025712205213851
-3.1415926535897931     0.3762386411484783      0.4503671841881098      -1.4507706317414888
-3.1415926535897931     0.5016515215313043      0.8566200104853912      -0.8733788085954289
-3.1415926535897931     0.6270644019141304      0.7651252025041655      -0.5291410435710536
-3.1415926535897931     0.7524772822969564      0.6152256573312301      -0.3228567432555539
-3.1415926535897931     0.8778901626797825      0.4873925426045562      -0.2767866289367357
-3.1415926535897931     1.0033030430626086      0.4286230032695400      -0.2943897957358259
-3.1415926535897931     1.1287159234454347      0.4939613519822206      -0.2561651373209889
-3.1415926535897931     1.2541288038282608      0.4618451165801320      -0.1461630471598980
-3.1415926535897931     1.3795416842110868      0.3977677698743842      -0.0974037797563042
-3.1415926535897931     1.5049545645939129      0.3489194139640688      -0.0765903964529166
-3.1415926535897931     1.6303674449767389      0.3128943427414778      -0.0646170470654213
-3.1415926535897931     1.7557803253595650      0.2849757388494218      -0.0556452941484269
-3.1415926535897931     1.8811932057423910      0.2614237389854108      -0.0486984505432194
-3.1415926535897931     2.0066060861252173      0.2413046056188788      -0.0429474165669689
-3.1415926535897931     2.1320189665080433      0.2235386972863999      -0.0386959210778047
-3.1415926535897931     2.2574318468908694      0.2080377880650636      -0.0356112950221104
-3.1415926535897931     2.3828447272736955      0.1945618698578306      -0.0333605116185347
-3.1415926535897931     2.5082576076565215      0.1827738441656226      -0.0316081464362648
-3.1415926535897931     2.6336704880393476      0.1723506556952180      -0.0302049906618598
-3.1415926535897931     2.7590833684221736      0.1630739030634878      -0.0290632293994611
-3.1415926535897931     2.8844962488049997      0.1547601163956628      -0.0281131354369403
-3.1415926535897931     3.0099091291878257      0.1472616442446660      -0.0273092573345829
-3.1415926535897931     3.1353220095706518      0.1404599774456890      -0.0266209406258993
-3.1415926535897931     3.2607348899534778      0.1342590912175091      -0.0260257160617208
-3.1415926535897931     3.3861477703363039      0.1285805607086588      -0.0255069467017547
-3.1415926535897931     3.5115606507191299      0.1233593629556896      -0.0250516843888925
-3.1415926535897931     3.6369735311019560      0.1185411662312522      -0.0246497515420713
-3.1415926535897931     3.7623864114847820      0.1140800877182587      -0.0242929253483752
-3.1415926535897931     3.8877992918676081      0.1099370590120896      -0.0239745551174143
-3.1415926535897931     4.0132121722504346      0.1060785875129362      -0.0236891541726260
-3.1415926535897931     4.1386250526332606      0.1024757200957213      -0.0234321346817535
-3.1415926535897931     4.2640379330160867      0.0991032595199432      -0.0231997850824951
-3.1415926535897931     4.3894508133989127      0.0959392695070142      -0.0229890957538236
-3.1415926535897931     4.5148636937817388      0.0929646605524057      -0.0227975024287168
-3.1415926535897931     4.6402765741645648      0.0901626953841846      -0.0226227893725025
-3.1415926535897931     4.7656894545473909      0.0875184646523290      -0.0224629528036311
-3.1415926535897931     4.8911023349302170      0.0850187670624481      -0.0223162959317701
-3.1415926535897931     5.0165152153130430      0.0826517840653186      -0.0221813809289065
-3.1415926535897931     5.1419280956958691      0.0804069470697002      -0.0220569739672715
-3.1415926535897931     5.2673409760786951      0.0782748094779317      -0.0219420345970051
-3.1415926535897931     5.3927538564615212      0.0762469177627162      -0.0218356624838065
-3.1415926535897931     5.5181667368443472      0.0743156496627261      -0.0217370193637273
-3.1415926535897931     5.6435796172271733      0.0724740805751972      -0.0216453703407937
-3.1415926535897931     5.7689924976099993      0.0707159803065969      -0.0215601067582176
-3.1415926535897931     5.8944053779928254      0.0690356890861328      -0.0214806146257940
-3.1415926535897931     6.0198182583756514      0.0674280221930288      -0.0214063421277336
-3.1415926535897931     6.1452311387584775      0.0658882107696992      -0.0213367990687333
-3.1415926535897931     6.2706440191413035      0.0644118730375902      -0.0212715780642009
-3.1415926535897931     6.3960568995241296      0.0629949921406982      -0.0212103536201381
-3.1415926535897931     6.5214697799069556      0.0616339354128047      -0.0211528802076285
-3.1415926535897931     6.6468826602897817      0.0603254286406104      -0.0210988829535195
-3.1415926535897931     6.7722955406726077      0.0590664313588357      -0.0210480430650811
-3.1415926535897931     6.8977084210554338      0.0578540670036700      -0.0210000607220395
-3.1415926535897931     7.0231213014382599      0.0566856493325637      -0.0209547232835182
-3.1415926535897931     7.1485341818210859      0.0555587339651313      -0.0209118541811582
-3.1415926535897931     7.2739470622039120      0.0544710500564227      -0.0208712787085492
-3.1415926535897931     7.3993599425867380      0.0534204915609211      -0.0208328486057136
-3.1415926535897931     7.5247728229695641      0.0524051090047823      -0.0207964311470168
-3.1415926535897931     7.6501857033523901      0.0514230980556011      -0.0207619016692135
-3.1415926535897931     7.7755985837352162      0.0504727836417355      -0.0207291335635430
-3.1415926535897931     7.9010114641180422      0.0495526009359258      -0.0206980000520821
-3.1415926535897931     8.0264243445008692      0.0486610717820457      -0.0206683628938941
-3.1415926535897931     8.1518372248836961      0.0477967872169146      -0.0206401114325364
-3.1415926535897931     8.2772501052665231      0.0469584258352672      -0.0206131612818081
-3.1415926535897931     8.4026629856493500      0.0461447594356361      -0.0205874512613700
-3.1415926535897931     8.5280758660321769      0.0453546518160409      -0.0205629313579100
-3.1415926535897931     8.6534887464150039      0.0445870591505771      -0.0205395424476066
-3.1415926535897931     8.7789016267978308      0.0438409934512880      -0.0205171999787815
-3.1415926535897931     8.9043145071806578      0.0431155004502259      -0.0204958235742975
-3.1415926535897931     9.0297273875634847      0.0424096713350724      -0.0204753533342239
-3.1415926535897931     9.1551402679463116      0.0417226575394399      -0.0204557408055616
-3.1415926535897931     9.2805531483291386      0.0410536563158827      -0.0204369407874984
-3.1415926535897931     9.4059660287119655      0.0404019137001772      -0.0204189188360222
-3.1415926535897931     9.5313789090947925      0.0397667244794362      -0.0204016413034842
-3.1415926535897931     9.6567917894776194      0.0391474285722134      -0.0203850737668467
-3.1415926535897931     9.7822046698604463      0.0385434006113056      -0.0203691709658735
-3.1415926535897931     9.9076175502432733      0.0379540406041821      -0.0203538857040171
-3.1415926535897931     10.0330304306261002      0.0373787649939715      -0.0203391744558141
-3.1415926535897931     10.1584433110089272      0.0368170219415161      -0.0203250111247139
-3.1415926535897931     10.2838561913917541      0.0362682923179169      -0.0203113684677456
-3.1415926535897931     10.4092690717745811      0.0357320769229398      -0.0202982233461144
-3.1415926535897931     10.5346819521574080      0.0352079053044009      -0.0202855658299120
-3.1415926535897931     10.6600948325402349      0.0346953460463244      -0.0202733881404680
-3.1415926535897931     10.7855077129230619      0.0341939971791381      -0.0202616657711395
-3.1415926535897931     10.9109205933058888      0.0337034646342577      -0.0202503637815325
-3.1415926535897931     11.0363334736887158      0.0332233611690861      -0.0202394488262031
-3.1415926535897931     11.1617463540715427      0.0327533086959566      -0.0202288981118506
-3.1415926535897931     11.2871592344543696      0.0322929493553757      -0.0202187008134504
-3.1415926535897931     11.4125721148371966      0.0318419497108231      -0.0202088497259688
-3.1415926535897931     11.5379849952200235      0.0313999966626356      -0.0201993344615304
-3.1415926535897931     11.6633978756028505      0.0309667915067691      -0.0201901407134898
-3.1415926535897931     11.7888107559856774      0.0305420460725345      -0.0201812523194293
-3.1415926535897931     11.9142236363685043      0.0301254830619034      -0.0201726554637475
-3.1415926535897931     12.0396365167513313      0.0297168383425737      -0.0201643363908504
-3.1415926535897931     12.1650493971341582      0.0293158578012835      -0.0201562799873339
-3.1415926535897931     12.2904622775169852      0.0289222949898856      -0.0201484706396416
-3.1415926535897931     12.4158751578998121      0.0285359086041627      -0.0201408964405710
-3.1415926535897931     12.5412880382826391      0.0281564673393309      -0.0201335551581265
-3.1415926535897931     12.6667009186654660      0.0277837616893784      -0.0201264479013154
-3.1415926535897931     12.7921137990482929      0.0274175959734785      -0.0201195641576947
-3.1415926535897931     12.9175266794311199      0.0270577745201812      -0.0201128864942273
-3.1415926535897931     13.0429395598139468      0.0267041016581212      -0.0201064021773426
-3.1415926535897931     13.1683524401967738      0.0263563909506338      -0.0201001044466567
-3.1415926535897931     13.2937653205796007      0.0260144656369847      -0.0200939855162552
-3.1415926535897931     13.4191782009624276      0.0256781526618067      -0.0200880370039491
-3.1415926535897931     13.5445910813452546      0.0253472837409649      -0.0200822555994941
-3.1415926535897931     13.6700039617280815      0.0250217020470355      -0.0200766433048962
-3.1415926535897931     13.7954168421109085      0.0247012646185044      -0.0200711973479569
-3.1415926535897931     13.9208297224937354      0.0243858311748906      -0.0200659067873710
-3.1415926535897931     14.0462426028765623      0.0240752598861568      -0.0200607604535165
-3.1415926535897931     14.1716554832593893      0.0237694103973877      -0.0200557521408432
-3.1415926535897931     14.2970683636422162      0.0234681506799535      -0.0200508807466361
-3.1415926535897931     14.4224812440250432      0.0231713574423121      -0.0200461427800488
-3.1415926535897931     14.5478941244078701      0.0228789102483741      -0.0200415318202027
-3.1415926535897931     14.6733070047906971      0.0225906899791267      -0.0200370425786955
-3.1415926535897931     14.7987198851735240      0.0223065821024062      -0.0200326733240264
-3.1415926535897931     14.9241327655563509      0.0220264799717974      -0.0200284222025285
-3.1415926535897931     15.0495456459391779      0.0217502813479192      -0.0200242839063345
-3.1415926535897931     15.1749585263220048      0.0214778855239820      -0.0200202501573217
-3.1415926535897931     15.3003714067048318      0.0212091895836313      -0.0200163127086446
-3.1415926535897931     15.4257842870876587      0.0209440910166689      -0.0200124692614000
-3.1415926535897931     15.5511971674704856      0.0206824940457708      -0.0200087238242708
-3.1415926535897931     15.6766100478533126      0.0204243144486889      -0.0200050803759760
    
-2.8797932657906435     0.0000000000000000      -1.0774836668044028      -0.9953921673644232
-2.8797932657906435     0.1254128803828261      -0.2879402244668867      -1.6658349577128442
-2.8797932657906435     0.2508257607656522      0.1580612979093018      -1.1982783758175481
-2.8797932657906435     0.3762386411484783      0.4182634347004829      -1.2612101442387573
-2.8797932657906435     0.5016515215313043      0.7292890317687805      -0.7934490949822254
-2.8797932657906435     0.6270644019141304      0.6533743428868662      -0.5053553306273272
-2.8797932657906435     0.7524772822969564      0.5205882736659663      -0.3344040976352390
-2.8797932657906435     0.8778901626797825      0.4054100589263461      -0.3372005267413654
-2.8797932657906435     1.0033030430626086      0.4328582276409766      -0.3555449240847731
-2.8797932657906435     1.1287159234454347      0.5014230145768225      -0.2709136480779681
-2.8797932657906435     1.2541288038282608      0.4617282285535778      -0.1515068823118379
-2.8797932657906435     1.3795416842110868      0.3945597338620955      -0.0994308723101048
-2.8797932657906435     1.5049545645939129      0.3441824436938373      -0.0771201601069222
-2.8797932657906435     1.6303674449767389      0.3074000644527786      -0.0644191521169666
-2.8797932657906435     1.7557803253595650      0.2791278363601101      -0.0550874676053357
-2.8797932657906435     1.8811932057423910      0.2554808947575674      -0.0479503026844650
-2.8797932657906435     2.0066060861252173      0.2353817913933589      -0.0420903623478041
-2.8797932657906435     2.1320189665080433      0.2177148622113463      -0.0377919541883711
-2.8797932657906435     2.2574318468908694      0.2023622489337742      -0.0346780648829546
-2.8797932657906435     2.3828447272736955      0.1890470372759876      -0.0324068832582739
-2.8797932657906435     2.5082576076565215      0.1774237984039454      -0.0306498844410506
-2.8797932657906435     2.6336704880393476      0.1671740174626317      -0.0292495368403106
-2.8797932657906435     2.7590833684221736      0.1580677450994367      -0.0281106130499080
-2.8797932657906435     2.8844962488049997      0.1499188647614807      -0.0271654028608766
-2.8797932657906435     3.0099091291878257      0.1425794495073117      -0.0263678459498658
-2.8797932657906435     3.1353220095706518      0.1359301824555173      -0.0256863712997521
-2.8797932657906435     3.2607348899534778      0.1298750656178403      -0.0250982466773417
-2.8797932657906435     3.3861477703363039      0.1243354049651148      -0.0245863871673575
-2.8797932657906435     3.5115606507191299      0.1192463923868290      -0.0241378072952349
-2.8797932657906435     3.6369735311019560      0.1145538685575501      -0.0237421825506977
-2.8797932657906435     3.7623864114847820      0.1102121858216224      -0.0233912646601983
-2.8797932657906435     3.8877992918676081      0.1061825136572444      -0.0230783994274412
-2.8797932657906435     4.0132121722504346      0.1024316174798607      -0.0227982242747550
-2.8797932657906435     4.1386250526332606      0.0989309876166415      -0.0225463226877460
-2.8797932657906435     4.2640379330160867      0.0956558821361620      -0.0223189738502435
-2.8797932657906435     4.3894508133989127      0.0925848166119797      -0.0221130538439526
-2.8797932657906435     4.5148636937817388      0.0896989263047188      -0.0219258749486879
-2.8797932657906435     4.6402765741645648      0.0869815391818840      -0.0217551732801169
-2.8797932657906435     4.7656894545473909      0.0844180289077092      -0.0215991073556542
-2.8797932657906435     4.8911023349302170      0.0819954176283377      -0.0214560563034420
-2.8797932657906435     5.0165152153130430      0.0797021806761416      -0.0213245866662066
-2.8797932657906435     5.1419280956958691      0.0775280047018822      -0.0212034561611421
-2.8797932657906435     5.2673409760786951      0.0754636322132115      -0.0210915960183191
-2.8797932657906435     5.3927538564615212      0.0735007557889560      -0.0209880719193926
-2.8797932657906435     5.5181667368443472      0.0716318874015889      -0.0208920636124664
-2.8797932657906435     5.6435796172271733      0.0698502659344358      -0.0208028618991149
-2.8797932657906435     5.7689924976099993      0.0681497594296017      -0.0207198127401407
-2.8797932657906435     5.8944053779928254      0.0665247876712272      -0.0206423557018361
-2.8797932657906435     6.0198182583756514      0.0649702633875150      -0.0205700080890646
-2.8797932657906435     6.1452311387584775      0.0634815661892259      -0.0205023561752397
-2.8797932657906435     6.2706440191413035      0.0620545027167327      -0.0204390288085204
-2.8797932657906435     6.3960568995241296      0.0606852465443423      -0.0203796534587051
-2.8797932657906435     6.5214697799069556      0.0593702447809257      -0.0203238627491908
-2.8797932657906435     6.6468826602897817      0.0581061940692486      -0.0202713540366120
-2.8797932657906435     6.7722955406726077      0.0568900543358226      -0.0202218963949469
-2.8797932657906435     6.8977084210554338      0.0557190698133539      -0.0201752915530816
-2.8797932657906435     7.0231213014382599      0.0545907068482359      -0.0201313186796372
-2.8797932657906435     7.1485341818210859      0.0535025892315719      -0.0200897635959356
-2.8797932657906435     7.2739470622039120      0.0524525045730682      -0.0200504523851084
-2.8797932657906435     7.3993599425867380      0.0514384128202879      -0.0200132315804298
-2.8797932657906435     7.5247728229695641      0.0504584229434193      -0.0199779527356620
-2.8797932657906435     7.6501857033523901      0.0495107674959194      -0.0199444693960386
-2.8797932657906435     7.7755985837352162      0.0485937848230142      -0.0199126548900782
-2.8797932657906435     7.9010114641180422      0.0477059253719688      -0.0198824002448882
-2.8797932657906435     8.0264243445008692      0.0468457448021836      -0.0198536228196422
-2.8797932657906435     8.1518372248836961      0.0460119129133597      -0.0198262393815241
-2.8797932657906435     8.2772501052665231      0.0452031856871279      -0.0198001643518526
-2.8797932657906435     8.4026629856493500      0.0444183937678302      -0.0197753069812456
-2.8797932657906435     8.5280758660321769      0.0436564296562847      -0.0197515780899594
-2.8797932657906435     8.6534887464150039      0.0429162378967612      -0.0197289021698417
-2.8797932657906435     8.7789016267978308      0.0421968299405628      -0.0197072296374270
-2.8797932657906435     8.9043145071806578      0.0414972958516915      -0.0196865119919998
-2.8797932657906435     9.0297273875634847      0.0408167770023230      -0.0196666884303495
-2.8797932657906435     9.1551402679463116      0.0401544530341095      -0.0196477035121902
-2.8797932657906435     9.2805531483291386      0.0395095506807919      -0.0196295109234754
-2.8797932657906435     9.4059660287119655      0.0388813425846810      -0.0196120665962794
-2.8797932657906435     9.5313789090947925      0.0382691383832050      -0.0195953267862337
-2.8797932657906435     9.6567917894776194      0.0376722811338490      -0.0195792540454874
-2.8797932657906435     9.7822046698604463      0.0370901519663693      -0.0195638194938281
-2.8797932657906435     9.9076175502432733      0.0365221692831695      -0.0195489955685056
-2.8797932657906435     10.0330304306261002      0.0359677874744126      -0.0195347535569986
-2.8797932657906435     10.1584433110089272      0.0354264842058025      -0.0195210582159611
-2.8797932657906435     10.2838561913917541      0.0348977579098136      -0.0195078811311126
-2.8797932657906435     10.4092690717745811      0.0343811373475910      -0.0194951992702037
-2.8797932657906435     10.5346819521574080      0.0338761766889322      -0.0194829839321022
-2.8797932657906435     10.6600948325402349      0.0333824442876432      -0.0194712044818780
-2.8797932657906435     10.7855077129230619      0.0328995229755762      -0.0194598397858358
-2.8797932657906435     10.9109205933058888      0.0324270209692703      -0.0194488763357840
-2.8797932657906435     11.0363334736887158      0.0319645705274775      -0.0194383007158745
-2.8797932657906435     11.1617463540715427      0.0315118242342536      -0.0194280956582470
-2.8797932657906435     11.2871592344543696      0.0310684471299330      -0.0194182397051397
-2.8797932657906435     11.4125721148371966      0.0306341151037180      -0.0194087142378048
-2.8797932657906435     11.5379849952200235      0.0302085171595328      -0.0193995043725211
-2.8797932657906435     11.6633978756028505      0.0297913584921791      -0.0193905993280066
-2.8797932657906435     11.7888107559856774      0.0293823599218626      -0.0193819871630060
-2.8797932657906435     11.9142236363685043      0.0289812539004136      -0.0193736548480764
-2.8797932657906435     12.0396365167513313      0.0285877829440651      -0.0193655892532728
-2.8797932657906435     12.1650493971341582      0.0282016988520370      -0.0193577796382182
-2.8797932657906435     12.2904622775169852      0.0278227656414319      -0.0193502185644858
-2.8797932657906435     12.4158751578998121      0.0274507611210903      -0.0193428975817161
-2.8797932657906435     12.5412880382826391      0.0270854727437632      -0.0193358028493460
-2.8797932657906435     12.6667009186654660      0.0267266884757647      -0.0193289191877121
-2.8797932657906435     12.7921137990482929      0.0263742021291260      -0.0193222401967080
-2.8797932657906435     12.9175266794311199      0.0260278221542466      -0.0193157638231725
-2.8797932657906435     13.0429395598139468      0.0256873695062636      -0.0193094827280721
-2.8797932657906435     13.1683524401967738      0.0253526669968934      -0.0193033857308273
-2.8797932657906435     13.2937653205796007      0.0250235412551370      -0.0192974666751537
-2.8797932657906435     13.4191782009624276      0.0246998295225771      -0.0192917227287808
-2.8797932657906435     13.5445910813452546      0.0243813792492505      -0.0192861476983707
-2.8797932657906435     13.6700039617280815      0.0240680408193896      -0.0192807301475931
-2.8797932657906435     13.7954168421109085      0.0237596639411249      -0.0192754609289558
-2.8797932657906435     13.9208297224937354      0.0234561040780268      -0.0192703372064327
-2.8797932657906435     14.0462426028765623      0.0231572272157817      -0.0192653576372160
-2.8797932657906435     14.1716554832593893      0.0228629071623461      -0.0192605163832006
-2.8797932657906435     14.2970683636422162      0.0225730177181721      -0.0192558035850969
-2.8797932657906435     14.4224812440250432      0.0222874325054049      -0.0192512136760473
-2.8797932657906435     14.5478941244078701      0.0220060318933646      -0.0192467461993080
-2.8797932657906435     14.6733070047906971      0.0217287051163931      -0.0192423999710410
-2.8797932657906435     14.7987198851735240      0.0214553459545064      -0.0192381701630179
-2.8797932657906435     14.9241327655563509      0.0211858494543184      -0.0192340502096178
-2.8797932657906435     15.0495456459391779      0.0209201115038126      -0.0192300342600694
-2.8797932657906435     15.1749585263220048      0.0206580297899078      -0.0192261202745839
-2.8797932657906435     15.3003714067048318      0.0203995095476098      -0.0192223093334445
-2.8797932657906435     15.4257842870876587      0.0201444628515356      -0.0192185994002933
-2.8797932657906435     15.5511971674704856      0.0198928038423759      -0.0192149837075928
-2.8797932657906435     15.6766100478533126      0.0196444433361241      -0.0192114544787842
    
-2.6179938779914944     0.0000000000000000      -0.9533641665300240      -0.9130967913536474
-2.6179938779914944     0.1254128803828261      -0.1786499609092574      -1.5172824275166241
-2.6179938779914944     0.2508257607656522      0.2676928491821456      -0.9825177959279999
-2.6179938779914944     0.3762386411484783      0.3513686792037195      -0.8829056770932261
-2.6179938779914944     0.5016515215313043      0.4658965023311399      -0.6252139662981550
-2.6179938779914944     0.6270644019141304      0.4286853904267569      -0.4623294913143836
-2.6179938779914944     0.7524772822969564      0.3358699421757921      -0.3582816461484126
-2.6179938779914944     0.8778901626797825      0.2616767575489437      -0.4211237408184010
-2.6179938779914944     1.0033030430626086      0.3755662150658122      -0.4615022471070225
-2.6179938779914944     1.1287159234454347      0.5063555498774619      -0.3343349073436662
-2.6179938779914944     1.2541288038282608      0.4666379916975920      -0.1739555635259275
-2.6179938779914944     1.3795416842110868      0.3915985093875017      -0.1075944379166085
-2.6179938779914944     1.5049545645939129      0.3365210859097269      -0.0798513204260854
-2.6179938779914944     1.6303674449767389      0.2972581475072460      -0.0647578754384889
-2.6179938779914944     1.7557803253595650      0.2677071394196321      -0.0542989097706400
-2.6179938779914944     1.8811932057423910      0.2435394253610891      -0.0465901159382563
-2.6179938779914944     2.0066060861252173      0.2232910656481579      -0.0404168811471075
-2.6179938779914944     2.1320189665080433      0.2057071382256368      -0.0359566598714104
-2.6179938779914944     2.2574318468908694      0.1905717663627209      -0.0327379794167301
-2.6179938779914944     2.3828447272736955      0.1775250880606603      -0.0304077446248529
-2.6179938779914944     2.5082576076565215      0.1662043575270853      -0.0286277651928497
-2.6179938779914944     2.6336704880393476      0.1562847970978630      -0.0272238236604179
-2.6179938779914944     2.7590833684221736      0.1475123860290593      -0.0260854808297386
-2.6179938779914944     2.8844962488049997      0.1396931118975739      -0.0251459198347509
-2.6179938779914944     3.0099091291878257      0.1326744078379067      -0.0243574405512206
-2.6179938779914944     3.1353220095706518      0.1263351045899982      -0.0236874369437196
-2.6179938779914944     3.2607348899534778      0.1205780874729331      -0.0231120055834971
-2.6179938779914944     3.3861477703363039      0.1153242394930109      -0.0226132967071888
-2.6179938779914944     3.5115606507191299      0.1105084328273662      -0.0221776660908815
-2.6179938779914944     3.6369735311019560      0.1060764854370072      -0.0217945560108638
-2.6179938779914944     3.7623864114847820      0.1019830317130446      -0.0214558136566231
-2.6179938779914944     3.8877992918676081      0.0981898863785474      -0.0211547771887278
-2.6179938779914944     4.0132121722504346      0.0946644840075515      -0.0208859633870059
-2.6179938779914944     4.1386250526332606      0.0913788424911360      -0.0206449122555543
-2.6179938779914944     4.2640379330160867      0.0883088928266592      -0.0204278074259938
-2.6179938779914944     4.3894508133989127      0.0854335653548588      -0.0202314625709618
-2.6179938779914944     4.5148636937817388      0.0827344913102516      -0.0200532700581723
-2.6179938779914944     4.6402765741645648      0.0801955936829148      -0.0198910512292911
-2.6179938779914944     4.7656894545473909      0.0778027030931013      -0.0197428994310028
-2.6179938779914944     4.8911023349302170      0.0755432649499397      -0.0196072241170470
-2.6179938779914944     5.0165152153130430      0.0734061513730326      -0.0194826958913635
-2.6179938779914944     5.1419280956958691      0.0713815098903734      -0.0193681374197859
-2.6179938779914944     5.2673409760786951      0.0694605113118915      -0.0192624798577165
-2.6179938779914944     5.3927538564615212      0.0676351876654291      -0.0191647790951072
-2.6179938779914944     5.5181667368443472      0.0658983746604482      -0.0190742678209549
-2.6179938779914944     5.6435796172271733      0.0642436307212152      -0.0189902228173391
-2.6179938779914944     5.7689924976099993      0.0626650703383521      -0.0189120334064003
-2.6179938779914944     5.8944053779928254      0.0611573877544782      -0.0188392135058462
-2.6179938779914944     6.0198182583756514      0.0597158132187857      -0.0187713121251650
-2.6179938779914944     6.1452311387584775      0.0583360055738354      -0.0187078989373554
-2.6179938779914944     6.2706440191413035      0.0570139811737628      -0.0186485476519637
-2.6179938779914944     6.3960568995241296      0.0557460545446644      -0.0185928957890749
-2.6179938779914944     6.5214697799069556      0.0545288567398243      -0.0185406329403146
-2.6179938779914944     6.6468826602897817      0.0533592852189625      -0.0184914836237148
-2.6179938779914944     6.7722955406726077      0.0522344934858006      -0.0184452018659075
-2.6179938779914944     6.8977084210554338      0.0511518460768509      -0.0184015761534130
-2.6179938779914944     7.0231213014382599      0.0501089251327966      -0.0183604246872302
-2.6179938779914944     7.1485341818210859      0.0491035120218850      -0.0183215883237583
-2.6179938779914944     7.2739470622039120      0.0481335698009018      -0.0182848918343906
-2.6179938779914944     7.3993599425867380      0.0471971840818711      -0.0182501566899789
-2.6179938779914944     7.5247728229695641      0.0462925549490909      -0.0182172250922679
-2.6179938779914944     7.6501857033523901      0.0454180007468989      -0.0181859741853137
-2.6179938779914944     7.7755985837352162      0.0445719697695301      -0.0181563024523632
-2.6179938779914944     7.9010114641180422      0.0437530205321391      -0.0181281174473063
-2.6179938779914944     8.0264243445008692      0.0429598193294501      -0.0181013266183468
-2.6179938779914944     8.1518372248836961      0.0421911145686923      -0.0180758425800006
-2.6179938779914944     8.2772501052665231      0.0414457404987511      -0.0180515745808984
-2.6179938779914944     8.4026629856493500      0.0407225902699193      -0.0180284337133255
-2.6179938779914944     8.5280758660321769      0.0400206209929421      -0.0180063475267739
-2.6179938779914944     8.6534887464150039      0.0393388579743819      -0.0179852512107381
-2.6179938779914944     8.7789016267978308      0.0386763815847515      -0.0179650785669959
-2.6179938779914944     8.9043145071806578      0.0380323135698025      -0.0179457830118427
-2.6179938779914944     9.0297273875634847      0.0374058489851444      -0.0179273380305909
-2.6179938779914944     9.1551402679463116      0.0367962455808582      -0.0179097021431690
-2.6179938779914944     9.2805531483291386      0.0362027995284848      -0.0178928210205548
-2.6179938779914944     9.4059660287119655      0.0356248307687521      -0.0178766378453212
-2.6179938779914944     9.5313789090947925      0.0350616903882324      -0.0178611097928934
-2.6179938779914944     9.6567917894776194      0.0345127662676817      -0.0178461990920528
-2.6179938779914944     9.7822046698604463      0.0339774776048616      -0.0178318742497282
-2.6179938779914944     9.9076175502432733      0.0334552769838519      -0.0178181095121250
-2.6179938779914944     10.0330304306261002      0.0329456495541046      -0.0178048832628517
-2.6179938779914944     10.1584433110089272      0.0324481127757770      -0.0177921733826210
-2.6179938779914944     10.2838561913917541      0.0319622124145415      -0.0177799537278757
-2.6179938779914944     10.4092690717745811      0.0314875134508341      -0.0177681904597989
-2.6179938779914944     10.5346819521574080      0.0310235930834856      -0.0177568510262698
-2.6179938779914944     10.6600948325402349      0.0305700420393900      -0.0177459107119423
-2.6179938779914944     10.7855077129230619      0.0301264734257889      -0.0177353551968975
-2.6179938779914944     10.9109205933058888      0.0296925235134461      -0.0177251727171213
-2.6179938779914944     11.0363334736887158      0.0292678485633779      -0.0177153533855864
-2.6179938779914944     11.1617463540715427      0.0288521261778281      -0.0177058884758832
-2.6179938779914944     11.2871592344543696      0.0284450555902974      -0.0176967645336401
-2.6179938779914944     11.4125721148371966      0.0280463464479007      -0.0176879579443515
-2.6179938779914944     11.5379849952200235      0.0276557134337580      -0.0176794454117358
-2.6179938779914944     11.6633978756028505      0.0272728780582211      -0.0176712074125003
-2.6179938779914944     11.7888107559856774      0.0268975730093223      -0.0176632315323766
-2.6179938779914944     11.9142236363685043      0.0265295437643205      -0.0176555087511153
-2.6179938779914944     12.0396365167513313      0.0261685499819696      -0.0176480356779524
-2.6179938779914944     12.1650493971341582      0.0258143693444249      -0.0176408060290894
-2.6179938779914944     12.2904622775169852      0.0254667872319220      -0.0176338075331807
-2.6179938779914944     12.4158751578998121      0.0251255943526750      -0.0176270287396991
-2.6179938779914944     12.5412880382826391      0.0247905900198999      -0.0176204605114865
-2.6179938779914944     12.6667009186654660      0.0244615835273458      -0.0176140924297118
-2.6179938779914944     12.7921137990482929      0.0241383879357359      -0.0176079120928021
-2.6179938779914944     12.9175266794311199      0.0238208195548828      -0.0176019113981362
-2.6179938779914944     13.0429395598139468      0.0235087036142155      -0.0175960896638023
-2.6179938779914944     13.1683524401967738      0.0232018805710514      -0.0175904475752624
-2.6179938779914944     13.2937653205796007      0.0229002017398968      -0.0175849788085885
-2.6179938779914944     13.4191782009624276      0.0226035205703366      -0.0175796698472649
-2.6179938779914944     13.5445910813452546      0.0223116873514748      -0.0175745075623266
-2.6179938779914944     13.6700039617280815      0.0220245555065290      -0.0175694871296329
-2.6179938779914944     13.7954168421109085      0.0217419892762874      -0.0175646072023808
-2.6179938779914944     13.9208297224937354      0.0214638612066388      -0.0175598627537269
-2.6179938779914944     14.0462426028765623      0.0211900442009848      -0.0175552461298334
-2.6179938779914944     14.1716554832593893      0.0209204131026138      -0.0175507557044153
-2.6179938779914944     14.2970683636422162      0.0206548538527008      -0.0175463933152601
-2.6179938779914944     14.4224812440250432      0.0203932609966477      -0.0175421549272433
-2.6179938779914944     14.5478941244078701      0.0201355293906968      -0.0175380311974672
-2.6179938779914944     14.6733070047906971      0.0198815524389340      -0.0175340134596371
-2.6179938779914944     14.7987198851735240      0.0196312248919853      -0.0175300964380798
-2.6179938779914944     14.9241327655563509      0.0193844450215271      -0.0175262788414532
-2.6179938779914944     15.0495456459391779      0.0191411182718928      -0.0175225624871929
-2.6179938779914944     15.1749585263220048      0.0189011580406501      -0.0175189467196967
-2.6179938779914944     15.3003714067048318      0.0186644799904592      -0.0175154263171524
-2.6179938779914944     15.4257842870876587      0.0184309995205350      -0.0175119948099499
-2.6179938779914944     15.5511971674704856      0.0182006320248254      -0.0175086478159820
-2.6179938779914944     15.6766100478533126      0.0179732974322029      -0.0175053833428902
    
-2.3561944901923448     0.0000000000000000      -0.8421405520923657      -0.8204234396252625
-2.3561944901923448     0.1254128803828261      -0.1235571863163111      -1.3594966246472875
-2.3561944901923448     0.2508257607656522      0.2990304007472306      -0.8385327097087597
-2.3561944901923448     0.3762386411484783      0.3449702604376892      -0.6699138555390467
-2.3561944901923448     0.5016515215313043      0.3399285645958955      -0.4281593486945974
-2.3561944901923448     0.6270644019141304      0.2249373940606531      -0.3558097089337995
-2.3561944901923448     0.7524772822969564      0.1653616877423141      -0.3562271711752831
-2.3561944901923448     0.8778901626797825      0.1144105798583065      -0.4431426850025207
-2.3561944901923448     1.0033030430626086      0.2450313378691088      -0.5691533511812895
-2.3561944901923448     1.1287159234454347      0.5080057391611426      -0.4352174116445249
-2.3561944901923448     1.2541288038282608      0.4815660072113099      -0.2093559546701619
-2.3561944901923448     1.3795416842110868      0.3963819018698644      -0.1206183554862180
-2.3561944901923448     1.5049545645939129      0.3345965471255281      -0.0848298381865364
-2.3561944901923448     1.6303674449767389      0.2915956424353551      -0.0663236326214317
-2.3561944901923448     1.7557803253595650      0.2599414923505860      -0.0542788781331458
-2.3561944901923448     1.8811932057423910      0.2346887130462946      -0.0458019210018025
-2.3561944901923448     2.0066060861252173      0.2139295933965974      -0.0392257835242657
-2.3561944901923448     2.1320189665080433      0.1961636463133839      -0.0345195456084860
-2.3561944901923448     2.2574318468908694      0.1810113474558447      -0.0311466812610820
-2.3561944901923448     2.3828447272736955      0.1680586286190559      -0.0287422350471206
-2.3561944901923448     2.5082576076565215      0.1569047508579930      -0.0269162654094389
-2.3561944901923448     2.6336704880393476      0.1471932393361482      -0.0254881337136879
-2.3561944901923448     2.7590833684221736      0.1386479347568889      -0.0243360964275792
-2.3561944901923448     2.8844962488049997      0.1310651457416334      -0.0233912969245423
-2.3561944901923448     3.0099091291878257      0.1242848126040829      -0.0226031128509491
-2.3561944901923448     3.1353220095706518      0.1181819165190142      -0.0219371626169797
-2.3561944901923448     3.2607348899534778      0.1126564364187593      -0.0213680844032505
-2.3561944901923448     3.3861477703363039      0.1076276480599017      -0.0208773202691622
-2.3561944901923448     3.5115606507191299      0.1030294731276131      -0.0204506794707224
-2.3561944901923448     3.6369735311019560      0.0988074921099173      -0.0200772107540206
-2.3561944901923448     3.7623864114847820      0.0949161879444428      -0.0197481244791949
-2.3561944901923448     3.8877992918676081      0.0913172051658526      -0.0194564874415717
-2.3561944901923448     4.0132121722504346      0.0879779831481639      -0.0191966836533417
-2.3561944901923448     4.1386250526332606      0.0848706989539971      -0.0189641060901693
-2.3561944901923448     4.2640379330160867      0.0819713746407232      -0.0187550653508515
-2.3561944901923448     4.3894508133989127      0.0792593501861308      -0.0185664559583577
-2.3561944901923448     4.5148636937817388      0.0767166153313697      -0.0183956930545518
-2.3561944901923448     4.6402765741645648      0.0743274862805583      -0.0182405717879642
-2.3561944901923448     4.7656894545473909      0.0720781297450068      -0.0180992247602679
-2.3561944901923448     4.8911023349302170      0.0699563650726820      -0.0179700281182853
-2.3561944901923448     5.0165152153130430      0.0679513839360372      -0.0178515920394472
-2.3561944901923448     5.1419280956958691      0.0660535241528858      -0.0177427478274710
-2.3561944901923448     5.2673409760786951      0.0642542229132546      -0.0176424984117727
-2.3561944901923448     5.3927538564615212      0.0625458239062302      -0.0175499782482174
-2.3561944901923448     5.5181667368443472      0.0609214372928737      -0.0174643803316501
-2.3561944901923448     5.6435796172271733      0.0593748328365227      -0.0173850533353532
-2.3561944901923448     5.7689924976099993      0.0579004446966681      -0.0173114168840942
-2.3561944901923448     5.8944053779928254      0.0564932260049220      -0.0172429107077819
-2.3561944901923448     6.0198182583756514      0.0551485502960873      -0.0171790209353748
-2.3561944901923448     6.1452311387584775      0.0538621867168689      -0.0171193174986242
-2.3561944901923448     6.2706440191413035      0.0526302702808649      -0.0170634479810467
-2.3561944901923448     6.3960568995241296      0.0514492952481503      -0.0170111126953354
-2.3561944901923448     6.5214697799069556      0.0503160665993490      -0.0169620427677174
-2.3561944901923448     6.6468826602897817      0.0492276714275717      -0.0169159848343175
-2.3561944901923448     6.7722955406726077      0.0481814272419601      -0.0168726888545340
-2.3561944901923448     6.8977084210554338      0.0471748497793464      -0.0168319228508914
-2.3561944901923448     7.0231213014382599      0.0462056432769047      -0.0167934807884021
-2.3561944901923448     7.1485341818210859      0.0452716682974193      -0.0167571673968277
-2.3561944901923448     7.2739470622039120      0.0443709402296276      -0.0167228354468038
-2.3561944901923448     7.3993599425867380      0.0435016337083526      -0.0166903570201953
-2.3561944901923448     7.5247728229695641      0.0426620718619301      -0.0166596122298552
-2.3561944901923448     7.6501857033523901      0.0418506919341063      -0.0166304817780968
-2.3561944901923448     7.7755985837352162      0.0410660408324391      -0.0166028508404160
-2.3561944901923448     7.9010114641180422      0.0403067622973717      -0.0165766117835860
-2.3561944901923448     8.0264243445008692      0.0395715798100401      -0.0165516616035481
-2.3561944901923448     8.1518372248836961      0.0388592964658722      -0.0165279120119744
-2.3561944901923448     8.2772501052665231      0.0381687919816779      -0.0165052908420658
-2.3561944901923448     8.4026629856493500      0.0374990252076839      -0.0164837366817360
-2.3561944901923448     8.5280758660321769      0.0368490249050998      -0.0164631872519749
-2.3561944901923448     8.6534887464150039      0.0362178776160738      -0.0164435875422969
-2.3561944901923448     8.7789016267978308      0.0356047349897673      -0.0164248887219829
-2.3561944901923448     8.9043145071806578      0.0350088054303155      -0.0164070289287306
-2.3561944901923448     9.0297273875634847      0.0344293260823404      -0.0163899407332826
-2.3561944901923448     9.1551402679463116      0.0338655649305170      -0.0163735743340000
-2.3561944901923448     9.2805531483291386      0.0333168363024767      -0.0163578970187570
-2.3561944901923448     9.4059660287119655      0.0327825056369709      -0.0163428828130370
-2.3561944901923448     9.5313789090947925      0.0322619830741243      -0.0163284980161010
-2.3561944901923448     9.6567917894776194      0.0317547058074689      -0.0163147014268134
-2.3561944901923448     9.7822046698604463      0.0312601345999023      -0.0163014535155522
-2.3561944901923448     9.9076175502432733      0.0307777535723935      -0.0162887214215511
-2.3561944901923448     10.0330304306261002      0.0303070749717920      -0.0162764788062818
-2.3561944901923448     10.1584433110089272      0.0298476383499315      -0.0162647020567242
-2.3561944901923448     10.2838561913917541      0.0293990060759153      -0.0162533698764714
-2.3561944901923448     10.4092690717745811      0.0289607636120590      -0.0162424654209364
-2.3561944901923448     10.5346819521574080      0.0285325212283925      -0.0162319757117524
-2.3561944901923448     10.6600948325402349      0.0281139164293629      -0.0162218862212814
-2.3561944901923448     10.7855077129230619      0.0277046051674351      -0.0162121737248078
-2.3561944901923448     10.9109205933058888      0.0273042538814465      -0.0162028112596083
-2.3561944901923448     11.0363334736887158      0.0269125393875075      -0.0161937732027849
-2.3561944901923448     11.1617463540715427      0.0265291466507739      -0.0161850371028310
-2.3561944901923448     11.2871592344543696      0.0261537712079054      -0.0161765908919855
-2.3561944901923448     11.4125721148371966      0.0257861300975608      -0.0161684327205124
-2.3561944901923448     11.5379849952200235      0.0254259631615618      -0.0161605578998006
-2.3561944901923448     11.6633978756028505      0.0250730235178417      -0.0161529541001115
-2.3561944901923448     11.7888107559856774      0.0247270703138756      -0.0161456078204619
-2.3561944901923448     11.9142236363685043      0.0243878743602042      -0.0161385080136824
-2.3561944901923448     12.0396365167513313      0.0240552163382429      -0.0161316397381795
-2.3561944901923448     12.1650493971341582      0.0237288810282143      -0.0161249894305712
-2.3561944901923448     12.2904622775169852      0.0234086624781171      -0.0161185475681809
-2.3561944901923448     12.4158751578998121      0.0230943644598159      -0.0161123046309453
-2.3561944901923448     12.5412880382826391      0.0227857966648202      -0.0161062520686609
-2.3561944901923448     12.6667009186654660      0.0224827763595277      -0.0161003861065595
-2.3561944901923448     12.7921137990482929      0.0221851346318552      -0.0160947056582675
-2.3561944901923448     12.9175266794311199      0.0218927141811851      -0.0160892034171927
-2.3561944901923448     13.0429395598139468      0.0216053601064993      -0.0160838658228389
-2.3561944901923448     13.1683524401967738      0.0213229167844946      -0.0160786791512632
-2.3561944901923448     13.2937653205796007      0.0210452293067566      -0.0160736362689993
-2.3561944901923448     13.4191782009624276      0.0207721521343929      -0.0160687377114685
-2.3561944901923448     13.5445910813452546      0.0205035529089980      -0.0160639844934382
-2.3561944901923448     13.6700039617280815      0.0202393069418947      -0.0160593705238346
-2.3561944901923448     13.7954168421109085      0.0199792884452599      -0.0160548874009072
-2.3561944901923448     13.9208297224937354      0.0197233744009577      -0.0160505313254140
-2.3561944901923448     14.0462426028765623      0.0194714501351646      -0.0160463008122704
-2.3561944901923448     14.1716554832593893      0.0192234079263841      -0.0160421899177080
-2.3561944901923448     14.2970683636422162      0.0189791392129095      -0.0160381898617882
-2.3561944901923448     14.4224812440250432      0.0187385361645961      -0.0160342956436814
-2.3561944901923448     14.5478941244078701      0.0185014960064396      -0.0160305055400447
-2.3561944901923448     14.6733070047906971      0.0182679223796027      -0.0160268185579666
-2.3561944901923448     14.7987198851735240      0.0180377233930819      -0.0160232321896306
-2.3561944901923448     14.9241327655563509      0.0178108113722069      -0.0160197431548584
-2.3561944901923448     15.0495456459391779      0.0175871012079519      -0.0160163447723303
-2.3561944901923448     15.1749585263220048      0.0173665062295002      -0.0160130298407991
-2.3561944901923448     15.3003714067048318      0.0171489400529312      -0.0160097949855341
-2.3561944901923448     15.4257842870876587      0.0169343209816669      -0.0160066411023680
-2.3561944901923448     15.5511971674704856      0.0167225738888935      -0.0160035687002790
-2.3561944901923448     15.6766100478533126      0.0165136265584968      -0.0160005764783232
    
-2.0943951023931957     0.0000000000000000      -0.7512528054595017      -0.7205550126471230
-2.0943951023931957     0.1254128803828261      -0.1248233095617062      -1.1938804763548929
-2.0943951023931957     0.2508257607656522      0.2452068356651066      -0.7446809772480100
-2.0943951023931957     0.3762386411484783      0.3042908975767635      -0.5981493448602869
-2.0943951023931957     0.5016515215313043      0.3135019436502208      -0.3449358094981458
-2.0943951023931957     0.6270644019141304      0.1336208194029440      -0.2391378772128989
-2.0943951023931957     0.7524772822969564      0.0045096986736357      -0.3118105861791104
-2.0943951023931957     0.8778901626797825      -0.0187088999077094      -0.4946899543052909
-2.0943951023931957     1.0033030430626086      0.1862424913074214      -0.6659325709745041
-2.0943951023931957     1.1287159234454347      0.5165912250581244      -0.4920281562100787
-2.0943951023931957     1.2541288038282608      0.4905546775888825      -0.2294749077191526
-2.0943951023931957     1.3795416842110868      0.3984730134040771      -0.1281067568113494
-2.0943951023931957     1.5049545645939129      0.3324106608471014      -0.0875431764648690
-2.0943951023931957     1.6303674449767389      0.2870138439544576      -0.0669437138227042
-2.0943951023931957     1.7557803253595650      0.2539840445985043      -0.0539083128779400
-2.0943951023931957     1.8811932057423910      0.2279983899736984      -0.0449706480337938
-2.0943951023931957     2.0066060861252173      0.2069109971813431      -0.0381942577486564
-2.0943951023931957     2.1320189665080433      0.1890543726328629      -0.0333681705763328
-2.0943951023931957     2.2574318468908694      0.1739254245778177      -0.0299269656483145
-2.0943951023931957     2.3828447272736955      0.1610765594188429      -0.0274891278528932
-2.0943951023931957     2.5082576076565215      0.1500665077456742      -0.0256369022309372
-2.0943951023931957     2.6336704880393476      0.1405182445385434      -0.0241956098241015
-2.0943951023931957     2.7590833684221736      0.1321470091230112      -0.0230375844828879
-2.0943951023931957     2.8844962488049997      0.1247425330643317      -0.0220916117528424
-2.0943951023931957     3.0099091291878257      0.1181402418224757      -0.0213055699744978
-2.0943951023931957     3.1353220095706518      0.1122126897689795      -0.0206438547616108
-2.0943951023931957     3.2607348899534778      0.1068584604555167      -0.0200805307144501
-2.0943951023931957     3.3861477703363039      0.1019956102574181      -0.0195960932577484
-2.0943951023931957     3.5115606507191299      0.0975575706525380      -0.0191761717929032
-2.0943951023931957     3.6369735311019560      0.0934895670428340      -0.0188095252182851
-2.0943951023931957     3.7623864114847820      0.0897460735116667      -0.0184872309842922
-2.0943951023931957     3.8877992918676081      0.0862887010484157      -0.0182022367545481
-2.0943951023931957     4.0132121722504346      0.0830851166017920      -0.0179488913876887
-2.0943951023931957     4.1386250526332606      0.0801076167086097      -0.0177225693336521
-2.0943951023931957     4.2640379330160867      0.0773325032080104      -0.0175195527129072
-2.0943951023931957     4.3894508133989127      0.0747393576714131      -0.0173367805803825
-2.0943951023931957     4.5148636937817388      0.0723105207050758      -0.0171716457356854
-2.0943951023931957     4.6402765741645648      0.0700304989132893      -0.0170218995650001
-2.0943951023931957     4.7656894545473909      0.0678857417464937      -0.0168856856162545
-2.0943951023931957     4.8911023349302170      0.0658643315206641      -0.0167614151895313
-2.0943951023931957     5.0165152153130430      0.0639556916289676      -0.0166476534810113
-2.0943951023931957     5.1419280956958691      0.0621504056484010      -0.0165431882537216
-2.0943951023931957     5.2673409760786951      0.0604400358799256      -0.0164470161641273
-2.0943951023931957     5.3927538564615212      0.0588170702097168      -0.0163582949337771
-2.0943951023931957     5.5181667368443472      0.0572748168682817      -0.0162763205711292
-2.0943951023931957     5.6435796172271733      0.0558072967744109      -0.0162004224156343
-2.0943951023931957     5.7689924976099993      0.0544090766264586      -0.0161299641776632
-2.0943951023931957     5.8944053779928254      0.0530751886688874      -0.0160643934758335
-2.0943951023931957     6.0198182583756514      0.0518011266580083      -0.0160032861121984
-2.0943951023931957     6.1452311387584775      0.0505828255953561      -0.0159462640046507
-2.0943951023931957     6.2706440191413035      0.0494165999291702      -0.0158929930414637
-2.0943951023931957     6.3960568995241296      0.0482990935982580      -0.0158431563434761
-2.0943951023931957     6.5214697799069556      0.0472272224228115      -0.0157964613184586
-2.0943951023931957     6.6468826602897817      0.0461981602950781      -0.0157526487789618
-2.0943951023931957     6.7722955406726077      0.0452093120212253      -0.0157114890038253
-2.0943951023931957     6.8977084210554338      0.0442582967787692      -0.0156727531351087
-2.0943951023931957     7.0231213014382599      0.0433428846505278      -0.0156362359443839
-2.0943951023931957     7.1485341818210859      0.0424610296344200      -0.0156017763474953
-2.0943951023931957     7.2739470622039120      0.0416108328686481      -0.0155692184347410
-2.0943951023931957     7.3993599425867380      0.0407905452875113      -0.0155384382589403
-2.0943951023931957     7.5247728229695641      0.0399985478912522      -0.0155093229363541
-2.0943951023931957     7.6501857033523901      0.0392333617786905      -0.0154817592792456
-2.0943951023931957     7.7755985837352162      0.0384935934574448      -0.0154556254764154
-2.0943951023931957     7.9010114641180422      0.0377779307473150      -0.0154308108357307
-2.0943951023931957     8.0264243445008692      0.0370851516438996      -0.0154072286186631
-2.0943951023931957     8.1518372248836961      0.0364141177005369      -0.0153847930309972
-2.0943951023931957     8.2772501052665231      0.0357637547770960      -0.0153634312701339
-2.0943951023931957     8.4026629856493500      0.0351330675999008      -0.0153430862520877
-2.0943951023931957     8.5280758660321769      0.0345211315590597      -0.0153237038159028
-2.0943951023931957     8.6534887464150039      0.0339270855920547      -0.0153052239699263
-2.0943951023931957     8.7789016267978308      0.0333501140786621      -0.0152875841188823
-2.0943951023931957     8.9043145071806578      0.0327894450195668      -0.0152707266719913
-2.0943951023931957     9.0297273875634847      0.0322443464622566      -0.0152546011367110
-2.0943951023931957     9.1551402679463116      0.0317141321121366      -0.0152391659329408
-2.0943951023931957     9.2805531483291386      0.0311981551773845      -0.0152243809560857
-2.0943951023931957     9.4059660287119655      0.0306958032724463      -0.0152102094459335
-2.0943951023931957     9.5313789090947925      0.0302064942604156      -0.0151966252381536
-2.0943951023931957     9.6567917894776194      0.0297296913254793      -0.0151836127860479
-2.0943951023931957     9.7822046698604463      0.0292648981570852      -0.0151711476739935
-2.0943951023931957     9.9076175502432733      0.0288116448263091      -0.0151591939740264
-2.0943951023931957     10.0330304306261002      0.0283694747200387      -0.0151477100062209
-2.0943951023931957     10.1584433110089272      0.0279379436595163      -0.0151366622705954
-2.0943951023931957     10.2838561913917541      0.0275166277140364      -0.0151260274280983
-2.0943951023931957     10.4092690717745811      0.0271051289439526      -0.0151157941454617
-2.0943951023931957     10.5346819521574080      0.0267030807485237      -0.0151059505190878
-2.0943951023931957     10.6600948325402349      0.0263101371352303      -0.0150964773692606
-2.0943951023931957     10.7855077129230619      0.0259259645051499      -0.0150873517250324
-2.0943951023931957     10.9109205933058888      0.0255502410150384      -0.0150785540985866
-2.0943951023931957     11.0363334736887158      0.0251826598360673      -0.0150700687472627
-2.0943951023931957     11.1617463540715427      0.0248229318218492      -0.0150618813676019
-2.0943951023931957     11.2871592344543696      0.0244707802956887      -0.0150539749522525
-2.0943951023931957     11.4125721148371966      0.0241259363736167      -0.0150463336114615
-2.0943951023931957     11.5379849952200235      0.0237881416417146      -0.0150389492529248
-2.0943951023931957     11.6633978756028505      0.0234571566415423      -0.0150318195024206
-2.0943951023931957     11.7888107559856774      0.0231327607758605      -0.0150249355399927
-2.0943951023931957     11.9142236363685043      0.0228147390816279      -0.0150182803996201
-2.0943951023931957     12.0396365167513313      0.0225028791731963      -0.0150118380107456
-2.0943951023931957     12.1650493971341582      0.0221969740968659      -0.0150055966374520
-2.0943951023931957     12.2904622775169852      0.0218968257229521      -0.0149995503292069
-2.0943951023931957     12.4158751578998121      0.0216022481126697      -0.0149936969643907
-2.0943951023931957     12.5412880382826391      0.0213130684172978      -0.0149880330172237
-2.0943951023931957     12.6667009186654660      0.0210291224775608      -0.0149825510398460
-2.0943951023931957     12.7921137990482929      0.0207502507055025      -0.0149772393353475
-2.0943951023931957     12.9175266794311199      0.0204762947303440      -0.0149720873838080
-2.0943951023931957     13.0429395598139468      0.0202071014927735      -0.0149670883772829
-2.0943951023931957     13.1683524401967738      0.0199425256867806      -0.0149622392051946
-2.0943951023931957     13.2937653205796007      0.0196824319014616      -0.0149575342450994
-2.0943951023931957     13.4191782009624276      0.0194266862111300      -0.0149529652040773
-2.0943951023931957     13.5445910813452546      0.0191751572379685      -0.0149485274294861
-2.0943951023931957     13.6700039617280815      0.0189277211007105      -0.0149442206422253
-2.0943951023931957     13.7954168421109085      0.0186842645522140      -0.0149400427864415
-2.0943951023931957     13.9208297224937354      0.0184446777305576      -0.0149359858873386
-2.0943951023931957     14.0462426028765623      0.0182088508061351      -0.0149320411974355
-2.0943951023931957     14.1716554832593893      0.0179766752830750      -0.0149282016787653
-2.0943951023931957     14.2970683636422162      0.0177480458737296      -0.0149244628904304
-2.0943951023931957     14.4224812440250432      0.0175228609071225      -0.0149208226276319
-2.0943951023931957     14.5478941244078701      0.0173010251345861      -0.0149172808392818
-2.0943951023931957     14.6733070047906971      0.0170824483122759      -0.0149138355748670
-2.0943951023931957     14.7987198851735240      0.0168670438378209      -0.0149104843365785
-2.0943951023931957     14.9241327655563509      0.0166547274377562      -0.0149072226131636
-2.0943951023931957     15.0495456459391779      0.0164454156870940      -0.0149040470163308
-2.0943951023931957     15.1749585263220048      0.0162390286699176      -0.0149009558108535
-2.0943951023931957     15.3003714067048318      0.0160354905613457      -0.0148979473436662
-2.0943951023931957     15.4257842870876587      0.0158347287074491      -0.0148950184043382
-2.0943951023931957     15.5511971674704856      0.0156366714428828      -0.0148921652567542
-2.0943951023931957     15.6766100478533126      0.0154412489767550      -0.0148893848271391
    
-1.8325957145940459     0.0000000000000000      -0.6629933953947695      -0.6074018389136310
-1.8325957145940459     0.1254128803828261      -0.1477174351581497      -1.0035320864286807
-1.8325957145940459     0.2508257607656522      0.1519810981691081      -0.6317588802030148
-1.8325957145940459     0.3762386411484783      0.1742639305750337      -0.5075756307953235
-1.8325957145940459     0.5016515215313043      0.1550969050101380      -0.3661273984392277
-1.8325957145940459     0.6270644019141304      0.0691763099567681      -0.3139486476050338
-1.8325957145940459     0.7524772822969564      -0.0405491561962270      -0.3697708417443540
-1.8325957145940459     0.8778901626797825      -0.0044555781601526      -0.5712360326907509
-1.8325957145940459     1.0033030430626086      0.2466791140674502      -0.6711805918416718
-1.8325957145940459     1.1287159234454347      0.5160045580176040      -0.4610419957228744
-1.8325957145940459     1.2541288038282608      0.4774732905017976      -0.2187770872872850
-1.8325957145940459     1.3795416842110868      0.3868730292220831      -0.1234805271751625
-1.8325957145940459     1.5049545645939129      0.3222133085594984      -0.0846593916492674
-1.8325957145940459     1.6303674449767389      0.2777096936913793      -0.0646991829903049
-1.8325957145940459     1.7557803253595650      0.2452875769916366      -0.0519702091288499
-1.8325957145940459     1.8811932057423910      0.2197605903773391      -0.0432136984026743
-1.8325957145940459     2.0066060861252173      0.1990658825474770      -0.0366416967179119
-1.8325957145940459     2.1320189665080433      0.1816089124961680      -0.0319871907449557
-1.8325957145940459     2.2574318468908694      0.1668885152617343      -0.0286606473902708
-1.8325957145940459     2.3828447272736955      0.1544008203292797      -0.0262756120361322
-1.8325957145940459     2.5082576076565215      0.1437069535864693      -0.0244630679056994
-1.8325957145940459     2.6336704880393476      0.1344425247953452      -0.0230500056852578
-1.8325957145940459     2.7590833684221736      0.1263284805020414      -0.0219151901694322
-1.8325957145940459     2.8844962488049997      0.1191588495473217      -0.0209890247616012
-1.8325957145940459     3.0099091291878257      0.1127730525579578      -0.0202202644599309
-1.8325957145940459     3.1353220095706518      0.1070458986068488      -0.0195738262291678
-1.8325957145940459     3.2607348899534778      0.1018777525928040      -0.0190239435634901
-1.8325957145940459     3.3861477703363039      0.0971885599927120      -0.0185516338826809
-1.8325957145940459     3.5115606507191299      0.0929128531529817      -0.0181423709510498
-1.8325957145940459     3.6369735311019560      0.0889968203805737      -0.0177851968309015
-1.8325957145940459     3.7623864114847820      0.0853958061811513      -0.0174715106963695
-1.8325957145940459     3.8877992918676081      0.0820723966479955      -0.0171944932526987
-1.8325957145940459     4.0132121722504346      0.0789950500669108      -0.0169486801133803
-1.8325957145940459     4.1386250526332606      0.0761369939583171      -0.0167294814185466
-1.8325957145940459     4.2640379330160867      0.0734751587525642      -0.0165330677200497
-1.8325957145940459     4.3894508133989127      0.0709895794068893      -0.0163562355078615
-1.8325957145940459     4.5148636937817388      0.0686628691438002      -0.0161963830524219
-1.8325957145940459     4.6402765741645648      0.0664799141686535      -0.0160513847522937
-1.8325957145940459     4.7656894545473909      0.0644274746694566      -0.0159194130641778
-1.8325957145940459     4.8911023349302170      0.0624938639829868      -0.0157989362077829
-1.8325957145940459     5.0165152153130430      0.0606687978749396      -0.0156887068766234
-1.8325957145940459     5.1419280956958691      0.0589432015336404      -0.0155876470947436
-1.8325957145940459     5.2673409760786951      0.0573090316675978      -0.0154947786040785
-1.8325957145940459     5.3927538564615212      0.0557590936121902      -0.0154091946139146
-1.8325957145940459     5.5181667368443472      0.0542868522656067      -0.0153300819903398
-1.8325957145940459     5.6435796172271733      0.0528864025626385      -0.0152567990265738
-1.8325957145940459     5.7689924976099993      0.0515524594540330      -0.0151888250002157
-1.8325957145940459     5.8944053779928254      0.0502802881367234      -0.0151257005878277
-1.8325957145940459     6.0198182583756514      0.0490656233072003      -0.0150669796636332
-1.8325957145940459     6.1452311387584775      0.0479045625402454      -0.0150122316090654
-1.8325957145940459     6.2706440191413035      0.0467935260406335      -0.0149610886812717
-1.8325957145940459     6.3960568995241296      0.0457292486965946      -0.0149132251704518
-1.8325957145940459     6.5214697799069556      0.0447087445923926      -0.0148683496767666
-1.8325957145940459     6.6468826602897817      0.0437292553436912      -0.0148261988196601
-1.8325957145940459     6.7722955406726077      0.0427882471417137      -0.0147865588868828
-1.8325957145940459     6.8977084210554338      0.0418833951932587      -0.0147492590360460
-1.8325957145940459     7.0231213014382599      0.0410125924535641      -0.0147141483871925
-1.8325957145940459     7.1485341818210859      0.0401739009533242      -0.0146810669423262
-1.8325957145940459     7.2739470622039120      0.0393655344481000      -0.0146498583915024
-1.8325957145940459     7.3993599425867380      0.0385858211505068      -0.0146203571818398
-1.8325957145940459     7.5247728229695641      0.0378331885370202      -0.0145924170564544
-1.8325957145940459     7.6501857033523901      0.0371061603070102      -0.0145659275173630
-1.8325957145940459     7.7755985837352162      0.0364033841425673      -0.0145408050794626
-1.8325957145940459     7.9010114641180422      0.0357236154653171      -0.0145169687286172
-1.8325957145940459     8.0264243445008692      0.0350656893473251      -0.0144943332291270
-1.8325957145940459     8.1518372248836961      0.0344285222844806      -0.0144728297076170
-1.8325957145940459     8.2772501052665231      0.0338111139461431      -0.0144523842131920
-1.8325957145940459     8.4026629856493500      0.0332125197732821      -0.0144329108326167
-1.8325957145940459     8.5280758660321769      0.0326318362137668      -0.0144143303590944
-1.8325957145940459     8.6534887464150039      0.0320682068874397      -0.0143965827828694
-1.8325957145940459     8.7789016267978308      0.0315208279705794      -0.0143796267515775
-1.8325957145940459     8.9043145071806578      0.0309889592161331      -0.0143634370745448
-1.8325957145940459     9.0297273875634847      0.0304719213762791      -0.0143479819489516
-1.8325957145940459     9.1551402679463116      0.0299690753441490      -0.0143332190589949
-1.8325957145940459     9.2805531483291386      0.0294798126466346      -0.0143191030340421
-1.8325957145940459     9.4059660287119655      0.0290035567448830      -0.0143055943210990
-1.8325957145940459     9.5313789090947925      0.0285397661839970      -0.0142926505317601
-1.8325957145940459     9.6567917894776194      0.0280879191732570      -0.0142802249114497
-1.8325957145940459     9.7822046698604463      0.0276475087178686      -0.0142682813625541
-1.8325957145940459     9.9076175502432733      0.0272180556522715      -0.0142568047070763
-1.8325957145940459     10.0330304306261002      0.0267991222466609      -0.0142457870635356
-1.8325957145940459     10.1584433110089272      0.0263903055188429      -0.0142352140414659
-1.8325957145940459     10.2838561913917541      0.0259912264636149      -0.0142250606938382
-1.8325957145940459     10.4092690717745811      0.0256015180391280      -0.0142152904045772
-1.8325957145940459     10.5346819521574080      0.0252208151806615      -0.0142058694837516
-1.8325957145940459     10.6600948325402349      0.0248487639505155      -0.0141967798866633
-1.8325957145940459     10.7855077129230619      0.0244850357539792      -0.0141880162846009
-1.8325957145940459     10.9109205933058888      0.0241293284782068      -0.0141795711903925
-1.8325957145940459     11.0363334736887158      0.0237813542759350      -0.0141714319213090
-1.8325957145940459     11.1617463540715427      0.0234408374219665      -0.0141635887384225
-1.8325957145940459     11.2871592344543696      0.0231075206457254      -0.0141560323182285
-1.8325957145940459     11.4125721148371966      0.0227811611282794      -0.0141487480841744
-1.8325957145940459     11.5379849952200235      0.0224615241060319      -0.0141417145679281
-1.8325957145940459     11.6633978756028505      0.0221483751278200      -0.0141349098156068
-1.8325957145940459     11.7888107559856774      0.0218414836266148      -0.0141283209913201
-1.8325957145940459     11.9142236363685043      0.0215406320498299      -0.0141219461029417
-1.8325957145940459     12.0396365167513313      0.0212456220759752      -0.0141157858713345
-1.8325957145940459     12.1650493971341582      0.0209562711853041      -0.0141098352292136
-1.8325957145940459     12.2904622775169852      0.0206724031981217      -0.0141040800598869
-1.8325957145940459     12.4158751578998121      0.0203938418460180      -0.0140985048420286
-1.8325957145940459     12.5412880382826391      0.0201204145326313      -0.0140930979915016
-1.8325957145940459     12.6667009186654660      0.0198519544460371      -0.0140878512639564
-1.8325957145940459     12.7921137990482929      0.0195883016785274      -0.0140827607590586
-1.8325957145940459     12.9175266794311199      0.0193293064368004      -0.0140778252972963
-1.8325957145940459     13.0429395598139468      0.0190748287393268      -0.0140730429002561
-1.8325957145940459     13.1683524401967738      0.0188247353873255      -0.0140684078438919
-1.8325957145940459     13.2937653205796007      0.0185788960367490      -0.0140639140959409
-1.8325957145940459     13.4191782009624276      0.0183371874943549      -0.0140595560388819
-1.8325957145940459     13.5445910813452546      0.0180994907234349      -0.0140553237612207
-1.8325957145940459     13.6700039617280815      0.0178656853479797      -0.0140512067312692
-1.8325957145940459     13.7954168421109085      0.0176356521320892      -0.0140472001361563
-1.8325957145940459     13.9208297224937354      0.0174092794298586      -0.0140433037630523
-1.8325957145940459     14.0462426028765623      0.0171864628307703      -0.0140395169240890
-1.8325957145940459     14.1716554832593893      0.0169671023892669      -0.0140358386399821
-1.8325957145940459     14.2970683636422162      0.0167511042631329      -0.0140322681397905
-1.8325957145940459     14.4224812440250432      0.0165383801994242      -0.0140288009000953
-1.8325957145940459     14.5478941244078701      0.0163288414931240      -0.0140254286519571
-1.8325957145940459     14.6733070047906971      0.0161223988848807      -0.0140221457405533
-1.8325957145940459     14.7987198851735240      0.0159189662555410      -0.0140189484317779
-1.8325957145940459     14.9241327655563509      0.0157184604311130      -0.0140158352300401
-1.8325957145940459     15.0495456459391779      0.0155208037565853      -0.0140128060543843
-1.8325957145940459     15.1749585263220048      0.0153259238371329      -0.0140098585105389
-1.8325957145940459     15.3003714067048318      0.0151337491392146      -0.0140069868769467
-1.8325957145940459     15.4257842870876587      0.0149442070798195      -0.0140041865023044
-1.8325957145940459     15.5511971674704856      0.0147572278503273      -0.0140014551463342
-1.8325957145940459     15.6766100478533126      0.0145727450423430      -0.0139987906280830
    
-1.5707963267948966     0.0000000000000000      -0.6098468165876255      -0.5033731324438536
-1.5707963267948966     0.1254128803828261      -0.2288135281011510      -0.8341852882460817
-1.5707963267948966     0.2508257607656522      -0.0161281568830836      -0.5971908713379780
-1.5707963267948966     0.3762386411484783      0.0680427166289777      -0.5716140053118396
-1.5707963267948966     0.5016515215313043      0.0568242725801562      -0.4248365052907471
-1.5707963267948966     0.6270644019141304      0.0432740370273299      -0.4608482977818416
-1.5707963267948966     0.7524772822969564      0.0284757057620979      -0.4848661537161674
-1.5707963267948966     0.8778901626797825      0.1271104074896499      -0.6072322043966002
-1.5707963267948966     1.0033030430626086      0.3405983270953792      -0.5892425169461989
-1.5707963267948966     1.1287159234454347      0.5013314985675594      -0.3901010812335884
-1.5707963267948966     1.2541288038282608      0.4545122469645548      -0.1937438760298787
-1.5707963267948966     1.3795416842110868      0.3708947040097983      -0.1129127972609921
-1.5707963267948966     1.5049545645939129      0.3108636406125690      -0.0790950099288406
-1.5707963267948966     1.6303674449767389      0.2690768803121384      -0.0612521580818613
-1.5707963267948966     1.7557803253595650      0.2383190202472100      -0.0495577801539784
-1.5707963267948966     1.8811932057423910      0.2138308159672572      -0.0413777657188384
-1.5707963267948966     2.0066060861252173      0.1938643588158692      -0.0352619052354063
-1.5707963267948966     2.1320189665080433      0.1769990685911521      -0.0309361111458137
-1.5707963267948966     2.2574318468908694      0.1627913408677721      -0.0278305366134641
-1.5707963267948966     2.3828447272736955      0.1507150190352283      -0.0255555970390652
-1.5707963267948966     2.5082576076565215      0.1403404931247989      -0.0238161255467106
-1.5707963267948966     2.6336704880393476      0.1313318847938165      -0.0224526630252927
-1.5707963267948966     2.7590833684221736      0.1234312376539866      -0.0213566794192286
-1.5707963267948966     2.8844962488049997      0.1164427458913989      -0.0204604362330313
-1.5707963267948966     3.0099091291878257      0.1102135847275000      -0.0197152216137699
-1.5707963267948966     3.1353220095706518      0.1046233923504874      -0.0190875052886272
-1.5707963267948966     3.2607348899534778      0.0995763560768164      -0.0185526964138455
-1.5707963267948966     3.3861477703363039      0.0949949648489318      -0.0180927320471505
-1.5707963267948966     3.5115606507191299      0.0908161711365905      -0.0176939374406449
-1.5707963267948966     3.6369735311019560      0.0869880004336536      -0.0173456780096865
-1.5707963267948966     3.7623864114847820      0.0834671612594805      -0.0170396383535226
-1.5707963267948966     3.8877992918676081      0.0802174508810173      -0.0167691360779507
-1.5707963267948966     4.0132121722504346      0.0772080357676906      -0.0165286556161559
-1.5707963267948966     4.1386250526332606      0.0744125940157698      -0.0163138785771923
-1.5707963267948966     4.2640379330160867      0.0718086317594579      -0.0161212633927287
-1.5707963267948966     4.3894508133989127      0.0693767638420105      -0.0159478767843448
-1.5707963267948966     4.5148636937817388      0.0671001671063897      -0.0157912074704080
-1.5707963267948966     4.6402765741645648      0.0649641427199145      -0.0156491499408888
-1.5707963267948966     4.7656894545473909      0.0629557803363795      -0.0155199382482988
-1.5707963267948966     4.8911023349302170      0.0610637556270829      -0.0154020759266960
-1.5707963267948966     5.0165152153130430      0.0592780632928009      -0.0152942754082618
-1.5707963267948966     5.1419280956958691      0.0575898134112922      -0.0151953909717680
-1.5707963267948966     5.2673409760786951      0.0559910678283927      -0.0151044277403913
-1.5707963267948966     5.3927538564615212      0.0544746985401621      -0.0150205571109442
-1.5707963267948966     5.5181667368443472      0.0530343534252693      -0.0149430722574274
-1.5707963267948966     5.6435796172271733      0.0516643419080317      -0.0148713401555601
-1.5707963267948966     5.7689924976099993      0.0503595064408716      -0.0148047673374369
-1.5707963267948966     5.8944053779928254      0.0491151558564989      -0.0147428654781723
-1.5707963267948966     6.0198182583756514      0.0479270518054216      -0.0146852195844717
-1.5707963267948966     6.1452311387584775      0.0467913731692341      -0.0146314735875986
-1.5707963267948966     6.2706440191413035      0.0457046476471157      -0.0145812700306560
-1.5707963267948966     6.3960568995241296      0.0446636794429114      -0.0145342885070784
-1.5707963267948966     6.5214697799069556      0.0436655345757094      -0.0144902532950863
-1.5707963267948966     6.6468826602897817      0.0427075345378290      -0.0144489352521837
-1.5707963267948966     6.7722955406726077      0.0417872307967072      -0.0144101231576267
-1.5707963267948966     6.8977084210554338      0.0409023790871669      -0.0143736158843928
-1.5707963267948966     7.0231213014382599      0.0400508995276857      -0.0143392202246424
-1.5707963267948966     7.1485341818210859      0.0392308553683215      -0.0143067685642601
-1.5707963267948966     7.2739470622039120      0.0384404645423123      -0.0142761259926080
-1.5707963267948966     7.3993599425867380      0.0376780853495922      -0.0142471676246490
-1.5707963267948966     7.5247728229695641      0.0369422055974412      -0.0142197721651615
-1.5707963267948966     7.6501857033523901      0.0362314095404054      -0.0141938158145735
-1.5707963267948966     7.7755985837352162      0.0355443672900229      -0.0141691935416685
-1.5707963267948966     7.9010114641180422      0.0348798421473762      -0.0141458234440182
-1.5707963267948966     8.0264243445008692      0.0342367008654193      -0.0141236345969346
-1.5707963267948966     8.1518372248836961      0.0336138841742716      -0.0141025421532299
-1.5707963267948966     8.2772501052665231      0.0330103913975343      -0.0140824692239401
-1.5707963267948966     8.4026629856493500      0.0324252827154312      -0.0140633528917983
-1.5707963267948966     8.5280758660321769      0.0318576834991558      -0.0140451407860829
-1.5707963267948966     8.6534887464150039      0.0313067810872318      -0.0140277832047112
-1.5707963267948966     8.7789016267978308      0.0307718190841779      -0.0140112258311343
-1.5707963267948966     8.9043145071806578      0.0302520740756906      -0.0139954068378661
-1.5707963267948966     9.0297273875634847      0.0297468577813630      -0.0139802797720409
-1.5707963267948966     9.1551402679463116      0.0292555257193084      -0.0139658072588263
-1.5707963267948966     9.2805531483291386      0.0287774786103607      -0.0139519557312225
-1.5707963267948966     9.4059660287119655      0.0283121506759927      -0.0139386833696449
-1.5707963267948966     9.5313789090947925      0.0278589989410704      -0.0139259522537902
-1.5707963267948966     9.6567917894776194      0.0274175062962499      -0.0139137345285710
-1.5707963267948966     9.7822046698604463      0.0269871912871477      -0.0139020130136651
-1.5707963267948966     9.9076175502432733      0.0265676072870846      -0.0138907660762857
-1.5707963267948966     10.0330304306261002      0.0261583299655803      -0.0138799677050897
-1.5707963267948966     10.1584433110089272      0.0257589526352843      -0.0138695903285429
-1.5707963267948966     10.2838561913917541      0.0253690849611098      -0.0138596129902562
-1.5707963267948966     10.4092690717745811      0.0249883610878711      -0.0138500216740400
-1.5707963267948966     10.5346819521574080      0.0246164404931571      -0.0138407997867902
-1.5707963267948966     10.6600948325402349      0.0242529986597926      -0.0138319237903825
-1.5707963267948966     10.7855077129230619      0.0238977188062901      -0.0138233700334812
-1.5707963267948966     10.9109205933058888      0.0235502965444681      -0.0138151221264161
-1.5707963267948966     11.0363334736887158      0.0232104454147054      -0.0138071692835501
-1.5707963267948966     11.1617463540715427      0.0228778977462988      -0.0137994988689865
-1.5707963267948966     11.2871592344543696      0.0225523966095451      -0.0137920944518204
-1.5707963267948966     11.4125721148371966      0.0222336925486461      -0.0137849403550045
-1.5707963267948966     11.5379849952200235      0.0219215458088126      -0.0137780271187842
-1.5707963267948966     11.6633978756028505      0.0216157327483829      -0.0137713470269442
-1.5707963267948966     11.7888107559856774      0.0213160405357485      -0.0137648899341055
-1.5707963267948966     11.9142236363685043      0.0210222644133095      -0.0137586439952484
-1.5707963267948966     12.0396365167513313      0.0207342052226067      -0.0137525993846279
-1.5707963267948966     12.1650493971341582      0.0204516729355209      -0.0137467501324069
-1.5707963267948966     12.2904622775169852      0.0201744887804069      -0.0137410923530552
-1.5707963267948966     12.4158751578998121      0.0199024852867138      -0.0137356199399944
-1.5707963267948966     12.5412880382826391      0.0196355009353648      -0.0137303229796776
-1.5707963267948966     12.6667009186654660      0.0193733775960194      -0.0137251912630667
-1.5707963267948966     12.7921137990482929      0.0191159624126081      -0.0137202175458099
-1.5707963267948966     12.9175266794311199      0.0188631103477627      -0.0137153950494800
-1.5707963267948966     13.0429395598139468      0.0186146813377436      -0.0137107162114966
-1.5707963267948966     13.1683524401967738      0.0183705400688789      -0.0137061741641965
-1.5707963267948966     13.2937653205796007      0.0181305553374826      -0.0137017633369088
-1.5707963267948966     13.4191782009624276      0.0178946018872615      -0.0136974803713002
-1.5707963267948966     13.5445910813452546      0.0176625607244918      -0.0136933221323291
-1.5707963267948966     13.6700039617280815      0.0174343187134368      -0.0136892850493480
-1.5707963267948966     13.7954168421109085      0.0172097668147022      -0.0136853639694464
-1.5707963267948966     13.9208297224937354      0.0169887984662661      -0.0136815535707889
-1.5707963267948966     14.0462426028765623      0.0167713099345812      -0.0136778507284912
-1.5707963267948966     14.1716554832593893      0.0165572042337866      -0.0136742539979274
-1.5707963267948966     14.2970683636422162      0.0163463894671413      -0.0136707585473022
-1.5707963267948966     14.4224812440250432      0.0161387739814218      -0.0136673582030835
-1.5707963267948966     14.5478941244078701      0.0159342679223526      -0.0136640492613048
-1.5707963267948966     14.6733070047906971      0.0157327863462802      -0.0136608291742989
-1.5707963267948966     14.7987198851735240      0.0155342477901670      -0.0136576940884791
-1.5707963267948966     14.9241327655563509      0.0153385724247790      -0.0136546396586187
-1.5707963267948966     15.0495456459391779      0.0151456820440323      -0.0136516620904735
-1.5707963267948966     15.1749585263220048      0.0149555000642519      -0.0136487594858047
-1.5707963267948966     15.3003714067048318      0.0147679543052237      -0.0136459322394660
-1.5707963267948966     15.4257842870876587      0.0145829777171092      -0.0136431794957594
-1.5707963267948966     15.5511971674704856      0.0144005049032997      -0.0136404980521609
-1.5707963267948966     15.6766100478533126      0.0142204707785570      -0.0136378847288224
    
-1.3089969389957472     0.0000000000000000      -0.5951217808418887      -0.4164080756430729
-1.3089969389957472     0.1254128803828261      -0.3635906032973024      -0.6992994169845345
-1.3089969389957472     0.2508257607656522      -0.2541348120184323      -0.6479055204370519
-1.3089969389957472     0.3762386411484783      -0.0344314037089298      -0.8307336359669760
-1.3089969389957472     0.5016515215313043      0.1684030302197441      -0.6013156358248581
-1.3089969389957472     0.6270644019141304      0.1650566190542279      -0.5203377724547791
-1.3089969389957472     0.7524772822969564      0.1338797275028550      -0.5088234902066398
-1.3089969389957472     0.8778901626797825      0.2574542526036815      -0.5686909338576832
-1.3089969389957472     1.0033030430626086      0.3776596658629294      -0.4828087235529755
-1.3089969389957472     1.1287159234454347      0.4766429087317213      -0.3371959402606322
-1.3089969389957472     1.2541288038282608      0.4350957920055244      -0.1743330894564760
-1.3089969389957472     1.3795416842110868      0.3589827525964608      -0.1041355918731260
-1.3089969389957472     1.5049545645939129      0.3033928087186229      -0.0743794834745372
-1.3089969389957472     1.6303674449767389      0.2641787847090230      -0.0584029905939562
-1.3089969389957472     1.7557803253595650      0.2349640272908926      -0.0476743132234853
-1.3089969389957472     1.8811932057423910      0.2113981026185547      -0.0400830060959098
-1.3089969389957472     2.0066060861252173      0.1920838356541072      -0.0344411610122538
-1.3089969389957472     2.1320189665080433      0.1757221552445623      -0.0304251136324489
-1.3089969389957472     2.2574318468908694      0.1619026148378415      -0.0275352034899607
-1.3089969389957472     2.3828447272736955      0.1501329225406044      -0.0253878610154911
-1.3089969389957472     2.5082576076565215      0.1399854199441263      -0.0237213695533202
-1.3089969389957472     2.6336704880393476      0.1311350250461114      -0.0224034593842155
-1.3089969389957472     2.7590833684221736      0.1233530828791096      -0.0213437843106454
-1.3089969389957472     2.8844962488049997      0.1164551823403978      -0.0204745632100853
-1.3089969389957472     3.0099091291878257      0.1102960671096312      -0.0197494809173461
-1.3089969389957472     3.1353220095706518      0.1047599377957717      -0.0191366459977598
-1.3089969389957472     3.2607348899534778      0.0997545845795672      -0.0186131946354273
-1.3089969389957472     3.3861477703363039      0.0952053661177887      -0.0181620653793664
-1.3089969389957472     3.5115606507191299      0.0910514438761680      -0.0177703188204198
-1.3089969389957472     3.6369735311019560      0.0872425403211997      -0.0174277229591605
-1.3089969389957472     3.7623864114847820      0.0837365703709942      -0.0171261158223725
-1.3089969389957472     3.8877992918676081      0.0804979730760720      -0.0168590602517388
-1.3089969389957472     4.0132121722504346      0.0774967252543175      -0.0166214572829386
-1.3089969389957472     4.1386250526332606      0.0747071809648579      -0.0164090862517475
-1.3089969389957472     4.2640379330160867      0.0721072860635823      -0.0162184402642664
-1.3089969389957472     4.3894508133989127      0.0696779558640339      -0.0160466451635124
-1.3089969389957472     4.5148636937817388      0.0674026232645132      -0.0158913498743225
-1.3089969389957472     4.6402765741645648      0.0652668822278974      -0.0157505286334847
-1.3089969389957472     4.7656894545473909      0.0632581178521477      -0.0156224162164197
-1.3089969389957472     4.8911023349302170      0.0613651479617485      -0.0155054597125619
-1.3089969389957472     5.0165152153130430      0.0595780049319720      -0.0153983040736954
-1.3089969389957472     5.1419280956958691      0.0578878183454510      -0.0152998768704458
-1.3089969389957472     5.2673409760786951      0.0562867068103606      -0.0152092726952816
-1.3089969389957472     5.3927538564615212      0.0547676471052814      -0.0151256991266400
-1.3089969389957472     5.5181667368443472      0.0533243668685821      -0.0150484872432103
-1.3089969389957472     5.6435796172271733      0.0519512274512296      -0.0149769941867597
-1.3089969389957472     5.7689924976099993      0.0506431306694656      -0.0149106698791625
-1.3089969389957472     5.8944053779928254      0.0493954685186155      -0.0148489979019685
-1.3089969389957472     6.0198182583756514      0.0482040230567435      -0.0147915151678439
-1.3089969389957472     6.1452311387584775      0.0470649375506925      -0.0147378381734366
-1.3089969389957472     6.2706440191413035      0.0459747049636245      -0.0146876574918305
-1.3089969389957472     6.3960568995241296      0.0449301561442012      -0.0146407190244594
-1.3089969389957472     6.5214697799069556      0.0439284268188835      -0.0145967679692884
-1.3089969389957472     6.6468826602897817      0.0429668787977276      -0.0145555485413070
-1.3089969389957472     6.7722955406726077      0.0420430780991083      -0.0145168168617550
-1.3089969389957472     6.8977084210554338      0.0411547589229557      -0.0144803603942287
-1.3089969389957472     7.0231213014382599      0.0402998356193049      -0.0144459965685829
-1.3089969389957472     7.1485341818210859      0.0394763840118966      -0.0144135661487205
-1.3089969389957472     7.2739470622039120      0.0386826191055473      -0.0143829204347783
-1.3089969389957472     7.3993599425867380      0.0379168857111144      -0.0143539426116526
-1.3089969389957472     7.5247728229695641      0.0371776622379362      -0.0143265341067573
-1.3089969389957472     7.6501857033523901      0.0364635557298373      -0.0143006007571416
-1.3089969389957472     7.7755985837352162      0.0357732772794791      -0.0142760332979867
-1.3089969389957472     7.9010114641180422      0.0351056083000231      -0.0142527143175683
-1.3089969389957472     8.0264243445008692      0.0344593887224241      -0.0142305382320341
-1.3089969389957472     8.1518372248836961      0.0338335277830378      -0.0142094349193209
-1.3089969389957472     8.2772501052665231      0.0332270229298193      -0.0141893507418802
-1.3089969389957472     8.4026629856493500      0.0326389475461737      -0.0141702341466581
-1.3089969389957472     8.5280758660321769      0.0320684435927729      -0.0141520250675566
-1.3089969389957472     8.6534887464150039      0.0315146923670279      -0.0141346583115220
-1.3089969389957472     8.7789016267978308      0.0309769218420542      -0.0141180830114654
-1.3089969389957472     8.9043145071806578      0.0304544147421996      -0.0141022499996809
-1.3089969389957472     9.0297273875634847      0.0299464916650136      -0.0140871052763448
-1.3089969389957472     9.1551402679463116      0.0294525025990664      -0.0140725980892939
-1.3089969389957472     9.2805531483291386      0.0289718271609395      -0.0140586904955782
-1.3089969389957472     9.4059660287119655      0.0285038818384021      -0.0140453619731037
-1.3089969389957472     9.5313789090947925      0.0280481306752644      -0.0140326028578076
-1.3089969389957472     9.6567917894776194      0.0276040856730540      -0.0140203963361864
-1.3089969389957472     9.7822046698604463      0.0271712889341751      -0.0140087078619372
-1.3089969389957472     9.9076175502432733      0.0267492925824315      -0.0139974913534904
-1.3089969389957472     10.0330304306261002      0.0263376586927177      -0.0139867102804602
-1.3089969389957472     10.1584433110089272      0.0259359708277978      -0.0139763382901131
-1.3089969389957472     10.2838561913917541      0.0255438348435659      -0.0139663535118753
-1.3089969389957472     10.4092690717745811      0.0251608759881981      -0.0139567397471173
-1.3089969389957472     10.5346819521574080      0.0247867429064227      -0.0139474881194438
-1.3089969389957472     10.6600948325402349      0.0244211101560588      -0.0139385889985740
-1.3089969389957472     10.7855077129230619      0.0240636727397191      -0.0139300264744566
-1.3089969389957472     10.9109205933058888      0.0237141370224851      -0.0139217788283886
-1.3089969389957472     11.0363334736887158      0.0233722189537190      -0.0139138227547807
-1.3089969389957472     11.1617463540715427      0.0230376399431565      -0.0139061361987210
-1.3089969389957472     11.2871592344543696      0.0227101305143860      -0.0138987073665315
-1.3089969389957472     11.4125721148371966      0.0223894386392221      -0.0138915311677445
-1.3089969389957472     11.5379849952200235      0.0220753299246112      -0.0138846021827460
-1.3089969389957472     11.6633978756028505      0.0217675810915540      -0.0138779135039784
-1.3089969389957472     11.7888107559856774      0.0214659825224909      -0.0138714589284754
-1.3089969389957472     11.9142236363685043      0.0211703372261822      -0.0138652264668838
-1.3089969389957472     12.0396365167513313      0.0208804522905113      -0.0138591977098339
-1.3089969389957472     12.1650493971341582      0.0205961341401280      -0.0138533552684111
-1.3089969389957472     12.2904622775169852      0.0203171937390214      -0.0138476902582865
-1.3089969389957472     12.4158751578998121      0.0200434529201507      -0.0138421994423745
-1.3089969389957472     12.5412880382826391      0.0197747456775046      -0.0138368821393068
-1.3089969389957472     12.6667009186654660      0.0195109183964526      -0.0138317353907533
-1.3089969389957472     12.7921137990482929      0.0192518235754725      -0.0138267498684944
-1.3089969389957472     12.9175266794311199      0.0189973145835942      -0.0138219156650529
-1.3089969389957472     13.0429395598139468      0.0187472488726483      -0.0138172261719745
-1.3089969389957472     13.1683524401967738      0.0185014906249679      -0.0138126775206440
-1.3089969389957472     13.2937653205796007      0.0182599124549572      -0.0138082649334706
-1.3089969389957472     13.4191782009624276      0.0180223889654320      -0.0138039812246241
-1.3089969389957472     13.5445910813452546      0.0177887983420143      -0.0137998240227426
-1.3089969389957472     13.6700039617280815      0.0175590279196553      -0.0137957920177193
-1.3089969389957472     13.7954168421109085      0.0173329712677346      -0.0137918807409604
-1.3089969389957472     13.9208297224937354      0.0171105253671393      -0.0137880830315363
-1.3089969389957472     14.0462426028765623      0.0168915887854452      -0.0137843893621863
-1.3089969389957472     14.1716554832593893      0.0166760587775131      -0.0137807899280012
-1.3089969389957472     14.2970683636422162      0.0164638323459018      -0.0137772806411860
-1.3089969389957472     14.4224812440250432      0.0162548131143605      -0.0137738632982548
-1.3089969389957472     14.5478941244078701      0.0160489137764736      -0.0137705400733399
-1.3089969389957472     14.6733070047906971      0.0158460520993436      -0.0137673090521426
-1.3089969389957472     14.7987198851735240      0.0156461467484564      -0.0137641671193095
-1.3089969389957472     14.9241327655563509      0.0154491198855315      -0.0137611117310899
-1.3089969389957472     15.0495456459391779      0.0152548963031149      -0.0137581385132116
-1.3089969389957472     15.1749585263220048      0.0150634012559796      -0.0137552427760073
-1.3089969389957472     15.3003714067048318      0.0148745613991350      -0.0137524214084181
-1.3089969389957472     15.4257842870876587      0.0146883063280366      -0.0137496726969763
-1.3089969389957472     15.5511971674704856      0.0145045685131234      -0.0137469955116027
-1.3089969389957472     15.6766100478533126      0.0143232839764688      -0.0137443894320747
    
-1.0471975511965979     0.0000000000000000      -0.5500595520055227      -0.3222271420845215
-1.0471975511965979     0.1254128803828261      -0.4468010337983039      -0.5469161399038119
-1.0471975511965979     0.2508257607656522      -0.4258791561977170      -0.6278318196090034
-1.0471975511965979     0.3762386411484783      -0.1652871046058985      -0.9450081644789377
-1.0471975511965979     0.5016515215313043      0.1832912613526736      -0.7577783334346386
-1.0471975511965979     0.6270644019141304      0.2579706277970022      -0.6053065742626239
-1.0471975511965979     0.7524772822969564      0.2725264101259947      -0.4987867019529063
-1.0471975511965979     0.8778901626797825      0.2960489099792599      -0.4690665031685765
-1.0471975511965979     1.0033030430626086      0.3613623849081522      -0.4296308387289572
-1.0471975511965979     1.1287159234454347      0.4506183638315369      -0.3078728782004758
-1.0471975511965979     1.2541288038282608      0.4141205772924698      -0.1619920221048769
-1.0471975511965979     1.3795416842110868      0.3435037336512469      -0.0976234409291427
-1.0471975511965979     1.5049545645939129      0.2913439227197732      -0.0702363853411855
-1.0471975511965979     1.6303674449767389      0.2543021143170611      -0.0554326417736921
-1.0471975511965979     1.7557803253595650      0.2265267120155082      -0.0453773186525390
-1.0471975511965979     1.8811932057423910      0.2039708555544833      -0.0382423579842141
-1.0471975511965979     2.0066060861252173      0.1854587598813350      -0.0329897839511202
-1.0471975511965979     2.1320189665080433      0.1697716927068532      -0.0292377098491381
-1.0471975511965979     2.2574318468908694      0.1565155947975230      -0.0265332437142332
-1.0471975511965979     2.3828447272736955      0.1452199743334044      -0.0245097695576375
-1.0471975511965979     2.5082576076565215      0.1354691613669650      -0.0229228260565232
-1.0471975511965979     2.6336704880393476      0.1269454852901786      -0.0216600307830209
-1.0471975511965979     2.7590833684221736      0.1194420624971426      -0.0206448952656872
-1.0471975511965979     2.8844962488049997      0.1127853616595347      -0.0198109464927241
-1.0471975511965979     3.0099091291878257      0.1068373343601078      -0.0191145070360629
-1.0471975511965979     3.1353220095706518      0.1014881126898425      -0.0185253848172301
-1.0471975511965979     3.2607348899534778      0.0966495222882915      -0.0180215215367302
-1.0471975511965979     3.3861477703363039      0.0922502277794120      -0.0175867149795938
-1.0471975511965979     3.5115606507191299      0.0882317216183434      -0.0172085381812328
-1.0471975511965979     3.6369735311019560      0.0845455221774927      -0.0168774585737823
-1.0471975511965979     3.7623864114847820      0.0811513882174051      -0.0165860236946696
-1.0471975511965979     3.8877992918676081      0.0780154806158936      -0.0163280832735440
-1.0471975511965979     4.0132121722504346      0.0751089234862199      -0.0160985990750696
-1.0471975511965979     4.1386250526332606      0.0724070841403769      -0.0158934417963788
-1.0471975511965979     4.2640379330160867      0.0698886747062401      -0.0157092399487653
-1.0471975511965979     4.3894508133989127      0.0675353281938639      -0.0155432144124188
-1.0471975511965979     4.5148636937817388      0.0653310965946375      -0.0153929545611430
-1.0471975511965979     4.6402765741645648      0.0632619348106981      -0.0152564553694591
-1.0471975511965979     4.7656894545473909      0.0613154882559544      -0.0151320709289604
-1.0471975511965979     4.8911023349302170      0.0594809122361280      -0.0150184474759054
-1.0471975511965979     5.0165152153130430      0.0577486944551200      -0.0149144454432326
-1.0471975511965979     5.1419280956958691      0.0561103534863377      -0.0148189772762967
-1.0471975511965979     5.2673409760786951      0.0545583153112891      -0.0147311405602046
-1.0471975511965979     5.3927538564615212      0.0530858172807055      -0.0146501399166796
-1.0471975511965979     5.5181667368443472      0.0516867616091948      -0.0145752325834438
-1.0471975511965979     5.6435796172271733      0.0503556209594178      -0.0145058302585057
-1.0471975511965979     5.7689924976099993      0.0490874487280101      -0.0144414397359524
-1.0471975511965979     5.8944053779928254      0.0478777968376424      -0.0143816040756293
-1.0471975511965979     6.0198182583756514      0.0467226261525549      -0.0143258986925323
-1.0471975511965979     6.1452311387584775      0.0456182487205825      -0.0142739407979950
-1.0471975511965979     6.2706440191413035      0.0445613106002113      -0.0142253878277597
-1.0471975511965979     6.3960568995241296      0.0435487228130972      -0.0141799133594500
-1.0471975511965979     6.5214697799069556      0.0425776358833191      -0.0141372634608169
-1.0471975511965979     6.6468826602897817      0.0416454690690751      -0.0140972189261558
-1.0471975511965979     6.7722955406726077      0.0407498493096174      -0.0140595768250212
-1.0471975511965979     6.8977084210554338      0.0398885972191366      -0.0140241510708944
-1.0471975511965979     7.0231213014382599      0.0390597019925056      -0.0139907812309473
-1.0471975511965979     7.1485341818210859      0.0382613189201362      -0.0139593127592668
-1.0471975511965979     7.2739470622039120      0.0374917329815176      -0.0139296040075957
-1.0471975511965979     7.3993599425867380      0.0367493621290930      -0.0139015231054010
-1.0471975511965979     7.5247728229695641      0.0360327332972988      -0.0138749422626836
-1.0471975511965979     7.6501857033523901      0.0353404637247769      -0.0138497442511984
-1.0471975511965979     7.7755985837352162      0.0346712617131258      -0.0138258392574529
-1.0471975511965979     7.9010114641180422      0.0340239420212637      -0.0138031540245990
-1.0471975511965979     8.0264243445008692      0.0333974061385886      -0.0137816152953909
-1.0471975511965979     8.1518372248836961      0.0327906352852607      -0.0137611410081842
-1.0471975511965979     8.2772501052665231      0.0322026595049918      -0.0137416481714767
-1.0471975511965979     8.4026629856493500      0.0316325636496303      -0.0137230680306793
-1.0471975511965979     8.5280758660321769      0.0310794864893099      -0.0137053504923713
-1.0471975511965979     8.6534887464150039      0.0305426400781322      -0.0136884541626629
-1.0471975511965979     8.7789016267978308      0.0300212832751032      -0.0136723232663921
-1.0471975511965979     8.9043145071806578      0.0295147085313218      -0.0136569118372856
-1.0471975511965979     9.0297273875634847      0.0290222518900462      -0.0136421825336330
-1.0471975511965979     9.1551402679463116      0.0285432941627556      -0.0136281071406657
-1.0471975511965979     9.2805531483291386      0.0280772607321454      -0.0136146574125906
-1.0471975511965979     9.4059660287119655      0.0276236189503490      -0.0136017957654210
-1.0471975511965979     9.5313789090947925      0.0271818547589415      -0.0135894693927103
-1.0471975511965979     9.6567917894776194      0.0267514642145349      -0.0135776344633441
-1.0471975511965979     9.7822046698604463      0.0263319657630387      -0.0135662615813634
-1.0471975511965979     9.9076175502432733      0.0259229122985364      -0.0135553366202583
-1.0471975511965979     10.0330304306261002      0.0255238889203598      -0.0135448392311082
-1.0471975511965979     10.1584433110089272      0.0251345006785397      -0.0135347495700450
-1.0471975511965979     10.2838561913917541      0.0247543750022118      -0.0135250481567086
-1.0471975511965979     10.4092690717745811      0.0243831575411489      -0.0135157145705637
-1.0471975511965979     10.5346819521574080      0.0240205104248581      -0.0135067276330620
-1.0471975511965979     10.6600948325402349      0.0236661096081639      -0.0134980696398552
-1.0471975511965979     10.7855077129230619      0.0233196474307800      -0.0134897253697631
-1.0471975511965979     10.9109205933058888      0.0229808313077325      -0.0134816818262185
-1.0471975511965979     11.0363334736887158      0.0226493837413002      -0.0134739284424150
-1.0471975511965979     11.1617463540715427      0.0223250438510101      -0.0134664566050293
-1.0471975511965979     11.2871592344543696      0.0220075654279674      -0.0134592538580966
-1.0471975511965979     11.4125721148371966      0.0216967126551988      -0.0134523070421701
-1.0471975511965979     11.5379849952200235      0.0213922596499045      -0.0134456011133005
-1.0471975511965979     11.6633978756028505      0.0210939893354207      -0.0134391202717909
-1.0471975511965979     11.7888107559856774      0.0208016888671616      -0.0134328473773592
-1.0471975511965979     11.9142236363685043      0.0205151495687865      -0.0134267730942069
-1.0471975511965979     12.0396365167513313      0.0202341762784633      -0.0134208953319512
-1.0471975511965979     12.1650493971341582      0.0199585893448866      -0.0134152123289830
-1.0471975511965979     12.2904622775169852      0.0196882199042020      -0.0134097162893853
-1.0471975511965979     12.4158751578998121      0.0194229031338616      -0.0134043961348484
-1.0471975511965979     12.5412880382826391      0.0191624771945548      -0.0133992408587396
-1.0471975511965979     12.6667009186654660      0.0189067844691293      -0.0133942434261174
-1.0471975511965979     12.7921137990482929      0.0186556764519114      -0.0133894006973511
-1.0471975511965979     12.9175266794311199      0.0184090139061022      -0.0133847081016656
-1.0471975511965979     13.0429395598139468      0.0181666636564509      -0.0133801583105148
-1.0471975511965979     13.1683524401967738      0.0179284945617918      -0.0133757423844277
-1.0471975511965979     13.2937653205796007      0.0176943779996155      -0.0133714548592102
-1.0471975511965979     13.4191782009624276      0.0174641936927994      -0.0133672932028906
-1.0471975511965979     13.5445910813452546      0.0172378281209331      -0.0133632512868853
-1.0471975511965979     13.6700039617280815      0.0170151684768169      -0.0133593210600091
-1.0471975511965979     13.7954168421109085      0.0167961032245916      -0.0133554970265749
-1.0471975511965979     13.9208297224937354      0.0165805243560805      -0.0133517779915564
-1.0471975511965979     14.0462426028765623      0.0163683316590705      -0.0133481658806813
-1.0471975511965979     14.1716554832593893      0.0161594329448595      -0.0133446617867973
-1.0471975511965979     14.2970683636422162      0.0159537417260057      -0.0133412624278848
-1.0471975511965979     14.4224812440250432      0.0157511728215107      -0.0133379608693521
-1.0471975511965979     14.5478941244078701      0.0155516399267684      -0.0133347492727956
-1.0471975511965979     14.6733070047906971      0.0153550573791364      -0.0133316232410490
-1.0471975511965979     14.7987198851735240      0.0151613444966178      -0.0133285807082537
-1.0471975511965979     14.9241327655563509      0.0149704242407883      -0.0133256184029141
-1.0471975511965979     15.0495456459391779      0.0147822214712682      -0.0133227333656215
-1.0471975511965979     15.1749585263220048      0.0145966643173006      -0.0133199229246477
-1.0471975511965979     15.3003714067048318      0.0144136830612310      -0.0133171835688012
-1.0471975511965979     15.4257842870876587      0.0142332088558656      -0.0133145125826983
-1.0471975511965979     15.5511971674704856      0.0140551766336658      -0.0133119085737999
-1.0471975511965979     15.6766100478533126      0.0138795237364052      -0.0133093684814510
    
-0.7853981633974483     0.0000000000000000      -0.4386199735287685      -0.2125888152631863
-0.7853981633974483     0.1254128803828261      -0.4198495247993398      -0.3602870628099926
-0.7853981633974483     0.2508257607656522      -0.4480144443829198      -0.4776451063048245
-0.7853981633974483     0.3762386411484783      -0.2597536292852338      -0.7622611213375060
-0.7853981633974483     0.5016515215313043      0.0207594813172817      -0.6970663811703700
-0.7853981633974483     0.6270644019141304      0.1304471571980924      -0.6128841006619565
-0.7853981633974483     0.7524772822969564      0.2013934270264339      -0.5438884586874861
-0.7853981633974483     0.8778901626797825      0.2731503516936536      -0.5109319042141603
-0.7853981633974483     1.0033030430626086      0.3674327717640572      -0.4230372225469269
-0.7853981633974483     1.1287159234454347      0.4259774704161043      -0.2911749315705832
-0.7853981633974483     1.2541288038282608      0.3879959569823878      -0.1544185991947243
-0.7853981633974483     1.3795416842110868      0.3199979411914399      -0.0926096690403067
-0.7853981633974483     1.5049545645939129      0.2699732389833654      -0.0661126655014695
-0.7853981633974483     1.6303674449767389      0.2346170106948182      -0.0517719051557347
-0.7853981633974483     1.7557803253595650      0.2082039219825557      -0.0420540286092202
-0.7853981633974483     1.8811932057423910      0.1868483769537503      -0.0351907874599020
-0.7853981633974483     2.0066060861252173      0.1693926525591928      -0.0301901029836160
-0.7853981633974483     2.1320189665080433      0.1546767385363511      -0.0266483010467572
-0.7853981633974483     2.2574318468908694      0.1423110158910473      -0.0240957188738779
-0.7853981633974483     2.3828447272736955      0.1318042640130131      -0.0221747794955847
-0.7853981633974483     2.5082576076565215      0.1227517541222238      -0.0206732645139615
-0.7853981633974483     2.6336704880393476      0.1148620804010440      -0.0194835478999038
-0.7853981633974483     2.7590833684221736      0.1079321517309436      -0.0185274276922785
-0.7853981633974483     2.8844962488049997      0.1017967107742470      -0.0177440727583141
-0.7853981633974483     3.0099091291878257      0.0963251711878187      -0.0170915919584266
-0.7853981633974483     3.1353220095706518      0.0914131971093882      -0.0165409820284976
-0.7853981633974483     3.2607348899534778      0.0869776973729918      -0.0160714104397451
-0.7853981633974483     3.3861477703363039      0.0829513204601460      -0.0156670709332912
-0.7853981633974483     3.5115606507191299      0.0792789304933612      -0.0153161321481257
-0.7853981633974483     3.6369735311019560      0.0759150436450763      -0.0150093082861069
-0.7853981633974483     3.7623864114847820      0.0728216218783922      -0.0147393690170307
-0.7853981633974483     3.8877992918676081      0.0699667289571744      -0.0145005523540298
-0.7853981633974483     4.0132121722504346      0.0673233247847288      -0.0142882571968766
-0.7853981633974483     4.1386250526332606      0.0648684061466177      -0.0140987537312921
-0.7853981633974483     4.2640379330160867      0.0625822793589318      -0.0139288704825782
-0.7853981633974483     4.3894508133989127      0.0604478711584983      -0.0137759307010295
-0.7853981633974483     4.5148636937817388      0.0584502943375966      -0.0136377118455030
-0.7853981633974483     4.6402765741645648      0.0565765664096631      -0.0135123944763400
-0.7853981633974483     4.7656894545473909      0.0548153423638346      -0.0133984171541255
-0.7853981633974483     4.8911023349302170      0.0531566142286308      -0.0132944454647300
-0.7853981633974483     5.0165152153130430      0.0515915051204500      -0.0131993514466190
-0.7853981633974483     5.1419280956958691      0.0501122214579267      -0.0131121775491854
-0.7853981633974483     5.2673409760786951      0.0487117705441588      -0.0130320188879044
-0.7853981633974483     5.3927538564615212      0.0473838781505729      -0.0129581253026172
-0.7853981633974483     5.5181667368443472      0.0461229366161026      -0.0128898606924422
-0.7853981633974483     5.6435796172271733      0.0449239061396539      -0.0128266289114002
-0.7853981633974483     5.7689924976099993      0.0437821957233413      -0.0127679156243625
-0.7853981633974483     5.8944053779928254      0.0426936482166949      -0.0127133182319395
-0.7853981633974483     6.0198182583756514      0.0416545388261904      -0.0126625046063536
-0.7853981633974483     6.1452311387584775      0.0406615202938650      -0.0126151546250703
-0.7853981633974483     6.2706440191413035      0.0397115349199579      -0.0125709590773228
-0.7853981633974483     6.3960568995241296      0.0388017893550637      -0.0125296271010824
-0.7853981633974483     6.5214697799069556      0.0379297023026533      -0.0124908850546734
-0.7853981633974483     6.6468826602897817      0.0370928855253018      -0.0124545105953169
-0.7853981633974483     6.7722955406726077      0.0362891527678438      -0.0124203296033501
-0.7853981633974483     6.8977084210554338      0.0355165251362300      -0.0123881927057001
-0.7853981633974483     7.0231213014382599      0.0347731810239165      -0.0123579427671807
-0.7853981633974483     7.1485341818210859      0.0340574396098410      -0.0123294400381026
-0.7853981633974483     7.2739470622039120      0.0333677519773988      -0.0123025458907911
-0.7853981633974483     7.3993599425867380      0.0327026737502125      -0.0122771187400903
-0.7853981633974483     7.5247728229695641      0.0320608398653498      -0.0122530378993130
-0.7853981633974483     7.6501857033523901      0.0314409901196524      -0.0122302107379053
-0.7853981633974483     7.7755985837352162      0.0308419534069464      -0.0122085556734952
-0.7853981633974483     7.9010114641180422      0.0302626431147017      -0.0121880055028954
-0.7853981633974483     8.0264243445008692      0.0297020594686402      -0.0121685031991442
-0.7853981633974483     8.1518372248836961      0.0291592787075789      -0.0121499893903125
-0.7853981633974483     8.2772501052665231      0.0286334417712905      -0.0121323960049951
-0.7853981633974483     8.4026629856493500      0.0281237337049549      -0.0121156504462573
-0.7853981633974483     8.5280758660321769      0.0276293824676290      -0.0120996878415686
-0.7853981633974483     8.6534887464150039      0.0271496579339486      -0.0120844518803629
-0.7853981633974483     8.7789016267978308      0.0266838706028554      -0.0120699004787212
-0.7853981633974483     8.9043145071806578      0.0262313813401410      -0.0120560030804127
-0.7853981633974483     9.0297273875634847      0.0257915986742642      -0.0120427328739572
-0.7853981633974483     9.1551402679463116      0.0253639763558074      -0.0120300549029716
-0.7853981633974483     9.2805531483291386      0.0249479941887383      -0.0120179197145071
-0.7853981633974483     9.4059660287119655      0.0245431425621426      -0.0120062827625475
-0.7853981633974483     9.5313789090947925      0.0241489377271560      -0.0119951146757724
-0.7853981633974483     9.6567917894776194      0.0237649265364931      -0.0119843929226139
-0.7853981633974483     9.7822046698604463      0.0233906830071442      -0.0119741010525482
-0.7853981633974483     9.9076175502432733      0.0230258085142997      -0.0119642228617984
-0.7853981633974483     10.0330304306261002      0.0226699286994299      -0.0119547469589844
-0.7853981633974483     10.1584433110089272      0.0223226962356214      -0.0119456592521331
-0.7853981633974483     10.2838561913917541      0.0219837836982553      -0.0119369403784354
-0.7853981633974483     10.4092690717745811      0.0216528802729910      -0.0119285644651866
-0.7853981633974483     10.5346819521574080      0.0213296808150879      -0.0119205020998162
-0.7853981633974483     10.6600948325402349      0.0210138882743387      -0.0119127303789722
-0.7853981633974483     10.7855077129230619      0.0207052182680560      -0.0119052345490651
-0.7853981633974483     10.9109205933058888      0.0204034040548877      -0.0118980063392166
-0.7853981633974483     11.0363334736887158      0.0201081962768705      -0.0118910384749227
-0.7853981633974483     11.1617463540715427      0.0198193620203001      -0.0118843232996397
-0.7853981633974483     11.2871592344543696      0.0195366825546217      -0.0118778473403532
-0.7853981633974483     11.4125721148371966      0.0192599439512386      -0.0118715904868277
-0.7853981633974483     11.5379849952200235      0.0189889323566847      -0.0118655363456859
-0.7853981633974483     11.6633978756028505      0.0187234425784899      -0.0118596785833184
-0.7853981633974483     11.7888107559856774      0.0184632849422272      -0.0118540147965244
-0.7853981633974483     11.9142236363685043      0.0182082815584097      -0.0118485407471030
-0.7853981633974483     12.0396365167513313      0.0179582636669029      -0.0118432509851762
-0.7853981633974483     12.1650493971341582      0.0177130704023307      -0.0118381385805249
-0.7853981633974483     12.2904622775169852      0.0174725477632510      -0.0118331955442751
-0.7853981633974483     12.4158751578998121      0.0172365474573013      -0.0118284126526237
-0.7853981633974483     12.5412880382826391      0.0170049265942896      -0.0118237804477900
-0.7853981633974483     12.6667009186654660      0.0167775461847656      -0.0118192880638684
-0.7853981633974483     12.7921137990482929      0.0165542684710575      -0.0118149263550650
-0.7853981633974483     12.9175266794311199      0.0163349601151358      -0.0118106921875036
-0.7853981633974483     13.0429395598139468      0.0161194968942009      -0.0118065865185256
-0.7853981633974483     13.1683524401967738      0.0159077653036075      -0.0118026096283222
-0.7853981633974483     13.2937653205796007      0.0156996582969747      -0.0117987566957594
-0.7853981633974483     13.4191782009624276      0.0154950702355686      -0.0117950198269654
-0.7853981633974483     13.5445910813452546      0.0152938961004620      -0.0117913911866253
-0.7853981633974483     13.6700039617280815      0.0150960328700189      -0.0117878667921435
-0.7853981633974483     13.7954168421109085      0.0149013846039515      -0.0117844449445459
-0.7853981633974483     13.9208297224937354      0.0147098607957302      -0.0117811214379367
-0.7853981633974483     14.0462426028765623      0.0145213721567284      -0.0117778905950706
-0.7853981633974483     14.1716554832593893      0.0143358312013883      -0.0117747486057735
-0.7853981633974483     14.2970683636422162      0.0141531552330750      -0.0117716932294143
-0.7853981633974483     14.4224812440250432      0.0139732654297587      -0.0117687203296829
-0.7853981633974483     14.5478941244078701      0.0137960842680673      -0.0117658252793919
-0.7853981633974483     14.6733070047906971      0.0136215357660894      -0.0117630039707581
-0.7853981633974483     14.7987198851735240      0.0134495457966030      -0.0117602537087329
-0.7853981633974483     14.9241327655563509      0.0132800426855014      -0.0117575731220754
-0.7853981633974483     15.0495456459391779      0.0131129578544636      -0.0117549631939954
-0.7853981633974483     15.1749585263220048      0.0129482283376038      -0.0117524258399499
-0.7853981633974483     15.3003714067048318      0.0127857961988235      -0.0117499606683360
-0.7853981633974483     15.4257842870876587      0.0126256055557339      -0.0117475629573461
-0.7853981633974483     15.5511971674704856      0.0124675981079575      -0.0117452264618918
-0.7853981633974483     15.6766100478533126      0.0123117150322186      -0.0117429470734492
    
-0.5235987755982987     0.0000000000000000      -0.3102260705748926      -0.1131839404798984
-0.5235987755982987     0.1254128803828261      -0.3419959850439362      -0.1891799005563776
-0.5235987755982987     0.2508257607656522      -0.3889219358457250      -0.3006565167226483
-0.5235987755982987     0.3762386411484783      -0.2735530839043430      -0.4783085570669464
-0.5235987755982987     0.5016515215313043      -0.1786357484445139      -0.4753936581525103
-0.5235987755982987     0.6270644019141304      -0.1116228884745157      -0.5458846783791266
-0.5235987755982987     0.7524772822969564      0.0177606379151038      -0.5971578890145340
-0.5235987755982987     0.8778901626797825      0.2000564282788135      -0.6022301350955440
-0.5235987755982987     1.0033030430626086      0.3499332202954809      -0.4547108832451636
-0.5235987755982987     1.1287159234454347      0.4048354080084576      -0.3033043392181696
-0.5235987755982987     1.2541288038282608      0.3668516668320888      -0.1571970788409424
-0.5235987755982987     1.3795416842110868      0.2980979142422645      -0.0916131184591439
-0.5235987755982987     1.5049545645939129      0.2481336441430472      -0.0636752954175724
-0.5235987755982987     1.6303674449767389      0.2133402569389570      -0.0487846695319505
-0.5235987755982987     1.7557803253595650      0.1876837265502539      -0.0389264965186971
-0.5235987755982987     1.8811932057423910      0.1672493181126506      -0.0320812972899250
-0.5235987755982987     2.0066060861252173      0.1507156245444319      -0.0271559564778726
-0.5235987755982987     2.1320189665080433      0.1369118953757279      -0.0237138194112842
-0.5235987755982987     2.2574318468908694      0.1254212847944703      -0.0212368553594212
-0.5235987755982987     2.3828447272736955      0.1157129302366200      -0.0193839632324841
-0.5235987755982987     2.5082576076565215      0.1073970468510774      -0.0179526625226134
-0.5235987755982987     2.6336704880393476      0.1001988061579225      -0.0168298152213672
-0.5235987755982987     2.7590833684221736      0.0939078516187851      -0.0159289902058973
-0.5235987755982987     2.8844962488049997      0.0883630594004252      -0.0151945822846340
-0.5235987755982987     3.0099091291878257      0.0834380740973104      -0.0145857744680750
-0.5235987755982987     3.1353220095706518      0.0790331030920884      -0.0140744958698681
-0.5235987755982987     3.2607348899534778      0.0750687150930720      -0.0136401819493893
-0.5235987755982987     3.3861477703363039      0.0714808772376340      -0.0132679213604431
-0.5235987755982987     3.5115606507191299      0.0682177503566305      -0.0129462196269987
-0.5235987755982987     3.6369735311019560      0.0652365571106697      -0.0126662148612961
-0.5235987755982987     3.7623864114847820      0.0625018369413938      -0.0124209106003082
-0.5235987755982987     3.8877992918676081      0.0599838829632766      -0.0122047062934797
-0.5235987755982987     4.0132121722504346      0.0576575598999477      -0.0120130730949500
-0.5235987755982987     4.1386250526332606      0.0555014510731863      -0.0118423777193552
-0.5235987755982987     4.2640379330160867      0.0534972646328720      -0.0116896544345272
-0.5235987755982987     4.3894508133989127      0.0516292282481267      -0.0115524687246994
-0.5235987755982987     4.5148636937817388      0.0498837397111739      -0.0114288387872318
-0.5235987755982987     4.6402765741645648      0.0482489981738532      -0.0113170301682390
-0.5235987755982987     4.7656894545473909      0.0467146666830750      -0.0112155749860301
-0.5235987755982987     4.8911023349302170      0.0452716416294707      -0.0111231910038400
-0.5235987755982987     5.0165152153130430      0.0439118732694813      -0.0110387842371097
-0.5235987755982987     5.1419280956958691      0.0426281916143915      -0.0109614391368402
-0.5235987755982987     5.2673409760786951      0.0414142520844335      -0.0108904082016665
-0.5235987755982987     5.3927538564615212      0.0402644164502163      -0.0108250285554838
-0.5235987755982987     5.5181667368443472      0.0391736323226686      -0.0107647263021514
-0.5235987755982987     5.6435796172271733      0.0381373814545331      -0.0107090103008370
-0.5235987755982987     5.7689924976099993      0.0371516138698242      -0.0106574417248669
-0.5235987755982987     5.8944053779928254      0.0362126835897457      -0.0106095952248444
-0.5235987755982987     6.0198182583756514      0.0353172479861000      -0.0105650788705114
-0.5235987755982987     6.1452311387584775      0.0344622455044338      -0.0105235768409769
-0.5235987755982987     6.2706440191413035      0.0336449010704011      -0.0104848298601791
-0.5235987755982987     6.3960568995241296      0.0328627032853802      -0.0104486353739940
-0.5235987755982987     6.5214697799069556      0.0321133980715931      -0.0104148009199130
-0.5235987755982987     6.6468826602897817      0.0313949257654307      -0.0103831188899064
-0.5235987755982987     6.7722955406726077      0.0307053766434227      -0.0103533883884138
-0.5235987755982987     6.8977084210554338      0.0300429730821222      -0.0103254377586910
-0.5235987755982987     7.0231213014382599      0.0294060913506098      -0.0102991204258762
-0.5235987755982987     7.1485341818210859      0.0287932222082012      -0.0102742992082093
-0.5235987755982987     7.2739470622039120      0.0282029645932842      -0.0102508602940900
-0.5235987755982987     7.3993599425867380      0.0276340252674996      -0.0102287243839359
-0.5235987755982987     7.5247728229695641      0.0270852382627732      -0.0102078203546588
-0.5235987755982987     7.6501857033523901      0.0265555251717438      -0.0101880682752226
-0.5235987755982987     7.7755985837352162      0.0260438917878369      -0.0101693812520831
-0.5235987755982987     7.9010114641180422      0.0255493980582772      -0.0101516645929666
-0.5235987755982987     8.0264243445008692      0.0250711510898695      -0.0101348309032937
-0.5235987755982987     8.1518372248836961      0.0246083054532464      -0.0101188167334439
-0.5235987755982987     8.2772501052665231      0.0241600789770425      -0.0101035807309749
-0.5235987755982987     8.4026629856493500      0.0237257572512861      -0.0100890895141532
-0.5235987755982987     8.5280758660321769      0.0233046825047011      -0.0100752990011504
-0.5235987755982987     8.6534887464150039      0.0228962275931485      -0.0100621609673710
-0.5235987755982987     8.7789016267978308      0.0224998070795787      -0.0100496362226854
-0.5235987755982987     8.9043145071806578      0.0221148713587141      -0.0100376823537091
-0.5235987755982987     9.0297273875634847      0.0217409004475348      -0.0100262539856291
-0.5235987755982987     9.1551402679463116      0.0213773910478930      -0.0100153113709804
-0.5235987755982987     9.2805531483291386      0.0210238671910691      -0.0100048343750901
-0.5235987755982987     9.4059660287119655      0.0206798932942676      -0.0099948110956673
-0.5235987755982987     9.5313789090947925      0.0203450693423175      -0.0099852280540285
-0.5235987755982987     9.6567917894776194      0.0200190226633915      -0.0099760632196288
-0.5235987755982987     9.7822046698604463      0.0197013999345537      -0.0099672854499077
-0.5235987755982987     9.9076175502432733      0.0193918559204637      -0.0099588610457162
-0.5235987755982987     10.0330304306261002      0.0190900575256213      -0.0099507625726108
-0.5235987755982987     10.1584433110089272      0.0187956854710449      -0.0099429685637298
-0.5235987755982987     10.2838561913917541      0.0185084374989636      -0.0099354660651749
-0.5235987755982987     10.4092690717745811      0.0182280294648216      -0.0099282475205381
-0.5235987755982987     10.5346819521574080      0.0179542006672789      -0.0099213093283666
-0.5235987755982987     10.6600948325402349      0.0176867083606571      -0.0099146406444711
-0.5235987755982987     10.7855077129230619      0.0174253209182825      -0.0099082276669039
-0.5235987755982987     10.9109205933058888      0.0171698163996063      -0.0099020533768506
-0.5235987755982987     11.0363334736887158      0.0169199808234208      -0.0098960997590287
-0.5235987755982987     11.1617463540715427      0.0166756028230263      -0.0098903473344702
-0.5235987755982987     11.2871592344543696      0.0164364743236834      -0.0098847885489674
-0.5235987755982987     11.4125721148371966      0.0162024049981157      -0.0098794262161067
-0.5235987755982987     11.5379849952200235      0.0159732254356436      -0.0098742605538827
-0.5235987755982987     11.6633978756028505      0.0157487754315281      -0.0098692813506903
-0.5235987755982987     11.7888107559856774      0.0155288966436140      -0.0098644760832136
-0.5235987755982987     11.9142236363685043      0.0153134365028005      -0.0098598324017505
-0.5235987755982987     12.0396365167513313      0.0151022459384499      -0.0098553372858943
-0.5235987755982987     12.1650493971341582      0.0148951783464027      -0.0098509795061302
-0.5235987755982987     12.2904622775169852      0.0146920911594531      -0.0098467536681099
-0.5235987755982987     12.4158751578998121      0.0144928510355667      -0.0098426585883723
-0.5235987755982987     12.5412880382826391      0.0142973329247257      -0.0098386941895505
-0.5235987755982987     12.6667009186654660      0.0141054212774886      -0.0098348612064260
-0.5235987755982987     12.7921137990482929      0.0139170096026884      -0.0098311560624738
-0.5235987755982987     12.9175266794311199      0.0137319942137695      -0.0098275686705138
-0.5235987755982987     13.0429395598139468      0.0135502692095876      -0.0098240878028938
-0.5235987755982987     13.1683524401967738      0.0133717287470777      -0.0098207065457045
-0.5235987755982987     13.2937653205796007      0.0131962725415380      -0.0098174230369366
-0.5235987755982987     13.4191782009624276      0.0130238067190820      -0.0098142357088002
-0.5235987755982987     13.5445910813452546      0.0128542424621913      -0.0098111442642935
-0.5235987755982987     13.6700039617280815      0.0126874976830306      -0.0098081458478834
-0.5235987755982987     13.7954168421109085      0.0125234906262089      -0.0098052353568702
-0.5235987755982987     13.9208297224937354      0.0123621426558322      -0.0098024096374099
-0.5235987755982987     14.0462426028765623      0.0122033793537709      -0.0097996638037280
-0.5235987755982987     14.1716554832593893      0.0120471265373341      -0.0097969906298624
-0.5235987755982987     14.2970683636422162      0.0118933078532550      -0.0097943851477088
-0.5235987755982987     14.4224812440250432      0.0117418505725500      -0.0097918489738353
-0.5235987755982987     14.5478941244078701      0.0115926901888678      -0.0097893843141054
-0.5235987755982987     14.6733070047906971      0.0114457663202331      -0.0097869897564529
-0.5235987755982987     14.7987198851735240      0.0113010190238778      -0.0097846624645200
-0.5235987755982987     14.9241327655563509      0.0111583906631062      -0.0097824004590864
-0.5235987755982987     15.0495456459391779      0.0110178265126119      -0.0097801997337550
-0.5235987755982987     15.1749585263220048      0.0108792708961595      -0.0097780547796320
-0.5235987755982987     15.3003714067048318      0.0107426674900411      -0.0097759621190818
-0.5235987755982987     15.4257842870876587      0.0106079619488406      -0.0097739215427677
-0.5235987755982987     15.5511971674704856      0.0104751043755335      -0.0097719339967761
-0.5235987755982987     15.6766100478533126      0.0103440484062310      -0.0097699995198343
    
-0.2617993877991496     0.0000000000000000      -0.2358186887147345      -0.0551387629105790
-0.2617993877991496     0.1254128803828261      -0.3030646308451452      -0.0918503093808640
-0.2617993877991496     0.2508257607656522      -0.3644085189075931      -0.2178266568852940
-0.2617993877991496     0.3762386411484783      -0.2568080619338202      -0.3658541656375652
-0.2617993877991496     0.5016515215313043      -0.1955332322486349      -0.3463720190132040
-0.2617993877991496     0.6270644019141304      -0.2066270518028957      -0.4171300955561024
-0.2617993877991496     0.7524772822969564      -0.1037057351735542      -0.5331742991428364
-0.2617993877991496     0.8778901626797825      0.0563463085890750      -0.5958581571043249
-0.2617993877991496     1.0033030430626086      0.2656181793727968      -0.5343170254252116
-0.2617993877991496     1.1287159234454347      0.3972138801528805      -0.3508760579312719
-0.2617993877991496     1.2541288038282608      0.3629833018870051      -0.1722493547372650
-0.2617993877991496     1.3795416842110868      0.2902154480586105      -0.0961743837542560
-0.2617993877991496     1.5049545645939129      0.2379986201169726      -0.0645266508189635
-0.2617993877991496     1.6303674449767389      0.2022514291604691      -0.0481315781093325
-0.2617993877991496     1.7557803253595650      0.1762831099657967      -0.0376469843257082
-0.2617993877991496     1.8811932057423910      0.1559541980201951      -0.0305625901000260
-0.2617993877991496     2.0066060861252173      0.1397261404629431      -0.0255379258656586
-0.2617993877991496     2.1320189665080433      0.1263106626552618      -0.0220413669721818
-0.2617993877991496     2.2574318468908694      0.1152121408019545      -0.0195394080009145
-0.2617993877991496     2.3828447272736955      0.1059001855459620      -0.0177047445875554
-0.2617993877991496     2.5082576076565215      0.0979792481011671      -0.0162944364417521
-0.2617993877991496     2.6336704880393476      0.0911636259863320      -0.0151969647960108
-0.2617993877991496     2.7590833684221736      0.0852348965942733      -0.0143191079094613
-0.2617993877991496     2.8844962488049997      0.0800311662545245      -0.0136067796814968
-0.2617993877991496     3.0099091291878257      0.0754258687753584      -0.0130193533896225
-0.2617993877991496     3.1353220095706518      0.0713208318069444      -0.0125287093514835
-0.2617993877991496     3.2607348899534778      0.0676379495830025      -0.0121139840794783
-0.2617993877991496     3.3861477703363039      0.0643145423447502      -0.0117598791807479
-0.2617993877991496     3.5115606507191299      0.0612996502587945      -0.0114549878677433
-0.2617993877991496     3.6369735311019560      0.0585518092236976      -0.0111905251540328
-0.2617993877991496     3.7623864114847820      0.0560366403581042      -0.0109595992721411
-0.2617993877991496     3.8877992918676081      0.0537255462123560      -0.0107567126562264
-0.2617993877991496     4.0132121722504346      0.0515943497452554      -0.0105774088137258
-0.2617993877991496     4.1386250526332606      0.0496225625172014      -0.0104181251870871
-0.2617993877991496     4.2640379330160867      0.0477927173756118      -0.0102760185249687
-0.2617993877991496     4.3894508133989127      0.0460898635696601      -0.0101486740415655
-0.2617993877991496     4.5148636937817388      0.0445010498139442      -0.0100341068015646
-0.2617993877991496     4.6402765741645648      0.0430150852333590      -0.0099306387414000
-0.2617993877991496     4.7656894545473909      0.0416221003622865      -0.0098368252604163
-0.2617993877991496     4.8911023349302170      0.0403134964235762      -0.0097515248382053
-0.2617993877991496     5.0165152153130430      0.0390817175471253      -0.0096737393070427
-0.2617993877991496     5.1419280956958691      0.0379200820345670      -0.0096026060492197
-0.2617993877991496     5.2673409760786951      0.0368226552957034      -0.0095373831265941
-0.2617993877991496     5.3927538564615212      0.0357841459854125      -0.0094774578378974
-0.2617993877991496     5.5181667368443472      0.0347998710603287      -0.0094222949702828
-0.2617993877991496     5.6435796172271733      0.0338656297467926      -0.0093714051908776
-0.2617993877991496     5.7689924976099993      0.0329776469652327      -0.0093243450431380
-0.2617993877991496     5.8944053779928254      0.0321324978725127      -0.0092807307329049
-0.2617993877991496     6.0198182583756514      0.0313270848183364      -0.0092402240934866
-0.2617993877991496     6.1452311387584775      0.0305586119160889      -0.0092025343089402
-0.2617993877991496     6.2706440191413035      0.0298245364757451      -0.0091673910759095
-0.2617993877991496     6.3960568995241296      0.0291225183971570      -0.0091345513263042
-0.2617993877991496     6.5214697799069556      0.0284504232539972      -0.0091038343887211
-0.2617993877991496     6.6468826602897817      0.0278063288032789      -0.0090750964657009
-0.2617993877991496     6.7722955406726077      0.0271885070271288      -0.0090481733531265
-0.2617993877991496     6.8977084210554338      0.0265953474411061      -0.0090228914485597
-0.2617993877991496     7.0231213014382599      0.0260253404273369      -0.0089991029472149
-0.2617993877991496     7.1485341818210859      0.0254770941222704      -0.0089766939170212
-0.2617993877991496     7.2739470622039120      0.0249493409964307      -0.0089555744191164
-0.2617993877991496     7.3993599425867380      0.0244409186597996      -0.0089356567205943
-0.2617993877991496     7.5247728229695641      0.0239507572606864      -0.0089168484092025
-0.2617993877991496     7.6501857033523901      0.0234778528119112      -0.0088990599387066
-0.2617993877991496     7.7755985837352162      0.0230212648124690      -0.0088822173324161
-0.2617993877991496     7.9010114641180422      0.0225801288938635      -0.0088662641013276
-0.2617993877991496     8.0264243445008692      0.0221536523398861      -0.0088511403845892
-0.2617993877991496     8.1518372248836961      0.0217410897877177      -0.0088367759767864
-0.2617993877991496     8.2772501052665231      0.0213417314994406      -0.0088231054878106
-0.2617993877991496     8.4026629856493500      0.0209549014677308      -0.0088100839045430
-0.2617993877991496     8.5280758660321769      0.0205799780791270      -0.0087976892314311
-0.2617993877991496     8.6534887464150039      0.0202164040583760      -0.0087859009902136
-0.2617993877991496     8.7789016267978308      0.0198636627005946      -0.0087746764790525
-0.2617993877991496     8.9043145071806578      0.0195212509578168      -0.0087639647810651
-0.2617993877991496     9.0297273875634847      0.0191886840055729      -0.0087537332092940
-0.2617993877991496     9.1551402679463116      0.0188655121392792      -0.0087439615781688
-0.2617993877991496     9.2805531483291386      0.0185513261477907      -0.0087346322665320
-0.2617993877991496     9.4059660287119655      0.0182457422104017      -0.0087257147602944
-0.2617993877991496     9.5313789090947925      0.0179483881061019      -0.0087171772551401
-0.2617993877991496     9.6567917894776194      0.0176589086129187      -0.0087089969636737
-0.2617993877991496     9.7822046698604463      0.0173769723334945      -0.0087011564231081
-0.2617993877991496     9.9076175502432733      0.0171022688107603      -0.0086936365364834
-0.2617993877991496     10.0330304306261002      0.0168345029050000      -0.0086864171388218
-0.2617993877991496     10.1584433110089272      0.0165733938344596      -0.0086794795035042
-0.2617993877991496     10.2838561913917541      0.0163186723894145      -0.0086728050051003
-0.2617993877991496     10.4092690717745811      0.0160700801905990      -0.0086663816179598
-0.2617993877991496     10.5346819521574080      0.0158273750156589      -0.0086602035805645
-0.2617993877991496     10.6600948325402349      0.0155903357708446      -0.0086542674840008
-0.2617993877991496     10.7855077129230619      0.0153587561927561      -0.0086485603825083
-0.2617993877991496     10.9109205933058888      0.0151324329514031      -0.0086430670487810
-0.2617993877991496     11.0363334736887158      0.0149111713559453      -0.0086377767550564
-0.2617993877991496     11.1617463540715427      0.0146947882508455      -0.0086326800818339
-0.2617993877991496     11.2871592344543696      0.0144831094989191      -0.0086277644365088
-0.2617993877991496     11.4125721148371966      0.0142759643184951      -0.0086230173933512
-0.2617993877991496     11.5379849952200235      0.0140731874974490      -0.0086184323640360
-0.2617993877991496     11.6633978756028505      0.0138746256607972      -0.0086140065193347
-0.2617993877991496     11.7888107559856774      0.0136801369146415      -0.0086097359490620
-0.2617993877991496     11.9142236363685043      0.0134895857791485      -0.0086056114745243
-0.2617993877991496     12.0396365167513313      0.0133028381455837      -0.0086016239356487
-0.2617993877991496     12.1650493971341582      0.0131197653255399      -0.0085977685079930
-0.2617993877991496     12.2904622775169852      0.0129402471996903      -0.0085940406347168
-0.2617993877991496     12.4158751578998121      0.0127641694067296      -0.0085904333861450
-0.2617993877991496     12.5412880382826391      0.0125914192732372      -0.0085869389788443
-0.2617993877991496     12.6667009186654660      0.0124218869015987      -0.0085835527544477
-0.2617993877991496     12.7921137990482929      0.0122554689416664      -0.0085802737120445
-0.2617993877991496     12.9175266794311199      0.0120920703785567      -0.0085771000909655
-0.2617993877991496     13.0429395598139468      0.0119316007689070      -0.0085740264856112
-0.2617993877991496     13.1683524401967738      0.0117739716486095      -0.0085710455832347
-0.2617993877991496     13.2937653205796007      0.0116190944162611      -0.0085681490489185
-0.2617993877991496     13.4191782009624276      0.0114668805359782      -0.0085653328692246
-0.2617993877991496     13.5445910813452546      0.0113172474073021      -0.0085625975156517
-0.2617993877991496     13.6700039617280815      0.0111701199219340      -0.0085599430463706
-0.2617993877991496     13.7954168421109085      0.0110254265182708      -0.0085573650642344
-0.2617993877991496     13.9208297224937354      0.0108830935247360      -0.0085548593512308
-0.2617993877991496     14.0462426028765623      0.0107430504717480      -0.0085524265080295
-0.2617993877991496     14.1716554832593893      0.0106052338505189      -0.0085500679623118
-0.2617993877991496     14.2970683636422162      0.0104695851994582      -0.0085477811768504
-0.2617993877991496     14.4224812440250432      0.0103360456025510      -0.0085455597158291
-0.2617993877991496     14.5478941244078701      0.0102045535312345      -0.0085433985219469
-0.2617993877991496     14.6733070047906971      0.0100750499070996      -0.0085412973350367
-0.2617993877991496     14.7987198851735240      0.0099474818636648      -0.0085392563288378
-0.2617993877991496     14.9241327655563509      0.0098217998040167      -0.0085372721613057
-0.2617993877991496     15.0495456459391779      0.0096979527591319      -0.0085353390204691
-0.2617993877991496     15.1749585263220048      0.0095758886400982      -0.0085334533202904
-0.2617993877991496     15.3003714067048318      0.0094555575524769      -0.0085316140623564
-0.2617993877991496     15.4257842870876587      0.0093369127080214      -0.0085298209647489
-0.2617993877991496     15.5511971674704856      0.0092199096788424      -0.0085280731160681
-0.2617993877991496     15.6766100478533126      0.0091045049438434      -0.0085263699110646
    
0.0000000000000000     0.0000000000000000      -0.2176424218970139      -0.0385225340611925
0.0000000000000000     0.1254128803828261      -0.3000767893469302      -0.0648974095206127
0.0000000000000000     0.2508257607656522      -0.3712856223208087      -0.2043470651775733
0.0000000000000000     0.3762386411484783      -0.2650483882377718      -0.3728985316050989
0.0000000000000000     0.5016515215313043      -0.1278933466575203      -0.3584078639672152
0.0000000000000000     0.6270644019141304      -0.1687453437666911      -0.3182077886181228
0.0000000000000000     0.7524772822969564      -0.1666252321655107      -0.4434835430109170
0.0000000000000000     0.8778901626797825      -0.0349080896537731      -0.5829917206722453
0.0000000000000000     1.0033030430626086      0.2157440227314153      -0.5836700541344233
0.0000000000000000     1.1287159234454347      0.3980787361468432      -0.3807285020979806
0.0000000000000000     1.2541288038282608      0.3661001412370414      -0.1820497467994026
0.0000000000000000     1.3795416842110868      0.2906614259159450      -0.0996509718753471
0.0000000000000000     1.5049545645939129      0.2368240807676564      -0.0657854998501332
0.0000000000000000     1.6303674449767389      0.2002438359198455      -0.0484793848267957
0.0000000000000000     1.7557803253595650      0.1738429707630331      -0.0375900158932605
0.0000000000000000     1.8811932057423910      0.1533324752709777      -0.0303364928146863
0.0000000000000000     2.0066060861252173      0.1370694989535396      -0.0252228631379328
0.0000000000000000     2.1320189665080433      0.1236796833788111      -0.0216603787707603
0.0000000000000000     2.2574318468908694      0.1126170649253442      -0.0191229198522374
0.0000000000000000     2.3828447272736955      0.1033694618867919      -0.0172835061274653
0.0000000000000000     2.5082576076565215      0.0955268461775567      -0.0158676918714452
0.0000000000000000     2.6336704880393476      0.0887921008225686      -0.0147692526512380
0.0000000000000000     2.7590833684221736      0.0829435483625756      -0.0138925833517960
0.0000000000000000     2.8844962488049997      0.0778188701364502      -0.0131833971120230
0.0000000000000000     3.0099091291878257      0.0732901449222902      -0.0125999005945238
0.0000000000000000     3.1353220095706518      0.0692586457830249      -0.0121134355954743
0.0000000000000000     3.2607348899534778      0.0656461125974727      -0.0117031630958643
0.0000000000000000     3.3861477703363039      0.0623897510249114      -0.0113534318764392
0.0000000000000000     3.5115606507191299      0.0594387591615914      -0.0110525550287033
0.0000000000000000     3.6369735311019560      0.0567514813930373      -0.0107917325778976
0.0000000000000000     3.7623864114847820      0.0542936939548326      -0.0105640014219657
0.0000000000000000     3.8877992918676081      0.0520366576636738      -0.0103640202922175
0.0000000000000000     4.0132121722504346      0.0499565807586089      -0.0101875700131158
0.0000000000000000     4.1386250526332606      0.0480332669999058      -0.0100310792178547
0.0000000000000000     4.2640379330160867      0.0462494621873269      -0.0098915794403221
0.0000000000000000     4.3894508133989127      0.0445903460330172      -0.0097666904164545
0.0000000000000000     4.5148636937817388      0.0430431211043534      -0.0096543643623348
0.0000000000000000     4.6402765741645648      0.0415965855687532      -0.0095529803475607
0.0000000000000000     4.7656894545473909      0.0402411496179240      -0.0094612288077654
0.0000000000000000     4.8911023349302170      0.0389683438350974      -0.0093779086406001
0.0000000000000000     5.0165152153130430      0.0377707356665907      -0.0093020346446568
0.0000000000000000     5.1419280956958691      0.0366417747397800      -0.0092327634743467
0.0000000000000000     5.2673409760786951      0.0355756743794866      -0.0091693461025247
0.0000000000000000     5.3927538564615212      0.0345672737357438      -0.0091110814825154
0.0000000000000000     5.5181667368443472      0.0336118903680051      -0.0090573690767471
0.0000000000000000     5.6435796172271733      0.0327053294020152      -0.0090077388159915
0.0000000000000000     5.7689924976099993      0.0318438309269246      -0.0089617955212108
0.0000000000000000     5.8944053779928254      0.0310240259409968      -0.0089192087471807
0.0000000000000000     6.0198182583756514      0.0302429109562752      -0.0088797008839608
0.0000000000000000     6.1452311387584775      0.0294977658067704      -0.0088429838609906
0.0000000000000000     6.2706440191413035      0.0287861147029512      -0.0088088159074020
0.0000000000000000     6.3960568995241296      0.0281057393906485      -0.0087769687185551
0.0000000000000000     6.5214697799069556      0.0274545873142691      -0.0087471854692099
0.0000000000000000     6.6468826602897817      0.0268307286186088      -0.0087192397933120
0.0000000000000000     6.7722955406726077      0.0262323716232485      -0.0086930029530564
0.0000000000000000     6.8977084210554338      0.0256579280293211      -0.0086683806987187
0.0000000000000000     7.0231213014382599      0.0251059697913908      -0.0086452769882082
0.0000000000000000     7.1485341818210859      0.0245751975750992      -0.0086235779522317
0.0000000000000000     7.2739470622039120      0.0240643966681814      -0.0086031521590494
0.0000000000000000     7.3993599425867380      0.0235724261701882      -0.0085838675398035
0.0000000000000000     7.5247728229695641      0.0230981949098330      -0.0085656287662536
0.0000000000000000     7.6501857033523901      0.0226407142699766      -0.0085483709148307
0.0000000000000000     7.7755985837352162      0.0221990775465532      -0.0085320290773783
0.0000000000000000     7.9010114641180422      0.0217724352507201      -0.0085165348643497
0.0000000000000000     8.0264243445008692      0.0213599892922056      -0.0085018406489342
0.0000000000000000     8.1518372248836961      0.0209610143540063      -0.0084879133358550
0.0000000000000000     8.2772501052665231      0.0205748460654516      -0.0084747182693980
0.0000000000000000     8.4026629856493500      0.0202008816489714      -0.0084622018275596
0.0000000000000000     8.5280758660321769      0.0198385360276249      -0.0084502877431068
0.0000000000000000     8.6534887464150039      0.0194872280575129      -0.0084389091680611
0.0000000000000000     8.7789016267978308      0.0191464020478586      -0.0084280405656941
0.0000000000000000     8.9043145071806578      0.0188155686375863      -0.0084176780585655
0.0000000000000000     9.0297273875634847      0.0184942852005751      -0.0084077958179476
0.0000000000000000     9.1551402679463116      0.0181821320257618      -0.0083983572018973
0.0000000000000000     9.2805531483291386      0.0178786959316340      -0.0083893200813442
0.0000000000000000     9.4059660287119655      0.0175835816097671      -0.0083806621603055
0.0000000000000000     9.5313789090947925      0.0172964251404500      -0.0083723672237964
0.0000000000000000     9.6567917894776194      0.0170168854432897      -0.0083644162350149
0.0000000000000000     9.7822046698604463      0.0167446354675920      -0.0083567928760893
0.0000000000000000     9.9076175502432733      0.0164793710345674      -0.0083494904253568
0.0000000000000000     10.0330304306261002      0.0162208121591291      -0.0083424994969670
0.0000000000000000     10.1584433110089272      0.0159686958713012      -0.0083358078664970
0.0000000000000000     10.2838561913917541      0.0157227761636336      -0.0083294010553827
0.0000000000000000     10.4092690717745811      0.0154828220082384      -0.0083232561479121
0.0000000000000000     10.5346819521574080      0.0152486042366901      -0.0083173419539490
0.0000000000000000     10.6600948325402349      0.0150198893607253      -0.0083116323928858
0.0000000000000000     10.7855077129230619      0.0147964510977146      -0.0083061203243157
0.0000000000000000     10.9109205933058888      0.0145780880358823      -0.0083008069328206
0.0000000000000000     11.0363334736887158      0.0143646128683769      -0.0082956880550879
0.0000000000000000     11.1617463540715427      0.0141558495096326      -0.0082907595938189
0.0000000000000000     11.2871592344543696      0.0139516332233338      -0.0082860155816849
0.0000000000000000     11.4125721148371966      0.0137518085771416      -0.0082814452286010
0.0000000000000000     11.5379849952200235      0.0135562235069449      -0.0082770322970522
0.0000000000000000     11.6633978756028505      0.0133647250544170      -0.0082727627712563
0.0000000000000000     11.7888107559856774      0.0131771634005583      -0.0082686276007848
0.0000000000000000     11.9142236363685043      0.0129933965460326      -0.0082646277027764
0.0000000000000000     12.0396365167513313      0.0128132982202213      -0.0082607649392165
0.0000000000000000     12.1650493971341582      0.0126367502263639      -0.0082570356987628
0.0000000000000000     12.2904622775169852      0.0124636383345375      -0.0082534338492349
0.0000000000000000     12.4158751578998121      0.0122938511953630      -0.0082499538846604
0.0000000000000000     12.5412880382826391      0.0121272850941273      -0.0082465903182784
0.0000000000000000     12.6667009186654660      0.0119638398055587      -0.0082433330938875
0.0000000000000000     12.7921137990482929      0.0118034128764146      -0.0082401701088559
0.0000000000000000     12.9175266794311199      0.0116458999305049      -0.0082370964018810
0.0000000000000000     13.0429395598139468      0.0114912046583151      -0.0082341152126822
0.0000000000000000     13.1683524401967738      0.0113392412821371      -0.0082312299715767
0.0000000000000000     13.2937653205796007      0.0111899311286892      -0.0082284418507985
0.0000000000000000     13.4191782009624276      0.0110432018504577      -0.0082257473868589
0.0000000000000000     13.5445910813452546      0.0108989810004667      -0.0082231357938791
0.0000000000000000     13.6700039617280815      0.0107571898461770      -0.0082205973295882
0.0000000000000000     13.7954168421109085      0.0106177520036677      -0.0082181311164444
0.0000000000000000     13.9208297224937354      0.0104806006334608      -0.0082157361613897
0.0000000000000000     14.0462426028765623      0.0103456702943976      -0.0082134069606477
0.0000000000000000     14.1716554832593893      0.0102128937963069      -0.0082111389301078
0.0000000000000000     14.2970683636422162      0.0100822066531778      -0.0082089325483367
0.0000000000000000     14.4224812440250432      0.0099535508053467      -0.0082067889762689
0.0000000000000000     14.5478941244078701      0.0098268732176931      -0.0082047062108178
0.0000000000000000     14.6733070047906971      0.0097021204628228      -0.0082026781010748
0.0000000000000000     14.7987198851735240      0.0095792362044393      -0.0082006985278397
0.0000000000000000     14.9241327655563509      0.0094581622039566      -0.0081987664069220
0.0000000000000000     15.0495456459391779      0.0093388463665959      -0.0081968880816597
0.0000000000000000     15.1749585263220048      0.0092212466088411      -0.0081950675813933
0.0000000000000000     15.3003714067048318      0.0091053231988048      -0.0081933022514675
0.0000000000000000     15.4257842870876587      0.0089910342043116      -0.0081915865756422
0.0000000000000000     15.5511971674704856      0.0088783362114076      -0.0081899163044305
0.0000000000000000     15.6766100478533126      0.0087671873151212      -0.0081882876735349
    
0.2617993877991496     0.0000000000000000      -0.2358186887147345      -0.0551387629105790
0.2617993877991496     0.1254128803828261      -0.3030646308451452      -0.0918503093808640
0.2617993877991496     0.2508257607656522      -0.3644085189075931      -0.2178266568852940
0.2617993877991496     0.3762386411484783      -0.2568080619338202      -0.3658541656375652
0.2617993877991496     0.5016515215313043      -0.1955332322486349      -0.3463720190132040
0.2617993877991496     0.6270644019141304      -0.2066270518028957      -0.4171300955561024
0.2617993877991496     0.7524772822969564      -0.1037057351735542      -0.5331742991428364
0.2617993877991496     0.8778901626797825      0.0563463085890750      -0.5958581571043249
0.2617993877991496     1.0033030430626086      0.2656181793727968      -0.5343170254252116
0.2617993877991496     1.1287159234454347      0.3972138801528805      -0.3508760579312719
0.2617993877991496     1.2541288038282608      0.3629833018870051      -0.1722493547372650
0.2617993877991496     1.3795416842110868      0.2902154480586105      -0.0961743837542560
0.2617993877991496     1.5049545645939129      0.2379986201169726      -0.0645266508189635
0.2617993877991496     1.6303674449767389      0.2022514291604691      -0.0481315781093325
0.2617993877991496     1.7557803253595650      0.1762831099657967      -0.0376469843257082
0.2617993877991496     1.8811932057423910      0.1559541980201951      -0.0305625901000260
0.2617993877991496     2.0066060861252173      0.1397261404629431      -0.0255379258656586
0.2617993877991496     2.1320189665080433      0.1263106626552618      -0.0220413669721818
0.2617993877991496     2.2574318468908694      0.1152121408019545      -0.0195394080009145
0.2617993877991496     2.3828447272736955      0.1059001855459620      -0.0177047445875554
0.2617993877991496     2.5082576076565215      0.0979792481011671      -0.0162944364417521
0.2617993877991496     2.6336704880393476      0.0911636259863320      -0.0151969647960108
0.2617993877991496     2.7590833684221736      0.0852348965942733      -0.0143191079094613
0.2617993877991496     2.8844962488049997      0.0800311662545245      -0.0136067796814968
0.2617993877991496     3.0099091291878257      0.0754258687753584      -0.0130193533896225
0.2617993877991496     3.1353220095706518      0.0713208318069444      -0.0125287093514835
0.2617993877991496     3.2607348899534778      0.0676379495830025      -0.0121139840794783
0.2617993877991496     3.3861477703363039      0.0643145423447502      -0.0117598791807479
0.2617993877991496     3.5115606507191299      0.0612996502587945      -0.0114549878677433
0.2617993877991496     3.6369735311019560      0.0585518092236976      -0.0111905251540328
0.2617993877991496     3.7623864114847820      0.0560366403581042      -0.0109595992721411
0.2617993877991496     3.8877992918676081      0.0537255462123560      -0.0107567126562264
0.2617993877991496     4.0132121722504346      0.0515943497452554      -0.0105774088137258
0.2617993877991496     4.1386250526332606      0.0496225625172014      -0.0104181251870871
0.2617993877991496     4.2640379330160867      0.0477927173756118      -0.0102760185249687
0.2617993877991496     4.3894508133989127      0.0460898635696601      -0.0101486740415655
0.2617993877991496     4.5148636937817388      0.0445010498139442      -0.0100341068015646
0.2617993877991496     4.6402765741645648      0.0430150852333590      -0.0099306387414000
0.2617993877991496     4.7656894545473909      0.0416221003622865      -0.0098368252604163
0.2617993877991496     4.8911023349302170      0.0403134964235762      -0.0097515248382053
0.2617993877991496     5.0165152153130430      0.0390817175471253      -0.0096737393070427
0.2617993877991496     5.1419280956958691      0.0379200820345670      -0.0096026060492197
0.2617993877991496     5.2673409760786951      0.0368226552957034      -0.0095373831265941
0.2617993877991496     5.3927538564615212      0.0357841459854125      -0.0094774578378974
0.2617993877991496     5.5181667368443472      0.0347998710603287      -0.0094222949702828
0.2617993877991496     5.6435796172271733      0.0338656297467926      -0.0093714051908776
0.2617993877991496     5.7689924976099993      0.0329776469652327      -0.0093243450431380
0.2617993877991496     5.8944053779928254      0.0321324978725127      -0.0092807307329049
0.2617993877991496     6.0198182583756514      0.0313270848183364      -0.0092402240934866
0.2617993877991496     6.1452311387584775      0.0305586119160889      -0.0092025343089402
0.2617993877991496     6.2706440191413035      0.0298245364757451      -0.0091673910759095
0.2617993877991496     6.3960568995241296      0.0291225183971570      -0.0091345513263042
0.2617993877991496     6.5214697799069556      0.0284504232539972      -0.0091038343887211
0.2617993877991496     6.6468826602897817      0.0278063288032789      -0.0090750964657009
0.2617993877991496     6.7722955406726077      0.0271885070271288      -0.0090481733531265
0.2617993877991496     6.8977084210554338      0.0265953474411061      -0.0090228914485597
0.2617993877991496     7.0231213014382599      0.0260253404273369      -0.0089991029472149
0.2617993877991496     7.1485341818210859      0.0254770941222704      -0.0089766939170212
0.2617993877991496     7.2739470622039120      0.0249493409964307      -0.0089555744191164
0.2617993877991496     7.3993599425867380      0.0244409186597996      -0.0089356567205943
0.2617993877991496     7.5247728229695641      0.0239507572606864      -0.0089168484092025
0.2617993877991496     7.6501857033523901      0.0234778528119112      -0.0088990599387066
0.2617993877991496     7.7755985837352162      0.0230212648124690      -0.0088822173324161
0.2617993877991496     7.9010114641180422      0.0225801288938635      -0.0088662641013276
0.2617993877991496     8.0264243445008692      0.0221536523398861      -0.0088511403845892
0.2617993877991496     8.1518372248836961      0.0217410897877177      -0.0088367759767864
0.2617993877991496     8.2772501052665231      0.0213417314994406      -0.0088231054878106
0.2617993877991496     8.4026629856493500      0.0209549014677308      -0.0088100839045430
0.2617993877991496     8.5280758660321769      0.0205799780791270      -0.0087976892314311
0.2617993877991496     8.6534887464150039      0.0202164040583760      -0.0087859009902136
0.2617993877991496     8.7789016267978308      0.0198636627005946      -0.0087746764790525
0.2617993877991496     8.9043145071806578      0.0195212509578168      -0.0087639647810651
0.2617993877991496     9.0297273875634847      0.0191886840055729      -0.0087537332092940
0.2617993877991496     9.1551402679463116      0.0188655121392792      -0.0087439615781688
0.2617993877991496     9.2805531483291386      0.0185513261477907      -0.0087346322665320
0.2617993877991496     9.4059660287119655      0.0182457422104017      -0.0087257147602944
0.2617993877991496     9.5313789090947925      0.0179483881061019      -0.0087171772551401
0.2617993877991496     9.6567917894776194      0.0176589086129187      -0.0087089969636737
0.2617993877991496     9.7822046698604463      0.0173769723334945      -0.0087011564231081
0.2617993877991496     9.9076175502432733      0.0171022688107603      -0.0086936365364834
0.2617993877991496     10.0330304306261002      0.0168345029050000      -0.0086864171388218
0.2617993877991496     10.1584433110089272      0.0165733938344596      -0.0086794795035042
0.2617993877991496     10.2838561913917541      0.0163186723894145      -0.0086728050051003
0.2617993877991496     10.4092690717745811      0.0160700801905990      -0.0086663816179598
0.2617993877991496     10.5346819521574080      0.0158273750156589      -0.0086602035805645
0.2617993877991496     10.6600948325402349      0.0155903357708446      -0.0086542674840008
0.2617993877991496     10.7855077129230619      0.0153587561927561      -0.0086485603825083
0.2617993877991496     10.9109205933058888      0.0151324329514031      -0.0086430670487810
0.2617993877991496     11.0363334736887158      0.0149111713559453      -0.0086377767550564
0.2617993877991496     11.1617463540715427      0.0146947882508455      -0.0086326800818339
0.2617993877991496     11.2871592344543696      0.0144831094989191      -0.0086277644365088
0.2617993877991496     11.4125721148371966      0.0142759643184951      -0.0086230173933512
0.2617993877991496     11.5379849952200235      0.0140731874974490      -0.0086184323640360
0.2617993877991496     11.6633978756028505      0.0138746256607972      -0.0086140065193347
0.2617993877991496     11.7888107559856774      0.0136801369146415      -0.0086097359490620
0.2617993877991496     11.9142236363685043      0.0134895857791485      -0.0086056114745243
0.2617993877991496     12.0396365167513313      0.0133028381455837      -0.0086016239356487
0.2617993877991496     12.1650493971341582      0.0131197653255399      -0.0085977685079930
0.2617993877991496     12.2904622775169852      0.0129402471996903      -0.0085940406347168
0.2617993877991496     12.4158751578998121      0.0127641694067296      -0.0085904333861450
0.2617993877991496     12.5412880382826391      0.0125914192732372      -0.0085869389788443
0.2617993877991496     12.6667009186654660      0.0124218869015987      -0.0085835527544477
0.2617993877991496     12.7921137990482929      0.0122554689416664      -0.0085802737120445
0.2617993877991496     12.9175266794311199      0.0120920703785567      -0.0085771000909655
0.2617993877991496     13.0429395598139468      0.0119316007689070      -0.0085740264856112
0.2617993877991496     13.1683524401967738      0.0117739716486095      -0.0085710455832347
0.2617993877991496     13.2937653205796007      0.0116190944162611      -0.0085681490489185
0.2617993877991496     13.4191782009624276      0.0114668805359782      -0.0085653328692246
0.2617993877991496     13.5445910813452546      0.0113172474073021      -0.0085625975156517
0.2617993877991496     13.6700039617280815      0.0111701199219340      -0.0085599430463706
0.2617993877991496     13.7954168421109085      0.0110254265182708      -0.0085573650642344
0.2617993877991496     13.9208297224937354      0.0108830935247360      -0.0085548593512308
0.2617993877991496     14.0462426028765623      0.0107430504717480      -0.0085524265080295
0.2617993877991496     14.1716554832593893      0.0106052338505189      -0.0085500679623118
0.2617993877991496     14.2970683636422162      0.0104695851994582      -0.0085477811768504
0.2617993877991496     14.4224812440250432      0.0103360456025510      -0.0085455597158291
0.2617993877991496     14.5478941244078701      0.0102045535312345      -0.0085433985219469
0.2617993877991496     14.6733070047906971      0.0100750499070996      -0.0085412973350367
0.2617993877991496     14.7987198851735240      0.0099474818636648      -0.0085392563288378
0.2617993877991496     14.9241327655563509      0.0098217998040167      -0.0085372721613057
0.2617993877991496     15.0495456459391779      0.0096979527591319      -0.0085353390204691
0.2617993877991496     15.1749585263220048      0.0095758886400982      -0.0085334533202904
0.2617993877991496     15.3003714067048318      0.0094555575524769      -0.0085316140623564
0.2617993877991496     15.4257842870876587      0.0093369127080214      -0.0085298209647489
0.2617993877991496     15.5511971674704856      0.0092199096788424      -0.0085280731160681
0.2617993877991496     15.6766100478533126      0.0091045049438434      -0.0085263699110646
    
0.5235987755982987     0.0000000000000000      -0.3102260705748926      -0.1131839404798984
0.5235987755982987     0.1254128803828261      -0.3419959850439362      -0.1891799005563776
0.5235987755982987     0.2508257607656522      -0.3889219358457250      -0.3006565167226483
0.5235987755982987     0.3762386411484783      -0.2735530839043430      -0.4783085570669464
0.5235987755982987     0.5016515215313043      -0.1786357484445139      -0.4753936581525103
0.5235987755982987     0.6270644019141304      -0.1116228884745157      -0.5458846783791266
0.5235987755982987     0.7524772822969564      0.0177606379151038      -0.5971578890145340
0.5235987755982987     0.8778901626797825      0.2000564282788135      -0.6022301350955440
0.5235987755982987     1.0033030430626086      0.3499332202954809      -0.4547108832451636
0.5235987755982987     1.1287159234454347      0.4048354080084576      -0.3033043392181696
0.5235987755982987     1.2541288038282608      0.3668516668320888      -0.1571970788409424
0.5235987755982987     1.3795416842110868      0.2980979142422645      -0.0916131184591439
0.5235987755982987     1.5049545645939129      0.2481336441430472      -0.0636752954175724
0.5235987755982987     1.6303674449767389      0.2133402569389570      -0.0487846695319505
0.5235987755982987     1.7557803253595650      0.1876837265502539      -0.0389264965186971
0.5235987755982987     1.8811932057423910      0.1672493181126506      -0.0320812972899250
0.5235987755982987     2.0066060861252173      0.1507156245444319      -0.0271559564778726
0.5235987755982987     2.1320189665080433      0.1369118953757279      -0.0237138194112842
0.5235987755982987     2.2574318468908694      0.1254212847944703      -0.0212368553594212
0.5235987755982987     2.3828447272736955      0.1157129302366200      -0.0193839632324841
0.5235987755982987     2.5082576076565215      0.1073970468510774      -0.0179526625226134
0.5235987755982987     2.6336704880393476      0.1001988061579225      -0.0168298152213672
0.5235987755982987     2.7590833684221736      0.0939078516187851      -0.0159289902058973
0.5235987755982987     2.8844962488049997      0.0883630594004252      -0.0151945822846340
0.5235987755982987     3.0099091291878257      0.0834380740973104      -0.0145857744680750
0.5235987755982987     3.1353220095706518      0.0790331030920884      -0.0140744958698681
0.5235987755982987     3.2607348899534778      0.0750687150930720      -0.0136401819493893
0.5235987755982987     3.3861477703363039      0.0714808772376340      -0.0132679213604431
0.5235987755982987     3.5115606507191299      0.0682177503566305      -0.0129462196269987
0.5235987755982987     3.6369735311019560      0.0652365571106697      -0.0126662148612961
0.5235987755982987     3.7623864114847820      0.0625018369413938      -0.0124209106003082
0.5235987755982987     3.8877992918676081      0.0599838829632766      -0.0122047062934797
0.5235987755982987     4.0132121722504346      0.0576575598999477      -0.0120130730949500
0.5235987755982987     4.1386250526332606      0.0555014510731863      -0.0118423777193552
0.5235987755982987     4.2640379330160867      0.0534972646328720      -0.0116896544345272
0.5235987755982987     4.3894508133989127      0.0516292282481267      -0.0115524687246994
0.5235987755982987     4.5148636937817388      0.0498837397111739      -0.0114288387872318
0.5235987755982987     4.6402765741645648      0.0482489981738532      -0.0113170301682390
0.5235987755982987     4.7656894545473909      0.0467146666830750      -0.0112155749860301
0.5235987755982987     4.8911023349302170      0.0452716416294707      -0.0111231910038400
0.5235987755982987     5.0165152153130430      0.0439118732694813      -0.0110387842371097
0.5235987755982987     5.1419280956958691      0.0426281916143915      -0.0109614391368402
0.5235987755982987     5.2673409760786951      0.0414142520844335      -0.0108904082016665
0.5235987755982987     5.3927538564615212      0.0402644164502163      -0.0108250285554838
0.5235987755982987     5.5181667368443472      0.0391736323226686      -0.0107647263021514
0.5235987755982987     5.6435796172271733      0.0381373814545331      -0.0107090103008370
0.5235987755982987     5.7689924976099993      0.0371516138698242      -0.0106574417248669
0.5235987755982987     5.8944053779928254      0.0362126835897457      -0.0106095952248444
0.5235987755982987     6.0198182583756514      0.0353172479861000      -0.0105650788705114
0.5235987755982987     6.1452311387584775      0.0344622455044338      -0.0105235768409769
0.5235987755982987     6.2706440191413035      0.0336449010704011      -0.0104848298601791
0.5235987755982987     6.3960568995241296      0.0328627032853802      -0.0104486353739940
0.5235987755982987     6.5214697799069556      0.0321133980715931      -0.0104148009199130
0.5235987755982987     6.6468826602897817      0.0313949257654307      -0.0103831188899064
0.5235987755982987     6.7722955406726077      0.0307053766434227      -0.0103533883884138
0.5235987755982987     6.8977084210554338      0.0300429730821222      -0.0103254377586910
0.5235987755982987     7.0231213014382599      0.0294060913506098      -0.0102991204258762
0.5235987755982987     7.1485341818210859      0.0287932222082012      -0.0102742992082093
0.5235987755982987     7.2739470622039120      0.0282029645932842      -0.0102508602940900
0.5235987755982987     7.3993599425867380      0.0276340252674996      -0.0102287243839359
0.5235987755982987     7.5247728229695641      0.0270852382627732      -0.0102078203546588
0.5235987755982987     7.6501857033523901      0.0265555251717438      -0.0101880682752226
0.5235987755982987     7.7755985837352162      0.0260438917878369      -0.0101693812520831
0.5235987755982987     7.9010114641180422      0.0255493980582772      -0.0101516645929666
0.5235987755982987     8.0264243445008692      0.0250711510898695      -0.0101348309032937
0.5235987755982987     8.1518372248836961      0.0246083054532464      -0.0101188167334439
0.5235987755982987     8.2772501052665231      0.0241600789770425      -0.0101035807309749
0.5235987755982987     8.4026629856493500      0.0237257572512861      -0.0100890895141532
0.5235987755982987     8.5280758660321769      0.0233046825047011      -0.0100752990011504
0.5235987755982987     8.6534887464150039      0.0228962275931485      -0.0100621609673710
0.5235987755982987     8.7789016267978308      0.0224998070795787      -0.0100496362226854
0.5235987755982987     8.9043145071806578      0.0221148713587141      -0.0100376823537091
0.5235987755982987     9.0297273875634847      0.0217409004475348      -0.0100262539856291
0.5235987755982987     9.1551402679463116      0.0213773910478930      -0.0100153113709804
0.5235987755982987     9.2805531483291386      0.0210238671910691      -0.0100048343750901
0.5235987755982987     9.4059660287119655      0.0206798932942676      -0.0099948110956673
0.5235987755982987     9.5313789090947925      0.0203450693423175      -0.0099852280540285
0.5235987755982987     9.6567917894776194      0.0200190226633915      -0.0099760632196288
0.5235987755982987     9.7822046698604463      0.0197013999345537      -0.0099672854499077
0.5235987755982987     9.9076175502432733      0.0193918559204637      -0.0099588610457162
0.5235987755982987     10.0330304306261002      0.0190900575256213      -0.0099507625726108
0.5235987755982987     10.1584433110089272      0.0187956854710449      -0.0099429685637298
0.5235987755982987     10.2838561913917541      0.0185084374989636      -0.0099354660651749
0.5235987755982987     10.4092690717745811      0.0182280294648216      -0.0099282475205381
0.5235987755982987     10.5346819521574080      0.0179542006672789      -0.0099213093283666
0.5235987755982987     10.6600948325402349      0.0176867083606571      -0.0099146406444711
0.5235987755982987     10.7855077129230619      0.0174253209182825      -0.0099082276669039
0.5235987755982987     10.9109205933058888      0.0171698163996063      -0.0099020533768506
0.5235987755982987     11.0363334736887158      0.0169199808234208      -0.0098960997590287
0.5235987755982987     11.1617463540715427      0.0166756028230263      -0.0098903473344702
0.5235987755982987     11.2871592344543696      0.0164364743236834      -0.0098847885489674
0.5235987755982987     11.4125721148371966      0.0162024049981157      -0.0098794262161067
0.5235987755982987     11.5379849952200235      0.0159732254356436      -0.0098742605538827
0.5235987755982987     11.6633978756028505      0.0157487754315281      -0.0098692813506903
0.5235987755982987     11.7888107559856774      0.0155288966436140      -0.0098644760832136
0.5235987755982987     11.9142236363685043      0.0153134365028005      -0.0098598324017505
0.5235987755982987     12.0396365167513313      0.0151022459384499      -0.0098553372858943
0.5235987755982987     12.1650493971341582      0.0148951783464027      -0.0098509795061302
0.5235987755982987     12.2904622775169852      0.0146920911594531      -0.0098467536681099
0.5235987755982987     12.4158751578998121      0.0144928510355667      -0.0098426585883723
0.5235987755982987     12.5412880382826391      0.0142973329247257      -0.0098386941895505
0.5235987755982987     12.6667009186654660      0.0141054212774886      -0.0098348612064260
0.5235987755982987     12.7921137990482929      0.0139170096026884      -0.0098311560624738
0.5235987755982987     12.9175266794311199      0.0137319942137695      -0.0098275686705138
0.5235987755982987     13.0429395598139468      0.0135502692095876      -0.0098240878028938
0.5235987755982987     13.1683524401967738      0.0133717287470777      -0.0098207065457045
0.5235987755982987     13.2937653205796007      0.0131962725415380      -0.0098174230369366
0.5235987755982987     13.4191782009624276      0.0130238067190820      -0.0098142357088002
0.5235987755982987     13.5445910813452546      0.0128542424621913      -0.0098111442642935
0.5235987755982987     13.6700039617280815      0.0126874976830306      -0.0098081458478834
0.5235987755982987     13.7954168421109085      0.0125234906262089      -0.0098052353568702
0.5235987755982987     13.9208297224937354      0.0123621426558322      -0.0098024096374099
0.5235987755982987     14.0462426028765623      0.0122033793537709      -0.0097996638037280
0.5235987755982987     14.1716554832593893      0.0120471265373341      -0.0097969906298624
0.5235987755982987     14.2970683636422162      0.0118933078532550      -0.0097943851477088
0.5235987755982987     14.4224812440250432      0.0117418505725500      -0.0097918489738353
0.5235987755982987     14.5478941244078701      0.0115926901888678      -0.0097893843141054
0.5235987755982987     14.6733070047906971      0.0114457663202331      -0.0097869897564529
0.5235987755982987     14.7987198851735240      0.0113010190238778      -0.0097846624645200
0.5235987755982987     14.9241327655563509      0.0111583906631062      -0.0097824004590864
0.5235987755982987     15.0495456459391779      0.0110178265126119      -0.0097801997337550
0.5235987755982987     15.1749585263220048      0.0108792708961595      -0.0097780547796320
0.5235987755982987     15.3003714067048318      0.0107426674900411      -0.0097759621190818
0.5235987755982987     15.4257842870876587      0.0106079619488406      -0.0097739215427677
0.5235987755982987     15.5511971674704856      0.0104751043755335      -0.0097719339967761
0.5235987755982987     15.6766100478533126      0.0103440484062310      -0.0097699995198343
    
0.7853981633974478     0.0000000000000000      -0.4386199735287682      -0.2125888152631861
0.7853981633974478     0.1254128803828261      -0.4198495247993396      -0.3602870628099921
0.7853981633974478     0.2508257607656522      -0.4480144443829198      -0.4776451063048242
0.7853981633974478     0.3762386411484783      -0.2597536292852340      -0.7622611213375057
0.7853981633974478     0.5016515215313043      0.0207594813172814      -0.6970663811703696
0.7853981633974478     0.6270644019141304      0.1304471571980921      -0.6128841006619562
0.7853981633974478     0.7524772822969564      0.2013934270264335      -0.5438884586874864
0.7853981633974478     0.8778901626797825      0.2731503516936535      -0.5109319042141602
0.7853981633974478     1.0033030430626086      0.3674327717640573      -0.4230372225469268
0.7853981633974478     1.1287159234454347      0.4259774704161043      -0.2911749315705833
0.7853981633974478     1.2541288038282608      0.3879959569823878      -0.1544185991947242
0.7853981633974478     1.3795416842110868      0.3199979411914396      -0.0926096690403067
0.7853981633974478     1.5049545645939129      0.2699732389833653      -0.0661126655014695
0.7853981633974478     1.6303674449767389      0.2346170106948181      -0.0517719051557348
0.7853981633974478     1.7557803253595650      0.2082039219825556      -0.0420540286092201
0.7853981633974478     1.8811932057423910      0.1868483769537504      -0.0351907874599019
0.7853981633974478     2.0066060861252173      0.1693926525591930      -0.0301901029836159
0.7853981633974478     2.1320189665080433      0.1546767385363509      -0.0266483010467573
0.7853981633974478     2.2574318468908694      0.1423110158910472      -0.0240957188738778
0.7853981633974478     2.3828447272736955      0.1318042640130130      -0.0221747794955846
0.7853981633974478     2.5082576076565215      0.1227517541222237      -0.0206732645139614
0.7853981633974478     2.6336704880393476      0.1148620804010441      -0.0194835478999038
0.7853981633974478     2.7590833684221736      0.1079321517309436      -0.0185274276922785
0.7853981633974478     2.8844962488049997      0.1017967107742470      -0.0177440727583142
0.7853981633974478     3.0099091291878257      0.0963251711878186      -0.0170915919584266
0.7853981633974478     3.1353220095706518      0.0914131971093880      -0.0165409820284976
0.7853981633974478     3.2607348899534778      0.0869776973729918      -0.0160714104397452
0.7853981633974478     3.3861477703363039      0.0829513204601460      -0.0156670709332912
0.7853981633974478     3.5115606507191299      0.0792789304933612      -0.0153161321481257
0.7853981633974478     3.6369735311019560      0.0759150436450763      -0.0150093082861069
0.7853981633974478     3.7623864114847820      0.0728216218783922      -0.0147393690170307
0.7853981633974478     3.8877992918676081      0.0699667289571745      -0.0145005523540298
0.7853981633974478     4.0132121722504346      0.0673233247847288      -0.0142882571968766
0.7853981633974478     4.1386250526332606      0.0648684061466176      -0.0140987537312921
0.7853981633974478     4.2640379330160867      0.0625822793589318      -0.0139288704825782
0.7853981633974478     4.3894508133989127      0.0604478711584983      -0.0137759307010295
0.7853981633974478     4.5148636937817388      0.0584502943375965      -0.0136377118455030
0.7853981633974478     4.6402765741645648      0.0565765664096631      -0.0135123944763401
0.7853981633974478     4.7656894545473909      0.0548153423638345      -0.0133984171541255
0.7853981633974478     4.8911023349302170      0.0531566142286308      -0.0132944454647300
0.7853981633974478     5.0165152153130430      0.0515915051204499      -0.0131993514466190
0.7853981633974478     5.1419280956958691      0.0501122214579267      -0.0131121775491854
0.7853981633974478     5.2673409760786951      0.0487117705441587      -0.0130320188879044
0.7853981633974478     5.3927538564615212      0.0473838781505729      -0.0129581253026172
0.7853981633974478     5.5181667368443472      0.0461229366161025      -0.0128898606924422
0.7853981633974478     5.6435796172271733      0.0449239061396540      -0.0128266289114002
0.7853981633974478     5.7689924976099993      0.0437821957233413      -0.0127679156243625
0.7853981633974478     5.8944053779928254      0.0426936482166949      -0.0127133182319395
0.7853981633974478     6.0198182583756514      0.0416545388261904      -0.0126625046063536
0.7853981633974478     6.1452311387584775      0.0406615202938650      -0.0126151546250703
0.7853981633974478     6.2706440191413035      0.0397115349199579      -0.0125709590773227
0.7853981633974478     6.3960568995241296      0.0388017893550637      -0.0125296271010824
0.7853981633974478     6.5214697799069556      0.0379297023026534      -0.0124908850546733
0.7853981633974478     6.6468826602897817      0.0370928855253018      -0.0124545105953169
0.7853981633974478     6.7722955406726077      0.0362891527678439      -0.0124203296033501
0.7853981633974478     6.8977084210554338      0.0355165251362300      -0.0123881927057000
0.7853981633974478     7.0231213014382599      0.0347731810239165      -0.0123579427671806
0.7853981633974478     7.1485341818210859      0.0340574396098410      -0.0123294400381026
0.7853981633974478     7.2739470622039120      0.0333677519773988      -0.0123025458907911
0.7853981633974478     7.3993599425867380      0.0327026737502125      -0.0122771187400903
0.7853981633974478     7.5247728229695641      0.0320608398653497      -0.0122530378993130
0.7853981633974478     7.6501857033523901      0.0314409901196524      -0.0122302107379053
0.7853981633974478     7.7755985837352162      0.0308419534069464      -0.0122085556734952
0.7853981633974478     7.9010114641180422      0.0302626431147016      -0.0121880055028954
0.7853981633974478     8.0264243445008692      0.0297020594686402      -0.0121685031991442
0.7853981633974478     8.1518372248836961      0.0291592787075789      -0.0121499893903125
0.7853981633974478     8.2772501052665231      0.0286334417712904      -0.0121323960049951
0.7853981633974478     8.4026629856493500      0.0281237337049549      -0.0121156504462573
0.7853981633974478     8.5280758660321769      0.0276293824676289      -0.0120996878415686
0.7853981633974478     8.6534887464150039      0.0271496579339486      -0.0120844518803630
0.7853981633974478     8.7789016267978308      0.0266838706028554      -0.0120699004787213
0.7853981633974478     8.9043145071806578      0.0262313813401410      -0.0120560030804127
0.7853981633974478     9.0297273875634847      0.0257915986742641      -0.0120427328739572
0.7853981633974478     9.1551402679463116      0.0253639763558074      -0.0120300549029716
0.7853981633974478     9.2805531483291386      0.0249479941887383      -0.0120179197145071
0.7853981633974478     9.4059660287119655      0.0245431425621426      -0.0120062827625476
0.7853981633974478     9.5313789090947925      0.0241489377271560      -0.0119951146757724
0.7853981633974478     9.6567917894776194      0.0237649265364930      -0.0119843929226140
0.7853981633974478     9.7822046698604463      0.0233906830071442      -0.0119741010525482
0.7853981633974478     9.9076175502432733      0.0230258085142996      -0.0119642228617984
0.7853981633974478     10.0330304306261002      0.0226699286994299      -0.0119547469589844
0.7853981633974478     10.1584433110089272      0.0223226962356214      -0.0119456592521331
0.7853981633974478     10.2838561913917541      0.0219837836982553      -0.0119369403784353
0.7853981633974478     10.4092690717745811      0.0216528802729910      -0.0119285644651866
0.7853981633974478     10.5346819521574080      0.0213296808150879      -0.0119205020998162
0.7853981633974478     10.6600948325402349      0.0210138882743386      -0.0119127303789722
0.7853981633974478     10.7855077129230619      0.0207052182680560      -0.0119052345490652
0.7853981633974478     10.9109205933058888      0.0204034040548876      -0.0118980063392166
0.7853981633974478     11.0363334736887158      0.0201081962768705      -0.0118910384749227
0.7853981633974478     11.1617463540715427      0.0198193620203000      -0.0118843232996397
0.7853981633974478     11.2871592344543696      0.0195366825546217      -0.0118778473403532
0.7853981633974478     11.4125721148371966      0.0192599439512386      -0.0118715904868278
0.7853981633974478     11.5379849952200235      0.0189889323566847      -0.0118655363456859
0.7853981633974478     11.6633978756028505      0.0187234425784899      -0.0118596785833184
0.7853981633974478     11.7888107559856774      0.0184632849422272      -0.0118540147965245
0.7853981633974478     11.9142236363685043      0.0182082815584097      -0.0118485407471030
0.7853981633974478     12.0396365167513313      0.0179582636669029      -0.0118432509851762
0.7853981633974478     12.1650493971341582      0.0177130704023307      -0.0118381385805249
0.7853981633974478     12.2904622775169852      0.0174725477632510      -0.0118331955442751
0.7853981633974478     12.4158751578998121      0.0172365474573013      -0.0118284126526237
0.7853981633974478     12.5412880382826391      0.0170049265942896      -0.0118237804477900
0.7853981633974478     12.6667009186654660      0.0167775461847656      -0.0118192880638683
0.7853981633974478     12.7921137990482929      0.0165542684710575      -0.0118149263550649
0.7853981633974478     12.9175266794311199      0.0163349601151358      -0.0118106921875036
0.7853981633974478     13.0429395598139468      0.0161194968942009      -0.0118065865185255
0.7853981633974478     13.1683524401967738      0.0159077653036074      -0.0118026096283222
0.7853981633974478     13.2937653205796007      0.0156996582969747      -0.0117987566957594
0.7853981633974478     13.4191782009624276      0.0154950702355686      -0.0117950198269654
0.7853981633974478     13.5445910813452546      0.0152938961004620      -0.0117913911866253
0.7853981633974478     13.6700039617280815      0.0150960328700189      -0.0117878667921435
0.7853981633974478     13.7954168421109085      0.0149013846039515      -0.0117844449445460
0.7853981633974478     13.9208297224937354      0.0147098607957302      -0.0117811214379368
0.7853981633974478     14.0462426028765623      0.0145213721567284      -0.0117778905950706
0.7853981633974478     14.1716554832593893      0.0143358312013883      -0.0117747486057736
0.7853981633974478     14.2970683636422162      0.0141531552330750      -0.0117716932294144
0.7853981633974478     14.4224812440250432      0.0139732654297587      -0.0117687203296830
0.7853981633974478     14.5478941244078701      0.0137960842680674      -0.0117658252793919
0.7853981633974478     14.6733070047906971      0.0136215357660894      -0.0117630039707581
0.7853981633974478     14.7987198851735240      0.0134495457966030      -0.0117602537087329
0.7853981633974478     14.9241327655563509      0.0132800426855014      -0.0117575731220753
0.7853981633974478     15.0495456459391779      0.0131129578544636      -0.0117549631939954
0.7853981633974478     15.1749585263220048      0.0129482283376038      -0.0117524258399498
0.7853981633974478     15.3003714067048318      0.0127857961988235      -0.0117499606683360
0.7853981633974478     15.4257842870876587      0.0126256055557338      -0.0117475629573461
0.7853981633974478     15.5511971674704856      0.0124675981079575      -0.0117452264618919
0.7853981633974478     15.6766100478533126      0.0123117150322186      -0.0117429470734492
    
1.0471975511965974     0.0000000000000000      -0.5500595520055227      -0.3222271420845212
1.0471975511965974     0.1254128803828261      -0.4468010337983042      -0.5469161399038118
1.0471975511965974     0.2508257607656522      -0.4258791561977170      -0.6278318196090029
1.0471975511965974     0.3762386411484783      -0.1652871046058987      -0.9450081644789375
1.0471975511965974     0.5016515215313043      0.1832912613526734      -0.7577783334346383
1.0471975511965974     0.6270644019141304      0.2579706277970022      -0.6053065742626241
1.0471975511965974     0.7524772822969564      0.2725264101259950      -0.4987867019529064
1.0471975511965974     0.8778901626797825      0.2960489099792599      -0.4690665031685763
1.0471975511965974     1.0033030430626086      0.3613623849081521      -0.4296308387289572
1.0471975511965974     1.1287159234454347      0.4506183638315370      -0.3078728782004758
1.0471975511965974     1.2541288038282608      0.4141205772924699      -0.1619920221048770
1.0471975511965974     1.3795416842110868      0.3435037336512470      -0.0976234409291429
1.0471975511965974     1.5049545645939129      0.2913439227197732      -0.0702363853411855
1.0471975511965974     1.6303674449767389      0.2543021143170610      -0.0554326417736921
1.0471975511965974     1.7557803253595650      0.2265267120155081      -0.0453773186525389
1.0471975511965974     1.8811932057423910      0.2039708555544831      -0.0382423579842141
1.0471975511965974     2.0066060861252173      0.1854587598813352      -0.0329897839511202
1.0471975511965974     2.1320189665080433      0.1697716927068531      -0.0292377098491381
1.0471975511965974     2.2574318468908694      0.1565155947975231      -0.0265332437142332
1.0471975511965974     2.3828447272736955      0.1452199743334044      -0.0245097695576375
1.0471975511965974     2.5082576076565215      0.1354691613669649      -0.0229228260565232
1.0471975511965974     2.6336704880393476      0.1269454852901786      -0.0216600307830209
1.0471975511965974     2.7590833684221736      0.1194420624971428      -0.0206448952656872
1.0471975511965974     2.8844962488049997      0.1127853616595346      -0.0198109464927241
1.0471975511965974     3.0099091291878257      0.1068373343601077      -0.0191145070360630
1.0471975511965974     3.1353220095706518      0.1014881126898424      -0.0185253848172301
1.0471975511965974     3.2607348899534778      0.0966495222882915      -0.0180215215367303
1.0471975511965974     3.3861477703363039      0.0922502277794121      -0.0175867149795938
1.0471975511965974     3.5115606507191299      0.0882317216183434      -0.0172085381812328
1.0471975511965974     3.6369735311019560      0.0845455221774927      -0.0168774585737823
1.0471975511965974     3.7623864114847820      0.0811513882174050      -0.0165860236946696
1.0471975511965974     3.8877992918676081      0.0780154806158934      -0.0163280832735440
1.0471975511965974     4.0132121722504346      0.0751089234862199      -0.0160985990750696
1.0471975511965974     4.1386250526332606      0.0724070841403769      -0.0158934417963788
1.0471975511965974     4.2640379330160867      0.0698886747062401      -0.0157092399487653
1.0471975511965974     4.3894508133989127      0.0675353281938639      -0.0155432144124188
1.0471975511965974     4.5148636937817388      0.0653310965946375      -0.0153929545611430
1.0471975511965974     4.6402765741645648      0.0632619348106981      -0.0152564553694591
1.0471975511965974     4.7656894545473909      0.0613154882559545      -0.0151320709289604
1.0471975511965974     4.8911023349302170      0.0594809122361280      -0.0150184474759054
1.0471975511965974     5.0165152153130430      0.0577486944551200      -0.0149144454432326
1.0471975511965974     5.1419280956958691      0.0561103534863377      -0.0148189772762967
1.0471975511965974     5.2673409760786951      0.0545583153112891      -0.0147311405602045
1.0471975511965974     5.3927538564615212      0.0530858172807055      -0.0146501399166795
1.0471975511965974     5.5181667368443472      0.0516867616091947      -0.0145752325834437
1.0471975511965974     5.6435796172271733      0.0503556209594178      -0.0145058302585057
1.0471975511965974     5.7689924976099993      0.0490874487280100      -0.0144414397359524
1.0471975511965974     5.8944053779928254      0.0478777968376423      -0.0143816040756293
1.0471975511965974     6.0198182583756514      0.0467226261525548      -0.0143258986925323
1.0471975511965974     6.1452311387584775      0.0456182487205825      -0.0142739407979950
1.0471975511965974     6.2706440191413035      0.0445613106002113      -0.0142253878277597
1.0471975511965974     6.3960568995241296      0.0435487228130972      -0.0141799133594500
1.0471975511965974     6.5214697799069556      0.0425776358833191      -0.0141372634608170
1.0471975511965974     6.6468826602897817      0.0416454690690751      -0.0140972189261558
1.0471975511965974     6.7722955406726077      0.0407498493096174      -0.0140595768250212
1.0471975511965974     6.8977084210554338      0.0398885972191366      -0.0140241510708944
1.0471975511965974     7.0231213014382599      0.0390597019925056      -0.0139907812309473
1.0471975511965974     7.1485341818210859      0.0382613189201363      -0.0139593127592668
1.0471975511965974     7.2739470622039120      0.0374917329815176      -0.0139296040075956
1.0471975511965974     7.3993599425867380      0.0367493621290930      -0.0139015231054010
1.0471975511965974     7.5247728229695641      0.0360327332972987      -0.0138749422626836
1.0471975511965974     7.6501857033523901      0.0353404637247769      -0.0138497442511984
1.0471975511965974     7.7755985837352162      0.0346712617131258      -0.0138258392574528
1.0471975511965974     7.9010114641180422      0.0340239420212637      -0.0138031540245990
1.0471975511965974     8.0264243445008692      0.0333974061385887      -0.0137816152953909
1.0471975511965974     8.1518372248836961      0.0327906352852607      -0.0137611410081842
1.0471975511965974     8.2772501052665231      0.0322026595049918      -0.0137416481714767
1.0471975511965974     8.4026629856493500      0.0316325636496303      -0.0137230680306792
1.0471975511965974     8.5280758660321769      0.0310794864893098      -0.0137053504923712
1.0471975511965974     8.6534887464150039      0.0305426400781322      -0.0136884541626629
1.0471975511965974     8.7789016267978308      0.0300212832751032      -0.0136723232663920
1.0471975511965974     8.9043145071806578      0.0295147085313218      -0.0136569118372856
1.0471975511965974     9.0297273875634847      0.0290222518900462      -0.0136421825336330
1.0471975511965974     9.1551402679463116      0.0285432941627556      -0.0136281071406657
1.0471975511965974     9.2805531483291386      0.0280772607321453      -0.0136146574125906
1.0471975511965974     9.4059660287119655      0.0276236189503489      -0.0136017957654210
1.0471975511965974     9.5313789090947925      0.0271818547589415      -0.0135894693927103
1.0471975511965974     9.6567917894776194      0.0267514642145349      -0.0135776344633441
1.0471975511965974     9.7822046698604463      0.0263319657630387      -0.0135662615813634
1.0471975511965974     9.9076175502432733      0.0259229122985364      -0.0135553366202583
1.0471975511965974     10.0330304306261002      0.0255238889203598      -0.0135448392311082
1.0471975511965974     10.1584433110089272      0.0251345006785397      -0.0135347495700450
1.0471975511965974     10.2838561913917541      0.0247543750022118      -0.0135250481567087
1.0471975511965974     10.4092690717745811      0.0243831575411489      -0.0135157145705637
1.0471975511965974     10.5346819521574080      0.0240205104248581      -0.0135067276330620
1.0471975511965974     10.6600948325402349      0.0236661096081639      -0.0134980696398552
1.0471975511965974     10.7855077129230619      0.0233196474307799      -0.0134897253697631
1.0471975511965974     10.9109205933058888      0.0229808313077325      -0.0134816818262185
1.0471975511965974     11.0363334736887158      0.0226493837413003      -0.0134739284424150
1.0471975511965974     11.1617463540715427      0.0223250438510101      -0.0134664566050293
1.0471975511965974     11.2871592344543696      0.0220075654279674      -0.0134592538580966
1.0471975511965974     11.4125721148371966      0.0216967126551988      -0.0134523070421701
1.0471975511965974     11.5379849952200235      0.0213922596499045      -0.0134456011133005
1.0471975511965974     11.6633978756028505      0.0210939893354207      -0.0134391202717908
1.0471975511965974     11.7888107559856774      0.0208016888671616      -0.0134328473773592
1.0471975511965974     11.9142236363685043      0.0205151495687865      -0.0134267730942069
1.0471975511965974     12.0396365167513313      0.0202341762784633      -0.0134208953319512
1.0471975511965974     12.1650493971341582      0.0199585893448866      -0.0134152123289830
1.0471975511965974     12.2904622775169852      0.0196882199042020      -0.0134097162893853
1.0471975511965974     12.4158751578998121      0.0194229031338616      -0.0134043961348484
1.0471975511965974     12.5412880382826391      0.0191624771945548      -0.0133992408587396
1.0471975511965974     12.6667009186654660      0.0189067844691293      -0.0133942434261174
1.0471975511965974     12.7921137990482929      0.0186556764519113      -0.0133894006973511
1.0471975511965974     12.9175266794311199      0.0184090139061021      -0.0133847081016656
1.0471975511965974     13.0429395598139468      0.0181666636564509      -0.0133801583105148
1.0471975511965974     13.1683524401967738      0.0179284945617919      -0.0133757423844277
1.0471975511965974     13.2937653205796007      0.0176943779996155      -0.0133714548592102
1.0471975511965974     13.4191782009624276      0.0174641936927993      -0.0133672932028906
1.0471975511965974     13.5445910813452546      0.0172378281209331      -0.0133632512868853
1.0471975511965974     13.6700039617280815      0.0170151684768169      -0.0133593210600091
1.0471975511965974     13.7954168421109085      0.0167961032245916      -0.0133554970265749
1.0471975511965974     13.9208297224937354      0.0165805243560804      -0.0133517779915564
1.0471975511965974     14.0462426028765623      0.0163683316590705      -0.0133481658806813
1.0471975511965974     14.1716554832593893      0.0161594329448595      -0.0133446617867973
1.0471975511965974     14.2970683636422162      0.0159537417260057      -0.0133412624278848
1.0471975511965974     14.4224812440250432      0.0157511728215107      -0.0133379608693521
1.0471975511965974     14.5478941244078701      0.0155516399267684      -0.0133347492727956
1.0471975511965974     14.6733070047906971      0.0153550573791364      -0.0133316232410490
1.0471975511965974     14.7987198851735240      0.0151613444966178      -0.0133285807082537
1.0471975511965974     14.9241327655563509      0.0149704242407883      -0.0133256184029141
1.0471975511965974     15.0495456459391779      0.0147822214712683      -0.0133227333656215
1.0471975511965974     15.1749585263220048      0.0145966643173006      -0.0133199229246477
1.0471975511965974     15.3003714067048318      0.0144136830612310      -0.0133171835688012
1.0471975511965974     15.4257842870876587      0.0142332088558656      -0.0133145125826983
1.0471975511965974     15.5511971674704856      0.0140551766336657      -0.0133119085737999
1.0471975511965974     15.6766100478533126      0.0138795237364052      -0.0133093684814510
    
1.3089969389957474     0.0000000000000000      -0.5951217808418887      -0.4164080756430730
1.3089969389957474     0.1254128803828261      -0.3635906032973023      -0.6992994169845345
1.3089969389957474     0.2508257607656522      -0.2541348120184321      -0.6479055204370519
1.3089969389957474     0.3762386411484783      -0.0344314037089296      -0.8307336359669759
1.3089969389957474     0.5016515215313043      0.1684030302197439      -0.6013156358248580
1.3089969389957474     0.6270644019141304      0.1650566190542277      -0.5203377724547793
1.3089969389957474     0.7524772822969564      0.1338797275028548      -0.5088234902066396
1.3089969389957474     0.8778901626797825      0.2574542526036813      -0.5686909338576835
1.3089969389957474     1.0033030430626086      0.3776596658629294      -0.4828087235529759
1.3089969389957474     1.1287159234454347      0.4766429087317212      -0.3371959402606323
1.3089969389957474     1.2541288038282608      0.4350957920055246      -0.1743330894564761
1.3089969389957474     1.3795416842110868      0.3589827525964607      -0.1041355918731260
1.3089969389957474     1.5049545645939129      0.3033928087186230      -0.0743794834745372
1.3089969389957474     1.6303674449767389      0.2641787847090228      -0.0584029905939562
1.3089969389957474     1.7557803253595650      0.2349640272908927      -0.0476743132234853
1.3089969389957474     1.8811932057423910      0.2113981026185548      -0.0400830060959099
1.3089969389957474     2.0066060861252173      0.1920838356541073      -0.0344411610122539
1.3089969389957474     2.1320189665080433      0.1757221552445624      -0.0304251136324489
1.3089969389957474     2.2574318468908694      0.1619026148378414      -0.0275352034899607
1.3089969389957474     2.3828447272736955      0.1501329225406044      -0.0253878610154911
1.3089969389957474     2.5082576076565215      0.1399854199441262      -0.0237213695533202
1.3089969389957474     2.6336704880393476      0.1311350250461115      -0.0224034593842155
1.3089969389957474     2.7590833684221736      0.1233530828791097      -0.0213437843106454
1.3089969389957474     2.8844962488049997      0.1164551823403978      -0.0204745632100853
1.3089969389957474     3.0099091291878257      0.1102960671096311      -0.0197494809173461
1.3089969389957474     3.1353220095706518      0.1047599377957717      -0.0191366459977598
1.3089969389957474     3.2607348899534778      0.0997545845795671      -0.0186131946354273
1.3089969389957474     3.3861477703363039      0.0952053661177887      -0.0181620653793664
1.3089969389957474     3.5115606507191299      0.0910514438761680      -0.0177703188204198
1.3089969389957474     3.6369735311019560      0.0872425403211997      -0.0174277229591605
1.3089969389957474     3.7623864114847820      0.0837365703709942      -0.0171261158223725
1.3089969389957474     3.8877992918676081      0.0804979730760719      -0.0168590602517388
1.3089969389957474     4.0132121722504346      0.0774967252543176      -0.0166214572829386
1.3089969389957474     4.1386250526332606      0.0747071809648580      -0.0164090862517476
1.3089969389957474     4.2640379330160867      0.0721072860635822      -0.0162184402642664
1.3089969389957474     4.3894508133989127      0.0696779558640339      -0.0160466451635124
1.3089969389957474     4.5148636937817388      0.0674026232645132      -0.0158913498743225
1.3089969389957474     4.6402765741645648      0.0652668822278973      -0.0157505286334846
1.3089969389957474     4.7656894545473909      0.0632581178521478      -0.0156224162164197
1.3089969389957474     4.8911023349302170      0.0613651479617485      -0.0155054597125619
1.3089969389957474     5.0165152153130430      0.0595780049319720      -0.0153983040736954
1.3089969389957474     5.1419280956958691      0.0578878183454509      -0.0152998768704459
1.3089969389957474     5.2673409760786951      0.0562867068103605      -0.0152092726952815
1.3089969389957474     5.3927538564615212      0.0547676471052814      -0.0151256991266400
1.3089969389957474     5.5181667368443472      0.0533243668685820      -0.0150484872432103
1.3089969389957474     5.6435796172271733      0.0519512274512296      -0.0149769941867597
1.3089969389957474     5.7689924976099993      0.0506431306694656      -0.0149106698791624
1.3089969389957474     5.8944053779928254      0.0493954685186155      -0.0148489979019685
1.3089969389957474     6.0198182583756514      0.0482040230567435      -0.0147915151678438
1.3089969389957474     6.1452311387584775      0.0470649375506925      -0.0147378381734366
1.3089969389957474     6.2706440191413035      0.0459747049636246      -0.0146876574918305
1.3089969389957474     6.3960568995241296      0.0449301561442013      -0.0146407190244594
1.3089969389957474     6.5214697799069556      0.0439284268188834      -0.0145967679692884
1.3089969389957474     6.6468826602897817      0.0429668787977275      -0.0145555485413069
1.3089969389957474     6.7722955406726077      0.0420430780991083      -0.0145168168617550
1.3089969389957474     6.8977084210554338      0.0411547589229557      -0.0144803603942288
1.3089969389957474     7.0231213014382599      0.0402998356193049      -0.0144459965685829
1.3089969389957474     7.1485341818210859      0.0394763840118966      -0.0144135661487205
1.3089969389957474     7.2739470622039120      0.0386826191055473      -0.0143829204347783
1.3089969389957474     7.3993599425867380      0.0379168857111144      -0.0143539426116526
1.3089969389957474     7.5247728229695641      0.0371776622379362      -0.0143265341067574
1.3089969389957474     7.6501857033523901      0.0364635557298373      -0.0143006007571416
1.3089969389957474     7.7755985837352162      0.0357732772794791      -0.0142760332979867
1.3089969389957474     7.9010114641180422      0.0351056083000231      -0.0142527143175683
1.3089969389957474     8.0264243445008692      0.0344593887224241      -0.0142305382320341
1.3089969389957474     8.1518372248836961      0.0338335277830377      -0.0142094349193209
1.3089969389957474     8.2772501052665231      0.0332270229298194      -0.0141893507418802
1.3089969389957474     8.4026629856493500      0.0326389475461737      -0.0141702341466580
1.3089969389957474     8.5280758660321769      0.0320684435927729      -0.0141520250675566
1.3089969389957474     8.6534887464150039      0.0315146923670278      -0.0141346583115220
1.3089969389957474     8.7789016267978308      0.0309769218420542      -0.0141180830114655
1.3089969389957474     8.9043145071806578      0.0304544147421996      -0.0141022499996809
1.3089969389957474     9.0297273875634847      0.0299464916650136      -0.0140871052763448
1.3089969389957474     9.1551402679463116      0.0294525025990664      -0.0140725980892939
1.3089969389957474     9.2805531483291386      0.0289718271609395      -0.0140586904955782
1.3089969389957474     9.4059660287119655      0.0285038818384021      -0.0140453619731036
1.3089969389957474     9.5313789090947925      0.0280481306752644      -0.0140326028578076
1.3089969389957474     9.6567917894776194      0.0276040856730540      -0.0140203963361864
1.3089969389957474     9.7822046698604463      0.0271712889341751      -0.0140087078619372
1.3089969389957474     9.9076175502432733      0.0267492925824315      -0.0139974913534904
1.3089969389957474     10.0330304306261002      0.0263376586927176      -0.0139867102804602
1.3089969389957474     10.1584433110089272      0.0259359708277978      -0.0139763382901131
1.3089969389957474     10.2838561913917541      0.0255438348435659      -0.0139663535118753
1.3089969389957474     10.4092690717745811      0.0251608759881981      -0.0139567397471173
1.3089969389957474     10.5346819521574080      0.0247867429064228      -0.0139474881194438
1.3089969389957474     10.6600948325402349      0.0244211101560588      -0.0139385889985740
1.3089969389957474     10.7855077129230619      0.0240636727397191      -0.0139300264744566
1.3089969389957474     10.9109205933058888      0.0237141370224851      -0.0139217788283886
1.3089969389957474     11.0363334736887158      0.0233722189537190      -0.0139138227547806
1.3089969389957474     11.1617463540715427      0.0230376399431565      -0.0139061361987210
1.3089969389957474     11.2871592344543696      0.0227101305143860      -0.0138987073665315
1.3089969389957474     11.4125721148371966      0.0223894386392221      -0.0138915311677444
1.3089969389957474     11.5379849952200235      0.0220753299246111      -0.0138846021827461
1.3089969389957474     11.6633978756028505      0.0217675810915540      -0.0138779135039784
1.3089969389957474     11.7888107559856774      0.0214659825224910      -0.0138714589284754
1.3089969389957474     11.9142236363685043      0.0211703372261823      -0.0138652264668838
1.3089969389957474     12.0396365167513313      0.0208804522905113      -0.0138591977098339
1.3089969389957474     12.1650493971341582      0.0205961341401281      -0.0138533552684111
1.3089969389957474     12.2904622775169852      0.0203171937390214      -0.0138476902582865
1.3089969389957474     12.4158751578998121      0.0200434529201506      -0.0138421994423745
1.3089969389957474     12.5412880382826391      0.0197747456775046      -0.0138368821393068
1.3089969389957474     12.6667009186654660      0.0195109183964527      -0.0138317353907533
1.3089969389957474     12.7921137990482929      0.0192518235754725      -0.0138267498684944
1.3089969389957474     12.9175266794311199      0.0189973145835942      -0.0138219156650528
1.3089969389957474     13.0429395598139468      0.0187472488726483      -0.0138172261719745
1.3089969389957474     13.1683524401967738      0.0185014906249679      -0.0138126775206440
1.3089969389957474     13.2937653205796007      0.0182599124549572      -0.0138082649334705
1.3089969389957474     13.4191782009624276      0.0180223889654320      -0.0138039812246241
1.3089969389957474     13.5445910813452546      0.0177887983420143      -0.0137998240227426
1.3089969389957474     13.6700039617280815      0.0175590279196553      -0.0137957920177193
1.3089969389957474     13.7954168421109085      0.0173329712677346      -0.0137918807409604
1.3089969389957474     13.9208297224937354      0.0171105253671393      -0.0137880830315363
1.3089969389957474     14.0462426028765623      0.0168915887854452      -0.0137843893621863
1.3089969389957474     14.1716554832593893      0.0166760587775131      -0.0137807899280012
1.3089969389957474     14.2970683636422162      0.0164638323459018      -0.0137772806411860
1.3089969389957474     14.4224812440250432      0.0162548131143605      -0.0137738632982548
1.3089969389957474     14.5478941244078701      0.0160489137764735      -0.0137705400733399
1.3089969389957474     14.6733070047906971      0.0158460520993436      -0.0137673090521426
1.3089969389957474     14.7987198851735240      0.0156461467484564      -0.0137641671193094
1.3089969389957474     14.9241327655563509      0.0154491198855315      -0.0137611117310898
1.3089969389957474     15.0495456459391779      0.0152548963031150      -0.0137581385132116
1.3089969389957474     15.1749585263220048      0.0150634012559796      -0.0137552427760074
1.3089969389957474     15.3003714067048318      0.0148745613991349      -0.0137524214084181
1.3089969389957474     15.4257842870876587      0.0146883063280366      -0.0137496726969763
1.3089969389957474     15.5511971674704856      0.0145045685131234      -0.0137469955116027
1.3089969389957474     15.6766100478533126      0.0143232839764688      -0.0137443894320747
    
1.5707963267948966     0.0000000000000000      -0.6098468165876255      -0.5033731324438536
1.5707963267948966     0.1254128803828261      -0.2288135281011510      -0.8341852882460817
1.5707963267948966     0.2508257607656522      -0.0161281568830836      -0.5971908713379780
1.5707963267948966     0.3762386411484783      0.0680427166289777      -0.5716140053118396
1.5707963267948966     0.5016515215313043      0.0568242725801562      -0.4248365052907471
1.5707963267948966     0.6270644019141304      0.0432740370273299      -0.4608482977818416
1.5707963267948966     0.7524772822969564      0.0284757057620979      -0.4848661537161674
1.5707963267948966     0.8778901626797825      0.1271104074896499      -0.6072322043966002
1.5707963267948966     1.0033030430626086      0.3405983270953792      -0.5892425169461989
1.5707963267948966     1.1287159234454347      0.5013314985675594      -0.3901010812335884
1.5707963267948966     1.2541288038282608      0.4545122469645548      -0.1937438760298787
1.5707963267948966     1.3795416842110868      0.3708947040097983      -0.1129127972609921
1.5707963267948966     1.5049545645939129      0.3108636406125690      -0.0790950099288406
1.5707963267948966     1.6303674449767389      0.2690768803121384      -0.0612521580818613
1.5707963267948966     1.7557803253595650      0.2383190202472100      -0.0495577801539784
1.5707963267948966     1.8811932057423910      0.2138308159672572      -0.0413777657188384
1.5707963267948966     2.0066060861252173      0.1938643588158692      -0.0352619052354063
1.5707963267948966     2.1320189665080433      0.1769990685911521      -0.0309361111458137
1.5707963267948966     2.2574318468908694      0.1627913408677721      -0.0278305366134641
1.5707963267948966     2.3828447272736955      0.1507150190352283      -0.0255555970390652
1.5707963267948966     2.5082576076565215      0.1403404931247989      -0.0238161255467106
1.5707963267948966     2.6336704880393476      0.1313318847938165      -0.0224526630252927
1.5707963267948966     2.7590833684221736      0.1234312376539866      -0.0213566794192286
1.5707963267948966     2.8844962488049997      0.1164427458913989      -0.0204604362330313
1.5707963267948966     3.0099091291878257      0.1102135847275000      -0.0197152216137699
1.5707963267948966     3.1353220095706518      0.1046233923504874      -0.0190875052886272
1.5707963267948966     3.2607348899534778      0.0995763560768164      -0.0185526964138455
1.5707963267948966     3.3861477703363039      0.0949949648489318      -0.0180927320471505
1.5707963267948966     3.5115606507191299      0.0908161711365905      -0.0176939374406449
1.5707963267948966     3.6369735311019560      0.0869880004336536      -0.0173456780096865
1.5707963267948966     3.7623864114847820      0.0834671612594805      -0.0170396383535226
1.5707963267948966     3.8877992918676081      0.0802174508810173      -0.0167691360779507
1.5707963267948966     4.0132121722504346      0.0772080357676906      -0.0165286556161559
1.5707963267948966     4.1386250526332606      0.0744125940157698      -0.0163138785771923
1.5707963267948966     4.2640379330160867      0.0718086317594579      -0.0161212633927287
1.5707963267948966     4.3894508133989127      0.0693767638420105      -0.0159478767843448
1.5707963267948966     4.5148636937817388      0.0671001671063897      -0.0157912074704080
1.5707963267948966     4.6402765741645648      0.0649641427199145      -0.0156491499408888
1.5707963267948966     4.7656894545473909      0.0629557803363795      -0.0155199382482988
1.5707963267948966     4.8911023349302170      0.0610637556270829      -0.0154020759266960
1.5707963267948966     5.0165152153130430      0.0592780632928009      -0.0152942754082618
1.5707963267948966     5.1419280956958691      0.0575898134112922      -0.0151953909717680
1.5707963267948966     5.2673409760786951      0.0559910678283927      -0.0151044277403913
1.5707963267948966     5.3927538564615212      0.0544746985401621      -0.0150205571109442
1.5707963267948966     5.5181667368443472      0.0530343534252693      -0.0149430722574274
1.5707963267948966     5.6435796172271733      0.0516643419080317      -0.0148713401555601
1.5707963267948966     5.7689924976099993      0.0503595064408716      -0.0148047673374369
1.5707963267948966     5.8944053779928254      0.0491151558564989      -0.0147428654781723
1.5707963267948966     6.0198182583756514      0.0479270518054216      -0.0146852195844717
1.5707963267948966     6.1452311387584775      0.0467913731692341      -0.0146314735875986
1.5707963267948966     6.2706440191413035      0.0457046476471157      -0.0145812700306560
1.5707963267948966     6.3960568995241296      0.0446636794429114      -0.0145342885070784
1.5707963267948966     6.5214697799069556      0.0436655345757094      -0.0144902532950863
1.5707963267948966     6.6468826602897817      0.0427075345378290      -0.0144489352521837
1.5707963267948966     6.7722955406726077      0.0417872307967072      -0.0144101231576267
1.5707963267948966     6.8977084210554338      0.0409023790871669      -0.0143736158843928
1.5707963267948966     7.0231213014382599      0.0400508995276857      -0.0143392202246424
1.5707963267948966     7.1485341818210859      0.0392308553683215      -0.0143067685642601
1.5707963267948966     7.2739470622039120      0.0384404645423123      -0.0142761259926080
1.5707963267948966     7.3993599425867380      0.0376780853495922      -0.0142471676246490
1.5707963267948966     7.5247728229695641      0.0369422055974412      -0.0142197721651615
1.5707963267948966     7.6501857033523901      0.0362314095404054      -0.0141938158145735
1.5707963267948966     7.7755985837352162      0.0355443672900229      -0.0141691935416685
1.5707963267948966     7.9010114641180422      0.0348798421473762      -0.0141458234440182
1.5707963267948966     8.0264243445008692      0.0342367008654193      -0.0141236345969346
1.5707963267948966     8.1518372248836961      0.0336138841742716      -0.0141025421532299
1.5707963267948966     8.2772501052665231      0.0330103913975343      -0.0140824692239401
1.5707963267948966     8.4026629856493500      0.0324252827154312      -0.0140633528917983
1.5707963267948966     8.5280758660321769      0.0318576834991558      -0.0140451407860829
1.5707963267948966     8.6534887464150039      0.0313067810872318      -0.0140277832047112
1.5707963267948966     8.7789016267978308      0.0307718190841779      -0.0140112258311343
1.5707963267948966     8.9043145071806578      0.0302520740756906      -0.0139954068378661
1.5707963267948966     9.0297273875634847      0.0297468577813630      -0.0139802797720409
1.5707963267948966     9.1551402679463116      0.0292555257193084      -0.0139658072588263
1.5707963267948966     9.2805531483291386      0.0287774786103607      -0.0139519557312225
1.5707963267948966     9.4059660287119655      0.0283121506759927      -0.0139386833696449
1.5707963267948966     9.5313789090947925      0.0278589989410704      -0.0139259522537902
1.5707963267948966     9.6567917894776194      0.0274175062962499      -0.0139137345285710
1.5707963267948966     9.7822046698604463      0.0269871912871477      -0.0139020130136651
1.5707963267948966     9.9076175502432733      0.0265676072870846      -0.0138907660762857
1.5707963267948966     10.0330304306261002      0.0261583299655803      -0.0138799677050897
1.5707963267948966     10.1584433110089272      0.0257589526352843      -0.0138695903285429
1.5707963267948966     10.2838561913917541      0.0253690849611098      -0.0138596129902562
1.5707963267948966     10.4092690717745811      0.0249883610878711      -0.0138500216740400
1.5707963267948966     10.5346819521574080      0.0246164404931571      -0.0138407997867902
1.5707963267948966     10.6600948325402349      0.0242529986597926      -0.0138319237903825
1.5707963267948966     10.7855077129230619      0.0238977188062901      -0.0138233700334812
1.5707963267948966     10.9109205933058888      0.0235502965444681      -0.0138151221264161
1.5707963267948966     11.0363334736887158      0.0232104454147054      -0.0138071692835501
1.5707963267948966     11.1617463540715427      0.0228778977462988      -0.0137994988689865
1.5707963267948966     11.2871592344543696      0.0225523966095451      -0.0137920944518204
1.5707963267948966     11.4125721148371966      0.0222336925486461      -0.0137849403550045
1.5707963267948966     11.5379849952200235      0.0219215458088126      -0.0137780271187842
1.5707963267948966     11.6633978756028505      0.0216157327483829      -0.0137713470269442
1.5707963267948966     11.7888107559856774      0.0213160405357485      -0.0137648899341055
1.5707963267948966     11.9142236363685043      0.0210222644133095      -0.0137586439952484
1.5707963267948966     12.0396365167513313      0.0207342052226067      -0.0137525993846279
1.5707963267948966     12.1650493971341582      0.0204516729355209      -0.0137467501324069
1.5707963267948966     12.2904622775169852      0.0201744887804069      -0.0137410923530552
1.5707963267948966     12.4158751578998121      0.0199024852867138      -0.0137356199399944
1.5707963267948966     12.5412880382826391      0.0196355009353648      -0.0137303229796776
1.5707963267948966     12.6667009186654660      0.0193733775960194      -0.0137251912630667
1.5707963267948966     12.7921137990482929      0.0191159624126081      -0.0137202175458099
1.5707963267948966     12.9175266794311199      0.0188631103477627      -0.0137153950494800
1.5707963267948966     13.0429395598139468      0.0186146813377436      -0.0137107162114966
1.5707963267948966     13.1683524401967738      0.0183705400688789      -0.0137061741641965
1.5707963267948966     13.2937653205796007      0.0181305553374826      -0.0137017633369088
1.5707963267948966     13.4191782009624276      0.0178946018872615      -0.0136974803713002
1.5707963267948966     13.5445910813452546      0.0176625607244918      -0.0136933221323291
1.5707963267948966     13.6700039617280815      0.0174343187134368      -0.0136892850493480
1.5707963267948966     13.7954168421109085      0.0172097668147022      -0.0136853639694464
1.5707963267948966     13.9208297224937354      0.0169887984662661      -0.0136815535707889
1.5707963267948966     14.0462426028765623      0.0167713099345812      -0.0136778507284912
1.5707963267948966     14.1716554832593893      0.0165572042337866      -0.0136742539979274
1.5707963267948966     14.2970683636422162      0.0163463894671413      -0.0136707585473022
1.5707963267948966     14.4224812440250432      0.0161387739814218      -0.0136673582030835
1.5707963267948966     14.5478941244078701      0.0159342679223526      -0.0136640492613048
1.5707963267948966     14.6733070047906971      0.0157327863462802      -0.0136608291742989
1.5707963267948966     14.7987198851735240      0.0155342477901670      -0.0136576940884791
1.5707963267948966     14.9241327655563509      0.0153385724247790      -0.0136546396586187
1.5707963267948966     15.0495456459391779      0.0151456820440323      -0.0136516620904735
1.5707963267948966     15.1749585263220048      0.0149555000642519      -0.0136487594858047
1.5707963267948966     15.3003714067048318      0.0147679543052237      -0.0136459322394660
1.5707963267948966     15.4257842870876587      0.0145829777171092      -0.0136431794957594
1.5707963267948966     15.5511971674704856      0.0144005049032997      -0.0136404980521609
1.5707963267948966     15.6766100478533126      0.0142204707785570      -0.0136378847288224
    
1.8325957145940457     0.0000000000000000      -0.6629933953947694      -0.6074018389136308
1.8325957145940457     0.1254128803828261      -0.1477174351581496      -1.0035320864286805
1.8325957145940457     0.2508257607656522      0.1519810981691079      -0.6317588802030145
1.8325957145940457     0.3762386411484783      0.1742639305750336      -0.5075756307953233
1.8325957145940457     0.5016515215313043      0.1550969050101377      -0.3661273984392276
1.8325957145940457     0.6270644019141304      0.0691763099567680      -0.3139486476050339
1.8325957145940457     0.7524772822969564      -0.0405491561962268      -0.3697708417443542
1.8325957145940457     0.8778901626797825      -0.0044555781601525      -0.5712360326907507
1.8325957145940457     1.0033030430626086      0.2466791140674504      -0.6711805918416717
1.8325957145940457     1.1287159234454347      0.5160045580176040      -0.4610419957228742
1.8325957145940457     1.2541288038282608      0.4774732905017978      -0.2187770872872850
1.8325957145940457     1.3795416842110868      0.3868730292220829      -0.1234805271751625
1.8325957145940457     1.5049545645939129      0.3222133085594983      -0.0846593916492672
1.8325957145940457     1.6303674449767389      0.2777096936913793      -0.0646991829903050
1.8325957145940457     1.7557803253595650      0.2452875769916366      -0.0519702091288497
1.8325957145940457     1.8811932057423910      0.2197605903773389      -0.0432136984026744
1.8325957145940457     2.0066060861252173      0.1990658825474768      -0.0366416967179120
1.8325957145940457     2.1320189665080433      0.1816089124961682      -0.0319871907449557
1.8325957145940457     2.2574318468908694      0.1668885152617343      -0.0286606473902708
1.8325957145940457     2.3828447272736955      0.1544008203292797      -0.0262756120361323
1.8325957145940457     2.5082576076565215      0.1437069535864694      -0.0244630679056994
1.8325957145940457     2.6336704880393476      0.1344425247953451      -0.0230500056852578
1.8325957145940457     2.7590833684221736      0.1263284805020414      -0.0219151901694322
1.8325957145940457     2.8844962488049997      0.1191588495473217      -0.0209890247616012
1.8325957145940457     3.0099091291878257      0.1127730525579577      -0.0202202644599309
1.8325957145940457     3.1353220095706518      0.1070458986068489      -0.0195738262291678
1.8325957145940457     3.2607348899534778      0.1018777525928040      -0.0190239435634901
1.8325957145940457     3.3861477703363039      0.0971885599927120      -0.0185516338826809
1.8325957145940457     3.5115606507191299      0.0929128531529816      -0.0181423709510498
1.8325957145940457     3.6369735311019560      0.0889968203805737      -0.0177851968309014
1.8325957145940457     3.7623864114847820      0.0853958061811513      -0.0174715106963694
1.8325957145940457     3.8877992918676081      0.0820723966479955      -0.0171944932526986
1.8325957145940457     4.0132121722504346      0.0789950500669108      -0.0169486801133803
1.8325957145940457     4.1386250526332606      0.0761369939583171      -0.0167294814185466
1.8325957145940457     4.2640379330160867      0.0734751587525642      -0.0165330677200497
1.8325957145940457     4.3894508133989127      0.0709895794068893      -0.0163562355078615
1.8325957145940457     4.5148636937817388      0.0686628691438002      -0.0161963830524220
1.8325957145940457     4.6402765741645648      0.0664799141686534      -0.0160513847522938
1.8325957145940457     4.7656894545473909      0.0644274746694567      -0.0159194130641778
1.8325957145940457     4.8911023349302170      0.0624938639829868      -0.0157989362077828
1.8325957145940457     5.0165152153130430      0.0606687978749396      -0.0156887068766234
1.8325957145940457     5.1419280956958691      0.0589432015336405      -0.0155876470947436
1.8325957145940457     5.2673409760786951      0.0573090316675978      -0.0154947786040785
1.8325957145940457     5.3927538564615212      0.0557590936121903      -0.0154091946139146
1.8325957145940457     5.5181667368443472      0.0542868522656067      -0.0153300819903398
1.8325957145940457     5.6435796172271733      0.0528864025626385      -0.0152567990265737
1.8325957145940457     5.7689924976099993      0.0515524594540330      -0.0151888250002156
1.8325957145940457     5.8944053779928254      0.0502802881367234      -0.0151257005878277
1.8325957145940457     6.0198182583756514      0.0490656233072003      -0.0150669796636331
1.8325957145940457     6.1452311387584775      0.0479045625402454      -0.0150122316090653
1.8325957145940457     6.2706440191413035      0.0467935260406334      -0.0149610886812716
1.8325957145940457     6.3960568995241296      0.0457292486965945      -0.0149132251704518
1.8325957145940457     6.5214697799069556      0.0447087445923926      -0.0148683496767666
1.8325957145940457     6.6468826602897817      0.0437292553436911      -0.0148261988196602
1.8325957145940457     6.7722955406726077      0.0427882471417136      -0.0147865588868828
1.8325957145940457     6.8977084210554338      0.0418833951932587      -0.0147492590360460
1.8325957145940457     7.0231213014382599      0.0410125924535642      -0.0147141483871926
1.8325957145940457     7.1485341818210859      0.0401739009533242      -0.0146810669423262
1.8325957145940457     7.2739470622039120      0.0393655344481001      -0.0146498583915024
1.8325957145940457     7.3993599425867380      0.0385858211505068      -0.0146203571818398
1.8325957145940457     7.5247728229695641      0.0378331885370203      -0.0145924170564544
1.8325957145940457     7.6501857033523901      0.0371061603070102      -0.0145659275173630
1.8325957145940457     7.7755985837352162      0.0364033841425673      -0.0145408050794625
1.8325957145940457     7.9010114641180422      0.0357236154653171      -0.0145169687286172
1.8325957145940457     8.0264243445008692      0.0350656893473251      -0.0144943332291270
1.8325957145940457     8.1518372248836961      0.0344285222844807      -0.0144728297076170
1.8325957145940457     8.2772501052665231      0.0338111139461431      -0.0144523842131920
1.8325957145940457     8.4026629856493500      0.0332125197732821      -0.0144329108326167
1.8325957145940457     8.5280758660321769      0.0326318362137669      -0.0144143303590944
1.8325957145940457     8.6534887464150039      0.0320682068874397      -0.0143965827828694
1.8325957145940457     8.7789016267978308      0.0315208279705794      -0.0143796267515774
1.8325957145940457     8.9043145071806578      0.0309889592161331      -0.0143634370745448
1.8325957145940457     9.0297273875634847      0.0304719213762790      -0.0143479819489516
1.8325957145940457     9.1551402679463116      0.0299690753441490      -0.0143332190589949
1.8325957145940457     9.2805531483291386      0.0294798126466346      -0.0143191030340421
1.8325957145940457     9.4059660287119655      0.0290035567448830      -0.0143055943210990
1.8325957145940457     9.5313789090947925      0.0285397661839971      -0.0142926505317602
1.8325957145940457     9.6567917894776194      0.0280879191732570      -0.0142802249114497
1.8325957145940457     9.7822046698604463      0.0276475087178686      -0.0142682813625541
1.8325957145940457     9.9076175502432733      0.0272180556522715      -0.0142568047070763
1.8325957145940457     10.0330304306261002      0.0267991222466609      -0.0142457870635357
1.8325957145940457     10.1584433110089272      0.0263903055188429      -0.0142352140414659
1.8325957145940457     10.2838561913917541      0.0259912264636150      -0.0142250606938382
1.8325957145940457     10.4092690717745811      0.0256015180391281      -0.0142152904045772
1.8325957145940457     10.5346819521574080      0.0252208151806616      -0.0142058694837516
1.8325957145940457     10.6600948325402349      0.0248487639505155      -0.0141967798866633
1.8325957145940457     10.7855077129230619      0.0244850357539792      -0.0141880162846009
1.8325957145940457     10.9109205933058888      0.0241293284782068      -0.0141795711903925
1.8325957145940457     11.0363334736887158      0.0237813542759350      -0.0141714319213089
1.8325957145940457     11.1617463540715427      0.0234408374219665      -0.0141635887384224
1.8325957145940457     11.2871592344543696      0.0231075206457254      -0.0141560323182285
1.8325957145940457     11.4125721148371966      0.0227811611282794      -0.0141487480841744
1.8325957145940457     11.5379849952200235      0.0224615241060319      -0.0141417145679281
1.8325957145940457     11.6633978756028505      0.0221483751278200      -0.0141349098156068
1.8325957145940457     11.7888107559856774      0.0218414836266148      -0.0141283209913200
1.8325957145940457     11.9142236363685043      0.0215406320498299      -0.0141219461029417
1.8325957145940457     12.0396365167513313      0.0212456220759752      -0.0141157858713345
1.8325957145940457     12.1650493971341582      0.0209562711853041      -0.0141098352292136
1.8325957145940457     12.2904622775169852      0.0206724031981218      -0.0141040800598869
1.8325957145940457     12.4158751578998121      0.0203938418460181      -0.0140985048420286
1.8325957145940457     12.5412880382826391      0.0201204145326312      -0.0140930979915016
1.8325957145940457     12.6667009186654660      0.0198519544460371      -0.0140878512639563
1.8325957145940457     12.7921137990482929      0.0195883016785274      -0.0140827607590586
1.8325957145940457     12.9175266794311199      0.0193293064368004      -0.0140778252972963
1.8325957145940457     13.0429395598139468      0.0190748287393268      -0.0140730429002561
1.8325957145940457     13.1683524401967738      0.0188247353873255      -0.0140684078438919
1.8325957145940457     13.2937653205796007      0.0185788960367490      -0.0140639140959409
1.8325957145940457     13.4191782009624276      0.0183371874943549      -0.0140595560388819
1.8325957145940457     13.5445910813452546      0.0180994907234349      -0.0140553237612207
1.8325957145940457     13.6700039617280815      0.0178656853479797      -0.0140512067312692
1.8325957145940457     13.7954168421109085      0.0176356521320893      -0.0140472001361563
1.8325957145940457     13.9208297224937354      0.0174092794298586      -0.0140433037630523
1.8325957145940457     14.0462426028765623      0.0171864628307703      -0.0140395169240890
1.8325957145940457     14.1716554832593893      0.0169671023892669      -0.0140358386399821
1.8325957145940457     14.2970683636422162      0.0167511042631329      -0.0140322681397904
1.8325957145940457     14.4224812440250432      0.0165383801994242      -0.0140288009000953
1.8325957145940457     14.5478941244078701      0.0163288414931240      -0.0140254286519571
1.8325957145940457     14.6733070047906971      0.0161223988848807      -0.0140221457405533
1.8325957145940457     14.7987198851735240      0.0159189662555410      -0.0140189484317779
1.8325957145940457     14.9241327655563509      0.0157184604311130      -0.0140158352300401
1.8325957145940457     15.0495456459391779      0.0155208037565854      -0.0140128060543843
1.8325957145940457     15.1749585263220048      0.0153259238371329      -0.0140098585105388
1.8325957145940457     15.3003714067048318      0.0151337491392146      -0.0140069868769466
1.8325957145940457     15.4257842870876587      0.0149442070798194      -0.0140041865023044
1.8325957145940457     15.5511971674704856      0.0147572278503272      -0.0140014551463342
1.8325957145940457     15.6766100478533126      0.0145727450423430      -0.0139987906280830
    
2.0943951023931957     0.0000000000000000      -0.7512528054595017      -0.7205550126471230
2.0943951023931957     0.1254128803828261      -0.1248233095617062      -1.1938804763548929
2.0943951023931957     0.2508257607656522      0.2452068356651066      -0.7446809772480100
2.0943951023931957     0.3762386411484783      0.3042908975767635      -0.5981493448602869
2.0943951023931957     0.5016515215313043      0.3135019436502208      -0.3449358094981458
2.0943951023931957     0.6270644019141304      0.1336208194029440      -0.2391378772128989
2.0943951023931957     0.7524772822969564      0.0045096986736357      -0.3118105861791104
2.0943951023931957     0.8778901626797825      -0.0187088999077094      -0.4946899543052909
2.0943951023931957     1.0033030430626086      0.1862424913074214      -0.6659325709745041
2.0943951023931957     1.1287159234454347      0.5165912250581244      -0.4920281562100787
2.0943951023931957     1.2541288038282608      0.4905546775888825      -0.2294749077191526
2.0943951023931957     1.3795416842110868      0.3984730134040771      -0.1281067568113494
2.0943951023931957     1.5049545645939129      0.3324106608471014      -0.0875431764648690
2.0943951023931957     1.6303674449767389      0.2870138439544576      -0.0669437138227042
2.0943951023931957     1.7557803253595650      0.2539840445985043      -0.0539083128779400
2.0943951023931957     1.8811932057423910      0.2279983899736984      -0.0449706480337938
2.0943951023931957     2.0066060861252173      0.2069109971813431      -0.0381942577486564
2.0943951023931957     2.1320189665080433      0.1890543726328629      -0.0333681705763328
2.0943951023931957     2.2574318468908694      0.1739254245778177      -0.0299269656483145
2.0943951023931957     2.3828447272736955      0.1610765594188429      -0.0274891278528932
2.0943951023931957     2.5082576076565215      0.1500665077456742      -0.0256369022309372
2.0943951023931957     2.6336704880393476      0.1405182445385434      -0.0241956098241015
2.0943951023931957     2.7590833684221736      0.1321470091230112      -0.0230375844828879
2.0943951023931957     2.8844962488049997      0.1247425330643317      -0.0220916117528424
2.0943951023931957     3.0099091291878257      0.1181402418224757      -0.0213055699744978
2.0943951023931957     3.1353220095706518      0.1122126897689795      -0.0206438547616108
2.0943951023931957     3.2607348899534778      0.1068584604555167      -0.0200805307144501
2.0943951023931957     3.3861477703363039      0.1019956102574181      -0.0195960932577484
2.0943951023931957     3.5115606507191299      0.0975575706525380      -0.0191761717929032
2.0943951023931957     3.6369735311019560      0.0934895670428340      -0.0188095252182851
2.0943951023931957     3.7623864114847820      0.0897460735116667      -0.0184872309842922
2.0943951023931957     3.8877992918676081      0.0862887010484157      -0.0182022367545481
2.0943951023931957     4.0132121722504346      0.0830851166017920      -0.0179488913876887
2.0943951023931957     4.1386250526332606      0.0801076167086097      -0.0177225693336521
2.0943951023931957     4.2640379330160867      0.0773325032080104      -0.0175195527129072
2.0943951023931957     4.3894508133989127      0.0747393576714131      -0.0173367805803825
2.0943951023931957     4.5148636937817388      0.0723105207050758      -0.0171716457356854
2.0943951023931957     4.6402765741645648      0.0700304989132893      -0.0170218995650001
2.0943951023931957     4.7656894545473909      0.0678857417464937      -0.0168856856162545
2.0943951023931957     4.8911023349302170      0.0658643315206641      -0.0167614151895313
2.0943951023931957     5.0165152153130430      0.0639556916289676      -0.0166476534810113
2.0943951023931957     5.1419280956958691      0.0621504056484010      -0.0165431882537216
2.0943951023931957     5.2673409760786951      0.0604400358799256      -0.0164470161641273
2.0943951023931957     5.3927538564615212      0.0588170702097168      -0.0163582949337771
2.0943951023931957     5.5181667368443472      0.0572748168682817      -0.0162763205711292
2.0943951023931957     5.6435796172271733      0.0558072967744109      -0.0162004224156343
2.0943951023931957     5.7689924976099993      0.0544090766264586      -0.0161299641776632
2.0943951023931957     5.8944053779928254      0.0530751886688874      -0.0160643934758335
2.0943951023931957     6.0198182583756514      0.0518011266580083      -0.0160032861121984
2.0943951023931957     6.1452311387584775      0.0505828255953561      -0.0159462640046507
2.0943951023931957     6.2706440191413035      0.0494165999291702      -0.0158929930414637
2.0943951023931957     6.3960568995241296      0.0482990935982580      -0.0158431563434761
2.0943951023931957     6.5214697799069556      0.0472272224228115      -0.0157964613184586
2.0943951023931957     6.6468826602897817      0.0461981602950781      -0.0157526487789618
2.0943951023931957     6.7722955406726077      0.0452093120212253      -0.0157114890038253
2.0943951023931957     6.8977084210554338      0.0442582967787692      -0.0156727531351087
2.0943951023931957     7.0231213014382599      0.0433428846505278      -0.0156362359443839
2.0943951023931957     7.1485341818210859      0.0424610296344200      -0.0156017763474953
2.0943951023931957     7.2739470622039120      0.0416108328686481      -0.0155692184347410
2.0943951023931957     7.3993599425867380      0.0407905452875113      -0.0155384382589403
2.0943951023931957     7.5247728229695641      0.0399985478912522      -0.0155093229363541
2.0943951023931957     7.6501857033523901      0.0392333617786905      -0.0154817592792456
2.0943951023931957     7.7755985837352162      0.0384935934574448      -0.0154556254764154
2.0943951023931957     7.9010114641180422      0.0377779307473150      -0.0154308108357307
2.0943951023931957     8.0264243445008692      0.0370851516438996      -0.0154072286186631
2.0943951023931957     8.1518372248836961      0.0364141177005369      -0.0153847930309972
2.0943951023931957     8.2772501052665231      0.0357637547770960      -0.0153634312701339
2.0943951023931957     8.4026629856493500      0.0351330675999008      -0.0153430862520877
2.0943951023931957     8.5280758660321769      0.0345211315590597      -0.0153237038159028
2.0943951023931957     8.6534887464150039      0.0339270855920547      -0.0153052239699263
2.0943951023931957     8.7789016267978308      0.0333501140786621      -0.0152875841188823
2.0943951023931957     8.9043145071806578      0.0327894450195668      -0.0152707266719913
2.0943951023931957     9.0297273875634847      0.0322443464622566      -0.0152546011367110
2.0943951023931957     9.1551402679463116      0.0317141321121366      -0.0152391659329408
2.0943951023931957     9.2805531483291386      0.0311981551773845      -0.0152243809560857
2.0943951023931957     9.4059660287119655      0.0306958032724463      -0.0152102094459335
2.0943951023931957     9.5313789090947925      0.0302064942604156      -0.0151966252381536
2.0943951023931957     9.6567917894776194      0.0297296913254793      -0.0151836127860479
2.0943951023931957     9.7822046698604463      0.0292648981570852      -0.0151711476739935
2.0943951023931957     9.9076175502432733      0.0288116448263091      -0.0151591939740264
2.0943951023931957     10.0330304306261002      0.0283694747200387      -0.0151477100062209
2.0943951023931957     10.1584433110089272      0.0279379436595163      -0.0151366622705954
2.0943951023931957     10.2838561913917541      0.0275166277140364      -0.0151260274280983
2.0943951023931957     10.4092690717745811      0.0271051289439526      -0.0151157941454617
2.0943951023931957     10.5346819521574080      0.0267030807485237      -0.0151059505190878
2.0943951023931957     10.6600948325402349      0.0263101371352303      -0.0150964773692606
2.0943951023931957     10.7855077129230619      0.0259259645051499      -0.0150873517250324
2.0943951023931957     10.9109205933058888      0.0255502410150384      -0.0150785540985866
2.0943951023931957     11.0363334736887158      0.0251826598360673      -0.0150700687472627
2.0943951023931957     11.1617463540715427      0.0248229318218492      -0.0150618813676019
2.0943951023931957     11.2871592344543696      0.0244707802956887      -0.0150539749522525
2.0943951023931957     11.4125721148371966      0.0241259363736167      -0.0150463336114615
2.0943951023931957     11.5379849952200235      0.0237881416417146      -0.0150389492529248
2.0943951023931957     11.6633978756028505      0.0234571566415423      -0.0150318195024206
2.0943951023931957     11.7888107559856774      0.0231327607758605      -0.0150249355399927
2.0943951023931957     11.9142236363685043      0.0228147390816279      -0.0150182803996201
2.0943951023931957     12.0396365167513313      0.0225028791731963      -0.0150118380107456
2.0943951023931957     12.1650493971341582      0.0221969740968659      -0.0150055966374520
2.0943951023931957     12.2904622775169852      0.0218968257229521      -0.0149995503292069
2.0943951023931957     12.4158751578998121      0.0216022481126697      -0.0149936969643907
2.0943951023931957     12.5412880382826391      0.0213130684172978      -0.0149880330172237
2.0943951023931957     12.6667009186654660      0.0210291224775608      -0.0149825510398460
2.0943951023931957     12.7921137990482929      0.0207502507055025      -0.0149772393353475
2.0943951023931957     12.9175266794311199      0.0204762947303440      -0.0149720873838080
2.0943951023931957     13.0429395598139468      0.0202071014927735      -0.0149670883772829
2.0943951023931957     13.1683524401967738      0.0199425256867806      -0.0149622392051946
2.0943951023931957     13.2937653205796007      0.0196824319014616      -0.0149575342450994
2.0943951023931957     13.4191782009624276      0.0194266862111300      -0.0149529652040773
2.0943951023931957     13.5445910813452546      0.0191751572379685      -0.0149485274294861
2.0943951023931957     13.6700039617280815      0.0189277211007105      -0.0149442206422253
2.0943951023931957     13.7954168421109085      0.0186842645522140      -0.0149400427864415
2.0943951023931957     13.9208297224937354      0.0184446777305576      -0.0149359858873386
2.0943951023931957     14.0462426028765623      0.0182088508061351      -0.0149320411974355
2.0943951023931957     14.1716554832593893      0.0179766752830750      -0.0149282016787653
2.0943951023931957     14.2970683636422162      0.0177480458737296      -0.0149244628904304
2.0943951023931957     14.4224812440250432      0.0175228609071225      -0.0149208226276319
2.0943951023931957     14.5478941244078701      0.0173010251345861      -0.0149172808392818
2.0943951023931957     14.6733070047906971      0.0170824483122759      -0.0149138355748670
2.0943951023931957     14.7987198851735240      0.0168670438378209      -0.0149104843365785
2.0943951023931957     14.9241327655563509      0.0166547274377562      -0.0149072226131636
2.0943951023931957     15.0495456459391779      0.0164454156870940      -0.0149040470163308
2.0943951023931957     15.1749585263220048      0.0162390286699176      -0.0149009558108535
2.0943951023931957     15.3003714067048318      0.0160354905613457      -0.0148979473436662
2.0943951023931957     15.4257842870876587      0.0158347287074491      -0.0148950184043382
2.0943951023931957     15.5511971674704856      0.0156366714428828      -0.0148921652567542
2.0943951023931957     15.6766100478533126      0.0154412489767550      -0.0148893848271391
    
2.3561944901923448     0.0000000000000000      -0.8421405520923657      -0.8204234396252625
2.3561944901923448     0.1254128803828261      -0.1235571863163111      -1.3594966246472875
2.3561944901923448     0.2508257607656522      0.2990304007472306      -0.8385327097087597
2.3561944901923448     0.3762386411484783      0.3449702604376892      -0.6699138555390467
2.3561944901923448     0.5016515215313043      0.3399285645958955      -0.4281593486945974
2.3561944901923448     0.6270644019141304      0.2249373940606531      -0.3558097089337995
2.3561944901923448     0.7524772822969564      0.1653616877423141      -0.3562271711752831
2.3561944901923448     0.8778901626797825      0.1144105798583065      -0.4431426850025207
2.3561944901923448     1.0033030430626086      0.2450313378691088      -0.5691533511812895
2.3561944901923448     1.1287159234454347      0.5080057391611426      -0.4352174116445249
2.3561944901923448     1.2541288038282608      0.4815660072113099      -0.2093559546701619
2.3561944901923448     1.3795416842110868      0.3963819018698644      -0.1206183554862180
2.3561944901923448     1.5049545645939129      0.3345965471255281      -0.0848298381865364
2.3561944901923448     1.6303674449767389      0.2915956424353551      -0.0663236326214317
2.3561944901923448     1.7557803253595650      0.2599414923505860      -0.0542788781331458
2.3561944901923448     1.8811932057423910      0.2346887130462946      -0.0458019210018025
2.3561944901923448     2.0066060861252173      0.2139295933965974      -0.0392257835242657
2.3561944901923448     2.1320189665080433      0.1961636463133839      -0.0345195456084860
2.3561944901923448     2.2574318468908694      0.1810113474558447      -0.0311466812610820
2.3561944901923448     2.3828447272736955      0.1680586286190559      -0.0287422350471206
2.3561944901923448     2.5082576076565215      0.1569047508579930      -0.0269162654094389
2.3561944901923448     2.6336704880393476      0.1471932393361482      -0.0254881337136879
2.3561944901923448     2.7590833684221736      0.1386479347568889      -0.0243360964275792
2.3561944901923448     2.8844962488049997      0.1310651457416334      -0.0233912969245423
2.3561944901923448     3.0099091291878257      0.1242848126040829      -0.0226031128509491
2.3561944901923448     3.1353220095706518      0.1181819165190142      -0.0219371626169797
2.3561944901923448     3.2607348899534778      0.1126564364187593      -0.0213680844032505
2.3561944901923448     3.3861477703363039      0.1076276480599017      -0.0208773202691622
2.3561944901923448     3.5115606507191299      0.1030294731276131      -0.0204506794707224
2.3561944901923448     3.6369735311019560      0.0988074921099173      -0.0200772107540206
2.3561944901923448     3.7623864114847820      0.0949161879444428      -0.0197481244791949
2.3561944901923448     3.8877992918676081      0.0913172051658526      -0.0194564874415717
2.3561944901923448     4.0132121722504346      0.0879779831481639      -0.0191966836533417
2.3561944901923448     4.1386250526332606      0.0848706989539971      -0.0189641060901693
2.3561944901923448     4.2640379330160867      0.0819713746407232      -0.0187550653508515
2.3561944901923448     4.3894508133989127      0.0792593501861308      -0.0185664559583577
2.3561944901923448     4.5148636937817388      0.0767166153313697      -0.0183956930545518
2.3561944901923448     4.6402765741645648      0.0743274862805583      -0.0182405717879642
2.3561944901923448     4.7656894545473909      0.0720781297450068      -0.0180992247602679
2.3561944901923448     4.8911023349302170      0.0699563650726820      -0.0179700281182853
2.3561944901923448     5.0165152153130430      0.0679513839360372      -0.0178515920394472
2.3561944901923448     5.1419280956958691      0.0660535241528858      -0.0177427478274710
2.3561944901923448     5.2673409760786951      0.0642542229132546      -0.0176424984117727
2.3561944901923448     5.3927538564615212      0.0625458239062302      -0.0175499782482174
2.3561944901923448     5.5181667368443472      0.0609214372928737      -0.0174643803316501
2.3561944901923448     5.6435796172271733      0.0593748328365227      -0.0173850533353532
2.3561944901923448     5.7689924976099993      0.0579004446966681      -0.0173114168840942
2.3561944901923448     5.8944053779928254      0.0564932260049220      -0.0172429107077819
2.3561944901923448     6.0198182583756514      0.0551485502960873      -0.0171790209353748
2.3561944901923448     6.1452311387584775      0.0538621867168689      -0.0171193174986242
2.3561944901923448     6.2706440191413035      0.0526302702808649      -0.0170634479810467
2.3561944901923448     6.3960568995241296      0.0514492952481503      -0.0170111126953354
2.3561944901923448     6.5214697799069556      0.0503160665993490      -0.0169620427677174
2.3561944901923448     6.6468826602897817      0.0492276714275717      -0.0169159848343175
2.3561944901923448     6.7722955406726077      0.0481814272419601      -0.0168726888545340
2.3561944901923448     6.8977084210554338      0.0471748497793464      -0.0168319228508914
2.3561944901923448     7.0231213014382599      0.0462056432769047      -0.0167934807884021
2.3561944901923448     7.1485341818210859      0.0452716682974193      -0.0167571673968277
2.3561944901923448     7.2739470622039120      0.0443709402296276      -0.0167228354468038
2.3561944901923448     7.3993599425867380      0.0435016337083526      -0.0166903570201953
2.3561944901923448     7.5247728229695641      0.0426620718619301      -0.0166596122298552
2.3561944901923448     7.6501857033523901      0.0418506919341063      -0.0166304817780968
2.3561944901923448     7.7755985837352162      0.0410660408324391      -0.0166028508404160
2.3561944901923448     7.9010114641180422      0.0403067622973717      -0.0165766117835860
2.3561944901923448     8.0264243445008692      0.0395715798100401      -0.0165516616035481
2.3561944901923448     8.1518372248836961      0.0388592964658722      -0.0165279120119744
2.3561944901923448     8.2772501052665231      0.0381687919816779      -0.0165052908420658
2.3561944901923448     8.4026629856493500      0.0374990252076839      -0.0164837366817360
2.3561944901923448     8.5280758660321769      0.0368490249050998      -0.0164631872519749
2.3561944901923448     8.6534887464150039      0.0362178776160738      -0.0164435875422969
2.3561944901923448     8.7789016267978308      0.0356047349897673      -0.0164248887219829
2.3561944901923448     8.9043145071806578      0.0350088054303155      -0.0164070289287306
2.3561944901923448     9.0297273875634847      0.0344293260823404      -0.0163899407332826
2.3561944901923448     9.1551402679463116      0.0338655649305170      -0.0163735743340000
2.3561944901923448     9.2805531483291386      0.0333168363024767      -0.0163578970187570
2.3561944901923448     9.4059660287119655      0.0327825056369709      -0.0163428828130370
2.3561944901923448     9.5313789090947925      0.0322619830741243      -0.0163284980161010
2.3561944901923448     9.6567917894776194      0.0317547058074689      -0.0163147014268134
2.3561944901923448     9.7822046698604463      0.0312601345999023      -0.0163014535155522
2.3561944901923448     9.9076175502432733      0.0307777535723935      -0.0162887214215511
2.3561944901923448     10.0330304306261002      0.0303070749717920      -0.0162764788062818
2.3561944901923448     10.1584433110089272      0.0298476383499315      -0.0162647020567242
2.3561944901923448     10.2838561913917541      0.0293990060759153      -0.0162533698764714
2.3561944901923448     10.4092690717745811      0.0289607636120590      -0.0162424654209364
2.3561944901923448     10.5346819521574080      0.0285325212283925      -0.0162319757117524
2.3561944901923448     10.6600948325402349      0.0281139164293629      -0.0162218862212814
2.3561944901923448     10.7855077129230619      0.0277046051674351      -0.0162121737248078
2.3561944901923448     10.9109205933058888      0.0273042538814465      -0.0162028112596083
2.3561944901923448     11.0363334736887158      0.0269125393875075      -0.0161937732027849
2.3561944901923448     11.1617463540715427      0.0265291466507739      -0.0161850371028310
2.3561944901923448     11.2871592344543696      0.0261537712079054      -0.0161765908919855
2.3561944901923448     11.4125721148371966      0.0257861300975608      -0.0161684327205124
2.3561944901923448     11.5379849952200235      0.0254259631615618      -0.0161605578998006
2.3561944901923448     11.6633978756028505      0.0250730235178417      -0.0161529541001115
2.3561944901923448     11.7888107559856774      0.0247270703138756      -0.0161456078204619
2.3561944901923448     11.9142236363685043      0.0243878743602042      -0.0161385080136824
2.3561944901923448     12.0396365167513313      0.0240552163382429      -0.0161316397381795
2.3561944901923448     12.1650493971341582      0.0237288810282143      -0.0161249894305712
2.3561944901923448     12.2904622775169852      0.0234086624781171      -0.0161185475681809
2.3561944901923448     12.4158751578998121      0.0230943644598159      -0.0161123046309453
2.3561944901923448     12.5412880382826391      0.0227857966648202      -0.0161062520686609
2.3561944901923448     12.6667009186654660      0.0224827763595277      -0.0161003861065595
2.3561944901923448     12.7921137990482929      0.0221851346318552      -0.0160947056582675
2.3561944901923448     12.9175266794311199      0.0218927141811851      -0.0160892034171927
2.3561944901923448     13.0429395598139468      0.0216053601064993      -0.0160838658228389
2.3561944901923448     13.1683524401967738      0.0213229167844946      -0.0160786791512632
2.3561944901923448     13.2937653205796007      0.0210452293067566      -0.0160736362689993
2.3561944901923448     13.4191782009624276      0.0207721521343929      -0.0160687377114685
2.3561944901923448     13.5445910813452546      0.0205035529089980      -0.0160639844934382
2.3561944901923448     13.6700039617280815      0.0202393069418947      -0.0160593705238346
2.3561944901923448     13.7954168421109085      0.0199792884452599      -0.0160548874009072
2.3561944901923448     13.9208297224937354      0.0197233744009577      -0.0160505313254140
2.3561944901923448     14.0462426028765623      0.0194714501351646      -0.0160463008122704
2.3561944901923448     14.1716554832593893      0.0192234079263841      -0.0160421899177080
2.3561944901923448     14.2970683636422162      0.0189791392129095      -0.0160381898617882
2.3561944901923448     14.4224812440250432      0.0187385361645961      -0.0160342956436814
2.3561944901923448     14.5478941244078701      0.0185014960064396      -0.0160305055400447
2.3561944901923448     14.6733070047906971      0.0182679223796027      -0.0160268185579666
2.3561944901923448     14.7987198851735240      0.0180377233930819      -0.0160232321896306
2.3561944901923448     14.9241327655563509      0.0178108113722069      -0.0160197431548584
2.3561944901923448     15.0495456459391779      0.0175871012079519      -0.0160163447723303
2.3561944901923448     15.1749585263220048      0.0173665062295002      -0.0160130298407991
2.3561944901923448     15.3003714067048318      0.0171489400529312      -0.0160097949855341
2.3561944901923448     15.4257842870876587      0.0169343209816669      -0.0160066411023680
2.3561944901923448     15.5511971674704856      0.0167225738888935      -0.0160035687002790
2.3561944901923448     15.6766100478533126      0.0165136265584968      -0.0160005764783232
    
2.6179938779914940     0.0000000000000000      -0.9533641665300241      -0.9130967913536471
2.6179938779914940     0.1254128803828261      -0.1786499609092573      -1.5172824275166235
2.6179938779914940     0.2508257607656522      0.2676928491821458      -0.9825177959279995
2.6179938779914940     0.3762386411484783      0.3513686792037195      -0.8829056770932256
2.6179938779914940     0.5016515215313043      0.4658965023311397      -0.6252139662981543
2.6179938779914940     0.6270644019141304      0.4286853904267566      -0.4623294913143837
2.6179938779914940     0.7524772822969564      0.3358699421757919      -0.3582816461484127
2.6179938779914940     0.8778901626797825      0.2616767575489438      -0.4211237408184011
2.6179938779914940     1.0033030430626086      0.3755662150658121      -0.4615022471070225
2.6179938779914940     1.1287159234454347      0.5063555498774620      -0.3343349073436661
2.6179938779914940     1.2541288038282608      0.4666379916975919      -0.1739555635259277
2.6179938779914940     1.3795416842110868      0.3915985093875017      -0.1075944379166085
2.6179938779914940     1.5049545645939129      0.3365210859097268      -0.0798513204260853
2.6179938779914940     1.6303674449767389      0.2972581475072462      -0.0647578754384890
2.6179938779914940     1.7557803253595650      0.2677071394196318      -0.0542989097706400
2.6179938779914940     1.8811932057423910      0.2435394253610889      -0.0465901159382563
2.6179938779914940     2.0066060861252173      0.2232910656481578      -0.0404168811471076
2.6179938779914940     2.1320189665080433      0.2057071382256369      -0.0359566598714105
2.6179938779914940     2.2574318468908694      0.1905717663627209      -0.0327379794167301
2.6179938779914940     2.3828447272736955      0.1775250880606604      -0.0304077446248530
2.6179938779914940     2.5082576076565215      0.1662043575270853      -0.0286277651928496
2.6179938779914940     2.6336704880393476      0.1562847970978631      -0.0272238236604179
2.6179938779914940     2.7590833684221736      0.1475123860290593      -0.0260854808297387
2.6179938779914940     2.8844962488049997      0.1396931118975741      -0.0251459198347509
2.6179938779914940     3.0099091291878257      0.1326744078379068      -0.0243574405512205
2.6179938779914940     3.1353220095706518      0.1263351045899982      -0.0236874369437196
2.6179938779914940     3.2607348899534778      0.1205780874729331      -0.0231120055834971
2.6179938779914940     3.3861477703363039      0.1153242394930109      -0.0226132967071888
2.6179938779914940     3.5115606507191299      0.1105084328273663      -0.0221776660908815
2.6179938779914940     3.6369735311019560      0.1060764854370072      -0.0217945560108637
2.6179938779914940     3.7623864114847820      0.1019830317130445      -0.0214558136566231
2.6179938779914940     3.8877992918676081      0.0981898863785474      -0.0211547771887278
2.6179938779914940     4.0132121722504346      0.0946644840075515      -0.0208859633870059
2.6179938779914940     4.1386250526332606      0.0913788424911360      -0.0206449122555544
2.6179938779914940     4.2640379330160867      0.0883088928266592      -0.0204278074259939
2.6179938779914940     4.3894508133989127      0.0854335653548588      -0.0202314625709618
2.6179938779914940     4.5148636937817388      0.0827344913102516      -0.0200532700581722
2.6179938779914940     4.6402765741645648      0.0801955936829147      -0.0198910512292911
2.6179938779914940     4.7656894545473909      0.0778027030931012      -0.0197428994310029
2.6179938779914940     4.8911023349302170      0.0755432649499397      -0.0196072241170470
2.6179938779914940     5.0165152153130430      0.0734061513730326      -0.0194826958913635
2.6179938779914940     5.1419280956958691      0.0713815098903735      -0.0193681374197858
2.6179938779914940     5.2673409760786951      0.0694605113118914      -0.0192624798577165
2.6179938779914940     5.3927538564615212      0.0676351876654290      -0.0191647790951072
2.6179938779914940     5.5181667368443472      0.0658983746604481      -0.0190742678209549
2.6179938779914940     5.6435796172271733      0.0642436307212151      -0.0189902228173392
2.6179938779914940     5.7689924976099993      0.0626650703383521      -0.0189120334064004
2.6179938779914940     5.8944053779928254      0.0611573877544782      -0.0188392135058463
2.6179938779914940     6.0198182583756514      0.0597158132187857      -0.0187713121251650
2.6179938779914940     6.1452311387584775      0.0583360055738354      -0.0187078989373555
2.6179938779914940     6.2706440191413035      0.0570139811737629      -0.0186485476519637
2.6179938779914940     6.3960568995241296      0.0557460545446645      -0.0185928957890750
2.6179938779914940     6.5214697799069556      0.0545288567398243      -0.0185406329403145
2.6179938779914940     6.6468826602897817      0.0533592852189625      -0.0184914836237148
2.6179938779914940     6.7722955406726077      0.0522344934858007      -0.0184452018659074
2.6179938779914940     6.8977084210554338      0.0511518460768509      -0.0184015761534130
2.6179938779914940     7.0231213014382599      0.0501089251327966      -0.0183604246872301
2.6179938779914940     7.1485341818210859      0.0491035120218849      -0.0183215883237582
2.6179938779914940     7.2739470622039120      0.0481335698009017      -0.0182848918343906
2.6179938779914940     7.3993599425867380      0.0471971840818711      -0.0182501566899789
2.6179938779914940     7.5247728229695641      0.0462925549490909      -0.0182172250922678
2.6179938779914940     7.6501857033523901      0.0454180007468989      -0.0181859741853137
2.6179938779914940     7.7755985837352162      0.0445719697695300      -0.0181563024523632
2.6179938779914940     7.9010114641180422      0.0437530205321389      -0.0181281174473063
2.6179938779914940     8.0264243445008692      0.0429598193294501      -0.0181013266183469
2.6179938779914940     8.1518372248836961      0.0421911145686922      -0.0180758425800007
2.6179938779914940     8.2772501052665231      0.0414457404987512      -0.0180515745808984
2.6179938779914940     8.4026629856493500      0.0407225902699193      -0.0180284337133256
2.6179938779914940     8.5280758660321769      0.0400206209929421      -0.0180063475267740
2.6179938779914940     8.6534887464150039      0.0393388579743819      -0.0179852512107381
2.6179938779914940     8.7789016267978308      0.0386763815847515      -0.0179650785669960
2.6179938779914940     8.9043145071806578      0.0380323135698026      -0.0179457830118427
2.6179938779914940     9.0297273875634847      0.0374058489851445      -0.0179273380305909
2.6179938779914940     9.1551402679463116      0.0367962455808583      -0.0179097021431689
2.6179938779914940     9.2805531483291386      0.0362027995284849      -0.0178928210205548
2.6179938779914940     9.4059660287119655      0.0356248307687522      -0.0178766378453212
2.6179938779914940     9.5313789090947925      0.0350616903882324      -0.0178611097928934
2.6179938779914940     9.6567917894776194      0.0345127662676818      -0.0178461990920527
2.6179938779914940     9.7822046698604463      0.0339774776048616      -0.0178318742497282
2.6179938779914940     9.9076175502432733      0.0334552769838519      -0.0178181095121250
2.6179938779914940     10.0330304306261002      0.0329456495541045      -0.0178048832628517
2.6179938779914940     10.1584433110089272      0.0324481127757770      -0.0177921733826210
2.6179938779914940     10.2838561913917541      0.0319622124145415      -0.0177799537278757
2.6179938779914940     10.4092690717745811      0.0314875134508340      -0.0177681904597989
2.6179938779914940     10.5346819521574080      0.0310235930834855      -0.0177568510262699
2.6179938779914940     10.6600948325402349      0.0305700420393900      -0.0177459107119424
2.6179938779914940     10.7855077129230619      0.0301264734257889      -0.0177353551968975
2.6179938779914940     10.9109205933058888      0.0296925235134461      -0.0177251727171213
2.6179938779914940     11.0363334736887158      0.0292678485633779      -0.0177153533855864
2.6179938779914940     11.1617463540715427      0.0288521261778281      -0.0177058884758833
2.6179938779914940     11.2871592344543696      0.0284450555902974      -0.0176967645336401
2.6179938779914940     11.4125721148371966      0.0280463464479007      -0.0176879579443515
2.6179938779914940     11.5379849952200235      0.0276557134337580      -0.0176794454117358
2.6179938779914940     11.6633978756028505      0.0272728780582211      -0.0176712074125003
2.6179938779914940     11.7888107559856774      0.0268975730093222      -0.0176632315323766
2.6179938779914940     11.9142236363685043      0.0265295437643205      -0.0176555087511153
2.6179938779914940     12.0396365167513313      0.0261685499819696      -0.0176480356779525
2.6179938779914940     12.1650493971341582      0.0258143693444248      -0.0176408060290894
2.6179938779914940     12.2904622775169852      0.0254667872319219      -0.0176338075331807
2.6179938779914940     12.4158751578998121      0.0251255943526750      -0.0176270287396991
2.6179938779914940     12.5412880382826391      0.0247905900198999      -0.0176204605114865
2.6179938779914940     12.6667009186654660      0.0244615835273458      -0.0176140924297118
2.6179938779914940     12.7921137990482929      0.0241383879357359      -0.0176079120928021
2.6179938779914940     12.9175266794311199      0.0238208195548827      -0.0176019113981362
2.6179938779914940     13.0429395598139468      0.0235087036142155      -0.0175960896638023
2.6179938779914940     13.1683524401967738      0.0232018805710514      -0.0175904475752624
2.6179938779914940     13.2937653205796007      0.0229002017398968      -0.0175849788085885
2.6179938779914940     13.4191782009624276      0.0226035205703365      -0.0175796698472649
2.6179938779914940     13.5445910813452546      0.0223116873514748      -0.0175745075623266
2.6179938779914940     13.6700039617280815      0.0220245555065289      -0.0175694871296329
2.6179938779914940     13.7954168421109085      0.0217419892762874      -0.0175646072023808
2.6179938779914940     13.9208297224937354      0.0214638612066388      -0.0175598627537269
2.6179938779914940     14.0462426028765623      0.0211900442009848      -0.0175552461298333
2.6179938779914940     14.1716554832593893      0.0209204131026138      -0.0175507557044153
2.6179938779914940     14.2970683636422162      0.0206548538527008      -0.0175463933152602
2.6179938779914940     14.4224812440250432      0.0203932609966477      -0.0175421549272433
2.6179938779914940     14.5478941244078701      0.0201355293906967      -0.0175380311974672
2.6179938779914940     14.6733070047906971      0.0198815524389340      -0.0175340134596371
2.6179938779914940     14.7987198851735240      0.0196312248919853      -0.0175300964380799
2.6179938779914940     14.9241327655563509      0.0193844450215271      -0.0175262788414532
2.6179938779914940     15.0495456459391779      0.0191411182718929      -0.0175225624871929
2.6179938779914940     15.1749585263220048      0.0189011580406501      -0.0175189467196967
2.6179938779914940     15.3003714067048318      0.0186644799904593      -0.0175154263171524
2.6179938779914940     15.4257842870876587      0.0184309995205350      -0.0175119948099499
2.6179938779914940     15.5511971674704856      0.0182006320248254      -0.0175086478159820
2.6179938779914940     15.6766100478533126      0.0179732974322029      -0.0175053833428901
    
2.8797932657906431     0.0000000000000000      -1.0774836668044028      -0.9953921673644232
2.8797932657906431     0.1254128803828261      -0.2879402244668866      -1.6658349577128437
2.8797932657906431     0.2508257607656522      0.1580612979093018      -1.1982783758175484
2.8797932657906431     0.3762386411484783      0.4182634347004829      -1.2612101442387573
2.8797932657906431     0.5016515215313043      0.7292890317687805      -0.7934490949822259
2.8797932657906431     0.6270644019141304      0.6533743428868665      -0.5053553306273268
2.8797932657906431     0.7524772822969564      0.5205882736659663      -0.3344040976352389
2.8797932657906431     0.8778901626797825      0.4054100589263460      -0.3372005267413654
2.8797932657906431     1.0033030430626086      0.4328582276409766      -0.3555449240847731
2.8797932657906431     1.1287159234454347      0.5014230145768226      -0.2709136480779680
2.8797932657906431     1.2541288038282608      0.4617282285535778      -0.1515068823118378
2.8797932657906431     1.3795416842110868      0.3945597338620955      -0.0994308723101048
2.8797932657906431     1.5049545645939129      0.3441824436938373      -0.0771201601069221
2.8797932657906431     1.6303674449767389      0.3074000644527786      -0.0644191521169665
2.8797932657906431     1.7557803253595650      0.2791278363601100      -0.0550874676053357
2.8797932657906431     1.8811932057423910      0.2554808947575672      -0.0479503026844650
2.8797932657906431     2.0066060861252173      0.2353817913933590      -0.0420903623478041
2.8797932657906431     2.1320189665080433      0.2177148622113465      -0.0377919541883711
2.8797932657906431     2.2574318468908694      0.2023622489337742      -0.0346780648829545
2.8797932657906431     2.3828447272736955      0.1890470372759875      -0.0324068832582739
2.8797932657906431     2.5082576076565215      0.1774237984039454      -0.0306498844410506
2.8797932657906431     2.6336704880393476      0.1671740174626319      -0.0292495368403106
2.8797932657906431     2.7590833684221736      0.1580677450994367      -0.0281106130499080
2.8797932657906431     2.8844962488049997      0.1499188647614807      -0.0271654028608766
2.8797932657906431     3.0099091291878257      0.1425794495073117      -0.0263678459498658
2.8797932657906431     3.1353220095706518      0.1359301824555172      -0.0256863712997521
2.8797932657906431     3.2607348899534778      0.1298750656178403      -0.0250982466773417
2.8797932657906431     3.3861477703363039      0.1243354049651149      -0.0245863871673575
2.8797932657906431     3.5115606507191299      0.1192463923868290      -0.0241378072952348
2.8797932657906431     3.6369735311019560      0.1145538685575501      -0.0237421825506977
2.8797932657906431     3.7623864114847820      0.1102121858216223      -0.0233912646601982
2.8797932657906431     3.8877992918676081      0.1061825136572443      -0.0230783994274413
2.8797932657906431     4.0132121722504346      0.1024316174798607      -0.0227982242747550
2.8797932657906431     4.1386250526332606      0.0989309876166416      -0.0225463226877460
2.8797932657906431     4.2640379330160867      0.0956558821361620      -0.0223189738502434
2.8797932657906431     4.3894508133989127      0.0925848166119796      -0.0221130538439526
2.8797932657906431     4.5148636937817388      0.0896989263047189      -0.0219258749486879
2.8797932657906431     4.6402765741645648      0.0869815391818841      -0.0217551732801168
2.8797932657906431     4.7656894545473909      0.0844180289077091      -0.0215991073556542
2.8797932657906431     4.8911023349302170      0.0819954176283377      -0.0214560563034420
2.8797932657906431     5.0165152153130430      0.0797021806761415      -0.0213245866662066
2.8797932657906431     5.1419280956958691      0.0775280047018823      -0.0212034561611421
2.8797932657906431     5.2673409760786951      0.0754636322132116      -0.0210915960183191
2.8797932657906431     5.3927538564615212      0.0735007557889560      -0.0209880719193926
2.8797932657906431     5.5181667368443472      0.0716318874015889      -0.0208920636124663
2.8797932657906431     5.6435796172271733      0.0698502659344358      -0.0208028618991148
2.8797932657906431     5.7689924976099993      0.0681497594296016      -0.0207198127401406
2.8797932657906431     5.8944053779928254      0.0665247876712272      -0.0206423557018361
2.8797932657906431     6.0198182583756514      0.0649702633875151      -0.0205700080890646
2.8797932657906431     6.1452311387584775      0.0634815661892259      -0.0205023561752397
2.8797932657906431     6.2706440191413035      0.0620545027167326      -0.0204390288085203
2.8797932657906431     6.3960568995241296      0.0606852465443423      -0.0203796534587051
2.8797932657906431     6.5214697799069556      0.0593702447809257      -0.0203238627491908
2.8797932657906431     6.6468826602897817      0.0581061940692486      -0.0202713540366120
2.8797932657906431     6.7722955406726077      0.0568900543358226      -0.0202218963949469
2.8797932657906431     6.8977084210554338      0.0557190698133539      -0.0201752915530817
2.8797932657906431     7.0231213014382599      0.0545907068482358      -0.0201313186796372
2.8797932657906431     7.1485341818210859      0.0535025892315719      -0.0200897635959356
2.8797932657906431     7.2739470622039120      0.0524525045730681      -0.0200504523851084
2.8797932657906431     7.3993599425867380      0.0514384128202879      -0.0200132315804298
2.8797932657906431     7.5247728229695641      0.0504584229434194      -0.0199779527356620
2.8797932657906431     7.6501857033523901      0.0495107674959194      -0.0199444693960386
2.8797932657906431     7.7755985837352162      0.0485937848230143      -0.0199126548900782
2.8797932657906431     7.9010114641180422      0.0477059253719689      -0.0198824002448882
2.8797932657906431     8.0264243445008692      0.0468457448021836      -0.0198536228196422
2.8797932657906431     8.1518372248836961      0.0460119129133597      -0.0198262393815241
2.8797932657906431     8.2772501052665231      0.0452031856871279      -0.0198001643518526
2.8797932657906431     8.4026629856493500      0.0444183937678302      -0.0197753069812455
2.8797932657906431     8.5280758660321769      0.0436564296562848      -0.0197515780899595
2.8797932657906431     8.6534887464150039      0.0429162378967612      -0.0197289021698417
2.8797932657906431     8.7789016267978308      0.0421968299405628      -0.0197072296374270
2.8797932657906431     8.9043145071806578      0.0414972958516914      -0.0196865119919998
2.8797932657906431     9.0297273875634847      0.0408167770023230      -0.0196666884303495
2.8797932657906431     9.1551402679463116      0.0401544530341095      -0.0196477035121902
2.8797932657906431     9.2805531483291386      0.0395095506807919      -0.0196295109234754
2.8797932657906431     9.4059660287119655      0.0388813425846810      -0.0196120665962793
2.8797932657906431     9.5313789090947925      0.0382691383832049      -0.0195953267862337
2.8797932657906431     9.6567917894776194      0.0376722811338490      -0.0195792540454874
2.8797932657906431     9.7822046698604463      0.0370901519663694      -0.0195638194938281
2.8797932657906431     9.9076175502432733      0.0365221692831696      -0.0195489955685056
2.8797932657906431     10.0330304306261002      0.0359677874744126      -0.0195347535569986
2.8797932657906431     10.1584433110089272      0.0354264842058025      -0.0195210582159611
2.8797932657906431     10.2838561913917541      0.0348977579098136      -0.0195078811311126
2.8797932657906431     10.4092690717745811      0.0343811373475910      -0.0194951992702037
2.8797932657906431     10.5346819521574080      0.0338761766889322      -0.0194829839321022
2.8797932657906431     10.6600948325402349      0.0333824442876433      -0.0194712044818780
2.8797932657906431     10.7855077129230619      0.0328995229755763      -0.0194598397858357
2.8797932657906431     10.9109205933058888      0.0324270209692702      -0.0194488763357840
2.8797932657906431     11.0363334736887158      0.0319645705274774      -0.0194383007158745
2.8797932657906431     11.1617463540715427      0.0315118242342535      -0.0194280956582470
2.8797932657906431     11.2871592344543696      0.0310684471299330      -0.0194182397051397
2.8797932657906431     11.4125721148371966      0.0306341151037180      -0.0194087142378047
2.8797932657906431     11.5379849952200235      0.0302085171595327      -0.0193995043725210
2.8797932657906431     11.6633978756028505      0.0297913584921791      -0.0193905993280066
2.8797932657906431     11.7888107559856774      0.0293823599218626      -0.0193819871630060
2.8797932657906431     11.9142236363685043      0.0289812539004136      -0.0193736548480764
2.8797932657906431     12.0396365167513313      0.0285877829440651      -0.0193655892532728
2.8797932657906431     12.1650493971341582      0.0282016988520369      -0.0193577796382182
2.8797932657906431     12.2904622775169852      0.0278227656414319      -0.0193502185644858
2.8797932657906431     12.4158751578998121      0.0274507611210903      -0.0193428975817161
2.8797932657906431     12.5412880382826391      0.0270854727437632      -0.0193358028493460
2.8797932657906431     12.6667009186654660      0.0267266884757646      -0.0193289191877121
2.8797932657906431     12.7921137990482929      0.0263742021291260      -0.0193222401967080
2.8797932657906431     12.9175266794311199      0.0260278221542465      -0.0193157638231725
2.8797932657906431     13.0429395598139468      0.0256873695062636      -0.0193094827280722
2.8797932657906431     13.1683524401967738      0.0253526669968934      -0.0193033857308273
2.8797932657906431     13.2937653205796007      0.0250235412551369      -0.0192974666751537
2.8797932657906431     13.4191782009624276      0.0246998295225771      -0.0192917227287808
2.8797932657906431     13.5445910813452546      0.0243813792492505      -0.0192861476983707
2.8797932657906431     13.6700039617280815      0.0240680408193896      -0.0192807301475931
2.8797932657906431     13.7954168421109085      0.0237596639411249      -0.0192754609289558
2.8797932657906431     13.9208297224937354      0.0234561040780268      -0.0192703372064327
2.8797932657906431     14.0462426028765623      0.0231572272157816      -0.0192653576372160
2.8797932657906431     14.1716554832593893      0.0228629071623462      -0.0192605163832007
2.8797932657906431     14.2970683636422162      0.0225730177181721      -0.0192558035850970
2.8797932657906431     14.4224812440250432      0.0222874325054049      -0.0192512136760473
2.8797932657906431     14.5478941244078701      0.0220060318933646      -0.0192467461993080
2.8797932657906431     14.6733070047906971      0.0217287051163930      -0.0192423999710410
2.8797932657906431     14.7987198851735240      0.0214553459545064      -0.0192381701630179
2.8797932657906431     14.9241327655563509      0.0211858494543184      -0.0192340502096178
2.8797932657906431     15.0495456459391779      0.0209201115038127      -0.0192300342600694
2.8797932657906431     15.1749585263220048      0.0206580297899078      -0.0192261202745840
2.8797932657906431     15.3003714067048318      0.0203995095476098      -0.0192223093334445
2.8797932657906431     15.4257842870876587      0.0201444628515356      -0.0192185994002933
2.8797932657906431     15.5511971674704856      0.0198928038423760      -0.0192149837075928
2.8797932657906431     15.6766100478533126      0.0196444433361242      -0.0192114544787842
    
3.1415926535897931     0.0000000000000000      -1.1342610202851922      -1.0296076503800573
3.1415926535897931     0.1254128803828261      -0.3449837112161903      -1.7288701547630054
3.1415926535897931     0.2508257607656522      0.0963855127030494      -1.3025712205213851
3.1415926535897931     0.3762386411484783      0.4503671841881098      -1.4507706317414888
3.1415926535897931     0.5016515215313043      0.8566200104853912      -0.8733788085954289
3.1415926535897931     0.6270644019141304      0.7651252025041655      -0.5291410435710536
3.1415926535897931     0.7524772822969564      0.6152256573312301      -0.3228567432555539
3.1415926535897931     0.8778901626797825      0.4873925426045562      -0.2767866289367357
3.1415926535897931     1.0033030430626086      0.4286230032695400      -0.2943897957358259
3.1415926535897931     1.1287159234454347      0.4939613519822206      -0.2561651373209889
3.1415926535897931     1.2541288038282608      0.4618451165801320      -0.1461630471598980
3.1415926535897931     1.3795416842110868      0.3977677698743842      -0.0974037797563042
3.1415926535897931     1.5049545645939129      0.3489194139640688      -0.0765903964529166
3.1415926535897931     1.6303674449767389      0.3128943427414778      -0.0646170470654213
3.1415926535897931     1.7557803253595650      0.2849757388494218      -0.0556452941484269
3.1415926535897931     1.8811932057423910      0.2614237389854108      -0.0486984505432194
3.1415926535897931     2.0066060861252173      0.2413046056188788      -0.0429474165669689
3.1415926535897931     2.1320189665080433      0.2235386972863999      -0.0386959210778047
3.1415926535897931     2.2574318468908694      0.2080377880650636      -0.0356112950221104
3.1415926535897931     2.3828447272736955      0.1945618698578306      -0.0333605116185347
3.1415926535897931     2.5082576076565215      0.1827738441656226      -0.0316081464362648
3.1415926535897931     2.6336704880393476      0.1723506556952180      -0.0302049906618598
3.1415926535897931     2.7590833684221736      0.1630739030634878      -0.0290632293994611
3.1415926535897931     2.8844962488049997      0.1547601163956628      -0.0281131354369403
3.1415926535897931     3.0099091291878257      0.1472616442446660      -0.0273092573345829
3.1415926535897931     3.1353220095706518      0.1404599774456890      -0.0266209406258993
3.1415926535897931     3.2607348899534778      0.1342590912175091      -0.0260257160617208
3.1415926535897931     3.3861477703363039      0.1285805607086588      -0.0255069467017547
3.1415926535897931     3.5115606507191299      0.1233593629556896      -0.0250516843888925
3.1415926535897931     3.6369735311019560      0.1185411662312522      -0.0246497515420713
3.1415926535897931     3.7623864114847820      0.1140800877182587      -0.0242929253483752
3.1415926535897931     3.8877992918676081      0.1099370590120896      -0.0239745551174143
3.1415926535897931     4.0132121722504346      0.1060785875129362      -0.0236891541726260
3.1415926535897931     4.1386250526332606      0.1024757200957213      -0.0234321346817535
3.1415926535897931     4.2640379330160867      0.0991032595199432      -0.0231997850824951
3.1415926535897931     4.3894508133989127      0.0959392695070142      -0.0229890957538236
3.1415926535897931     4.5148636937817388      0.0929646605524057      -0.0227975024287168
3.1415926535897931     4.6402765741645648      0.0901626953841846      -0.0226227893725025
3.1415926535897931     4.7656894545473909      0.0875184646523290      -0.0224629528036311
3.1415926535897931     4.8911023349302170      0.0850187670624481      -0.0223162959317701
3.1415926535897931     5.0165152153130430      0.0826517840653186      -0.0221813809289065
3.1415926535897931     5.1419280956958691      0.0804069470697002      -0.0220569739672715
3.1415926535897931     5.2673409760786951      0.0782748094779317      -0.0219420345970051
3.1415926535897931     5.3927538564615212      0.0762469177627162      -0.0218356624838065
3.1415926535897931     5.5181667368443472      0.0743156496627261      -0.0217370193637273
3.1415926535897931     5.6435796172271733      0.0724740805751972      -0.0216453703407937
3.1415926535897931     5.7689924976099993      0.0707159803065969      -0.0215601067582176
3.1415926535897931     5.8944053779928254      0.0690356890861328      -0.0214806146257940
3.1415926535897931     6.0198182583756514      0.0674280221930288      -0.0214063421277336
3.1415926535897931     6.1452311387584775      0.0658882107696992      -0.0213367990687333
3.1415926535897931     6.2706440191413035      0.0644118730375902      -0.0212715780642009
3.1415926535897931     6.3960568995241296      0.0629949921406982      -0.0212103536201381
3.1415926535897931     6.5214697799069556      0.0616339354128047      -0.0211528802076285
3.1415926535897931     6.6468826602897817      0.0603254286406104      -0.0210988829535195
3.1415926535897931     6.7722955406726077      0.0590664313588357      -0.0210480430650811
3.1415926535897931     6.8977084210554338      0.0578540670036700      -0.0210000607220395
3.1415926535897931     7.0231213014382599      0.0566856493325637      -0.0209547232835182
3.1415926535897931     7.1485341818210859      0.0555587339651313      -0.0209118541811582
3.1415926535897931     7.2739470622039120      0.0544710500564227      -0.0208712787085492
3.1415926535897931     7.3993599425867380      0.0534204915609211      -0.0208328486057136
3.1415926535897931     7.5247728229695641      0.0524051090047823      -0.0207964311470168
3.1415926535897931     7.6501857033523901      0.0514230980556011      -0.0207619016692135
3.1415926535897931     7.7755985837352162      0.0504727836417355      -0.0207291335635430
3.1415926535897931     7.9010114641180422      0.0495526009359258      -0.0206980000520821
3.1415926535897931     8.0264243445008692      0.0486610717820457      -0.0206683628938941
3.1415926535897931     8.1518372248836961      0.0477967872169146      -0.0206401114325364
3.1415926535897931     8.2772501052665231      0.0469584258352672      -0.0206131612818081
3.1415926535897931     8.4026629856493500      0.0461447594356361      -0.0205874512613700
3.1415926535897931     8.5280758660321769      0.0453546518160409      -0.0205629313579100
3.1415926535897931     8.6534887464150039      0.0445870591505771      -0.0205395424476066
3.1415926535897931     8.7789016267978308      0.0438409934512880      -0.0205171999787815
3.1415926535897931     8.9043145071806578      0.0431155004502259      -0.0204958235742975
3.1415926535897931     9.0297273875634847      0.0424096713350724      -0.0204753533342239
3.1415926535897931     9.1551402679463116      0.0417226575394399      -0.0204557408055616
3.1415926535897931     9.2805531483291386      0.0410536563158827      -0.0204369407874984
3.1415926535897931     9.4059660287119655      0.0404019137001772      -0.0204189188360222
3.1415926535897931     9.5313789090947925      0.0397667244794362      -0.0204016413034842
3.1415926535897931     9.6567917894776194      0.0391474285722134      -0.0203850737668467
3.1415926535897931     9.7822046698604463      0.0385434006113056      -0.0203691709658735
3.1415926535897931     9.9076175502432733      0.0379540406041821      -0.0203538857040171
3.1415926535897931     10.0330304306261002      0.0373787649939715      -0.0203391744558141
3.1415926535897931     10.1584433110089272      0.0368170219415161      -0.0203250111247139
3.1415926535897931     10.2838561913917541      0.0362682923179169      -0.0203113684677456
3.1415926535897931     10.4092690717745811      0.0357320769229398      -0.0202982233461144
3.1415926535897931     10.5346819521574080      0.0352079053044009      -0.0202855658299120
3.1415926535897931     10.6600948325402349      0.0346953460463244      -0.0202733881404680
3.1415926535897931     10.7855077129230619      0.0341939971791381      -0.0202616657711395
3.1415926535897931     10.9109205933058888      0.0337034646342577      -0.0202503637815325
3.1415926535897931     11.0363334736887158      0.0332233611690861      -0.0202394488262031
3.1415926535897931     11.1617463540715427      0.0327533086959566      -0.0202288981118506
3.1415926535897931     11.2871592344543696      0.0322929493553757      -0.0202187008134504
3.1415926535897931     11.4125721148371966      0.0318419497108231      -0.0202088497259688
3.1415926535897931     11.5379849952200235      0.0313999966626356      -0.0201993344615304
3.1415926535897931     11.6633978756028505      0.0309667915067691      -0.0201901407134898
3.1415926535897931     11.7888107559856774      0.0305420460725345      -0.0201812523194293
3.1415926535897931     11.9142236363685043      0.0301254830619034      -0.0201726554637475
3.1415926535897931     12.0396365167513313      0.0297168383425737      -0.0201643363908504
3.1415926535897931     12.1650493971341582      0.0293158578012835      -0.0201562799873339
3.1415926535897931     12.2904622775169852      0.0289222949898856      -0.0201484706396416
3.1415926535897931     12.4158751578998121      0.0285359086041627      -0.0201408964405710
3.1415926535897931     12.5412880382826391      0.0281564673393309      -0.0201335551581265
3.1415926535897931     12.6667009186654660      0.0277837616893784      -0.0201264479013154
3.1415926535897931     12.7921137990482929      0.0274175959734785      -0.0201195641576947
3.1415926535897931     12.9175266794311199      0.0270577745201812      -0.0201128864942273
3.1415926535897931     13.0429395598139468      0.0267041016581212      -0.0201064021773426
3.1415926535897931     13.1683524401967738      0.0263563909506338      -0.0201001044466567
3.1415926535897931     13.2937653205796007      0.0260144656369847      -0.0200939855162552
3.1415926535897931     13.4191782009624276      0.0256781526618067      -0.0200880370039491
3.1415926535897931     13.5445910813452546      0.0253472837409649      -0.0200822555994941
3.1415926535897931     13.6700039617280815      0.0250217020470355      -0.0200766433048962
3.1415926535897931     13.7954168421109085      0.0247012646185044      -0.0200711973479569
3.1415926535897931     13.9208297224937354      0.0243858311748906      -0.0200659067873710
3.1415926535897931     14.0462426028765623      0.0240752598861568      -0.0200607604535165
3.1415926535897931     14.1716554832593893      0.0237694103973877      -0.0200557521408432
3.1415926535897931     14.2970683636422162      0.0234681506799535      -0.0200508807466361
3.1415926535897931     14.4224812440250432      0.0231713574423121      -0.0200461427800488
3.1415926535897931     14.5478941244078701      0.0228789102483741      -0.0200415318202027
3.1415926535897931     14.6733070047906971      0.0225906899791267      -0.0200370425786955
3.1415926535897931     14.7987198851735240      0.0223065821024062      -0.0200326733240264
3.1415926535897931     14.9241327655563509      0.0220264799717974      -0.0200284222025285
3.1415926535897931     15.0495456459391779      0.0217502813479192      -0.0200242839063345
3.1415926535897931     15.1749585263220048      0.0214778855239820      -0.0200202501573217
3.1415926535897931     15.3003714067048318      0.0212091895836313      -0.0200163127086446
3.1415926535897931     15.4257842870876587      0.0209440910166689      -0.0200124692614000
3.1415926535897931     15.5511971674704856      0.0206824940457708      -0.0200087238242708
3.1415926535897931     15.6766100478533126      0.0204243144486889      -0.0200050803759760
    
